sentences,predictions,labels,"results (['Bulgarian', 'Chinese', 'English', 'French', 'German', 'Hindi', 'Italian', 'Japanese', 'Korean', 'Portuguese', 'Russian', 'Spanish', 'Thai', 'Turkish', 'Vietnamese'])"
"Gier wurde nach der Uraufführung von der Kritik gefeiert. Begrüßt wurde der Abschied vom Naturalismus hin zur Poesie, wodurch laut Kritikern der Zugang zum Stück erleichtert wurde. Die musikalische Wirkung des Textes auf der Bühne wurde gelobt. Die vier Stimmen wurden dargestellt von einem jüngeren Mann und einer jüngeren Frau sowie einem Mann und einer Frau mittleren Alters. Bei den Zuschauern überwog der Eindruck, dass es sich tatsächlich um die vier Stimmen einer Person handelte.",deu,deu,"[20133.0, 5292.0, 2170.0, 12106.0, 63137.0, 10802.0, 14495.0, 10155.0, 8694.0, 8455.0, 11745.0, 6363.0, 6020.0, 14121.0, 7760.0]"
"Flaggenbeschreibung: „Auf blauer Flaggenbahn, begleitet von schwarzen Randstreifen, die von der mittleren Flaggenbahn durch je einen silbernen Streifen abgetrennt sind, in der oberen Hälfte das Stadtwappen.“",deu,deu,"[10523.0, 3205.0, 1013.0, 5598.0, 27846.0, 5795.0, 6523.0, 5436.0, 4701.0, 3923.0, 4976.0, 3064.0, 3255.0, 7461.0, 4127.0]"
Riechstörung oder Dysosmie ist der Oberbegriff für verschiedene Störungen der olfaktorischen Wahrnehmung. Riechstörungen bei Schädigung höherer Verarbeitungszentren werden als zentrale Dysosmie bezeichnet.,deu,deu,"[9696.0, 2740.0, 991.0, 5369.0, 25269.0, 4936.0, 6780.0, 4816.0, 4145.0, 3823.0, 4082.0, 3030.0, 3199.0, 6594.0, 3973.0]"
"Modellbildung von Prozessen, Organisationen und Organisationseinheiten zur Entwicklung und Umsetzung geeigneter Strukturen für interoperable Unternehmen und öffentliche Organisationen",deu,deu,"[5866.0, 1570.0, 590.0, 2949.0, 15857.0, 2889.0, 3798.0, 2695.0, 2305.0, 2097.0, 2703.0, 1597.0, 1757.0, 3600.0, 2090.0]"
"Großbritannien übernahm 100 P-66 als Vanguard I, um sie in Kanada als Schulflugzeug für Fortgeschrittene einzusetzen. Nach erfolgreichen Versuchsflügen wurden die Flugzeuge jedoch China überlassen, wohin im Rahmen des Lend-Lease-Programms (inklusive einiger Exemplare der USAAF) insgesamt 104 Flugzeuge dieses Typs geliefert wurden. Dort sollten sie einer Staffel amerikanischer Freiwilliger – der 3rd American Volunteer Group – zugeteilt werden. Diese zusätzliche Gruppe wurde nach dem Angriff auf Pearl Harbor jedoch aufgegeben.",deu,deu,"[22974.0, 7961.0, 2878.0, 13279.0, 66221.0, 13480.0, 15008.0, 12892.0, 11388.0, 9102.0, 11664.0, 7046.0, 7977.0, 17093.0, 9791.0]"
"Fontaine-au-Pire ist eine Gemeinde im französischen Département Nord in der Region Hauts-de-France. Sie gehört zum Kanton Le Cateau-Cambrésis im Arrondissement Cambrai. Sie grenzt im Nordwesten an Carnières, im Norden an Beauvois-en-Cambrésis, im Osten an Caudry, im Süden an Ligny-en-Cambrésis, im Südwesten an Haucourt-en-Cambrésis und im Westen an Cattenières. Die Bewohner nennen sich Fontenois(es).",deu,deu,"[26143.0, 8746.0, 3272.0, 39990.0, 46649.0, 14047.0, 26776.0, 13476.0, 12155.0, 16402.0, 11046.0, 12993.0, 12098.0, 19940.0, 14830.0]"
"18. Januar: Charles de Secondat, Baron de Montesquieu, französischer Schriftsteller, Philosoph und Staatstheoretiker der Aufklärung († 1755)",deu,deu,"[8268.0, 2961.0, 1223.0, 7869.0, 17182.0, 4725.0, 6378.0, 4490.0, 3996.0, 4361.0, 4018.0, 3161.0, 3262.0, 6408.0, 3966.0]"
"Der Oberkörper bleibt bei der ersten ganzen Drehung nicht senkrecht, sondern kippt über die linke Seite (Steuerung der Drehung mit dem Oberkörper, nicht mit den Beinen).",deu,deu,"[8586.0, 2166.0, 838.0, 4882.0, 25345.0, 4331.0, 5538.0, 4114.0, 3325.0, 3340.0, 4055.0, 2475.0, 2497.0, 5819.0, 3133.0]"
Olga Alexandrowna Girja (russisch Ольга Александровна Гиря; * 4. Juni 1991 in Langepas) ist eine russische Schachspielerin und seit 2009 Großmeister der Frauen (WGM).,deu,deu,"[14188.0, 4212.0, 1428.0, 6408.0, 23525.0, 7073.0, 7733.0, 6660.0, 6010.0, 5135.0, 11536.0, 4230.0, 4934.0, 9064.0, 5413.0]"
Zwischen 1827 und 1830 entstand die Straße von Bärenstein über den oberen Ortsteil von Kühberg nach Annaberg. Bärenstein und die zum Ort zählende Siedlung Kühberg gehörten bis 1856 zum kursächsischen bzw. königlich-sächsischen Amt Grünhain (Unteramt Schlettau). Ab 1856 gehörte der Ort zum Gerichtsamt Annaberg und ab 1875 zur Amtshauptmannschaft Annaberg.,deu,deu,"[23898.0, 7978.0, 2771.0, 12865.0, 60717.0, 13932.0, 15827.0, 12541.0, 11452.0, 9163.0, 11190.0, 7049.0, 9540.0, 18554.0, 11610.0]"
"Vom heutigen Bahnhof Leun/Braunfels zweigte früher die Ernstbahn nach Philippstein ab, in Stockhausen begann die Ulmtalbahn nach Beilstein, im Volksmund auch „Balkan-Express“ genannt. Beide Nebenstrecken sind heute stillgelegt.",deu,deu,"[12480.0, 3368.0, 1361.0, 6798.0, 33753.0, 6393.0, 8356.0, 6178.0, 5323.0, 4450.0, 5179.0, 3635.0, 3927.0, 9282.0, 4953.0]"
"In dieser Stellung beginnt die explosive Dreh-Streckbewegung des hinteren Beines, die die rechte Hüfte und die rechte Schulter nach vorne bringt. Wenn das Körpergewicht über das linke Bein kommt, gelangen Becken- und Schulterachse in Wurfrichtung. Anschließend erfolgt der Abwurf mit langem Wurfarm in Schulterhöhe. Er wird von der Streckbewegung beider Beine unterstützt. Für einen Moment befinden sich dann – beim Sprungabwurf – beide Beine in der Luft. Im Zeitpunkt des Abwurfes wird die linke Körperhälfte festgestellt, so dass der Kraftimpuls geradlinig in Wurfrichtung fortgeführt werden kann. Beim Abwurf weist der Handrücken nach oben, und der Diskus rollt über den Zeigefinger ab. Durch die Rotation erhält der Diskus Flugstabilität.",deu,deu,"[33942.0, 9447.0, 3407.0, 18667.0, 104820.0, 17867.0, 22179.0, 17227.0, 14363.0, 13022.0, 16177.0, 9600.0, 10049.0, 23808.0, 13019.0]"
"Seit der Saison 2011/12 spielt Olga Girja in der Deutschen Schachbundesliga der Frauen für die Mannschaft des SC Bad Königshofen, mit der sie 2014 die Meisterschaft gewann. In der chinesischen Mannschaftsmeisterschaft spielte sie 2012 für Zhejiang Yinzhou und 2015 für Hangzhou. Die russische Mannschaftsmeisterschaft der Frauen gewann sie 2011 mit SchSM-RGSU Moskau, sie spielte auch schon für Jugra Chanty-Mansijsk. Sowohl mit SchSM-RGSU Moskau als auch mit Jugra Chanty-Mansijsk hat Girja am European Club Cup der Frauen teilgenommen, sie gewann mit der Mannschaft drei Bronzemedaillen (2012 bis 2014) und in der Einzelwertung eine Silber-(2013 am vierten Brett) und eine Bronzemedaille (2012 am zweiten Brett).",deu,deu,"[44425.0, 13527.0, 4955.0, 23387.0, 104958.0, 22838.0, 27709.0, 20846.0, 18902.0, 16617.0, 27147.0, 12827.0, 15028.0, 30201.0, 19043.0]"
Eine jüdische Gemeinde ist seit dem 17. Jahrhundert mit eigener Synagoge überliefert. Letztere wurde vermutlich Ende des 19. Jahrhunderts baufällig und nicht wiedererrichtet. Die jüdische Bevölkerung hatte zu diesem Zeitpunkt ihren Schwerpunkt in Biskirchen. Dennoch zeugen mehrere hebräische Inschriften an Leuner Fachwerkhäusern von dieser Zeit.,deu,deu,"[16232.0, 4623.0, 1835.0, 9274.0, 48055.0, 9177.0, 11319.0, 8808.0, 7458.0, 6298.0, 7977.0, 4737.0, 5176.0, 12324.0, 6392.0]"
"Die meisten Postverwaltungen unterhalten Abteilungen für Philatelisten, bei denen die herausgegebenen Briefmarken im Abonnement bezogen werden können: In Deutschland beim Sammler-Service der Deutschen Post AG in Weiden in der Oberpfalz, in Österreich beim Sammler-Service der Österreichischen Post AG in Wien und in der Schweiz beim Sammler-Service der Schweizerischen Post in Bern.",deu,deu,"[17349.0, 4729.0, 1800.0, 10100.0, 50487.0, 9003.0, 11809.0, 8482.0, 7359.0, 6343.0, 8083.0, 4843.0, 5851.0, 12242.0, 7480.0]"
Die Kirche St. Peter und Paul ist eine aus dem beginnenden 17. Jahrhundert stammende Kirche im polnischen Węgorzewo (deutsch Angerburg) im Nordosten der Woiwodschaft Ermland-Masuren. Sie befindet sich im Ostteil der Stadt an der ulica Zamkowa neben dem neu aufgebauten Ordensschloss.,deu,deu,"[18769.0, 5263.0, 1775.0, 8969.0, 42967.0, 9278.0, 11766.0, 8619.0, 7865.0, 6466.0, 10873.0, 4740.0, 6257.0, 12641.0, 7981.0]"
"Der Boxermotor mit einem Hubraum von 584 cm³ entwickelte 20 PS (15 kW) bei 5000/min. Damit war eine Höchstgeschwindigkeit von 98 km/h erreichbar. Der Normverbrauch lag bei 5,3 l/100 km Normalbenzin.",deu,deu,"[15224.0, 4714.0, 1693.0, 8563.0, 37468.0, 7692.0, 10119.0, 7709.0, 6474.0, 6146.0, 6930.0, 4814.0, 5252.0, 9962.0, 6456.0]"
"Berrabah besuchte die Academy of Contemporary Music in Guildford mit einem Stipendium. Zu der Zeit traf sie ihren Manager und gründete zusammen mit ihrer Schwester Samiya die Band Boo2. Der Manager der Sugababes wurde auf sie aufmerksam, als er sie bei einem Auftritt von Boo2 sah. Als Gründungsmitglied Mutya Buena die Sugababes Ende 2005 verließ, rief der Manager der Band Berrabah an und teilte ihr mit, dass sie die Möglichkeit habe, ein Teil der Sugababes zu werden. Sie nahm drei Songs auf, welche den verbliebenen Mitgliedern, Keisha Buchanan und Heidi Range, vorgespielt wurden. Wenig später wurde sie als neues Mitglied der Sugababes vorgestellt. Zusammen mit den Sugababes hatte sie bisher drei Top-10-Alben, einschließlich eines Nummer-1-Albums (Change) sowie acht Top-10-Singles, von denen zwei Platz 1 belegten (Walk This Way, eine Zusammenarbeit mit Girls Aloud, sowie About You Now). Im September 2013 wurde durch Bandkollegin Jade Ewen bekannt gegeben, dass sich die Sugababes bereits 2011 getrennt hatten.",deu,deu,"[47200.0, 14432.0, 7048.0, 28433.0, 126097.0, 28660.0, 31615.0, 25118.0, 22763.0, 20461.0, 21238.0, 16286.0, 17437.0, 35941.0, 21891.0]"
"Allendorf grenzt im Norden an die Gemeinde Ebsdorfergrund (Landkreis Marburg-Biedenkopf), im Osten an die Gemeinde Rabenau, im Süden an die Gemeinde Buseck, sowie im Westen an die Stadt Staufenberg (alle drei im Landkreis Gießen).",deu,deu,"[13888.0, 4038.0, 1542.0, 6924.0, 34049.0, 7507.0, 9811.0, 6908.0, 6092.0, 5195.0, 5801.0, 3947.0, 5100.0, 10510.0, 6469.0]"
"Im Westen grenzt das EZG der Steinach an das des Meerbaches einem kleinen Mainzufluss mit seinem Oberlauf Wildbach. Im Nordwesten wird es vom Erlenbach begrenzt, welcher über den Maßbach und dann der Lauer in die Fränkische Saale entwässert. Im Norden berührt es das Gebiet des Sauerquellenbaches einem Zufluss der Geißler, die ebenfalls in die Lauer einmündet. Im Nordosten trifft es mit dem Bereich des Nassachzuflusses Riedbach zusammen. Im Osten folgt dann der Mainzufluss Wässernach und im Südosten die kleineren Mainzuflüsse Grabenmühlbach, Lausgraben, Lehenbach und der Buchentalgraben.",deu,deu,"[32441.0, 9838.0, 3461.0, 18150.0, 95912.0, 19119.0, 22033.0, 17728.0, 15674.0, 12374.0, 14346.0, 9206.0, 11632.0, 27308.0, 15182.0]"
"Kim studierte ab 1986 traditionelle koreanische Perkussion und arbeitete mit Meistern wie Kim Duk-su zusammen. Er spielt Instrumente wie Janggu, Buk, Guengari und Bara. Als Mitglied von Yo-Yo Mas Silk Road Ensemble wirkte er an dessen Alben New Impossibilities und Off the Map mit. Für das Ensemble komponierte er das Stück Baet Nore (Ferne Horizonte). Als Komponist, Arrangeur und Perkussionist war er an den Alben On the Road und Xpressed Impressions der österreichischen Weltmusikgruppe Comin & Goin beteiligt.",deu,deu,"[24965.0, 9765.0, 3802.0, 14071.0, 59598.0, 15247.0, 16165.0, 15384.0, 15178.0, 10457.0, 10545.0, 8248.0, 11849.0, 20477.0, 13873.0]"
"Im Jahr 2010 erreichte die Hohenzollerische Landesbahn einen Umsatz von 39,9 Millionen Euro, wovon 82 Prozent im Schienenpersonennahverkehr, 7 Prozent im Schienengüterverkehr und 11 Prozent im Omnibusverkehr erwirtschaftet wurden. Dies entsprach einer Steigerung des Umsatzes von 6,3 Prozent gegenüber dem Vorjahr. Der Jahresüberschuss betrug 0,48 Millionen Euro. Mit der Bahn wurden 9 Millionen und mit dem Bus 3,8 Millionen Fahrgäste befördert. Im Vergleich zu 2009 stiegen die Fahrgastzahlen mit 4,4 Prozent im Schienenverkehr doppelt so stark wie im Bundesdurchschnitt.Die HzL kooperiert mit der zu 100 Prozent in Landeseigentum befindlichen Südwestdeutschen Verkehrs-AG. So haben beide Gesellschaften einen personengleichen Vorstand. Beide Gesellschaften halten Anteile an der Fahrzeugbereitstellung Baden-Württemberg GmbH (FBBW).",deu,deu,"[45521.0, 13620.0, 5130.0, 24612.0, 128085.0, 24755.0, 30439.0, 23377.0, 20264.0, 16956.0, 20798.0, 12776.0, 15500.0, 32286.0, 19021.0]"
"60 RegelkartenFür die Gestaltung der Karten wurde ein japanisches Thema gewählt, die Spielkartenfarben sind Münzen (gelb), Koi (rot), Fächer (grün) und Torii (blau).",deu,deu,"[8912.0, 2922.0, 991.0, 5045.0, 25689.0, 4794.0, 6125.0, 5483.0, 4287.0, 3367.0, 4323.0, 2794.0, 3336.0, 6271.0, 3762.0]"
"Lukas Grünenwald (* 5. Februar 1858 in Dernbach (Pfalz); † 29. Januar 1937 in Speyer) war ein Gymnasiallehrer und Heimatforscher, der sich intensiv mit der Geschichte der Pfalz befasste.",deu,deu,"[12925.0, 4116.0, 1561.0, 6972.0, 32282.0, 7001.0, 8115.0, 6806.0, 5949.0, 4996.0, 6055.0, 3870.0, 4691.0, 9735.0, 5578.0]"
DVDs mit allen Folgen der Serie „The Prisoner“ sind seit Oktober 2006 als Box im Handel erhältlich. Die Box beinhaltet insgesamt 17 Episoden sowie sog. Alternativfassungen von zwei bekannten Episoden. Auch die vier vom ZDF 1969 nicht synchronisierten Episoden sind als Original mit deutschen Untertiteln vertreten. Seit November 2010 ist außer einer DVD-Neuauflage auch eine Blu-ray Disc erhältlich. Die vier 2006 nur untertitelten Episoden wurden vom deutsch-französischen Fernsehsender Arte erstmals synchronisiert. Neuer Synchronsprecher für Patrick McGoohan ist Bernd Rumpf anstelle von Horst Naumann.,deu,deu,"[29828.0, 8748.0, 3990.0, 17454.0, 85697.0, 16225.0, 21447.0, 15767.0, 13133.0, 12054.0, 13866.0, 9351.0, 9763.0, 21312.0, 12075.0]"
"Erster Wurf über 30 Meter: 30,225 m, Lucienne Velu (FRA), 14. September 1924 (ein früherer 30-Meter-Wurf von 1924 wurde nicht als Weltrekord anerkannt)",deu,deu,"[12854.0, 4229.0, 1774.0, 9481.0, 33587.0, 6928.0, 9838.0, 7071.0, 6060.0, 5862.0, 5943.0, 4520.0, 4612.0, 9140.0, 5582.0]"
"I-V KMap (INTEROP-VLab Knowledge Map), ein Kompetenzmanagementsystem innerhalb des EI Bereiches, das auf einer ontologiebasierten Suchmaschine aufsetzt und es so erlaubt, relevante Dokumente und Inhalte bezüglich eines speziellen Wissensbereiches zu finden.",deu,deu,"[9854.0, 3665.0, 1745.0, 6544.0, 26522.0, 6493.0, 7337.0, 5877.0, 5220.0, 4331.0, 4548.0, 3363.0, 3812.0, 7493.0, 4277.0]"
"Eine weitere im Handel unterschiedene Geschmacksrichtung stellt der Maigouda dar, der aus der mildaromatischen Milch gekäst wird, welche die Kühe geben, nachdem sie – meist Anfang Mai – das erste Mal nach dem Winter mit Silagefütterung auf Weiden im Freien wieder Gras zu fressen bekommen. Der Maigouda enthält wie die Milch, aus der er hergestellt wird, einen etwas höheren Fettanteil und schmeckt besonders rahmig-mild.",deu,deu,"[20003.0, 5441.0, 2124.0, 12116.0, 60911.0, 11503.0, 14566.0, 10745.0, 9121.0, 8012.0, 9515.0, 5927.0, 5958.0, 15482.0, 7391.0]"
"Da es zu Gefechten mit den Portugiesen kam, steuerte Carquizano Tidore an, ein Sultanat, das seit Magellans Weltumsegelung Handelskontakte mit Spanien betrieb. Auf Tidore verschanzten sich die Spanier. Vom benachbarten Fort Ternate aus war es den Portugiesen aber möglich, ihre Stellungen zu beschießen und die Pflanzungen zu verwüsten. Carquizano wurde schließlich vergiftet.",deu,deu,"[20201.0, 5806.0, 2283.0, 11989.0, 57034.0, 11645.0, 15638.0, 10030.0, 9144.0, 10509.0, 8910.0, 8225.0, 7180.0, 15271.0, 8786.0]"
Loaísas Geschwader lief am 24. Juli 1525 aus dem spanischen Hafen von A Coruña aus. Nach einer Zwischenstation auf La Gomera in den ersten beiden Augustwochen erreichte Loaísa im Januar 1526 die patagonische Küste. Bereits zu diesem Zeitpunkt hatte das Flaggschiff Santa Maria de la Victoria zeitweilig den Kontakt zu den anderen Schiffen des Geschwaders verloren.,deu,deu,"[18749.0, 5771.0, 2324.0, 12827.0, 46605.0, 10174.0, 15956.0, 9273.0, 8277.0, 12398.0, 8255.0, 11452.0, 7021.0, 13486.0, 8645.0]"
"Sokołówka liegt in den nördlichen Ausläufern des Habelschwerdter Gebirge an einer Nebenstraße, die von der Wojewodschaftsstraße 388 bei Nowy Wielisław abzweigt und nach Pokrzywno führt. Nachbarorte sind Nowy Wielisław im Nordosten, Starkówek im Südosten und Pokrzywno im Süden. Südwestlich erhebt sich der 704 m hohe Steinberg (Kamienna).",deu,deu,"[27362.0, 6965.0, 2148.0, 10621.0, 48364.0, 12939.0, 14271.0, 11481.0, 10723.0, 8756.0, 16061.0, 6437.0, 9202.0, 17516.0, 11623.0]"
"Zusammen mit der Durchsetzung der katholischen Konfessionalisierung suchte Dietrich auch seine weltliche Macht als Landesherr auszubauen. In einer ersten Phase hat er versucht, seine Macht auch gegen Widerstände durchzusetzen. Dagegen schlossen sich das Domkapitel, die Städte und die Ritterschaft 1590 zu einer Einung zum Schutz der überkommenen Rechte und Privilegien der Landstände zusammen. Später hat Dietrich es geschafft, keine gemeinsame Front der Stände gegen ihn aufkommen zu lassen. Aber insbesondere das Domkapitel leistete weiterhin Widerstand gegen den Machtanspruch des Landesherren. Der Domdechant Arnold von der Horst war dabei einer der Führer der Opposition. Vorübergehend von Dietrich 1604 suspendiert, kam es spätestens 1612 zur Aussöhnung.Nachdem er die Landstände und selbst das Domkapitel stark gegen sich aufgebracht hatte, hat Dietrich seinen Kurs in den 1590er Jahren etwas gemäßigt. In dieser zweiten Phase versuchte er mit weitgehend friedlichen Mitteln die Reichweite der katholischen Konfession zu erhöhen. Aber auch dies führte zu Widerständen. Die Städte und Ritter waren insbesondere von der Konfessionspolitik beunruhigt. Sie forderten auf dem Landtag von 1597 sogar die Freistellung der Religion. Insbesondere die Tätigkeit der Jesuiten wurde kritisiert. Der konfessionelle Aspekt war dabei auch verbunden mit weltlichen Streitigkeiten etwa um landesherrliche und grundherrliche Gerichtsrechte. Im Jahr 1603 kam es zu einer Einung der Ritterschaft mit einigen Städten.",deu,deu,"[67531.0, 19983.0, 7494.0, 40379.0, 208698.0, 37225.0, 47263.0, 35030.0, 30928.0, 26553.0, 33556.0, 19725.0, 21220.0, 48457.0, 26471.0]"
"Es gab zwei Untersuchungsausschüsse; eine Konstituierung des Verteidigungsausschuss als Untersuchungsausschuss1. Untersuchungsausschuss """"U-Boote-(Pläne)-Affäre"""" (1987–1990)",deu,deu,"[11412.0, 3478.0, 1290.0, 7280.0, 29946.0, 5939.0, 7909.0, 6088.0, 4873.0, 4653.0, 5257.0, 3929.0, 3872.0, 8424.0, 4649.0]"
"Der Verteidigungsraum ist der einem militärischen Verband im Rahmen eines Operationsplanes zugewiesene Raum, der auch gegen Feinddruck zu behaupten ist. Im Rahmen einer flexibel geführten Verteidigung können Teile des Verteidigungsraumes zumindest zeitlich begrenzt aufgegeben werden, solange ggf. befohlenes Schlüsselgelände gehalten wird und der Zusammenhang der Verteidigung insgesamt gewahrt wird, unter anderem auch die Verbindung zu den benachbarten Verbänden.",deu,deu,"[19533.0, 6071.0, 1967.0, 11134.0, 59685.0, 11570.0, 12862.0, 11219.0, 9693.0, 7382.0, 10037.0, 5441.0, 6242.0, 15196.0, 7714.0]"
Nach dem Rücktritt von Bürgermeister Heller im Zuge eines Abwahlverfahrens durch die Stadtverordnetenversammlung am 8. Mai 2017 werden bis zur Bürgermeisterwahl die Amtsgeschäfte durch den ersten Stadtrat Ralf Schweitzer (CDU) geführt.,deu,deu,"[11249.0, 3295.0, 1280.0, 5983.0, 32574.0, 5944.0, 7480.0, 5823.0, 4815.0, 4270.0, 5270.0, 3481.0, 3618.0, 8203.0, 4559.0]"
"John Edward Gray war eigentlich ein bedeutender Zoologe, nach dem die Reiherart Ardeola grayii benannt wurde. Dieser Vogel wurde von der Postverwaltung von Bangladesch am 15. Juli 2000 auf einer eigenen Briefmarke verewigt.",deu,deu,"[11701.0, 3670.0, 1546.0, 6641.0, 29755.0, 7783.0, 7656.0, 6162.0, 5627.0, 4829.0, 5389.0, 3755.0, 4373.0, 8924.0, 5307.0]"
"Mombach hatte bis nach dem Zweiten Weltkrieg, ebenso wie beispielsweise die Nachbarorte Gonsenheim und Finthen, eine wichtige Rolle im lokalen Obst- und Gemüsebau inne. Schon im Mittelalter wurde die Stadt Mainz mit frischem Obst und Gemüse aus Mombach versorgt, später auch die selbständige Stadt Biebrich. Die Bedeutung des Ortes für den lokalen Gartenbau geht z. B. aus den zahlreichen lokalen Züchtungen und Sorten hervor, die in heutiger Zeit wiederentdeckt werden:",deu,deu,"[20626.0, 5747.0, 2322.0, 11990.0, 63702.0, 11633.0, 14721.0, 10869.0, 9283.0, 8327.0, 10010.0, 6345.0, 6630.0, 15525.0, 8238.0]"
"Manchmal wird auch unter der Verwendung eines Apostroph ' übersetzt, auch wenn der Apostroph bei allen anderen Namen und Worten oft weggelassen wird.",deu,deu,"[6865.0, 1889.0, 784.0, 4192.0, 20545.0, 4050.0, 4800.0, 3608.0, 3081.0, 2829.0, 3595.0, 2191.0, 2207.0, 5090.0, 2580.0]"
Innerhalb des Verteidigungsraumes weist der Kommandeur im Rahmen seines Planes für den Einsatz den nachgeordneten Einheiten Stellungsräume für das beweglich zu führenden Gefecht oder im Ausnahmefall eine Stellung mit geringer Tiefe zu.,deu,deu,"[10324.0, 2974.0, 1071.0, 6522.0, 30317.0, 5663.0, 7047.0, 5523.0, 4737.0, 4015.0, 5071.0, 3101.0, 3266.0, 7416.0, 4084.0]"
"In den 1860er Jahren erschienen die ersten Briefmarkenalben der Welt. Das erste kommerzielle Album hatte der Pariser Philatelist Lallier 1862 herausgebracht. Dabei handelte es sich allerdings noch um eine einfache querformatige Mappe, die in Leder gebunden war. Für alle bisher erschienen Briefmarken der Welt war auf den jeweils rechten Seiten ein Leerfeld angelegt, in das die Briefmarke hineingeklebt werden konnte. Auf den jeweils gegenüberliegenden linken Seiten befand sich das Wappen, die Flagge sowie eine kurze Beschreibung der Geographie und der bisher ausgegebenen Briefmarken des Landes.",deu,deu,"[26587.0, 7827.0, 2929.0, 16665.0, 79280.0, 14695.0, 18911.0, 14026.0, 11935.0, 10527.0, 13224.0, 8089.0, 8133.0, 18861.0, 10132.0]"
"Als Digital Art Pionierin war Schloss Gast bei Willoughby Sharp's Downtown ’86, einer preisgekrönten Kabel ACE Sendung, die die besten Künstler, Musiker, und Darsteller der 1980er-Jahre zeigte. Ihre lyrische Klang-Collagen, wie beispielsweise """"How She Sees It By Her"""" sind in der Anthologie, """"Just Another Asshole,"""" ein No Wave Kunst/Musik/Klang Magazin von Glenn Branca und Barbara Ess dokumentiert. und """"Text-Sound Texts"""" redigiert bei Richard Kostelanetz.",deu,deu,"[21513.0, 7082.0, 4040.0, 12460.0, 61243.0, 12785.0, 14058.0, 12175.0, 10601.0, 8437.0, 9045.0, 6602.0, 7734.0, 16750.0, 9431.0]"
"Nachdem er 2004 Vizemeister geworden war und auch einige Spiele in der Nationalauswahl bestritten hatte, entschloss er sich zu einem Wechsel ins Ausland.",deu,deu,"[7431.0, 2128.0, 856.0, 4490.0, 23089.0, 4311.0, 5297.0, 4141.0, 3496.0, 3079.0, 3562.0, 2270.0, 2361.0, 5724.0, 2860.0]"
"Die christdemokratischen Arbeitervertreter gründeten 1948 den Südtiroler Gewerkschaftsbund/Unione sindacale altoatesina (SGB), der sich 1950 der CISL anschloss. Hatte der SGB noch unmittelbar nach seiner Gründung deutsche und italienische Gewerkschafter vereint, so zeigten sich ab 1957 immer stärkere Differenzen zwischen beiden Volksgruppen, die schließlich zur Gründung einer ethnischen Gewerkschaft führen sollten. Der Weg hin zu einer vierten Gewerkschaft in Südtirol neben den italienischen Organisationen CGIL, CISL und UIL muss im Lichte der politischen Ereignisse jener Zeit gesehen werden.",deu,deu,"[27998.0, 7720.0, 3208.0, 20020.0, 74754.0, 14076.0, 32160.0, 13969.0, 11997.0, 15179.0, 12688.0, 12080.0, 8758.0, 19271.0, 11096.0]"
"In vielen Zusammenhängen ist es üblich, ein modifiziertes System von Transkriptionsregeln zu verwenden und das natürlich auch ausgeprägt sein kann durch die Verwendung von Anglophonen. Transkriptionen aus dem ukrainischen werden auch für den Namen von Personen mit ukrainischen Vorfahren in den entsprechenden Ländern angewandt (Personen haben oft gleiche oder ähnliche übliche Namen, wie zum Beispiel """"Alexander"""", was meist für Oleksandr verwendet wird, oder auch das im englischsprachigen Raum übliche """"Terry"""" für Taras).",deu,deu,"[23747.0, 6373.0, 2384.0, 12294.0, 63084.0, 12535.0, 14825.0, 11842.0, 10254.0, 8149.0, 16387.0, 6639.0, 6891.0, 15974.0, 8414.0]"
"Das wissenschaftliche Observatorium in Recherche Bay war die Stelle des ersten geplanten wissenschaftlichen Experimentes auf australischer Erde. In diesem Observatorium konnte der Geowissenschaftler und spätere Konteradmiral Élisabeth-Paul-Édouard Rossel eine Versuchsreihe durchführen, die bewies, dass das Magnetfeld der Erde sich mit abnehmender bzw. zunehmender geographischer Breite veränderte.",deu,deu,"[17098.0, 4900.0, 1985.0, 13289.0, 49067.0, 9323.0, 12526.0, 8650.0, 7579.0, 7835.0, 7953.0, 6052.0, 5712.0, 12536.0, 7289.0]"
Der Spannungsaufbau in der Hauptbeschleunigungsphase entspricht nicht den Anforderungen. Die Arme sind in dem Falle schneller als die Beine.,deu,deu,"[5954.0, 1558.0, 581.0, 3326.0, 17544.0, 2962.0, 3757.0, 2836.0, 2329.0, 2259.0, 3140.0, 1776.0, 1656.0, 3913.0, 2108.0]"
"Als erster Emmy-Noether-Nachwuchsgruppenleiter der DFG an der Charité entwickelte Lode neue Ansätze, welche die Behandlung von bösartigen Tumoren durch genetische Impfungen ermöglichten. Insbesondere die Kombination von DNA-Impfungen mit tumorspezifischen Immunzytokinen war ein wichtiger Schritt in der Optimierung von DNA-Impfungen. Seit der Mitgliedschaft in der SIOPEN-Gruppe 2002 wirkt Lode in der klinischen Entwicklung eines monoklonalen Antikörpers gegen Gangliosid GD2 (ch14.18/CHO) mit. Es gelang ihm als Erster eine neue Verabreichungsmethode für diesen Antikörper zu etablieren. Aktuell leitet er zwei internationale klinische Studien bei Kindern mit Neuroblastom mit diesem Antikörper.",deu,deu,"[33989.0, 10368.0, 3907.0, 20062.0, 99697.0, 18961.0, 22847.0, 18154.0, 15706.0, 13159.0, 15370.0, 9987.0, 11771.0, 24903.0, 14741.0]"
"Beim Tod des Vaters 1475 waren Vratislav und dessen Brüder Johann/Jan und Emmeram/Jimram noch nicht volljährig. Deshalb standen sie, da der älteste Bruder Sigmund bereits tot war, unter der Vormundschaft des zweitgeborenen Bruders Wilhelm, der das väterliche Erbe zunächst gemeinschaftlich verwaltete. Bei der 1478 erfolgten Teilung erhielten Vratislav und Johann gemeinsam die Burg Pernstein und einen Teil der umliegenden Dörfer. Die anderen Dörfer mit der Burg Zubstein behielt Wilhelm für sich und den jüngsten Bruder Emmeram/Jimram, der weiterhin unter Wilhelms Vormundschaft stand. Alle drei Brüder mussten sich an den von ihrem Vater hinterlassenen Schulden beteiligen, deren Gläubiger Wilhelm war. Er hatte für seinen Vater von dessen Schwiegervater Johann von Lomnitz die Herrschaft Meseritsch erworben bzw. bezahlt. Nachdem Johann/Jan kurze Zeit später verstarb, gelangte dessen Anteil an Vratislav.",deu,deu,"[46764.0, 13359.0, 5068.0, 24398.0, 129881.0, 25950.0, 29585.0, 23771.0, 21057.0, 17184.0, 23782.0, 12816.0, 14797.0, 34423.0, 18709.0]"
"1971/72 wurde eine englischsprachige in sechzehn Bänden in Jerusalem beim Verlag Keter und in New York bei Macmillan publiziert. Dazu erschienen von 1973 bis 1991 acht „Jahrbücher“ (1973, 1974, 1975–76, 1977–78, 1983–85, 1986–87, 1988–89, and 1990–91) und zwei „Decennial“-Bände (1973–82; 1983–92) publiziert.",deu,deu,"[28338.0, 12063.0, 5612.0, 16516.0, 64135.0, 18289.0, 18917.0, 17996.0, 15677.0, 11612.0, 13399.0, 9043.0, 12793.0, 21938.0, 14201.0]"
"Es gibt mehrere Sportvereine, darunter mit dem Mombacher Turnverein 1861 einen der ältesten und größten Mainzer Turnvereine und die Fußballvereinigung Mombach 03 den ältesten Fußballverein Rheinhessens. Neben Sportplätzen, Tennisplätzen, Tennishalle usw. stehen ein Hallen- und Freibad (1964/1965), sowie mehrere Fitnesszentren zur Verfügung. Die Umgebung der Rheinauen ist ein ideales Trainingsgebiet für die Mombacher Kanuten. Jährlich führt der Gutenberg-Marathon als sportliches Großereignis durch Mombach.",deu,deu,"[25715.0, 7635.0, 3012.0, 14931.0, 77793.0, 13926.0, 18287.0, 13491.0, 11397.0, 10230.0, 12293.0, 8042.0, 8660.0, 18965.0, 10530.0]"
"mit S. Ramanan: Existence of universal connections. American Journal of Mathematics, Band 83, 1961, S. 563–572Zu den Arbeiten mit Ramanan über Vektorraumbündel siehe S. Ramanan.",deu,deu,"[12363.0, 4877.0, 2292.0, 6983.0, 20876.0, 9132.0, 7447.0, 6860.0, 6172.0, 5073.0, 5376.0, 3993.0, 5723.0, 9343.0, 6593.0]"
"Arleen Schloss gehört zu den frühen amerikanischen Videokunst- und Performance-Pionieren. Mit der Konzeption „Wednesday`s A`s“ in einem Loft auf der Broome Street in der Bowery, einem ehemaligen Armenviertel, schuf sie 1979 in Downtown New York eine neue, alternative Kunstplattform für experimentell arbeitende, nicht etablierte Künstler. Jeden Mittwoch konnten diese ihre Videokunst, Performances, Musik, Zeichnungen oder Malerei einem Publikum vorstellen und mit diesem über das Werk ins Gespräch kommen. Ab 1980 war „Wednesday`s A`s“ eine bekannte Ausstellungsadresse für neue Kunst, Video und Musik, die bei etablierten Galerien und Institutionen keine Chancen hatten. Bei „A´s“ ausgestellte Künstler wurden teilweise später sehr bekannt, wie z.B. Eric Bogosian, Jean-Michel Basquiat und Ai Weiwei. „A’s“ zeigte Arbeiten unter anderem von Glenn Branca, The Coachmen, Kim Gordon, Phoebe Legere, Thurston Moore, Shirin Neshat, Lee Ranaldo, Sur Rodney Sur und Alan Vega. No-Wave und Noise Bands Bands u.a. wie Test Pattern, Gray und Mania D spielten Mittwochs bei „A´s“. Seine erste Ausstellung hatte SAMO, alias Jean-Michel Basquiat im Oktober 1979 bei „A´s“. Aufgrund des breiten Zuspruches ihres nicht akademischen „A´s“ Ausstellungs-Konzeptes, das „A´s“ zum Dauerbrenner in der New Yorker Underground-Szene machte, wurde Schloss eingeladen als Kuratorin zu arbeiten. Ausstellungen in der „Danceteria“, einer Kunst-Disco in SoHo, und im Schaufenster von „Art and Architecture“, ein in New York angesehener architektonischer Veranstaltungsort kuratierte sie.",deu,deu,"[73333.0, 22708.0, 11915.0, 46312.0, 204952.0, 41107.0, 51349.0, 39125.0, 34003.0, 31262.0, 33393.0, 24506.0, 25257.0, 54021.0, 31423.0]"
Mombach wird auf Grund seiner vielfältigen Veranstaltungen als Fastnachtshochburg in Mainz wahrgenommen. Bereits vor dem Abschluss der Kampagne mit den vier tollen Tagen wird die Sitzung der Bohnebeitel seit 1998 als Live on tape-Übertragung im SWR Fernsehen überregional übertragen. Hierbei werden Marktanteile im zweistelligen Bereich erzielt. Im Mittelpunkt stehen aber die real life Sitzungen der vielen in Mombach beheimateten Fastnachtsvereine.,deu,deu,"[20377.0, 5620.0, 2418.0, 11453.0, 62370.0, 11313.0, 14300.0, 10681.0, 9156.0, 7941.0, 9371.0, 6106.0, 6496.0, 15031.0, 8108.0]"
"1919 trat Zeschke in die Deutsche Volkspartei (DVP) ein, für die er bei der Reichstagswahl vom Juni 1920 als Kandidat für den Wahlkreis 5 (Frankfurt an der Oder) in den Reichstag gewählt wurde, dem er bis zum Mai 1924 angehörte. Im Parlament vertrat Zeschke insbesondere die Interessen der Landwirtschaft. Daneben war Zeschke Kreistagsabgeordneter und Mitglied des Kreisausschusses, Amtsvorsteher und Provinziallandtagsabgeordneter.",deu,deu,"[26206.0, 8270.0, 2927.0, 15024.0, 71768.0, 14894.0, 17560.0, 14121.0, 12559.0, 10001.0, 12242.0, 7566.0, 9213.0, 19744.0, 11454.0]"
Der Ort wurde 1798 am rechten Ufer des Rio Maués-Açu gegründete. Anfangs wurde die Siedlung Luséia genannt. Die Karmeliter gaben ihr den Namen Maués. Am 25. Juni 1833 wurde die Ansiedlung zur Vila und am 4. Mai 1896 mit Selbstverwaltungsrecht zur Município de Manés erhoben. Das Gründungsjahr 1833 ist im Stadtwappen verankert.,deu,deu,"[20359.0, 6796.0, 2654.0, 15027.0, 52950.0, 11608.0, 19020.0, 10820.0, 9560.0, 21457.0, 9914.0, 12993.0, 7800.0, 15597.0, 9898.0]"
Die Reihe ist auch als DVD-Kollektion in 10 Teilen erhältlich. Neben der deutschen und der französischen Version gibt es auch eine Version auf Englisch.,deu,deu,"[6508.0, 1771.0, 753.0, 4299.0, 20253.0, 3560.0, 4689.0, 3432.0, 2771.0, 2764.0, 3261.0, 2239.0, 2019.0, 4480.0, 2422.0]"
"Gustav Eberlein, neben Reinhold Begas einer der bedeutendsten Vertreter der Wilhelminischen Staatskunst und einer der Bildhauer für die Figuren der Siegesallee, gewann die Konkurrenz für das Denkmal 1901, an der unter anderem auch der Bildhauer Hermann Hidding teilgenommen hatte. Das Richard-Wagner-Denkmal ist das letzte öffentliche Monument Eberleins in Deutschland.",deu,deu,"[16091.0, 4847.0, 1972.0, 9288.0, 46568.0, 8799.0, 11044.0, 8402.0, 7329.0, 6544.0, 7748.0, 4976.0, 5274.0, 12187.0, 6635.0]"
"Auch die Rückseite der Briefmarke ist für den Philatelisten interessant, da es verschiedene Arten sowie Besonderheiten bei der Gummierung gibt, wie beispielsweise den Spargummi oder die Gummiriffelung. Auch auf die Zähnung beziehungsweise auf die Art der Trennung der einzelnen Briefmarken wird geachtet. Postfälschungen und Spionage- und Propagandafälschungen genießen ebenfalls ein hohes Ansehen bei den Philatelisten. Besonderheiten der Entwertung Philatelisten interessieren sich meist für die Art der Entwertung der Briefmarke, da es neben dem Poststempel zahlreiche andere Entwertungsmöglichkeiten für Briefmarken gibt. Sonderstempel sowie Ersttagsstempel werden von Philatelisten gesondert bewertet. Besonderheiten der Frankatur Bei den Belegen wie Briefen oder Ganzsachen, die der Philatelist in seine Sammlung aufnimmt, achtet er besonders auf die Art der Frankatur. Man unterscheidet Einzelfrankaturen, Mehrfachfrankaturen sowie Mischfrankaturen, für die meistens verschiedene Preisansätze gelten. Eine vor allem in Frankreich beliebte Sonderform der Frankatur ist die Maximumkarte. Hier wird die Marke auf die Bildseite einer Ansichtskarte geklebt, die genau dieselbe Szene darstellt wie die Briefmarke. Spezialsammler Spezialsammler haben sich auf einen ganz bestimmten Zeitraum oder eine ganz bestimmte Serie spezialisiert. Sie versuchen, durch Glück, Spürsinn und gezielte Käufe ihre Sammlungen zu vervollständigen. Vor allem in Deutschland sind sehr beliebte Spezialgebiete die Briefmarkenausgaben der Zeit der deutschen Hochinflation nach dem Ersten Weltkrieg oder die Bautenserie der Amerikanischen und Britischen Besatzungszone sowie die DDR-Fünfjahrplan-Serie nach dem Zweiten Weltkrieg. Vor allem die Bautenserie bietet Unmengen von verschiedenen Abarten, Druckfehlern und Zähnungsunterschieden. Nebengebiete Nebengebiete, wie das Sammeln von Briefe oder Ganzsachen, sofern diese aus dem Postverkehr stammen und eine historische Relevanz besitzen. Dies ist nicht zu verwechseln mit „philatelistischen“ Zierbelegen, die meist sondergestempelt früher „zur Auflockerung der Sammlung“ an Philatelisten verkauft wurden (wie Ersttagsbriefe, Ersttagsblätter, Numisbriefe und Schwarzdrucke).",deu,deu,"[99163.0, 27454.0, 10148.0, 56954.0, 310962.0, 53021.0, 68429.0, 50429.0, 43191.0, 37549.0, 48649.0, 28329.0, 30589.0, 69458.0, 38342.0]"
Bis zur Mitte des 19. Jahrhunderts war der Diskuswurf nur durch Statuen und Zeichnungen überliefert ohne detaillierte Kenntnis der Wurftechnik und der Spezifikation der Wurfscheibe. Nach langjähriger Forschung und Experimenten mit Schülern in Magdeburg veröffentlichte Christian Georg Kohlrausch (1851–1934) 1882 „Der Diskus. Anleitung zur Einführung des Diskuswerfens auf unseren Turn- und Spielplätzen“.,deu,deu,"[20525.0, 6607.0, 2399.0, 12091.0, 57350.0, 11204.0, 13770.0, 10590.0, 9315.0, 8332.0, 10310.0, 6292.0, 6981.0, 14473.0, 8628.0]"
Diese Fastnachtvereine können auf eine große Tradition zurückblicken. Der älteste Verein sind die genannten Mombacher Carneval Verein 1886 e. V. Die Bohnebeitel (MCV). Die mit ihm kooperierende Mombacher Prinzengarde 1886 (MPG) kann auf eine gleichfalls 125 jährige Historie zurückblicken. Der zweitälteste Fastnachtsverein des Orts ist die Mombacher Carneval-Gesellschaft „Maletengarde“ 1953 e. V. (MCG). In den 1980er Jahren kam mit den Carneval Club Mombach 1981 e. V. „Die Eulenspiegel“ (CCM) ein mit modernen Medien verbundener Club zur Abrundung des Spektrums hinzu. Die Fastnachtsgesellschaft „Meenzer Herzjer“ kümmert sich gleichberechtigt um sozial schwächere Mitbürger.,deu,deu,"[42065.0, 12314.0, 5256.0, 24348.0, 120906.0, 22958.0, 29905.0, 21746.0, 18665.0, 16295.0, 18417.0, 12522.0, 14119.0, 30473.0, 17006.0]"
"Im bergmännischen Teil des Tunnels sind Zonen mit quellfähigem, anhydrithaltigem Gestein vorhanden. Der bergmännische Teil wurde mit einer Herrenknecht-TBM mit rund 12,50 m Aussendurchmesser aufgefahren.",deu,deu,"[13301.0, 3885.0, 1367.0, 7201.0, 34892.0, 6883.0, 8753.0, 6911.0, 5874.0, 4589.0, 5798.0, 3530.0, 4131.0, 9442.0, 5152.0]"
"1833 beantragten Götteldorf, Sondernohe, Unternbibert und Virnsberg einen Wechsel ins Landgericht Markt-Erlbach, was jedoch abgelehnt wurde. Von 1862 an wurde Götteldorf von dem Bezirksamt Ansbach (ab 1938: Landkreis Ansbach) verwaltet. Die Gerichtsbarkeit blieb bis 1870 beim Landgericht Ansbach, 1870–1879 Stadt- und Landgericht Ansbach, seit 1880 Amtsgericht Ansbach. Die Gemeinde hatte eine Gebietsfläche von 5,954 km². Im Zuge der Gebietsreform wurde Götteldorf am 1. Mai 1978 nach Dietenhofen eingemeindet.",deu,deu,"[38506.0, 13294.0, 4450.0, 20863.0, 91010.0, 22744.0, 25183.0, 20935.0, 19160.0, 15292.0, 17275.0, 11792.0, 16436.0, 31561.0, 19739.0]"
"Joseph und Marie Hackin erhielten posthum den durch General de Gaulle geschaffenen Ordre de la Libération zugesprochen, der nur an 1038 Personen verliehen wurde, darunter sechs Frauen. Diese Personen tragen den Titel „Compagnons de la Libération“. Die „Compagnons de la Libération“ sind im Museum des Ordens, dem Musée de’l Ordre de la Libération im Hôtel des Invalides in Paris, namentlich aufgeführt.Im Jahre 1961 erhielt eine Straße im 16. Arrondissement von Paris den Namen Rue Joseph-et-Marie-Hackin. Im Luxemburger Ortsteil Kirchberg ist eine Straße nach Joseph Hackin benannt.",deu,deu,"[26218.0, 8012.0, 3777.0, 40767.0, 66380.0, 14499.0, 28714.0, 14157.0, 12231.0, 16311.0, 12025.0, 13214.0, 9886.0, 20161.0, 12755.0]"
"Feuerungs- und Schornsteinbauer stellen feuerfeste Baukonstruktionen für Feuerungen und Abgaskanäle aus Steinen her. Sie bauen Schornsteine, stellen Abgasanlagen aus Fertigteilen her und kümmern sich um einen ausreichenden Blitzschutz.",deu,deu,"[11330.0, 3360.0, 1133.0, 6313.0, 34662.0, 6279.0, 7557.0, 5982.0, 5160.0, 4250.0, 5841.0, 3208.0, 3695.0, 8597.0, 4705.0]"
"23. Oktober: Johann Christoph Freiherr von Bartenstein, österreichischer Staatsmann und Diplomat deutscher Herkunft († 1767) 23. Dezember: Joseph Bodin de Boismortier, französischer Flötist und Cembalist († 1755)",deu,deu,"[13836.0, 4874.0, 1874.0, 9481.0, 29413.0, 7683.0, 9599.0, 7246.0, 6652.0, 5931.0, 6697.0, 4543.0, 5583.0, 10366.0, 6622.0]"
"Kistenpfennig: Kugellager, Industriebedarf, Werkzeuge, Hydraulik, Ketten, KeilriemenEin Mombacher Metzger ist Mitglied der Bruderschaft der Ritter der Blutwurst und wurde bereits mehrfach durch die Zeitschrift Feinschmecker geehrt, zuletzt 2007. Der passende Feinschmecker-Bäcker (Bewertung 2005) betrieb sein Geschäft ebenfalls in der Hauptstraße. Seit 2008 wurde das Sortiment sukzessive auf das Standardsortiment des neuen Besitzers Werner umgestellt.",deu,deu,"[24025.0, 6520.0, 2757.0, 12873.0, 69171.0, 12541.0, 15491.0, 11959.0, 10031.0, 8725.0, 10674.0, 6778.0, 7535.0, 17393.0, 9587.0]"
Die Orgel wurde 1806/1807 durch Soldaten beschädigt. Der Orgelbauer Scherweit fertigte darauf hin das Pfeifenwerk des Brustwerkes neu an und ersetzte Teile des Pedalpfeifenwerks. 1853 bekam das Instrument neue Klaviaturen und 1912 wurden durch Carl Novak drei Stimmen im Rückpositiv durch grundtönige Register ersetzt. Novak ersetzte zudem die Trompet 8′ im Pedal durch ein Cello 8′.,deu,deu,"[22766.0, 6839.0, 2622.0, 12885.0, 63108.0, 12113.0, 16060.0, 11563.0, 10095.0, 9176.0, 10858.0, 7131.0, 7651.0, 16291.0, 9302.0]"
"Die Wurfparabel: Wenn man den Luftwiderstand vernachlässigt, beschreibt der Diskus eine Parabel als Flugbahn. Diese ist leicht asymmetrisch, weil sich der Abwurfpunkt etwas höher befindet (ca. in Höhe des gestreckten Armes des Athleten) als der Auftreffpunkt. Daher erreicht man die maximale Weite mit einem Wurfwinkel von knapp unter 45°. Selbstverständlich ist die Entfernung auch von der Abwurfgeschwindigkeit abhängig.",deu,deu,"[21464.0, 6060.0, 2187.0, 12272.0, 63865.0, 11261.0, 13881.0, 10802.0, 9085.0, 8277.0, 10387.0, 6117.0, 6470.0, 14909.0, 8285.0]"
Die Höhe der Ausbildungsvergütung richtet sich häufig nach tarifvertraglichen Festlegungen. Der Bauindustrieverband Hamburg e.V. hat beispielsweise folgende Vergütungen vereinbart:,deu,deu,"[8207.0, 2369.0, 858.0, 4502.0, 23113.0, 4368.0, 5358.0, 4169.0, 3493.0, 3206.0, 3822.0, 2538.0, 2702.0, 6052.0, 3356.0]"
Die Communauté de communes de Puisaye-Forterre ist ein französischer Gemeindeverband mit der Rechtsform einer Communauté de communes in den Départements Yonne und Nièvre der Region Bourgogne-Franche-Comté. Der Gemeindeverband wurde am 25. Oktober 2016 gegründet und umfasst 63 Gemeinden. Der Verwaltungssitz befindet sich im Ort Saint-Fargeau. Eine Besonderheit ist die Département-übergreifende Struktur der Mitgliedsgemeinden.,deu,deu,"[20829.0, 6969.0, 2494.0, 28763.0, 46364.0, 11968.0, 20543.0, 11189.0, 10105.0, 12162.0, 9477.0, 9193.0, 8899.0, 15669.0, 10871.0]"
"Bier gründete 1984 in Braunschweig die Künstlergruppe „artists in residence“. Diese entwickelte bis 1989 thematische Installationen und Ausstellungskonzepte, oft auch für den urbanen Raum",deu,deu,"[9123.0, 2561.0, 1225.0, 5251.0, 24987.0, 4552.0, 6021.0, 4589.0, 3793.0, 3541.0, 4221.0, 2718.0, 2751.0, 6072.0, 3473.0]"
"Durch die Nähe zum Rhein war ein ideales Gelände für eine Werft vorhanden. Die Rheinwerft stellte lange Zeit Spezialboote, wie zum Beispiel für die Feuerwehr Koblenz, her.",deu,deu,"[7490.0, 2050.0, 854.0, 4212.0, 23981.0, 4067.0, 5207.0, 3864.0, 3282.0, 2941.0, 3706.0, 2297.0, 2330.0, 5406.0, 2929.0]"
"Der Entwickler des Unterflurmotors, Paul Arendt, war bis 1929 Oberingenieur bei Büssing. Für dieses Unternehmen entwickelte er (u. a. nach US-amerikanischem Fageol-Vorbild) den ersten Büssing-Bus ohne Motorhaube in Zusammenarbeit mit der Hannoverschen Waggonfabrik (HAWA). Der Motor dieses Busses, ein in der Mitte stehend angeordneter flüssigkeitsgekühlter Reihen-Sechszylinder-Ottomotor, ließ sich zur besseren Wartung seitlich ausschwenken.",deu,deu,"[26469.0, 7685.0, 2817.0, 14780.0, 74034.0, 13877.0, 16799.0, 13566.0, 11861.0, 9531.0, 12054.0, 7585.0, 8404.0, 19095.0, 10534.0]"
"Karl Hengst: Dietrich von Fürstenberg. In: Die Bischöfe des Hl. Römischen Reiches 1448–1648. Ein biographisches Lexikon. hrsg. v. Erwin Gatz, Berlin 1995.",deu,deu,"[13354.0, 4614.0, 1800.0, 7404.0, 27875.0, 7440.0, 9048.0, 6595.0, 6264.0, 5364.0, 6073.0, 4125.0, 5581.0, 10061.0, 6750.0]"
"Die Enthüllung des Denkmals am 1. Oktober 1903, ein gesellschaftliches Ereignis in Gegenwart des kaiserlichen Prinzen Eitel Friedrich von Preußen, ließ Ludwig Leichner durch den Historienmaler Anton von Werner in einem 1908 vollendeten Ölgemälde festhalten. Im Zentrum des Bildes begrüßt der Prinz in Paradeuniform Ludwig Leichner, der zur Rechten von Gustav Eberlein begleitet wird. Dahinter findet sich eine Gruppe Berliner Künstler, darunter der Bildhauer Peter Breuer, der Architekt Hermann Ende und der Maler Ludwig Knaus. Am linken unteren Bildrand hat sich der Maler selber in das Geschehen hineingemalt. Sein nach links gewandtes Profil ist inmitten einer Gruppe deutlich zu erkennen. Der Maler Adolph Menzel hielt eine der Festreden.",deu,deu,"[34380.0, 10116.0, 3923.0, 20061.0, 100375.0, 18881.0, 23650.0, 17999.0, 15699.0, 13584.0, 17052.0, 10491.0, 11048.0, 25718.0, 13752.0]"
"Am 31. Dezember 1971 kam die Gemeinde Climbach auf freiwilliger Basis zu Allendorf an der Lumda.Die Gemeinde Braunstein, die am 31. Dezember 1970 durch den freiwilligen Zusammenschluss der Gemeinden Nordeck und Winnen entstanden war, wurde am 1. Januar 1977 durch das Gesetz zur Neugliederung des Dillkreises, der Landkreise Gießen und Wetzlar und der Stadt Gießen in die Stadt Allendorf (Lumda) eingegliedert.",deu,deu,"[26722.0, 8457.0, 2958.0, 13711.0, 65147.0, 15259.0, 17098.0, 13447.0, 12403.0, 10200.0, 12084.0, 7719.0, 10308.0, 19931.0, 12465.0]"
"Am 1. April 1907 wurde Mombach schließlich unter Oberbürgermeister Karl Göttelmann als einer der ersten Vororte eingemeindet. Mainz wuchs dadurch im Folgejahr zur echten Großstadt von über 100.000 Einwohnern. Das Wasserwerk zur hygienisch einwandfreien Versorgung mit Wasser wurde erweitert. Die Pestalozzischule, ein dreigeschossiger Zweiflügelbau, wurde 1908/1909, nach einem Entwurf des Mainzer Hochbauamts errichtet. Die Bildhauerarbeiten wurden von Ludwig Lipp senior ausgeführt. In diese Anlage war auch ein Volksbad integriert. Mit dem rasanten Wachstum der letzten Jahre tat sich auch in Mombach die Soziale Frage auf. Im Zusammenhang mit diesem Wachstum wurden weitere Kirchenbauten notwendig, so legte die evangelische Gemeinde am 10. April 1910 den Eckstein für die “Friedenskirche” im Stil des Wiesbadener Programms, das Bistum Mainz ließ 1911 durch seinen Diözesanbaumeister eine Basilika mit Fassadenflankenturm als Grablege für den Sozialbischof Ketteler planen, die “Herz-Jesu-Kirche”.",deu,deu,"[52135.0, 15330.0, 6101.0, 30463.0, 156068.0, 28598.0, 37106.0, 27516.0, 23791.0, 19942.0, 24845.0, 15462.0, 17075.0, 38832.0, 21368.0]"
In der Tagbaustrecke Nord wurden nach der Inbetriebnahme Setzungen festgestellt. In diesem Bereich hat sich der Tagbautunnel inzwischen auf rund 150 m Länge um bis zu 30 cm gesenkt. In 150 m Tiefe hatten sich früher abgebaute Steinsalzschichten ausgewaschen und zu einem leichten Senktrichter geführt. Die geringe Überdeckung über dem Tagbautunnel wurde auf ca. 150 m Länge in diesem Bereich nicht ausgeführt. Der Tunnel wurde dort mittlerweile dreimal hydraulisch angehoben.,deu,deu,"[23650.0, 6735.0, 2565.0, 13279.0, 71210.0, 13077.0, 16039.0, 12480.0, 10621.0, 8839.0, 10858.0, 6643.0, 7244.0, 16861.0, 9206.0]"
"Interoperabilität, im Speziellen die so genannte Enterprise Interoperability (EI), beschäftigt sich mit Ansätzen, integrative Lösungen zu entwickeln um heterogene industrielle Systeme, öffentliche Verwaltungen oder Organisationen miteinander zu verbinden.",deu,deu,"[10159.0, 3009.0, 1137.0, 5895.0, 26760.0, 5668.0, 7519.0, 5121.0, 4501.0, 4394.0, 4475.0, 3301.0, 3248.0, 7015.0, 3867.0]"
"Aufgeführt sind die Förderung, die Reserven und die Vorratsbasis in Tonnen. Der Geologische Dienst der Vereinigten Staaten (United States Geological Survey) bietet hierzu folgende Definition: Die Vorratsbasis (reserve base) ist jener Teil einer identifizierten Ressource, welche die spezifischen physikalischen und chemischen Mindestkriterien für die gegenwärtigen Bergbau- und Produktionspraktiken erfüllt, einschließlich jener für Gehalt, Qualität, Mächtigkeit und Teufe. Die Reserven (reserves) sind jener Teil der Vorratsbasis, der zu einer bestimmten Zeit wirtschaftlich gewonnen oder produziert werden könnte. Der Begriff muss nicht bedeuten, dass Gewinnungsanlagen installiert sind und arbeiten. Reserven beinhalten nur ausbeutbare Stoffe.",deu,deu,"[29779.0, 9234.0, 3431.0, 17200.0, 86768.0, 17478.0, 20128.0, 16292.0, 14080.0, 12004.0, 13950.0, 9195.0, 10171.0, 22297.0, 12171.0]"
"Die Philatelie hat ihre Anfänge kurz nach der Ausgabe der ersten Briefmarke der Welt. Dabei handelt es sich um die sogenannte One Penny Black, die am 6. Mai 1840 in Großbritannien ausgegeben wurde. Die Einführung der Briefmarke in anderen Ländern verhalf auch dem Briefmarkensammeln zu seiner Verbreitung. Zunächst sammelte man aus Spaß die kleinen Postwertzeichen aus der Tagespost und verwendete sie beispielsweise zum Bekleben von Lampenschirmen oder Tapeten, was die Sammelobjekte fast immer zerstörte.",deu,deu,"[23960.0, 6718.0, 2635.0, 13634.0, 70441.0, 12806.0, 16373.0, 11947.0, 10290.0, 9413.0, 11740.0, 7114.0, 7594.0, 16594.0, 9394.0]"
"Seriphus politus in der Roten Liste gefährdeter Arten der IUCN 2013.2. Eingestellt von: Chao, L. & Espinosa, H., 2007. Abgerufen am 7. Februar 2014",deu,deu,"[12735.0, 4924.0, 1882.0, 7177.0, 22387.0, 7800.0, 8339.0, 6921.0, 6414.0, 6303.0, 5693.0, 5210.0, 6117.0, 9948.0, 7030.0]"
"Feierle war des Weiteren Präsident der Export- und Mustermesse Ges.m.b.H., in der Baugewerbeinnung und der Vorarlberger Handelskammer aktiv sowie Obmann des Vereins Ferienkolonien Dornbirn.",deu,deu,"[11420.0, 3268.0, 1221.0, 6512.0, 30933.0, 6134.0, 7933.0, 5693.0, 5092.0, 4557.0, 4997.0, 3486.0, 4035.0, 8518.0, 5010.0]"
"Attraktion im Frühjahr zur Blütezeit ist der Magnolienhain. Bei schönem Sommerwetter beginnt an Sonntagvormittagen, 10 Uhr, nahe der Ruine das Schöntalkonzert. Am östlichen Rand befindet sich die vorgenannte ehemalige Orangerie, ein Walmdachbau mit korbbogigen Fenstertüren und rechtwinklig anschließendem Wirtschaftstrakt. Das eingeschossige Gebäude beherbergt nach Nutzungen u. a. als Kino heute zwei Gaststätten mit Biergärten sowie das Kabarett im Hofgarten. Ferner existiert ein 1200 m2 großer Kinderspielplatz mit Wassermatschanlage und Klettermöglichkeiten, diverse Plastiken (Herkules, Diana) und es sind Teile der alten Stadtmauer mit dem Schenkenturm zu sehen.",deu,deu,"[36190.0, 10206.0, 3772.0, 20227.0, 107143.0, 19006.0, 24250.0, 17862.0, 15587.0, 13716.0, 17331.0, 10186.0, 11517.0, 26360.0, 14694.0]"
"Das jährliche Durchschnittseinkommen eines Haushaltes beträgt $42.186, wobei sich das Durchschnittseinkommen einer Familie $50.743 verläuft. Das Pro-Kopf-Einkommen der Stadt liegt bei $18.859. Etwa 10,7 % der Bevölkerung lebt unter der Armutsgrenze.",deu,deu,"[17080.0, 6389.0, 1958.0, 9370.0, 40614.0, 9983.0, 10929.0, 9598.0, 8555.0, 6881.0, 7859.0, 5282.0, 7058.0, 12532.0, 7972.0]"
"68,49 m A Vereinigte Staaten Casey Malone, Fort Collins, 20. Juni 2009 Österreichischer Rekord: 67,24 m Lukas Weißhaidinger, Schwechat, 1. August 2015",deu,deu,"[12320.0, 4481.0, 1631.0, 6780.0, 24573.0, 6909.0, 7978.0, 6580.0, 6213.0, 5435.0, 5824.0, 4293.0, 5457.0, 9001.0, 6571.0]"
"Bei einem einjährigen Aufenthalt in London 1987/88 realisierte Bier in seinem Atelier an der Chelsea School of Arts fast jeden Tag eine Skulptur aus alltäglichen Materialien und begründete so seine bildhauerische Arbeit, die aus möglichst einfachen Eingriffen und Handlungen besteht und eine vorgegebene Hierarchie des Materials ablehnt. Biers Notizen zu einer projektiven Skulptur und Weiterführende Notizen zu einer Theorie des Ensembles formulieren einen ebenso dezidierten wie spielerischen Skulpturenbegriff, der auf einer relationalen Ästhetik und Wahrnehmung beruht.",deu,deu,"[24139.0, 6870.0, 2828.0, 15757.0, 73082.0, 13166.0, 17580.0, 12972.0, 11019.0, 10067.0, 12040.0, 7633.0, 7467.0, 17113.0, 9141.0]"
"Der Diskuswurf (auch Diskuswerfen) ist eine olympische Disziplin der Leichtathletik, bei der eine linsenförmige Scheibe möglichst weit zu werfen ist.",deu,deu,"[8401.0, 2602.0, 887.0, 4930.0, 23900.0, 4730.0, 5708.0, 4523.0, 4048.0, 3232.0, 4063.0, 2421.0, 2815.0, 6316.0, 3447.0]"
"Auf Karten aus dem 19. Jahrhundert ist zu sehen, dass das Schöntal ein Teil des früheren Aschaffenburger Stadtgrabens war. Dieses sogenannte „offene Schöntal“ zog sich damals von oberhalb des Mainufers durch das heute noch bestehende, unterhalb des Pompejanums verlaufende Tälchen (heute Teil des Schlossgartens) und entlang der Stadtmauer bis zum Park Schöntal. Beim Bau der Friedrichstraße/Weißenburger Straße wurde dieser Teil des offenen Schöntals verfüllt.",deu,deu,"[22289.0, 6759.0, 2536.0, 12879.0, 68760.0, 12732.0, 15722.0, 12088.0, 10639.0, 8596.0, 10932.0, 6546.0, 7396.0, 17813.0, 9370.0]"
"Diskuswurf stand 1896 bei den ersten neuzeitlichen Olympischen Spielen auf dem Programm. Geworfen wurde zunächst, wie es von Myron dargestellt wurde, von einem Sockel herunter, dann bis 1912 ebenerdig mit dem linken und rechten Arm, und dann folgte die heute gebräuchliche Form: aus einem Ring (2,50 Meter Durchmesser) mit eineinhalb Umdrehungen. Disken wiegen heute für Männer zwei Kilogramm, für Frauen ein Kilogramm. Sie werden aus Holz mit einem Metallring bzw. Metallkern gefertigt. Die Drehtechnik beim Diskuswurf ist durch ihre Komplexität und dadurch, dass sie exakt ausgeführt werden muss, extrem schwierig zu erlernen und zu perfektionieren. So erreichen die meisten Spitzen-Diskuswerfer ihre Bestweiten meist erst ab einem Alter von ca. 30 Jahren.",deu,deu,"[36993.0, 10885.0, 4054.0, 21441.0, 111357.0, 20345.0, 26244.0, 19715.0, 17243.0, 14817.0, 19029.0, 11204.0, 11576.0, 26556.0, 14563.0]"
Zeschke wurde als Sohn eines Landwirtes geboren. Nach dem Besuch der Volksschule in Seitwann absolvierte er eine Maurerlehre. Begleitend dazu wurde er an der Zeichenschule in Guben weitergebildet.,deu,deu,"[9940.0, 2901.0, 1113.0, 5810.0, 28572.0, 5466.0, 6854.0, 5101.0, 4414.0, 3902.0, 4861.0, 3008.0, 3344.0, 7345.0, 4142.0]"
Die Verlobung bei der Laterne (im Original: Le Mariage aux Lanternes) ist eine französische Operette in einem Akt von Jacques Offenbach nach einem Libretto von Michel Carré und Léon Battu. Uraufführung war am 10. Oktober 1857 in Offenbachs eigenem kleinen Theater Bouffes-Parisiens in Paris.,deu,deu,"[15580.0, 4843.0, 2097.0, 19346.0, 37999.0, 8228.0, 15136.0, 8007.0, 6968.0, 8875.0, 7162.0, 6979.0, 5877.0, 11728.0, 7661.0]"
"Das dreibändige Werk Tiere in meiner Welt - meine Welt in Tieren (seit 2004–2012) widmet sich der Notation aller Tiere, denen Bier begegnete und an die er sich am jeweiligen Abend erinnern konnte.",deu,deu,"[10395.0, 3009.0, 1208.0, 6027.0, 31622.0, 5875.0, 7279.0, 5809.0, 4750.0, 4368.0, 5361.0, 3346.0, 3424.0, 7872.0, 4078.0]"
"Das dars-i nizami betont die rationalen Wissenschaften (maʿqūlāt), also vor allem Logik und Philosophie. Die Traditionswissenschaften (manqūlāt) wie Exegese, Hadithe und Recht, waren untergeordnet. Auch der Neuplatonismus und Sufi-Lehren wurden offiziell nicht unterrichtet. Hierbei ist allerdings zu bedenken, dass die meisten Gelehrten am Farangi Mahall Sufis waren, ihre Glaubenspraxis aber nicht ausüben durften, weil die sunnitische Elite im 17. und 18. Jahrhundert jegliche Sufiorden ablehnte.",deu,deu,"[26395.0, 7980.0, 2972.0, 15577.0, 69471.0, 19753.0, 18051.0, 14116.0, 13302.0, 10482.0, 12663.0, 7882.0, 9992.0, 25158.0, 12166.0]"
Der noch nicht fahrfertige Prototyp stand im September 1957 auf der IAA in Frankfurt am Main. Der Wagen war mit einem Zweizylinder-Boxermotor und Frontantrieb ausgestattet.,deu,deu,"[9089.0, 2556.0, 1044.0, 5491.0, 26395.0, 4769.0, 5834.0, 4706.0, 4075.0, 3444.0, 4304.0, 2621.0, 2839.0, 6359.0, 3477.0]"
"Es gab drei Untersuchungsausschüsse; 4 Konstituierungen des Verteidigungsausschuss als Untersuchungsausschuss1. Untersuchungsausschuss """"Untersuchung Fall John"""" (1954–1957)",deu,deu,"[10007.0, 2969.0, 1149.0, 6098.0, 25176.0, 5041.0, 6848.0, 5036.0, 4030.0, 4315.0, 4736.0, 3708.0, 3389.0, 6988.0, 4006.0]"
"Schon als Schülerin wurde Grietje Staffelt 1994 in den Landesvorstand der Grün-Alternativen Jugend (GAJ) in Schleswig-Holstein gewählt, dem sie bis 2001 angehörte. In dieser Zeit war sie von 1997 bis 2002 Landesgeschäftsführerin der GAJ und von 1999 bis 2000 Mitglied des Landesvorstandes der Grünen.",deu,deu,"[19591.0, 5872.0, 2570.0, 11385.0, 54534.0, 10956.0, 13055.0, 10727.0, 8900.0, 7635.0, 8933.0, 5978.0, 6814.0, 14838.0, 8387.0]"
Ihr Zentrum hatte die Kritik in Delhi. Vor allem Händler und Unternehmer kritisierten die verdorbenen Sitten und die Unterdrückung des selbstständigen Denkens und autonomer Diskurse und forderten mehr Traditionswissenschaften und eine stärkere Betonung des Sufismus. Sie forderten zur Einheit zwischen Sakralem und Profanem auf und postulierten eine Neubekehrung und Rückbesinnung zum Glauben.,deu,deu,"[16723.0, 4417.0, 1808.0, 10378.0, 53229.0, 11875.0, 11636.0, 8326.0, 7301.0, 6290.0, 8206.0, 4808.0, 5159.0, 12102.0, 6434.0]"
12. Oktober: Die Belagerung von Bonn endet mit der Kapitulation der französischen Truppen. Damit fällt die letzte französische Bastion in Kurköln.,deu,deu,"[6772.0, 2119.0, 793.0, 4202.0, 18021.0, 3564.0, 4499.0, 3358.0, 2951.0, 2760.0, 3336.0, 2130.0, 2345.0, 4860.0, 2855.0]"
"Die Ausbildungsdauer zum Feuerungs- und Schornsteinbauer beträgt in der Regel drei Jahre. Die Ausbildung erfolgt an den Lernorten Betrieb, Ausbildungszentrum und Berufsschule.Die Ausbildung ist im Blockunterricht. Es handelt sich um die zweite Stufe einer Stufenausbildung zum Hochbaufacharbeiter.",deu,deu,"[14001.0, 4008.0, 1443.0, 7772.0, 41309.0, 6969.0, 9427.0, 6808.0, 5739.0, 5282.0, 6704.0, 4060.0, 4623.0, 9600.0, 5869.0]"
"Hans Wöckener: Die Entwicklung der wirtschaftlichen Berichterstattung im Ruhrgebiet im 19. Jahrhundert mit besonderer Berücksichtigung des Märkischen Sprechers. Kleinert, Quakenbrück 1936, (Zugleich: München, Univ., Phil. Diss. v. 23. Juli 1936).",deu,deu,"[16383.0, 5207.0, 2006.0, 9169.0, 40226.0, 8841.0, 10647.0, 8265.0, 7453.0, 6229.0, 7470.0, 4858.0, 5994.0, 11968.0, 7484.0]"
"Stich-Meister ist ein Kartenspiel von Friedemann Friese, erschienen 2010 bei Amigo. Die grafische Gestaltung übernahm Lars-Arne „Maura“ Kalusky. Das Spiel erreichte beim „À-la-carte-Kartenspielpreis 2011“ den 2. Platz.",deu,deu,"[14802.0, 4190.0, 1916.0, 9321.0, 35966.0, 7013.0, 10334.0, 6883.0, 5821.0, 6331.0, 6598.0, 4798.0, 5106.0, 9980.0, 6411.0]"
"Es gab vier Untersuchungsausschüsse; eine Konstituierung des Verteidigungsausschuss als Untersuchungsausschuss1. Untersuchungsausschuss """"Flick-Affäre"""" (1983–1986)",deu,deu,"[9726.0, 2935.0, 1145.0, 6087.0, 25406.0, 4975.0, 6614.0, 5063.0, 4082.0, 4116.0, 4630.0, 3522.0, 3275.0, 6968.0, 3982.0]"
"Die wissenschaftlichen Resultate der Reise wurden in einem 21-bändigen Werk der Wiener Akademie der Wissenschaften, Reise der österreichischen Fregatte Novara um die Erde (1861–1876) veröffentlicht, dessen erster Teil eine Beschreibung der Reise (3 Bände, herausgegeben von Karl von Scherzer 1861–1862), illustriert mit vielen Holzschnitten, war. Unter gleichem Titel erschien auch eine gekürzte zweibändige „Volksausgabe“, die binnen eines Jahres vergriffen war. Darüber hinaus wurden Ergebnisse in den Sitzungsberichten der Kaiserlichen Akademie der Wissenschaften veröffentlicht.",deu,deu,"[28525.0, 9301.0, 3289.0, 16882.0, 75818.0, 16284.0, 20038.0, 15435.0, 13338.0, 11600.0, 14359.0, 8972.0, 9791.0, 21164.0, 12037.0]"
"Im Laufe der Jahre entwickelte sich auch „The Prisoner“ zum Kult. Inzwischen finden in jedem Jahr in Portmeirion Veranstaltungen statt, die auf die Serie Bezug nehmen, und die daran teilnehmenden Fans verkleiden sich als Einwohner des Ortes von Nummer 6 / The Prisoner. In Deutschland wurde die Serie 1969/70 vom ZDF ausgestrahlt und 1991 und 1992 bei ProSieben wiederholt, aber erst 2006 bei Anixe HD und im Sommer 2010 bei ARTE komplett und in chronologischer Reihenfolge gezeigt.",deu,deu,"[24935.0, 7624.0, 3507.0, 14180.0, 69049.0, 13896.0, 17469.0, 13053.0, 11048.0, 10083.0, 11969.0, 7837.0, 8188.0, 18021.0, 10222.0]"
Alle Sparten sind hierbei vertreten: von Heimatgeschichte (Heimatverein) über Ortsbildpflege (DenkMal Altstadt) bis zu den Landfrauen; von Sport (mehrere Vereine) über die Musik (ebenfalls zahlreiche Vereine) bis zum Tierschutz (IG Tierschutz in Mittelhessen e. V.). Besonders exotisch: der Knoblauchklub.,deu,deu,"[15238.0, 3987.0, 1710.0, 8587.0, 46047.0, 7739.0, 12040.0, 7863.0, 6132.0, 5871.0, 6945.0, 4646.0, 4650.0, 11221.0, 5864.0]"
Der Diskuswurf war Disziplin der ersten Olympischen Spiele der Neuzeit 1896 in Athen. Damals wurde von einem 60 mal 70 cm großen Podest geworfen.,deu,deu,"[8985.0, 2996.0, 1066.0, 5144.0, 24312.0, 4958.0, 6056.0, 4696.0, 4341.0, 3819.0, 4429.0, 2873.0, 3057.0, 6603.0, 3884.0]"
Dabei geht es Bier ebenso um eine kontemplative Harmonisierung von Material und Aktion wie um eine kritische Befragung des scheinbar unaufhaltsamen Prozesses einer Überformung der Lebenswelt durch anthropomorphe Gestaltung.,deu,deu,"[9838.0, 2743.0, 1033.0, 6276.0, 30424.0, 5345.0, 7210.0, 5268.0, 4487.0, 4082.0, 4778.0, 3115.0, 3017.0, 7047.0, 3537.0]"
"Die Gebäude werden unter technischen, ästhetischen und ökonomischen Gesichtspunkten analysiert. Thematisiert wird darüber hinaus die Einfügung der Gebäude in die Umgebung. Details wie die verschiedenen Planungsetappen, der Entwurf und die Raumorganisation werden anhand von Modellen, Animationen und Archivmaterial untersucht und dargestellt. Ferner werden die Bauwerke klassischen Werken der Baugeschichte gegenübergestellt. Die Architekten kommen, sofern möglich, persönlich zu Wort.",deu,deu,"[18339.0, 5129.0, 1900.0, 11811.0, 56121.0, 10038.0, 14355.0, 9593.0, 7964.0, 8086.0, 9376.0, 6242.0, 5483.0, 12717.0, 6765.0]"
"eine der leistungsstärksten von 250 Niederlassungen der CEMEX Deutschland, 2012 errichtet um die Großbaustelle Schiersteiner Brücke mit Transportbeton zu versorgen.",deu,deu,"[8836.0, 2683.0, 1046.0, 5300.0, 25498.0, 5057.0, 6005.0, 4851.0, 4234.0, 3697.0, 3971.0, 2888.0, 3049.0, 6651.0, 3625.0]"
Die Bezirkssportanlage am Ende der Langen Lein und in unmittelbarer Nähe zum Naturdenkmal zwischen Plantage und Erzbergerstraße gelegen wurde im Zuge der gesteigerten Aktivitäten des Sportvereins „TSV Schott Mainz“ 2010 mit zwei neuen Kunstrasenplätze auf neuestem Stand ausgestattet. Dies erlaubt eine dauerhafte Bespielbarkeit des Platzes und ist somit für alle in Mombach engagierten Fußballvereine von Vorteil. Die für Mainz einmalige Hanglage für die Stehtribüne blieb erhalten. Die Leichtathletikeinrichtungen der Anlage wurden 2011 erneuert.,deu,deu,"[24920.0, 7001.0, 2936.0, 14326.0, 77392.0, 13245.0, 17628.0, 12722.0, 10823.0, 9377.0, 11649.0, 7166.0, 7960.0, 18106.0, 9972.0]"
"Als die Serienflugzeuge im September 1941 bereit für die Auslieferung waren, verhängte die US-Regierung ein Export-Embargo für Flugzeuge nach Schweden. Nach dem Angriff auf Pearl Harbor erhielten alle Vanguards die Typenbezeichnung P-66. Die Produktion wurde im April 1942 eingestellt. Die USAAF behielt etwa 50 Maschinen und setzte sie vorrangig für Schulungszwecke im Westen der USA und bei der 14th Pursuit Group für Verteidigungszwecke ein. Die Piloten waren zwar von der Flugleistung der P-66 beeindruckt, jedoch galt das Flugzeug als nicht sehr robust. Eine Tendenz der Flugzeuge, sich am Boden zu überschlagen, führte außerdem dazu, dass 15 Flugzeuge durch Landeunfälle verloren gingen.",deu,deu,"[34814.0, 10230.0, 4215.0, 19628.0, 100014.0, 18952.0, 22832.0, 18400.0, 15546.0, 13190.0, 16850.0, 10200.0, 11337.0, 24758.0, 14025.0]"
"Die Serie dreht sich um Sam Briggs, der dazu neigt, Probleme anzuziehen, ihm passieren immer wieder Unfälle. Besonders in letzter Zeit scheint er nicht gerade vom Glück verfolgt zu sein. Er ist verliebt in Melanie Clayton, aber noch nicht mit ihr verheiratet; die beiden erwarten ein Kind. Diese Nachricht Melanies Eltern Angela und Dick zu erzählen, ist nur eines der vielen Dilemmata, mit denen sie in den früheren Episoden konfrontiert werden.",deu,deu,"[18880.0, 5118.0, 2123.0, 11095.0, 58265.0, 10800.0, 13492.0, 9769.0, 8397.0, 7714.0, 9146.0, 6039.0, 5665.0, 13941.0, 7274.0]"
"Stellungen werden auch an den Flanken und im rückwärtigen Teil des Verteidigungsraumes geplant und durch Reservekräfte erkundet, ggf. auch vorbereitet, um angreifenden Feind vor diesen Stellungen aufzufangen und zu stauen, z. B. als Voraussetzung für den Erfolg eigener vorausgeplanter Gegenangriffe.",deu,deu,"[14544.0, 4239.0, 1513.0, 8735.0, 45270.0, 8582.0, 10260.0, 8215.0, 7136.0, 5698.0, 7484.0, 4260.0, 4562.0, 11182.0, 5532.0]"
Außerdem befindet sich der Haltepunkt Mainz-Waggonfabrik in Mombach an der Bahnstrecke Alzey–Mainz. Dieser wurde von 2010 bis Anfang 2011 modernisiert.Neben diesen beiden Bahnstationen gehört auch der bereits in der Neustadt liegende S-Bahn-Haltepunkt Mainz Nord zum Nahverkehrsangebot in Mombach. Von dort verkehrt die Linie S 8 in Richtung Wiesbaden bzw. in Richtung Offenbach über Frankfurt am Main.,deu,deu,"[21524.0, 6255.0, 2496.0, 11831.0, 60408.0, 11480.0, 14648.0, 11145.0, 9819.0, 8220.0, 9611.0, 6275.0, 7494.0, 15996.0, 9265.0]"
"Ukrainischer Telegrafen-Code Telegraphen-Übertragung: Jeder einzelne ukrainische Buchstabe hat bei dieser Variante ein lateinisches 1:1-Äquivalent. So sind die lateinischen Buchstaben Q, W, V, X äquivalent mit ukrainisch Я (oder Щ manchmal), В, Ж, Ь. Andere Buchstaben werden phonetisch transkribiert. Dieser Zeichensatz zur Zeichenkodierung des ukrainischen kyrillischen Alphabet in der KOI8-U-Tabelle wird in der ukrainischen Sprache hauptsächlich bei Computersystemen verwendet.",deu,deu,"[29315.0, 8220.0, 2865.0, 14015.0, 65486.0, 14694.0, 16463.0, 13665.0, 12386.0, 8959.0, 21974.0, 7153.0, 9518.0, 18485.0, 10946.0]"
"Andrés de Urdaneta, der bereits 1525 mit Loaísa losgesegelt war, gelang schließlich die Flucht, und er kehrte 1536 nach Spanien zurück. Damit gelang ihm und wenigen anderen nach Elcano und seiner Crew nach elfjähriger Odyssee die zweite europäische Umrundung der Erde.",deu,deu,"[13740.0, 4138.0, 1823.0, 9276.0, 34059.0, 7750.0, 11282.0, 7034.0, 6267.0, 9242.0, 6413.0, 9340.0, 4922.0, 10197.0, 5990.0]"
"Rudnyc’kyj, Jaroslav B. (1948). Чужомовні транслітерації українських назв: Iнтернаціональна, англійська, французька, німецька, еспанська й португальська (Foreign transliterations of Ukrainian names: International, Englisch, Französisch, Deutsch, Spanisch und Portugiesisch), Augsburg: Iнститут родо- й знаменознавства.",bul,deu,"[36329.0, 8742.0, 3110.0, 15313.0, 23393.0, 14752.0, 17535.0, 12719.0, 13187.0, 8953.0, 33296.0, 6471.0, 11796.0, 17941.0, 12729.0]"
"McGoohan sollte nach dem Willen seiner Mutter eigentlich Priester werden. Nach der Schule in Ratcliffe, in der er sich in Mathematik und im Boxen auszeichnete, wurde er zunächst Hühnerfarmer, Bankangestellter und Lastwagenfahrer, bis er eine Anstellung als Bühnenmanager bei der Sheffield Repertory bekam. Zu seiner ersten Rolle kam er durch die Erkrankung eines Schauspielers, für den er einsprang. Hier lernte er auch seine Ehefrau Joan Drummond kennen, die er zwischen einer Probe von „The Taming of the Shrew“ (Der Widerspenstigen Zähmung) und der Abendvorstellung heiratete.",deu,deu,"[25408.0, 7374.0, 3350.0, 15271.0, 75720.0, 14881.0, 17656.0, 13494.0, 11838.0, 10569.0, 12167.0, 8036.0, 8071.0, 19186.0, 10264.0]"
"Ein Philatelist benötigt einige Werkzeuge zum angemessenen Umgang mit Briefmarken. Eine Briefmarken-Pinzette ist sein wichtigstes Hilfsmittel. Sie hat stets abgerundete Ecken und glatte, möglichst polierte Innenflächen, da sie so keine Schäden an der Gummierung der Briefmarke anrichten kann.",deu,deu,"[13827.0, 3718.0, 1385.0, 7707.0, 42347.0, 7518.0, 9517.0, 7103.0, 5946.0, 5158.0, 6814.0, 4119.0, 4208.0, 9885.0, 5265.0]"
"Maués, amtlich Município de Maués, ist eine Gemeinde im brasilianischen Bundesstaat Amazonas in der Mesoregion Central-Amazonas in der Mikroregion Parintins. Die Gemeinde wird Stadt des Guaraná genannt. Die Stadt ist von der Fläche die 24. größte in Brasilien.",deu,deu,"[12953.0, 4519.0, 1703.0, 10166.0, 30400.0, 7424.0, 12990.0, 6719.0, 6122.0, 17478.0, 5933.0, 10278.0, 5362.0, 9940.0, 6749.0]"
Nestlé-Werk für NescaféDas Werk in Mainz-Mombach beschäftigt ca. 360 Mitarbeiter (2010). Es nahm 1960 den Betrieb auf und produziert jährlich insgesamt 30.000 Tonnen Kaffee- und Kakaoprodukte.,deu,deu,"[12451.0, 3685.0, 1582.0, 7817.0, 32272.0, 6735.0, 8437.0, 6421.0, 5372.0, 5543.0, 5640.0, 4364.0, 4471.0, 8729.0, 5321.0]"
"Durch den Einfluss Rudolf Virchows auf die deutsche Unterrichtsverwaltung entstanden in jenen Jahren erste eigene Lehrstühle für Pathologische Anatomie. So wurde Waldeyer 1865 zum außerordentlichen Professor für Pathologische Anatomie in Breslau ernannt. Als Extraordinarius hatte er weder einen Lehrstuhl noch ein eigenes Institut, sondern musste sich mit fünf Zimmern eines Privathauses für seine Demonstrationen begnügen. Die Vorlesungen hielt er im Hörsaal der Zoologen ab, und seine Forschungsarbeiten betrieb er im Physiologischen Institut. Nach anfänglichen Schwierigkeiten betreute Waldeyer schließlich alle Obduktionen der vier großen Krankenanstalten Breslaus. 1867 wurde das Extraordinariat in ein Ordinariat umgewandelt, 1871 fanden sich dann auch passendere Räumlichkeiten.",deu,deu,"[34480.0, 10338.0, 3992.0, 21053.0, 102703.0, 19122.0, 24490.0, 18405.0, 15666.0, 13767.0, 18445.0, 10700.0, 11362.0, 25128.0, 14080.0]"
"Narasimhan ist vor allem für seine Arbeiten über die Modulräume holomorpher Vektorbündel auf projektiven Mannigfaltigkeiten bekannt. Mit C. S. Seshadri charakterisierte er die stabilen Vektorbündel auf algebraischen Kurven (Riemannschen Flächen) durch unitäre Darstellungen bestimmter diskreter Gruppen. Mit S. Ramanan untersuchte er die Singularitäten der Modulräume der Vektorbündel auf algebraischen Kurven und deren Auflösung (für kleinen Rang). Seine Arbeit Existence of universal connections mit Ramanan hat auch Anwendungen in der theoretischen Physik (Eichtheorien, Chern-Simons-Theorie).",deu,deu,"[30699.0, 9014.0, 3561.0, 17643.0, 73851.0, 18410.0, 18739.0, 15452.0, 13615.0, 11212.0, 13949.0, 8618.0, 11047.0, 23677.0, 14161.0]"
"Mit der Einführung des Verhältniswahlrechts bei der Europawahl 1999 wurde auch Watsons ehemaliger Wahlkreis zugunsten des Wahlkreises Südwestengland aufgelöst, für den jetzt nun mehrere Personen ins Europäische Parlament gewählt werden konnten. Als einziger britischer Liberaler schaffte er mit 15,7 % der Stimmen den Einzug in das Parlament. Zwischen 1999 und 2002 war er Vorsitzender im Ausschuss für bürgerliche Freiheiten, Justiz und Inneres. Als der damalige Fraktionsvorsitzende der Liberalen Pat Cox 2002 zum Präsidenten des Europäischen Parlaments gewählt wurde, wurde Watson dessen Nachfolger als Fraktionsvorsitzender.",deu,deu,"[31066.0, 9085.0, 3472.0, 19620.0, 85482.0, 16976.0, 22172.0, 16577.0, 14246.0, 12237.0, 14468.0, 9807.0, 9951.0, 22723.0, 12829.0]"
"Edílson startete seine Laufbahn in der Jugendmannschaft des Avaí FC. Über eine Zwischenstation beim EC Vitória kam er 2005 zu Atlético Mineiro. Mit dem Klub bestritt er sein erstes Spiel in der obersten brasilianischen Spielklasse. Am 5. Oktober 2005 wurde er im Spiel gegen Paraná Clube in der 74. Minute für George Lucas eingewechselt. Bereits am nächsten Spieltag erzielte Edílson seinen ersten Treffer in der Liga. Im Auswärtsspiel bei Flamengo Rio de Janeiro am 12. Oktober traf er in der 76. Minute zum 1:2-Entstand.Am Ende der Saison ging Edílson wieder für zwei Jahre zu Avaí. Nachdem er 2008 bei verschiedenen Klubs angestellt war, bekam bei Edílson ab 2009 AA Ponte Preta einen Vertrag. Mit diesem spielte er in der Staatsmeisterschaft von São Paulo und der Série B. Der Start bei dem Klub war mit Problemen überschattet. Anfang Mai des Jahres erschien er mit zwei Mannschaftskollegen betrunken zum Training. 2010 startete Edílson noch mit Ponte Preta in der Staatsmeisterschaft, wechselte aber im Februar zum Série A Klub Grêmio Porto Alegre.Zum Gewinn der Campeonato Gaúcho durch Grêmio steuerte er in zehn Spielen ein Tor bei. Mit Grêmio bestritt Edílson sein erstes Spiel auf internationaler Klubebene. In der Copa Sudamericana 2010 gab er am 5. August 2010 sein Debüt im Spiel gegen den Goiás EC. Nachdem Edílson 2011 zunächst noch ein Spiel für Grêmio im Ligawettbewerb bestritt, wurde er für den Rest der Saison an den Ligakonkurrenten Atlético Paranaense ausgeliehen. Nachdem er 2012 wieder für Grêmio spielte, nahm ihn Anfang 2013 der Botafogo FR aus Rio de Janeiro unter Vertrag. Mit dem Klub konnte er in dem Jahr die Staatsmeisterschaft gewinnen.",deu,deu,"[85396.0, 26166.0, 11021.0, 57335.0, 229123.0, 47120.0, 73216.0, 44324.0, 38989.0, 74541.0, 41415.0, 47892.0, 30798.0, 62975.0, 39127.0]"
"Große Lagerstätten existieren in Ost und Südostasien (Volksrepublik China, Indonesien, Malaysia, Vietnam), in Südamerika (Peru, Bolivien, Brasilien), in West- und Zentralafrika (DR Kongo, Niger, Ruanda, Nigeria) und Australien. In Europa liegen wichtige Abbaugebiete in Russland und Portugal. Auch in Deutschland gab es Zinnerzlagerstätten, beispielsweise im sächsischen Erzgebirge: Altenberg, Zinnwald, Ehrenfriedersdorf.",deu,deu,"[21728.0, 6195.0, 2311.0, 11579.0, 59598.0, 10939.0, 13845.0, 9919.0, 8776.0, 8592.0, 10182.0, 6484.0, 7770.0, 14373.0, 9370.0]"
fDie Flyspot Rocks (aus dem Englischen frei übersetzt Erhaschte Felsen) sind eine Gruppe bis zu 35 m hoher Klippenfelsen vor der Fallières-Küste des Grahamlands auf der Antarktischen Halbinsel. In der Marguerite Bay liegen sie 22 km nordwestlich der Terra Firma Islands. Auf ihrer Südseite sind sie im Gegensatz zur Nordseite vereist.,deu,deu,"[18606.0, 6131.0, 2136.0, 12014.0, 48914.0, 10186.0, 12750.0, 9771.0, 8908.0, 8088.0, 8576.0, 6084.0, 6755.0, 14018.0, 8147.0]"
"Auf die Nachfrage Lew Grades, ob McGoohan nach dem Ende von Geheimauftrag für John Drake weiterhin für ihn arbeiten wolle, war dieser vorbereitet und hatte bereits ein Exposé für eine neue siebenteilige Serie ausgearbeitet. Darin wird ein nicht mehr aktiver Geheimagent entführt und erwacht in einem Gefängnis, das als Urlaubsort getarnt ist. Die Serie wurde auf siebzehn Teile erweitert, da die Form der „Mini-Serie“ seinerzeit noch nicht existierte. Die Serie hatte den Titel „Nummer 6“ (The Prisoner, 1967) und wurde in der surreal anmutenden Kulisse der nordwalisischen Hotelanlage Portmeirion gedreht. McGoohan war bei dieser Produktion Hauptdarsteller und Regisseur zugleich. Die Serie wurde allerdings sehr kontrovers diskutiert und nach der umstrittenen letzten Folge sah er sich veranlasst, England vorübergehend zu verlassen.",deu,deu,"[40192.0, 11449.0, 4731.0, 23371.0, 117185.0, 22983.0, 27280.0, 21051.0, 18148.0, 15829.0, 19345.0, 11736.0, 12613.0, 29522.0, 15727.0]"
"Die HzL wurde 1899 als Actiengesellschaft Hohenzollern’sche Kleinbahngesellschaft gegründet, um den zu Preußen gehörenden Regierungsbezirk Sigmaringen (Hohenzollernsche Lande) durch Kleinbahnstrecken zu erschließen.",deu,deu,"[11821.0, 3863.0, 1421.0, 6884.0, 31916.0, 6974.0, 8138.0, 6586.0, 5900.0, 4481.0, 5073.0, 3459.0, 4275.0, 9702.0, 5284.0]"
"Die Zehntscheuer Bildechingen wurde um 1424 als Wohn-Wehr-Anlage errichtet. Der Massivbau hat erdgeschossige, zu einem Lager gehörigen Schartenöffnungen und zwei darüber rekonstruierbare Wohngeschosse sowie eine Brückenverbindung zum Turm der benachbarten Kirche. Seit dem Jahr 2000 wird die Zehntscheuer nach zweijähriger Umbauzeit als Gemeindezentrum der Katholischen Kirche Bildechingen genutzt.",deu,deu,"[22018.0, 6650.0, 2493.0, 12393.0, 63852.0, 12356.0, 15150.0, 11762.0, 10415.0, 8330.0, 9942.0, 6120.0, 7388.0, 17400.0, 9214.0]"
26. Oktober: Im Großen Türkenkrieg wird die von vielen Einwohnern und der osmanischen Besatzung verlassene Stadt Skopje von österreichischen Truppen an diesem und dem Folgetag in Brand gesteckt und von den Flammen stark zerstört.,deu,deu,"[11697.0, 3679.0, 1243.0, 5936.0, 30659.0, 6743.0, 7137.0, 6351.0, 5632.0, 4327.0, 5711.0, 3236.0, 3745.0, 9709.0, 4606.0]"
"Heinrich Nauen schuf in den Jahren einen monumentalen Gemäldezyklus für die Burg Drove. Den Auftrag dazu hatte Nauen 1912 vom Aachener Kunsthistoriker Edwin Suermondt erhalten. Von 1912 bis 1913 war der Künstler mit der Ausführung sechs großformatiger Leinwände beschäftigt, die als sein expressionistisches Hauptwerk gelten.",deu,deu,"[17029.0, 5073.0, 2162.0, 10041.0, 47850.0, 9461.0, 11898.0, 9047.0, 7697.0, 6689.0, 8300.0, 5167.0, 5666.0, 12842.0, 7084.0]"
"Eine Transkription versucht, die Aussprache des Ukrainischen mit den Mitteln einer dem Leser bekannten Sprache einigermaßen treffend wiederzugeben. Die sogenannte Nationale Variante oder die beliebtesten Transkriptionen hängen per Definitionem von der Zielsprache ab: beispielsweise der Name Грушевський erscheint bei der Transkription ins Niederländische als Hroesjevsky, ins Englische als Hrushevsky, ins Deutsche als Hruschewskyj, ins Französische als Hrouchevsky, etc. Solche Transkriptionen sind vor allem in der Medienlandschaft weit verbreitet, etwa in Zeitungen, Zeitschriften, Lexika und in Atlanten. Auf der Grundlage dieser Transkripte kann man die ursprüngliche ukrainische Version ohne Kenntnis der Sprache nicht immer eindeutig rekonstruieren.",deu,deu,"[39325.0, 9530.0, 3674.0, 21943.0, 94913.0, 18829.0, 24290.0, 17498.0, 15455.0, 13707.0, 30319.0, 10498.0, 11603.0, 25059.0, 14153.0]"
Fred Dibnah war ein auf Abrisse spezialisierter englischer Schornsteinbauer (Steeplejack) und Fernsehmoderator für technikgeschichtliche Sendungen.,deu,deu,"[6885.0, 2169.0, 963.0, 4002.0, 18745.0, 4082.0, 4612.0, 3817.0, 3405.0, 2741.0, 3186.0, 2153.0, 2380.0, 5298.0, 2943.0]"
Deutschenbaur war der Sohn des Bäckers und Hoteliers Kaspar Deutschenbaur. Er besuchte das Gymnasium bei St. Stephan und studierte anschließend Jura in München. Während seines Studiums wurde er Mitglied des Akademischen Gesangvereins München. Er wurde 1892 rechtskundiger Polizeikommissar in Augsburg und wurde 1897 berufsmäßiger Magistratsrat. Er nahm als Reserve-Offizier am Ersten Weltkrieg teil. Nach dem Krieg wurde er im Juni 1919 als Kandidat der BVP zum Bürgermeister von Augsburg gewählt. Im Dezember 1924 wurde er wieder gewählt.,deu,deu,"[27835.0, 8363.0, 3204.0, 16445.0, 77162.0, 15442.0, 19020.0, 14535.0, 12976.0, 10823.0, 13299.0, 8540.0, 9291.0, 20962.0, 11765.0]"
"Edwin Klebs verschaffte ihm eine Assistentenstelle am Physiologischen Institut der Universität Königsberg. Hier wurde Waldeyer, der sich schon in Greifswald umfassende Kenntnisse der Pathologischen Anatomie erworben hatte, mit der Untersuchung pathologischer Objekte betraut und führte bald auch die klinischen Obduktionen an den Königsberger Krankenanstalten durch. Daneben unterrichtete er praktische Ärzte in Pathologischer Anatomie.",deu,deu,"[19208.0, 5649.0, 2140.0, 11889.0, 53600.0, 10959.0, 13314.0, 10086.0, 8969.0, 7656.0, 9702.0, 5820.0, 6352.0, 14140.0, 8159.0]"
"Der Antrieb der Schiffe besteht aus einem Zweitakt-Dieselmotor des Herstellers Dieselmotorenwerk Rostock mit einer Leistungen von rund 10.900 kW. Der Motor wirkt nicht wie beim Typ VW 1100 direkt auf einen Festpropeller, sondern auf eine Verstellpropelleranlage und einen Wellengenerator der AEM Dessau. Der im Vergleich zum Vorgängertyp stärkere Motortyp ermöglicht 19 Knoten Dienstgeschwindigkeit und 19,5 Knoten Höchstgeschwindigkeit. Weiterhin stehen drei Hilfsdiesel und ein Notdiesel-Generator zur Verfügung. Die An- und Ablegemanöver werden durch ein Bugstrahlruder unterstützt.",deu,deu,"[30834.0, 8510.0, 3261.0, 16631.0, 85865.0, 15282.0, 19281.0, 14636.0, 12762.0, 11294.0, 15025.0, 8417.0, 9565.0, 20709.0, 12282.0]"
"Der erste offizielle Weltrekordhalter war James Duncan aus den USA (47,58 Meter, 1912). Ende der 1970er Jahre kamen nicht nur die Männer (zuerst Wolfgang Schmidt, DDR), sondern auch die Frauen (erstmals 1975 Faina Melnik, UdSSR) bereits deutlich über die 70-Meter-Marke hinaus. Beide hatten ihre Weiten damit ungefähr verdoppelt (siehe auch Abschnitt unten zur Weltrekordentwicklung).",deu,deu,"[21805.0, 6570.0, 2566.0, 12486.0, 59744.0, 11621.0, 14754.0, 11306.0, 9707.0, 8736.0, 11370.0, 6920.0, 7057.0, 15137.0, 8699.0]"
"Angeboten wird das „Sammeln im Abonnement“ von postfrischen Briefmarken und von entwerteten. Die entwerteten haben meistens Stempel, die sich in der Aufmachung, der Druckqualität und häufig auch von der Position von jenen aus dem realen Postverkehr unterscheiden. Weiterhin werden auch andere Produkte angeboten, die sich an Sammler richten, beispielsweise Ersttagsblätter.",deu,deu,"[16390.0, 4351.0, 1689.0, 9576.0, 52010.0, 8602.0, 11459.0, 8268.0, 6940.0, 6375.0, 8394.0, 4851.0, 4912.0, 11174.0, 6042.0]"
"Die Geschlechtszellen. In: Oscar Hertwig: Handbuch der vergleichenden und experimentellen Entwickelungsgeschichte der Wirbeltiere. Erster Band, Erster Teil, Erste Hälfte, S. 86–476, erschienen 1901–1903, Gustav Fischer, Jena 1906 Digitalisat",deu,deu,"[16360.0, 5723.0, 2064.0, 9033.0, 37238.0, 9085.0, 10703.0, 8842.0, 7743.0, 6672.0, 7500.0, 5157.0, 6253.0, 12077.0, 7769.0]"
"Rolf Bier (Hg.): Der Vermeer-Sensor. Wertzuschreibung und Werterhaltung von Ding und Kunst in Zeiten der Überfülle. Neofelis-Verlag, Berlin 2016.",deu,deu,"[9757.0, 2891.0, 1228.0, 5398.0, 24899.0, 5102.0, 6291.0, 5027.0, 4326.0, 3705.0, 4193.0, 2830.0, 3396.0, 7117.0, 4278.0]"
"Sie finden ihren Arbeitsplatz im Industriebau, im Wohnungsbau und im öffentlichen Bau. Sie können sowohl in der Sanierung, Modernisierung und Instandsetzung von feuerfesten Konstruktionen eingesetzt werden, wie auch im Neubau.",deu,deu,"[10444.0, 2734.0, 1076.0, 5816.0, 31750.0, 5482.0, 7301.0, 5124.0, 4374.0, 4186.0, 5182.0, 3193.0, 3258.0, 7242.0, 4024.0]"
"In seine Zeit fallen viele Hexenprozesse im Hochstift Paderborn, z.B. die Hexenprozesse in Borchen unter dem Syndikus des Domstifts, Licenciat Johann Moller.",deu,deu,"[10104.0, 2807.0, 1203.0, 5661.0, 27960.0, 5200.0, 7467.0, 4711.0, 4268.0, 3962.0, 4295.0, 2891.0, 3380.0, 7457.0, 4472.0]"
"Die Kritik verdichtete sich in der Person Schāh Walīyullāh ad-Dihlawīs, der einen neuen Bildungskanon forderte, der weniger Logik und Philosophie und mehr Hadithwerke beinhaltete.",deu,deu,"[9525.0, 3021.0, 1207.0, 5916.0, 25530.0, 8263.0, 6715.0, 5205.0, 4991.0, 3958.0, 4789.0, 3137.0, 3922.0, 9066.0, 4650.0]"
"Eine Besonderheit stellt die heimische Mineralbrunnenindustrie dar („Westerwaldquelle“, „Heilquelle Karlssprudel“ sowie die früheren Brunnenbetriebe „St. Georgsquelle“ und „Gertrudisbrunnen“).",deu,deu,"[10948.0, 3054.0, 1171.0, 5569.0, 29023.0, 5315.0, 7207.0, 5120.0, 4371.0, 3777.0, 4625.0, 2889.0, 3466.0, 7791.0, 4394.0]"
"Das Rolex Learning Center in Lausanne (Lausanne, Schweiz / Kazuyo Sejima und Ryue Noshizawa). Produktion 2012, Erstausstrahlung am 5. Mai 2013.",deu,deu,"[9599.0, 3340.0, 1498.0, 7906.0, 20729.0, 5240.0, 7674.0, 5588.0, 4803.0, 4684.0, 4192.0, 3774.0, 4026.0, 6717.0, 4750.0]"
"Arndt hatte zu Beginn der 1950er Jahre in Düsseldorf Unterricht an der Schauspielschule bei Gustaf Gründgens erhalten. Es folgten Engagements an Theatern in Köln, Bad Godesberg, Bonn, Düsseldorf, Innsbruck, Basel, Saarbrücken und Schwäbisch Hall. Gelegentlich, wie in Saarbrücken, konnte er auch Stücke inszenieren.",deu,deu,"[15473.0, 4404.0, 1886.0, 9269.0, 44753.0, 8640.0, 10851.0, 7965.0, 7015.0, 6452.0, 7475.0, 4926.0, 5169.0, 11542.0, 6553.0]"
"Die Schiffe sind als Mehrzweck-Trockenfrachtschiffe mit weit achterem Deckshaus ausgelegt. In der Hauptsache werden sie im Containertransport eingesetzt. Die Containerkapazität wurde im Vergleich zum Vorgängertyp leicht erhöht und beträgt 1122 TEU, bei homogen beladenen 14-Tonnen-Containern sind es weniger. Die Schiffe besitzen drei Laderäume, die mit Pontonlukendeckeln verschlossen werden. Die Schiffe wurden zum Einsatz in Gebieten mit schlecht ausgebauter Hafeninfrastruktur entwickelt und sind daher mit jeweils zwei mittschiffs angeordneten NMF-Kränen von je 45 Tonnen Kapazität ausgerüstet.",deu,deu,"[29881.0, 8957.0, 3104.0, 16577.0, 86497.0, 16834.0, 19997.0, 16142.0, 13927.0, 11666.0, 14105.0, 8590.0, 10020.0, 22297.0, 12269.0]"
"Das dars-i nizami war eine schnelle Ausbildung, in der man nur wenige Texte und dann nur auszugsweise las, um die Denkfähigkeit und Phantasie der Studenten anzuregen. Die Absolventen besetzten meist Schlüsselpositionen in der Administration der Nawabs.",deu,deu,"[11405.0, 3080.0, 1209.0, 6598.0, 33788.0, 8050.0, 7717.0, 5698.0, 5077.0, 4529.0, 6994.0, 3526.0, 3692.0, 9374.0, 4569.0]"
Für die Süddeutsche war er anfangs als Gerichtskarikaturist tätig. Auf Anregung seines Ressortschefs entstanden ab 1952 erste Polizeiberichte und er blieb vier Jahrzehnte der Münchner Kriminalreporter der Zeitung. Er war Gastdozent an Polizeischulen.,deu,deu,"[11635.0, 3193.0, 1346.0, 6754.0, 35504.0, 6159.0, 7926.0, 6046.0, 4989.0, 4569.0, 5790.0, 3574.0, 3474.0, 8430.0, 4495.0]"
"Heinrich Wilhelm Gottfried Waldeyer (* 6. Oktober 1836 in Hehlen/Weser; † 23. Januar 1921 in Berlin), ab 1916 Wilhelm von Waldeyer-Hartz (erhoben in den erblichen Adelsstand, mit Namensteil nach der Familie seiner Mutter Wilhelmine Waldeyer, geb. von Hartz ), war ein deutscher Anatom.",deu,deu,"[20494.0, 6680.0, 2709.0, 11353.0, 46864.0, 11158.0, 12944.0, 10552.0, 9544.0, 8359.0, 9318.0, 6564.0, 7905.0, 15789.0, 9785.0]"
"Der nahezu vollständig bewaldete Emser Berg befindet sich im Naturpark Habichtswald, im Südteil der Hinterhabichtswälder Kuppen, zwischen der Kernstadt von Niedenstein im Osten und den Bad Emstaler Ortsteilen Sand im Nordwesten und Merxhausen im Südwesten. Sein Gipfel liegt im äußersten Osten der Gemarkung von Sand – etwa 1,4 km südöstlich von Sand, 1,4 km nordöstlich von Merxhausen, knapp 2,5 km westlich der Niedensteiner Kernstadt und 2,1 km nordwestlich des Niedensteiner Ortsteils Wichdorf. Ein Teil der Berghänge im Norden, Osten und Süden gehört zur Gemarkung Niedenstein im Schwalm-Eder-Kreis. Etwa 1,5 km nordöstlich erhebt sich der Berg Altenburg (450,7 m) mit Resten der vorgeschichtlichen Burganlage Altenburg. Etwa 3 km östlich erhebt sich der Niedensteiner Kopf (475 m) mit dem Aussichtsturm Hessenturm.",deu,deu,"[50860.0, 15859.0, 5495.0, 26567.0, 138159.0, 28230.0, 33215.0, 26806.0, 23860.0, 19155.0, 22890.0, 14253.0, 18345.0, 39336.0, 22669.0]"
"In der ukrainischen Sprache wird eine Variante des kyrillischen Alphabetes verwendet, welches Unterschiede zu dem in der russischen Sprache verwendeten Alphabet aufweist. Der Zweck der romanisierten Umschrift ist es, die Sprache auch für Personen verständlich zu machen, welche die kyrillischen Schriftzeichen nicht lesen können. Dies betrifft unter anderem den Tourismus, den Bereich der internationalen Politik, des Handels und weltweiter Organisationen. Ebenso kann mittels der Umschrift auf einem Computer, der nicht über eine ukrainische Tastatur verfügt, eine Bearbeitung von Texten erfolgen. Im Laufe der Geschichte gab es schon mehrere Vorschläge zur Abänderung des ukrainischen Alphabetes in verschiedenen Varianten, die in der Regel meist auf den westslawischen Sprachen beruhten. Bei den verschiedenen Varianten, die bisher verwendet wurden und in Betracht kommen, konnte sich bisher keine durchsetzen.",deu,deu,"[35637.0, 9524.0, 3516.0, 19547.0, 101276.0, 19360.0, 23151.0, 17616.0, 15486.0, 14163.0, 26900.0, 11779.0, 10494.0, 23708.0, 12715.0]"
"Der Schwerpunkt der Geschäftstätigkeit im Jahr 2011 mit 32,4 Millionen Euro (80 %) Umsatzerlösen stammt aus dem Bereich Bahn, 11 % (4,3 Millionen Euro) steuert der Bus bei und 3,6 Millionen Euro Umsatzerlöse (9 %) werden im Schienengüterverkehr erzielt.",deu,deu,"[16585.0, 4853.0, 1824.0, 8956.0, 45211.0, 8560.0, 10744.0, 8142.0, 6999.0, 6186.0, 7605.0, 4763.0, 5493.0, 10985.0, 6745.0]"
"Berühmte Personen, wie Gelehrte und Künstler sowie ihre Werke, Politiker und Sportler (vgl. z. B. die Serien der DDR-Post „Berühmte Persönlichkeiten“ und „Bedeutende Persönlichkeiten“)",deu,deu,"[10247.0, 2723.0, 1052.0, 5698.0, 29051.0, 4807.0, 6834.0, 4898.0, 3954.0, 3858.0, 5258.0, 3018.0, 3090.0, 6654.0, 3779.0]"
Etwas bachabwärts wird sie auf ihrer rechten Seite durch den Abfluss aus dem Dorfweiher und kurz danach auf der gleichen Seite vom Bach aus dem Wildenstallgrund gestärkt. Sie kreuzt nun die St 2266 (Marksteinacher Hauptstraße) und wird dann am Südwestrand des Ortes auf ihrer linken Seite von dem aus dem Südosten heranziehenden Grundwiesenbach gespeist.,deu,deu,"[18698.0, 5381.0, 2042.0, 10939.0, 56685.0, 11033.0, 12545.0, 10206.0, 9089.0, 7003.0, 8540.0, 5178.0, 6256.0, 15305.0, 7999.0]"
"John August, der bisher als Drehbuchautor bekannt war, führte in diesem Film zum ersten mal selbst Regie. Der Film wurde in 22 Tagen in Los Angeles und zwei weiteren in New York gedreht und spielte weltweit 130.880 USD ein. Der Film feierte seine Premiere am 21. Januar auf dem Sundance Film Festival und wurde in Deutschland nur als Direct-to-DVD veröffentlicht.",deu,deu,"[16831.0, 5460.0, 2253.0, 9845.0, 48064.0, 9927.0, 11289.0, 8974.0, 7861.0, 7269.0, 8123.0, 5530.0, 5806.0, 12435.0, 7002.0]"
"1816 wurde die Stadt Leun Teil des Kreises Braunfels, der wiederum der Preußischen Provinz Großherzogtum Niederrhein unterstand. 1822 wurde dieser Kreis dem Kreis Wetzlar beigeordnet. Leun gehörte daher bis 1932 zur preußischen Exklave, die der Kreis Wetzlar bildete, bevor er der preußischen Provinz Hessen-Nassau zugeordnet wurde. Die Exklavenstellung ist noch heute an der Zugehörigkeit zur Evangelischen Kirche im Rheinland zu spüren.",deu,deu,"[23718.0, 7694.0, 2792.0, 13362.0, 64986.0, 13895.0, 15507.0, 13269.0, 11864.0, 9102.0, 10992.0, 6878.0, 8831.0, 18741.0, 10568.0]"
"Die konfessionell gebundene Zeitschrift wendet sich mit ihren Beiträgen, die für die sozialpädagogische und religionspädagogische Arbeit mit Kindern relevant sind, vor allem an Fachkräfte in Kitas, an Studierende der Sozialpädagogik/-arbeit, ferner an Fachberater/innen, Fortbildner/innen, Fachlehrer/innen sowie an pädagogisch Interessierte.",deu,deu,"[18041.0, 5104.0, 1984.0, 10196.0, 53609.0, 9454.0, 11870.0, 9536.0, 8062.0, 6577.0, 8546.0, 4966.0, 5636.0, 12743.0, 6903.0]"
"Sir Graham Watson (* 23. März 1956 in Rothesay (Schottland)) ist ein britischer Europapolitiker der Liberal Democrats. Er war von 1994 bis 2014 Abgeordneter im Europäischen Parlament und wurde 2002 Fraktionsvorsitzender der Europäischen Liberalen, Demokratische und Reformpartei. Von 2004 bis 2009 war er Fraktionsvorsitzender der 2004 neu gebildeten Fraktion der Allianz der Liberalen und Demokraten für Europa (ALDE). Von 2011 bis 2015 war Watson Vorsitzender der ALDE-Partei.Anfang Januar 2009 kündigte Watson an, für die Zeit nach der Europawahl 2009 das Amt des Präsidenten des Europäischen Parlaments anzustreben. Durch diese Ankündigung wolle er die Besetzung des Amtes zum Wahlkampfthema machen und sich so von den sonst üblichen „Abkommen hinter verschlossenen Türen“ lösen. Außerdem kündigte er an, eine Zweier-Koalition zwischen der christdemokratischen Fraktion EVP-ED und der ALDE anzustreben; diese erreichte bei der Wahl jedoch keine Mehrheit. Letztlich kam es wie schon 2004 zu einer Einigung zwischen der christdemokratischen EVP und der sozialdemokratischen SPE, sich das Präsidentenamt für jeweils eine halbe Legislaturperiode aufzuteilen. Watson selbst kündigte daraufhin an, für die Legislaturperiode 2009-14 keine bedeutenden Ämter im Parlament zu übernehmen.",deu,deu,"[73415.0, 22240.0, 8416.0, 45616.0, 187253.0, 39459.0, 50002.0, 37567.0, 33494.0, 29300.0, 33683.0, 23082.0, 24566.0, 52255.0, 30929.0]"
"Als auf dem Gelände der ehemaligen Deichmeisterei neben dem Kreuzerhof eine Nisthilfe aufgestellt wurde, nahmen Störche aus einer größeren Population in Wiesbaden-Schierstein sie an. Der AK-Umwelt pflegt diverse Flächen im Unterfeld, welche die Störche zur Nahrungssuche nutzen. Viele Jahrzehnte ging die Zahl der Weißstörche in Deutschland dramatisch zurück. War der Storch vor rund hundert Jahren in unseren Dörfern noch allgegenwärtig, so ist er zur bedrohten Art geworden. Wesentliche Ursachen dafür waren die Zerstörung seiner Lebensräume in Westeuropa und Nahrungsmangel durch langjährige Dürreperioden in den Überwinterungsgebieten in Afrika.",deu,deu,"[31203.0, 8167.0, 3333.0, 16764.0, 95044.0, 16551.0, 20550.0, 15221.0, 12804.0, 11610.0, 14367.0, 8645.0, 9697.0, 22491.0, 12409.0]"
Seine Eltern waren der hannoverische Generalmajor Ernst Johann Christian von Düring (* 6. Juni 1788; † 7. April 1851) und dessen Ehefrau Karoline Frederike von Oeynhausen (* 6. Oktober 1797; † 23. Mai 1870). Sein Onkel Georg Anton Dietrich von Düring (* 8. Oktober 1780; † 30. März 1872) wurde hannoverische Generalleutnant.,deu,deu,"[24604.0, 9001.0, 3311.0, 14297.0, 58539.0, 13721.0, 17036.0, 13555.0, 12291.0, 9779.0, 11305.0, 7383.0, 9747.0, 18629.0, 11798.0]"
In dieser Funktion löste er am 15. Februar 1856 Manuel Basilio Bustamante in der Staatsführung ab und blieb bis zum 1. März 1856 Interims-Präsident von Uruguay.,deu,deu,"[10042.0, 3161.0, 1273.0, 6552.0, 24457.0, 5460.0, 8224.0, 5193.0, 4566.0, 5999.0, 4593.0, 5605.0, 3517.0, 7352.0, 4414.0]"
"Bei der Stichwahl am 10. April 2011 gewann die SPD-Kandidatin Annette Bergen-Krause gegen den parteilosen Dieter Georg Hilbert mit 52,2 % und ist damit die erste Bürgermeisterin der Stadt Allendorf (Lumda).",deu,deu,"[13054.0, 3863.0, 1496.0, 6787.0, 33400.0, 6611.0, 8310.0, 6352.0, 5436.0, 5015.0, 5718.0, 3898.0, 4368.0, 9204.0, 5566.0]"
"Die Ursprünge des Unternehmens Felten & Guilleaume lassen sich auf Johann Theodor Felten (1747–1827) zurückführen. Felten war seit dem Ende des 18. Jahrhunderts als Seilermeister in Köln tätig und produzierte Kordel, Bindfäden und leichte Seile, belieferte andere Seiler mit Rohmaterial und beschäftigte diese im Verlagssystem. Nachdem Feltens letzter Sohn Adolf Felten gestorben war, wurde der Schwiegersohn Franz Karl Guilleaume „der Ältere“ (1798–1837), Gemahl der Tochter Christina Felten (1788–1853), in den Betrieb aufgenommen. Theodor Felten und Karl Guilleaume gründeten im Jahre 1826 das Unternehmen „Theodor Felten & Guilleaume“.",deu,deu,"[35918.0, 12064.0, 4637.0, 22921.0, 99620.0, 20299.0, 24935.0, 19145.0, 17243.0, 14201.0, 16794.0, 10830.0, 12853.0, 27011.0, 15849.0]"
"26. Januar: Johann Jacob Leu, Enzyklopädist, Bürgermeister von Zürich und Bankier († 1768) 17. März: Johann Christian Adami der Jüngere, deutscher Theologe († 1753) 14. April: Ferdinand Zellbell, schwedischer Komponist († 1765) 15. Mai: Gebhard Christian Bastineller, deutscher Rechtswissenschaftler († 1755)",deu,deu,"[21968.0, 7374.0, 2843.0, 13145.0, 50129.0, 11772.0, 14815.0, 11120.0, 10251.0, 8771.0, 10039.0, 6779.0, 8428.0, 15745.0, 10123.0]"
"Es gab neun Untersuchungsausschüsse Untersuchungsausschuss """"Einfuhren in das Vereinigte Wirtschaftsgebiet und in das Gebiet der Bundesrepublik"""" (1950)",deu,deu,"[7364.0, 2060.0, 792.0, 4115.0, 19336.0, 3724.0, 5011.0, 3713.0, 2997.0, 3321.0, 3612.0, 2839.0, 2390.0, 5313.0, 2908.0]"
"Der Stadtpalast aus Kalkstein wurde für die Familie Jouvenel des Ursins erbaut. Das Renaissancebauwerk wurde auf den Fundamenten eines Vorgängerbaus errichtet. Über dem Portal mit gesprengtem Giebel befindet sich ein dreiseitiger Erker, der mit Maßwerk und reichem Renaissanceschmuck versehen ist. Die Bleiglasfenster sind noch erhalten. Die gotische Dachgaube aus dem 15. Jahrhundert stammt vom Vorgängerbau.",deu,deu,"[21108.0, 6167.0, 2267.0, 15727.0, 61754.0, 11344.0, 16578.0, 10829.0, 9585.0, 8907.0, 10263.0, 6570.0, 6841.0, 15871.0, 8804.0]"
"1990 entstand auf dem Brunnengelände ein Kurzentrum, Gertrudis-Klinik Biskirchen, das seit 1995 zu einer Spezialklinik für Parkinsonkranke umfunktioniert wurde.",deu,deu,"[9371.0, 3333.0, 1257.0, 5531.0, 26272.0, 5708.0, 6382.0, 5374.0, 4816.0, 3880.0, 4466.0, 2841.0, 3613.0, 7424.0, 4389.0]"
"Mombach hat seit der Zeit der französischen Kantonseinteilung bis zur Eingemeindung Mombachs durch Mainz kein eigenes Wappen geführt. Der Ort war mit Josef Zey, Mombacher Maire adjoint, dem Budenheimer Maire im Kanton Oberingelheim zugeordnet. Mit dem Bau des neuen Mainzer Rathaus von 1971 bis 1974 sollten in der Eingangshalle die Wappen aller Stadtteile in chronologischer Reihenfolge der Eingemeindung, von unten nach oben, angebracht werden. Daher entschloss man sich im Rathaus, ein neues Wappen für Mombach entwerfen zu lassen, da die traditionelle Darstellung mit der Figur des Heiligen Nikolaus, nicht mehr als zeitgemäß erachtet wurde. Der Mainzer Heraldiker Heinz Leitermann wurde beauftragt, ein modernes, sprechendes Wappen für Mombach zu schaffen. Dieser neue Wappenschild ist in vier Felder unterteilt, dessen Motive Bezug auf Mombacher Geschichte und Gegenwart nehmen.",deu,deu,"[39645.0, 11421.0, 4644.0, 26832.0, 121545.0, 22655.0, 29695.0, 21634.0, 18548.0, 15882.0, 19017.0, 12608.0, 13090.0, 30199.0, 16441.0]"
"Minna Heeren studierte zunächst Malerei in Hamburg als Autodidakt, kam dann nach Düsseldorf. Sie gilt als Mitglied der Düsseldorfer Malerschule. Sie schuf Bilder vom Leben der Bauern und Kinder. Minna Heeren blieb unverheiratet.",deu,deu,"[11676.0, 2972.0, 1274.0, 7001.0, 32803.0, 5970.0, 8173.0, 5726.0, 4756.0, 4618.0, 5148.0, 3676.0, 3649.0, 8721.0, 4556.0]"
"Nach anfänglichem Zögern erschienen Dietrich insbesondere der Orden der Jesuiten geeignet die Konfessionalisierung umzusetzen. Bereits vor seinem Amtsantritt als Bischof waren die Jesuiten in Paderborn ansässig und hatten 1585 den Unterricht am örtlichen Gymnasium übernommen. Im Jahr 1592 wurde das Jesuitenkollegium gegründet. Dazu übergab Dietrich dem Orden das ehemalige Kloster der Minoriten und weitere Grundstücke. Dort ließ Dietrich bis 1605 ein neues Kollegiengebäude und bis 1614 ein neues Gymnasium, später nach ihm Theodorianum genannt, erbauen. Hinzu kamen Kirche und Noviziathaus. Im Jahr 1604 schenkte er dem Orden seine eigene Bibliothek und stiftete 1614 die Universität beziehungsweise Akademie. Diese unterstellte Dietrich dem Generaloberen des Ordens. Ziel war es, die Abwanderung der Studierenden in die protestantischen Nachbargebiete zu verhindern. Vornehmlich sollte die Einrichtung der Ausbildung des Klerus dienen. Gelehrt wurden Theologie und Philosophie. Die Einrichtung wurde 1614 vom Papst und vom Kaiser bestätigt.",deu,deu,"[47303.0, 13926.0, 5692.0, 26860.0, 140987.0, 25857.0, 33369.0, 24371.0, 21330.0, 18903.0, 22676.0, 14209.0, 14795.0, 34535.0, 18986.0]"
"Der bürgerliche Senat unter Führung des Senatspräsidenten Pehr Evind Svinhufvud hatte am 4. Dezember 1917 die Unabhängigkeitserklärung beim Finnischen Parlament eingereicht, welches die Unabhängigkeit befürwortete. Svinhufvud erklärte daraufhin am 6. Dezember Finnland für unabhängig. Der Unabhängigkeitstag wird seit 1919 gefeiert und ist im Laufe der Zeit zu Finnlands Nationalfeiertag geworden.",deu,deu,"[21575.0, 6263.0, 2461.0, 11912.0, 54669.0, 11392.0, 13852.0, 10901.0, 9575.0, 8115.0, 10236.0, 6198.0, 7132.0, 15680.0, 8789.0]"
"Der Diskus wird schon von Homer als kreisrunde, linsenförmige Scheibe aus Stein oder Metall bezeichnet. Größe und Gewicht waren für Männer und Jungen verschieden. Das Gewicht lag zwischen 1,25 und 5,7 Kilogramm. Der Durchmesser lag zwischen 15,5 und 34 Zentimetern und die Dicke zwischen 4 und 13 Millimetern. Meistens war er mit Schriften oder religiösen Zeichen verziert. Teilweise war er aber auch nur als religiöse Opfergabe etc. gedacht, und es wurde nicht mit ihm geworfen. Es gab einen Diskus mit einem geschliffenen Rand, der als Waffe eingesetzt wurde. Auch bei Kampfspielen war der Diskus im Gebrauch.",deu,deu,"[30870.0, 9153.0, 3458.0, 18064.0, 93018.0, 17555.0, 21271.0, 16375.0, 14142.0, 12402.0, 15310.0, 9520.0, 9581.0, 22103.0, 11767.0]"
"Die folgenden Monate wurden zum Albtraum für Loaísa und seine Crew. Man verbrachte viel Zeit, den Schiffsverband zu sammeln, weil die Schiffe aufgrund des schlechten Wetters und der Strömungen auseinanderdrifteten. Dabei erlitten zwei Schiffe Schiffbruch. Die Besatzung eines weiteren meuterte und setzte sich in den Atlantik ab. Während des ergebnislosen Versuchs, in die Magellanstraße einzufahren, wurde eines der Schiffe, die San Lesmes unter dem Kommando von Francisco de Hoces, so weit südwärts abgetrieben, dass von Seefahrtshistorikern angenommen wird, dass Hoces entweder das Kap San Diego (den südöstlichsten Punkt Feuerlands) oder Kap San Juan auf der Isla de los Estados erreichte und somit der eigentliche Entdecker der Drakepassage wäre. Mitte Mai 1526 gelangte Loaísa schließlich mit den vier verbliebenen Schiffen doch noch in den Pazifik; Schiffe und Mannschaft befanden sich in einem erbärmlichen Zustand.",deu,deu,"[41609.0, 12073.0, 4848.0, 26826.0, 120696.0, 23886.0, 32653.0, 21659.0, 19217.0, 23558.0, 19856.0, 20234.0, 14087.0, 31414.0, 17207.0]"
"Christian Sieber: „Unfreundliche“ Briefe, Kriegserklärungen und Friedensverträge. Der Alte Zürichkrieg (1436–1450) im Spiegel der Biographie von Landschreiber Hans Fründ. In: Mitteilungen des Historischen Vereins des Kantons Schwyz 98 (2006), S. 11–37.",deu,deu,"[17733.0, 5561.0, 2358.0, 11036.0, 43056.0, 9307.0, 12974.0, 9031.0, 7919.0, 7110.0, 8164.0, 5504.0, 6729.0, 12646.0, 8133.0]"
"Gouda (ndl. Goudse kaas) ist die Bezeichnung für verschiedene Schnittkäse, die nach dem Vorbild eines traditionell aus der niederländischen Stadt Gouda stammenden Käses produziert werden. Heute wird Käse unter dem Namen Gouda international produziert, während der Gouda Holland seit 2010 als geschützte geographische Angabe (g.g.A.) eingetragen und geschützt ist. Darüber hinaus gibt es den Noord-Hollandse Gouda der seit 1996 ein Produkt mit geschütztem Ursprung ist.",deu,deu,"[23899.0, 7262.0, 2735.0, 15109.0, 62645.0, 13558.0, 16362.0, 12944.0, 11271.0, 9929.0, 11549.0, 7323.0, 8268.0, 18538.0, 9888.0]"
Im Zweiten Weltkrieg gingen die bemalten Flügeltüren verloren sowie das Pfeifenwerk des Brustwerks. Wegen dieses Verlustes wurden auch die Klaviatur und Registereinschaltung des Brustwerks entfernt.,deu,deu,"[9040.0, 2469.0, 934.0, 5344.0, 26389.0, 4624.0, 6427.0, 4670.0, 3777.0, 3669.0, 4196.0, 2690.0, 2668.0, 6846.0, 3364.0]"
"Erstmals bezeugt wurde der Ort 1265 in einer Schenkungsurkunde als Gotelndorf apud Lewenrode, in der Wolfram von Dornberg dem Kloster Heilsbronn ein Gut vermachte. Der Zusatz apud Lewenrode (bei Leonrod) diente wohl zur Unterscheidung von dem in der Nähe liegenden Göddeldorf. Aus dem Ortsnamen kann geschlossen werden, dass der Gründer des Ortes den germanischen Personennamen Godilo trug.Götteldorf hatte seit 1625 eine einklassige Volksschule, deren erster Lehrer Hans Neubronner war. 1954 wurde noch ein neues Schulhaus gebaut. Wenig später wurde die Schule aufgelöst. 1650 kamen österreichische Glaubensflüchtlinge und halfen das durch den Dreißigjährigen Krieg in Mitleidenschaft gezogene Götteldorf wieder aufzubauen.Im Rahmen des Gemeindeedikts wurde Götteldorf dem 1808 gebildeten Steuerdistrikt Unternbibert zugeordnet. Es gehörte auch der 1811 gegründeten Ruralgemeinde Unternbibert an. Mit dem Zweiten Gemeindeedikt (1818) wurde die Ruralgemeinde Götteldorf gebildet, zu der Methlach und Ziegelhütte gehörten. Die Gemeinde unterstand in Verwaltung und Gerichtsbarkeit dem Landgericht Ansbach und in der Finanzverwaltung dem Rentamt Ansbach (ab 1920: Finanzamt Ansbach).",deu,deu,"[66852.0, 20925.0, 7448.0, 36266.0, 178425.0, 38111.0, 45370.0, 35778.0, 31868.0, 25796.0, 30732.0, 19602.0, 24537.0, 52850.0, 30345.0]"
"Die erste Kapelle in Westerhart wurde vermutlich 1829 geweiht. Dieser Bau wurde im Jahr 1928 abgebrochen und an der bestehenden Stelle wiedererrichtet. Die Form der Kapelle wurde dabei beibehalten. Die Kapelle ist ein schlichter rechteckiger Bau mit zwei Fensterachsen. Gedeckt ist die Kapelle mit einem Satteldach. Im Inneren befindet sich ein Tonnengewölbe mit Stichkappen. Ein mit Holz verschalter Anbau ist auf der Südseite der Kapelle. In diesem, mit einem Walmdach gedeckten, Anbau ist ein Kerkerchristus untergebracht. Ein Dachreiter mit Schalllöchern ist über dem Giebel aufgesetzt. Er ist mit einer blechbeschlagenen Haube gedeckt.",deu,deu,"[33140.0, 9759.0, 3663.0, 18293.0, 99340.0, 18682.0, 22288.0, 18074.0, 15587.0, 12212.0, 15607.0, 9220.0, 10759.0, 25394.0, 13116.0]"
"Das Stadtzentrum Radevormwalds hat sich auf 400 m bis an die im Südwesten gelegene Hofschaft ausgebreitet, dennoch überwiegt hier der ländliche Eindruck. Die Nachbarorte sind Geilensiepen, Walkmüller Siepen und Sieplenbusch. Man erreicht den Ortsteil über eine Stichstraße, die von der Dietrich-Bonhoeffer-Straße abzweigt.",deu,deu,"[17710.0, 5419.0, 2002.0, 10039.0, 50679.0, 9832.0, 12270.0, 9132.0, 8282.0, 6762.0, 7992.0, 5113.0, 6249.0, 14037.0, 8105.0]"
"Die Global Welding Group beschäftigt über 700 Mitarbeiter, davon arbeiten etwa 290 bei der igm Robotersysteme AG. Der Umsatz der Gruppe lag 2011 bei etwa 150 Millionen Euro, wobei auf den Bereich Robotik 60 Millionen Euro entfielen. 90 % des Umsatzes werden im Ausland erwirtschaftet, wobei die wichtigsten Exportmärkte Asien, Deutschland, Spanien, Frankreich, Indien, Russland und die Vereinigten Staaten sind.",deu,deu,"[21096.0, 6148.0, 2455.0, 12232.0, 59952.0, 11414.0, 14238.0, 10686.0, 9150.0, 8596.0, 10099.0, 6691.0, 7050.0, 14536.0, 8537.0]"
"Der Bahnhof Mainz-Mombach ist ein Bahnhof der Kategorie 5. Er wurde 1859 eröffnet und liegt an der linken Rheinstrecke. 1903 erhielt er ein Stellwerk. Die dort verkehrenden Nahverkehrszüge des Eisenbahnverkehrsunternehmen (EVU) trans regio (MittelrheinBahn) verbinden den Ort mit der Mainzer Innenstadt und der Stadt Bingen am Rhein (über Budenheim und Ingelheim am Rhein). Die Züge der Linie RB 26 verkehren im Halbstundentakt zwischen Mainz Hbf und Bingen Hbf, wobei jeder zweite Zug über Bingen hinaus über Koblenz Hbf nach Köln Messe/Deutz fährt.",deu,deu,"[31934.0, 9185.0, 3615.0, 17750.0, 85032.0, 17113.0, 21037.0, 15721.0, 14198.0, 11883.0, 14160.0, 9317.0, 11168.0, 23419.0, 13861.0]"
"Zwischen 780 und 802 taucht der Name „alten Dorfa“ (das spätere Allendorf) in den fuldaischen Schenkungsregistern des Mönches Eberhard auf. Allendorf lag im Oberlahngau, zur Mark Londorf gehörig. Im Jahre 1323 wurden von Landgraf Otto I. die Marktrechte verliehen.",deu,deu,"[17234.0, 5111.0, 1988.0, 9402.0, 47216.0, 9378.0, 11849.0, 8886.0, 7796.0, 6566.0, 8035.0, 4987.0, 6052.0, 12823.0, 7445.0]"
"Als Bühnenschauspieler war er ebenfalls sehr gefragt. Seine Darstellung eines Priesters, der der Homosexualität bezichtigt wurde, in einer Londoner West-End-Produktion beeindruckte Orson Welles derart, dass er McGoohan als Starbuck für seine Yorker Bühnenfassung von Moby Dick verpflichtete. Während McGoohan anderweitig noch als Ersatzmann bei Filmproduktionen für Probeaufnahmen einsprang, unterzeichnete er einen Vertrag mit der Rank Organisation, die als Produktionsfirma für B-Movies bekannt war. Hier wurde er vorwiegend als Bösewicht eingesetzt, wie in Duell am Steuer (Hell Drivers, 1957) oder in „Dämon Weib“ (The Gypsy and the Gentleman, 1958). Nach nur wenigen Filmen löste er den Vertrag auf.",deu,deu,"[35147.0, 10279.0, 4565.0, 20779.0, 98809.0, 19830.0, 23186.0, 18168.0, 16006.0, 13972.0, 16000.0, 10596.0, 11374.0, 26488.0, 14588.0]"
"Der Asteroid wurde nach dem französischen Schriftsteller und Dramatiker Jean Giono (1895–1970) benannt, der als Hintergrund seiner Werke vorzugsweise die Landschaft der Haute Provence verwendete. Ab 1954 gehörte er der Académie Goncourt an.",deu,deu,"[12128.0, 4090.0, 1608.0, 11678.0, 29175.0, 6997.0, 9859.0, 6696.0, 5822.0, 5812.0, 5743.0, 4417.0, 4335.0, 9181.0, 5300.0]"
Im Abschnitt Stetten (bei Haigerloch) – Weißes Kreuz dürfen schwere Züge durch ein nicht mit dem Zug gekuppeltes Triebfahrzeug nachgeschoben werden.,deu,deu,"[8141.0, 2283.0, 855.0, 4242.0, 21540.0, 4218.0, 5768.0, 3987.0, 3507.0, 3025.0, 3393.0, 2606.0, 2653.0, 5862.0, 3404.0]"
"Das Glasschiff von Frank Gehry (Paris, Frankreich / Frank Gehry). Produktion 2014, Regie Richard Copans, Erstausstrahlung am 20. September 2015.",deu,deu,"[8609.0, 2775.0, 1272.0, 7426.0, 20902.0, 4628.0, 6761.0, 4533.0, 3957.0, 4258.0, 3990.0, 3420.0, 3292.0, 6046.0, 3960.0]"
"Nach dem Abitur 1995 in Eutin absolvierte Grietje Staffelt ein Studium der Pädagogik an der Universität Flensburg, welches sie 2000 als Diplom-Pädagogin beendete. Zudem absolvierte sie eine Ausbildung als systemischer Coach bei artop, einem Institut der Humboldt-Universität Berlin. Seit dem Ausscheiden aus dem Bundestag ist sie selbständig tätig im Bereich Führungskräftecoaching und -beratung. Seit März 2015 arbeitet sie bei Ketchum Pleon.",deu,deu,"[22457.0, 6201.0, 2762.0, 13006.0, 64299.0, 11814.0, 15780.0, 11207.0, 9403.0, 8709.0, 9924.0, 7158.0, 7590.0, 15768.0, 9321.0]"
Die HzL ist Mitglied im Tarifverband der Bundeseigenen und Nichtbundeseigenen Eisenbahnen in Deutschland und im Verband Deutscher Verkehrsunternehmen.,deu,deu,"[7362.0, 2044.0, 761.0, 4036.0, 20085.0, 3922.0, 4822.0, 3583.0, 3240.0, 2733.0, 3072.0, 2163.0, 2495.0, 5353.0, 3159.0]"
"Seit der Saison 2002/03 wird außerdem die französische Mannschaftsmeisterschaft der Frauen (französisch: Interclubs Féminins) für Viererteams ausgespielt. Während die ersten beiden Austragungen im k.-o.-System durchgeführt wurden, existiert seit der Saison 2004/05 ein Ligensystem mit Auf- und Abstieg. Bis 2006 trug die höchste Spielklasse die Bezeichnung Nationale I, seitdem heißt sie Top 12. Rekordmeister sind mit jeweils vier Titeln Clichy Echecs und Évry Grand Roque.",deu,deu,"[24542.0, 7169.0, 3209.0, 27277.0, 67485.0, 12826.0, 23340.0, 13151.0, 11118.0, 13275.0, 11248.0, 10381.0, 9027.0, 17588.0, 11306.0]"
"Das Flaggschiff Santa Maria de la Victoria war das einzige Schiff, das das Expeditionsziel erreichte: Wie Magellan erreichte man zunächst Guam. Dort traf die Mannschaft zu ihrer Überraschung auf einen Spanier, Gonzalo de Vigo, der während Magellans Weltumsegelung desertiert war. Über Mindanao auf den Philippinen und Celebes erreichte die Santa Maria de la Victoria die östlichen Teile der Gewürzinseln bei Halmahera im September 1526. Weder Loaísa noch Elcano überlebten die Pazifiküberfahrt, zunächst hatte Alonso Toribio de Salazar die Führung übernommen, und nachdem dieser ebenfalls verstorben war, der Baske Martin Iñiguez de Carquizano.",deu,deu,"[29891.0, 9119.0, 3831.0, 18874.0, 75978.0, 16606.0, 24181.0, 14661.0, 13464.0, 18763.0, 13429.0, 17133.0, 11548.0, 22182.0, 14128.0]"
"Der Adlertunnel ist ein 5,3 Kilometer langer Eisenbahn-Doppelspurtunnel in der nördlichen Schweiz bei Basel. Er dient zwischen Muttenz und Liestal der Entlastung der Hauensteinlinie und wird vorwiegend mit Schnellzügen der Kategorien InterCity und InterRegio sowie ICE und TGV befahren. Wenn es betrieblich möglich ist, werden auch Güterzüge, welche von Deutschland in Richtung Olten unterwegs sind und nicht über den Rangierbahnhof verkehren müssen, durch den Adlertunnel geleitet. Indirekt ist er auch ein Zubringer der Gotthardbahn. Nach dem Baubeginn 1994 wurde er 2000 in Betrieb genommen und verkürzte die Fahrzeit von Basel nach Olten um zwei Minuten.",deu,deu,"[33553.0, 9763.0, 3855.0, 22728.0, 97875.0, 18318.0, 25575.0, 17357.0, 15346.0, 13735.0, 15329.0, 10556.0, 11161.0, 25050.0, 13912.0]"
"L'œuvre de la Délégation archéologique française en Afghanistan (1922–1932) Bd. 1: Archéologie bouddhique. Maison franco-japonaise, Tokyo 1933.",fra,deu,"[7990.0, 2658.0, 1533.0, 23535.0, 9305.0, 4592.0, 14062.0, 4468.0, 3581.0, 8843.0, 3722.0, 7461.0, 4379.0, 6269.0, 5306.0]"
"27. Juli: Am Engpass Killiecrankie besiegen schottische Royalisten (Jakobiter) mit „Bonnie Dundee“ an der Spitze englische Truppen unter General Hugh Mackay. Dundee stirbt durch eine verirrte Kugel, was den schottischen Aufstand seiner starken Führungspersönlichkeit beraubt.",deu,deu,"[15063.0, 4581.0, 1791.0, 8196.0, 36826.0, 8217.0, 9524.0, 7640.0, 6892.0, 5744.0, 6693.0, 4252.0, 4955.0, 11069.0, 6308.0]"
"Estudio histórico-jurídico de la expedición de García Jofre de Loaisa a las Islas Molucas. La venta de los derechos sobre dichas islas a Portugal por Carlos I de España"""", von José María Ortuño (spanisch; PDF-Datei; 73 kB)",spa,deu,"[9659.0, 3016.0, 1542.0, 11717.0, 10286.0, 4514.0, 16430.0, 4602.0, 3608.0, 18556.0, 4594.0, 22490.0, 4891.0, 7020.0, 5745.0]"
"Von Burladingen erreichte die Bahn am 6. Dezember 1908 Gammertingen, wo sich bis heute der Betriebsmittelpunkt mit der Hauptwerkstatt befindet, und führte weiter nach Südosten über Hanfertal nach Bingen, wo über die bestehende Strecke nach Sigmaringendorf der Anschluss an die Donautalbahn erreicht wurde.",deu,deu,"[15660.0, 4750.0, 1791.0, 8391.0, 42496.0, 8751.0, 10464.0, 7732.0, 7062.0, 6195.0, 6931.0, 4662.0, 5536.0, 12441.0, 7150.0]"
Mombach liegt im zurückgewichenen Ufervorland links des Rheins im Mainzer Becken und damit am Rande der rheinhessischen Hochfläche. Der Rhein bildet dabei die nördliche Ortsgrenze von Mombach.,deu,deu,"[10155.0, 2988.0, 1112.0, 5708.0, 27034.0, 5689.0, 7023.0, 5252.0, 4670.0, 3952.0, 4422.0, 2920.0, 3578.0, 7978.0, 4419.0]"
"Nach dem Tod seines Vaters im Mai 1925 erbte Lever dessen Adelstitel (als 2. Viscount Lerverhulme of the Western Isles, cos Inverness and Ross and Cromarty) sowie die Rolle des nominellen Oberhauptes (governor) des Lever Brothers Konzerns, dessen Führung zu dieser Zeit allerdings immer mehr in die Hände von professionellen Managern überging. 1930 war er maßgeblich an der Fusionierung von Lever Brothers mit Margarine Unie zu dem neuen Dachkonzern Unilever beteiligt.",deu,deu,"[22026.0, 6779.0, 3350.0, 14208.0, 58355.0, 12828.0, 14884.0, 11954.0, 10476.0, 8854.0, 10104.0, 6944.0, 7761.0, 16573.0, 9967.0]"
1802 wurde das Eichsfeld mit Bernterode an Preußen übergeben und kam dann zum Königreich Westphalen. Ab 1815 war Bernterode Teil der preußischen Provinz Sachsen. 1822/1823 wurde die heutige B 80 und 1867 die Eisenbahn (Haltestelle erst 1897) gebaut.,deu,deu,"[16458.0, 5968.0, 2285.0, 9667.0, 43008.0, 9973.0, 11006.0, 9420.0, 8372.0, 6800.0, 7860.0, 5229.0, 6727.0, 12932.0, 7788.0]"
"M. S. Narasimhan (Mudumbai Seshachalu Narasimhan; * 7. Juni 1932 in Thandara, Tamil Nadu) ist ein indischer Mathematiker, der sich mit Funktionentheorie, Differentialgeometrie, mathematischer Physik und algebraischer Geometrie beschäftigt.",deu,deu,"[13845.0, 5028.0, 2140.0, 8129.0, 25403.0, 14893.0, 8623.0, 7570.0, 7076.0, 5811.0, 6086.0, 4424.0, 6168.0, 11173.0, 7194.0]"
"Um 1780 erfolgte die Umgestaltung in einen englischen Landschaftsgarten im Auftrag des Mainzer Kurfürsten und Erzbischof Friedrich Karl Joseph von Erthal durch den Gartenkünstler Friedrich Ludwig Sckell (1750–1823). Die Ruine der Kirche zum Heiligen Grabe des Beginenklosters wurde als Parkstaffage miteinbezogen. Um sie herum wurde ein See angelegt. Dieser wird vom Röderbach durchflossen. Nach der Verlegung des Jagdzeughauses in die Fasanerie wurde an gleicher Stelle im ausgehenden 18. Jahrhundert nach Plänen von Emanuel Joseph d’Herigoyen ein Orangeriegebäude errichtet. Der nördliche Teil der Anlage wurde zunächst bis in die 1950er Jahre weiterhin als Hofgarten und Gemüsegarten genutzt, bis man auch diesen Abschnitt im englischen Stil gestaltete.",deu,deu,"[37545.0, 11590.0, 4549.0, 22988.0, 107200.0, 21198.0, 26964.0, 20168.0, 17961.0, 16047.0, 18094.0, 11650.0, 13282.0, 29213.0, 16553.0]"
"Galgenberg veröffentlichte als ein renommierter Hamburger Verlag (Hamburger Abendblatt) über regionale Themen, Frauen- und Männerthemen und über Sexualität. Ein früher Schwerpunkt waren auch türkische Autoren: vor Latife Tekin erschienen im Verlagsprogramm noch Werke Nazlı Erays, Yusuf Atılgans und Aysel Özakıns.",deu,deu,"[15237.0, 4516.0, 1767.0, 8489.0, 39316.0, 9834.0, 10016.0, 8591.0, 7717.0, 5967.0, 6769.0, 4649.0, 5058.0, 19402.0, 6899.0]"
"Feierle besuchte nach der Volksschule Dornbirn die Realschule Dornbirn, wurde jedoch während des Zweiten Weltkriegs 1944 noch vor dem Abschluss der Realschule zum Reichsarbeitsdienst einberufen. Seine Reifeerklärung erfolgte auf Grund eines Erlasses. Nach dem Reichsarbeitsdienst wurde Feierle 1944 zum Kriegsdienst eingezogen, wobei er im Juni 1945 aus der amerikanischen Kriegsgefangenschaft zurückkehrte.",deu,deu,"[22742.0, 6915.0, 2612.0, 12808.0, 62944.0, 12356.0, 15306.0, 11923.0, 10282.0, 8518.0, 10206.0, 6460.0, 7783.0, 16728.0, 9539.0]"
"Nachdem Zuma zunächst für die südafrikanischen Vereine Orlando Pirates und African Wanderes gespielt hatte, wechselte er 2001 zum FC Kopenhagen, mit dem er zweimal Meister sowie zweimal Vizemeister wurde. Ein Fallrückzieher Zumas aus dem Jahr 2001 gegen den Erzrivalen Bröndby IF wird in Dänemark seit Jahren zum „schönsten Tor aller Zeiten“ gezählt. 2001 wurde Zuma in Dänemark zum """"Spieler des Jahres"""" gewählt. Zur Saison 2005/06 wechselte er zu Arminia Bielefeld, wo er einen Vertrag bis 2008 bekam.",deu,deu,"[28201.0, 8639.0, 3559.0, 15686.0, 74704.0, 15582.0, 18877.0, 14773.0, 13295.0, 11490.0, 12756.0, 8521.0, 9860.0, 20930.0, 12109.0]"
"Das Dorf lag im Nordnordosten der Stadt Prichsenstadt, an der Stelle, wo Marbach, Gänsgraben und der sogenannte Molkenbrunnen zusammenfließen. Das Dorf ist durch den Schönbach, der auf die Schwarzach zufließt, in zwei Hälften geteilt. Kleinschönbach, circa zwei Kilometer von Prichsenstadt entfernt, liegt in einem Siedlungsdreieck mit Altenschönbach und Kirchschönbach. Alle drei sind nach dem kleinen Bach benannt.Im 20. Jahrhundert wurden auf dem Gebiet der ehemaligen Siedlung einige Keramikreste aus dem 15. Jahrhundert ausgegraben, die weitere Hinweise auf den Ort gaben.",deu,deu,"[30250.0, 9091.0, 3264.0, 15951.0, 88015.0, 17227.0, 19970.0, 16080.0, 14114.0, 11317.0, 14250.0, 8332.0, 10407.0, 23513.0, 13279.0]"
"Im Programm der Halle 45 (bis Ende 2015 Phönix-Halle) finden das ganze Jahr über Messen, Konzerte und Musicals statt. Das Mombacher Rheinuferfest am Wochenende von oder nach Maria Himmelfahrt und der Weihnachtsmarkt locken alljährlich viele Besucher an.",deu,deu,"[13499.0, 3578.0, 1599.0, 8398.0, 40013.0, 7037.0, 9946.0, 6661.0, 5663.0, 5485.0, 6386.0, 4317.0, 4414.0, 9517.0, 5476.0]"
Die Briefmarkenalben selbst wurden ebenfalls verbessert. Im Jahre 1884 vertrieb Dauth ein „Mechanisches Briefmarkenalbum“. Dies war das erste Briefmarkenalbum der Welt mit Schraubenheftung. Es ermöglichte ein einfaches Austauschen und Einfügen einzelner Blätter des Briefmarkenalbums.,deu,deu,"[13390.0, 3773.0, 1448.0, 7672.0, 40038.0, 6893.0, 9255.0, 6657.0, 5636.0, 5142.0, 6779.0, 3956.0, 4254.0, 9192.0, 5234.0]"
"Der Ort selbst ist über die Landesstraßen 2048 und 3080 mit den umliegenden Ortschaften verbunden, nur wenig nördlich verläuft die Bundesautobahn 38 (mit dem Höllbergtunnel) und besitzt einen Haltepunkt der Bahnstrecke Halle–Hann. Münden.",deu,deu,"[14417.0, 4376.0, 1632.0, 8331.0, 39791.0, 7971.0, 9794.0, 7493.0, 6680.0, 5752.0, 6599.0, 4277.0, 5039.0, 11031.0, 6409.0]"
"Kühberg wird im mittleren Bereich von der Bahnstrecke Vejprty–Annaberg-Buchholz unt Bf durchquert. Der Haltepunkt Kühberg wurde am 15. Dezember 1896 eröffnet. Er befand sich im Zentrum der Ansiedlung. Aufgrund der geringen Frequentierung erfolgte die Auflassung des Halts zum 27. September 1998. Im Rahmen der Streckenerneuerung im Jahr 2000 wurde der bis dahin noch vorhandene Bahnsteig vollständig abgetragen. Zum Fahrplanwechsel am 14. Dezember 2014 wurde der planmäßige Reiseverkehr zwischen den Bahnhöfen Vejprty und Cranzahl, in dessen Abschnitt auch Kühberg passiert wird, gänzlich eingestellt.",deu,deu,"[36662.0, 10655.0, 4009.0, 18952.0, 92851.0, 19812.0, 23017.0, 18302.0, 16383.0, 13717.0, 17745.0, 10205.0, 13077.0, 27217.0, 15840.0]"
"Marina Dalmas sang bereits als Kind viel und begann mit zehn Jahren, Gesangsvideos von sich ins Internet zu stellen. Mit 13 Jahren bewarb sie sich bei La France a un incroyable talent, der französischen Version von Das Supertalent. Mit ihrer Interpretation der Adele-Songs Rolling in the Deep und Set Fire to the Rain konnte sie das Publikum überzeugen und den Wettbewerb gewinnen.Danach dauerte es drei Jahre, bis sie ein Management gefunden, einen Plattenvertrag mit Universal Music unterschrieben und ihre Karriere vorbereitet hatte. Im Herbst 2014 verbreitet sie unter ihrem neuen Künstlernamen Marina Kaye das Lied Homeless, das im Internet schnell die Grenze von 1 Million Aufrufen überschritt. Als es Anfang 2015 offiziell veröffentlicht wurde, stieg es in Frankreich und im französischsprachigen Teil Belgiens auf Platz 1 der Charts und hielt sich dort jeweils für 2 Wochen. Das Debütalbum Fearless folgte im Mai und erreichte in beiden Ländern die Top 10. In der Schweiz kamen Single und Album jeweils auf Platz 25 der Schweizer Hitparade.",deu,deu,"[43889.0, 12365.0, 5745.0, 41023.0, 123894.0, 24292.0, 37737.0, 22225.0, 19202.0, 22085.0, 21310.0, 17084.0, 14371.0, 31052.0, 18452.0]"
"Es ist ein Bestandteil ätherischer Öle, genauer des Sandelholzöls und des Fichtennadelöls. Santen wurde dort erstmals 1900 von Friedrich Müller isoliert.",deu,deu,"[9499.0, 2789.0, 1042.0, 5396.0, 24656.0, 5359.0, 6291.0, 4823.0, 4205.0, 3890.0, 4411.0, 3186.0, 3334.0, 7057.0, 4013.0]"
Die Hoffnung hat einen Namen - Kinderonkologe Holger Lode behandelt Patienten aus aller Welt / Heilungschancen wachsen dank Forschungen. In: Ostsee-Zeitung. 5. Dezember 2015.,deu,deu,"[9905.0, 2877.0, 1156.0, 5352.0, 27471.0, 5141.0, 6467.0, 4928.0, 4010.0, 3718.0, 4800.0, 2949.0, 3252.0, 6643.0, 4013.0]"
"Dass ihn sein Onkel zum Vormund über seine verwaiste Cousine Liese bestimmt hat, macht den jungen Bauern Peter überhaupt nicht glücklich; denn er ist über beide Ohren in sie verliebt. Als Vormund wagt er es nicht, ihr seine Liebe zu gestehen. Die Verantwortung lastet so schwer auf ihm, dass er gegenüber Liese, ohne es zu wollen, oft einen recht barschen Ton anschlägt. Liese wiederum empfindet für ihren Vormund auch mehr als nur Sympathie, doch auch sie getraut sich nicht, ihm dies zu zeigen.",deu,deu,"[24966.0, 6311.0, 2623.0, 15306.0, 77230.0, 14054.0, 17234.0, 12709.0, 10815.0, 9709.0, 12398.0, 7556.0, 7164.0, 18698.0, 9267.0]"
"Eine weitere berühmte Sammlung ist die Sammlung des Königs Faruk von Ägypten, die jedoch nach seiner Absetzung aufgelöst und versteigert wurde. Ebenfalls berühmt wurden die Sammlungen König Carols von Rumänien sowie des Zaren Nikolaus II. von Russland.",deu,deu,"[11745.0, 3281.0, 1282.0, 6762.0, 32390.0, 6439.0, 7875.0, 5703.0, 5163.0, 4631.0, 6022.0, 3599.0, 3855.0, 8513.0, 4747.0]"
"1994 wurde er für den Wahlkreis Somerset und North Devon in das Europäische Parlament gewählt. Zusammen mit Robin Teverson gehörte er damit zu den ersten britischen Liberalen im Europäischen Parlament. Im Parlament schloss er sich mit Teverson der Fraktion der Europäischen Liberalen, Demokratischen und Reformpartei an. Während seiner ersten Amtszeit bis 1999 war Watson Mitglied im Ausschuss für Wirtschaft und Währung sowie im Haushaltsausschuss. Von 1994 bis 1996 war ebenfalls parlamentarischer Geschäftsführer seiner Fraktion.",deu,deu,"[25158.0, 7928.0, 2947.0, 15279.0, 61254.0, 13943.0, 16917.0, 13157.0, 11986.0, 10124.0, 11749.0, 7832.0, 8903.0, 18389.0, 11182.0]"
"Zwischen 1910 und 1945, als Korea Teil des Japanischen Kaiserreichs war, trug die Stadt offiziell den japanischen Namen Shunsen (jap. 春川), welcher der sinojapanischen Aussprache der koreanischen Hanja entspricht.",deu,deu,"[11251.0, 5236.0, 1352.0, 6383.0, 29390.0, 7416.0, 7335.0, 9119.0, 8159.0, 4408.0, 5250.0, 3520.0, 5567.0, 9078.0, 5745.0]"
"Dennoch verfügen die meisten Busse heute über einen Heckmotor, der über eine große Klappe von hinten besser zugänglich ist. Dieser treibt bei Gelenkbussen die Hinterachse an („Schubgelenkbus“), eine Knickwinkelsteuerung reguliert das Gelenk.",deu,deu,"[12610.0, 3179.0, 1262.0, 6774.0, 36728.0, 6390.0, 8021.0, 6231.0, 5205.0, 4564.0, 5803.0, 3531.0, 3649.0, 9216.0, 4665.0]"
"Im Stadtteil Lahnbahnhof befindet sich der Bahnhof mit stattlichem Empfangsgebäude. Das heute aufgrund des Haltepunktcharakters des Bahnhofes völlig überdimensioniert wirkende Gebäude war im Jahre 1863 fertiggestellt worden und zählt mit seinen zwei Türmen zu den größten der Lahntalbahn. Seine besondere Ausschmückung verdankt es der fürstlichen Familie in Braunfels, die den Bahnhof dementsprechend nach ihrem Stammsitz nannte, obgleich er auf Leuner Grund stand. Erst in den 1990er Jahren benannte man den Bahnhof in „Leun/Braunfels“ um.",deu,deu,"[27760.0, 7992.0, 3130.0, 15971.0, 81966.0, 15613.0, 19147.0, 14899.0, 12922.0, 10442.0, 13100.0, 8145.0, 9145.0, 21339.0, 11302.0]"
"Auf dem breiten Unterbau erhebt sich der gedrungene neuromanische Sockel mit der Inschrift Richard Wagner. Die 2,7 Meter hohe Figur Richard Wagners thront auf einem Sessel, wohl im Augenblick der Inspiration den Blick in unbestimmte Fernen gerichtet. Die linke Hand ruht – vielleicht nach Tönen tastend – auf der Sessellehne, während die Rechte zur Faust geballt ein Bündel Notenblätter beschwert. Gestalten aus seinen Werken umgeben den Sockel des im Sinne der Zeit zum Geistesheroen emporstilisierten Komponisten. Vorne am Sockel huldigt Wolfram von Eschenbach aus der Oper Tannhäuser und der Sängerkrieg auf Wartburg mit der Lyra in der Linken – als Einfall Kaiser Wilhelms II. gewissermaßen stellvertretend für die Deutsche Nation – dem Genius Richard Wagners. Der Lorbeerkranz und der Eichenzweig zu seinem rechten Fuß verweisen auf ewigen Ruhm. Der Eichenzweig kann auch als Verweis auf den „deutschen Nationalbaum“ Eiche und damit als nationales Symbol gesehen werden.",deu,deu,"[46998.0, 13271.0, 5004.0, 27980.0, 142037.0, 25874.0, 32954.0, 24715.0, 21403.0, 17934.0, 23417.0, 13688.0, 14433.0, 35034.0, 18531.0]"
"27. Dezember: Jacob August Franckenstein, deutscher Rechtswissenschaftler und Redakteur († 1733) Bernhard Friedrich von Ahlimb, preußischer Oberst und Kommandeur der Garnison in Magdeburg († 1757)",deu,deu,"[11508.0, 4092.0, 1481.0, 6627.0, 26593.0, 6443.0, 7300.0, 6092.0, 5588.0, 4752.0, 5517.0, 3555.0, 4409.0, 8511.0, 5342.0]"
"3. Juni 1973: Haigerloch–HechingenDer 1947 begonnene Busverkehr der HzL umfasst heute ein 800-km-Liniennetz zwischen Reutlingen, Horb, Sigmaringen und Riedlingen.",deu,deu,"[12860.0, 4353.0, 1573.0, 6999.0, 32059.0, 7145.0, 8419.0, 6680.0, 5972.0, 4866.0, 5698.0, 3743.0, 4870.0, 9508.0, 5899.0]"
Der Stifter des Denkmals in der Nähe der Luiseninsel war der Kosmetikproduzent Ludwig Leichner. Der ehemalige Sänger war reich geworden durch die innovativen Produkte seiner Poudre- und Schminkenfabrik. Für die erste bleifreie Bühnenschminke erhielt er Auszeichnungen an der Berliner Gewerbeausstellung 1879 und an der Pariser Weltausstellung.,deu,deu,"[18075.0, 4940.0, 2016.0, 10780.0, 50288.0, 9040.0, 11565.0, 8373.0, 7441.0, 6723.0, 8385.0, 4996.0, 5713.0, 12532.0, 7398.0]"
"Von 1988 bis 1991 veröffentlichte der Verlag beispielsweise die ersten sechs Bella-Block-Romane von Doris Gercke. Auch Übersetzungen bedeutender ausländischer Literatur erschienen hier zum ersten Mal, etwa 1987 Honigberg von Latife Tekin, bevor Großverlage sie später erneut herausbrachten. Der Verlag veröffentlichte außerdem Werke folgender Autoren: Ales Adamowitsch, Maria Bachmann, Annette Berr, Douglas Coupland, Norberto Fuentes, Almudena Grandes, Ernst Kahl, Jörg Schröder, Gerd Spiekermann, Kurt Tucholsky, Najem Wali, Tom Wittgen, Gabriele Wolff.",deu,deu,"[29897.0, 8516.0, 4000.0, 16430.0, 72023.0, 15849.0, 19987.0, 13979.0, 12517.0, 12843.0, 14296.0, 9992.0, 10413.0, 22819.0, 13791.0]"
Die Athos Range wurde erstmals im November 1955 von Teilnehmern der Australian National Antarctic Research Expeditions unter der Leitung des australischen Polarforschers John Béchervaise (1910–1998) besucht. Weitere Erkundungsmärsche in die Region erfolgten 1956 bis 1957. Benannt ist die Gebirgskette nach einer der drei Hauptfiguren aus Alexandre Dumas’ Roman Die drei Musketiere. Die vom australischen Bergsteiger William Gordon Bewsher (1924–2012) vorgeschlagene Benennung Moonlight Range setzte sich nicht durch.,deu,deu,"[27055.0, 9239.0, 3918.0, 16633.0, 65171.0, 15396.0, 17751.0, 14542.0, 13212.0, 10993.0, 13056.0, 8401.0, 10016.0, 20047.0, 12128.0]"
"Nach Angaben des United States Census Bureau breitet sich Georgetown über eine Fläche von 35,5 km² aus, von denen 0 km² mit Wasser bedeckt sind. Georgetown liegt somit zu 100 % auf Land.",deu,deu,"[10162.0, 3631.0, 1272.0, 6110.0, 25809.0, 6136.0, 6909.0, 5800.0, 5194.0, 4389.0, 4643.0, 3514.0, 3944.0, 7746.0, 4636.0]"
"Von 1898 bis 1899 war er Rektor der Friedrich-Wilhelms-Universität Berlin. In den Jahren 1893 bis 1894, 1897 bis 1899, 1901 bis 1902 und 1905 bis 1910 war er stellvertretender Vorsitzender der Berliner Gesellschaft für Anthropologie, Ethnologie und Urgeschichte, in den Jahren 1892, 1896, 1900 und 1903 bis 1904 hatte er den Vorsitz und wurde 1909 deren Ehrenmitglied. 1884 wurde er zum ordentlichen Mitglied der Preußischen Akademie der Wissenschaften gewählt. Seit 1896 war er korrespondierendes Mitglied der Bayerischen Akademie der Wissenschaften. 1900 war er Vorsitzender der Gesellschaft Deutscher Naturforscher und Ärzte. Im Jahr 1916 erhielt er die Cothenius-Medaille der Leopoldina.",deu,deu,"[46824.0, 16689.0, 6378.0, 26877.0, 115255.0, 27357.0, 31052.0, 26121.0, 23754.0, 18922.0, 23369.0, 14750.0, 18723.0, 35059.0, 22203.0]"
"Ein goldener Mond, der auf eine Brücke und Wasser herabsieht. Das Wappen geht auf das alte Stadtsiegel aus dem Jahre 1664 zurück. Damals dachte man, der Name Leun gehe auf das lateinische Wort für Mond „luna“ zurück, Leun müsse also von den Römern gegründet worden sein. Das Wasser auf dass er scheine symbolisiere das Leuner Becken, das oft bei Hochwasser wie ein See überflutet ist. Heute nimmt man jedoch an, der Name Leun stamme vom keltischen Namen der Lahn „Loyne“ ab.",deu,deu,"[25187.0, 6842.0, 2890.0, 15543.0, 75811.0, 13723.0, 18728.0, 13128.0, 11218.0, 10267.0, 12633.0, 7946.0, 7878.0, 18597.0, 9897.0]"
"Ab August 1958 wurde der ersten Ausführung eine stärkere Variante zur Seite gestellt. Ihr Motor hatte 688 cm³ Hubraum und leistete 30 PS (22 kW). Die Höchstgeschwindigkeit betrug 110 km/h, die Beschleunigung 40 s (0 − 100 km/h). Der Verbrauch stieg auf 5,8 l/100 km.",deu,deu,"[19889.0, 5939.0, 2264.0, 11358.0, 50508.0, 10730.0, 13529.0, 10350.0, 8732.0, 7962.0, 9709.0, 6047.0, 6539.0, 13357.0, 8075.0]"
"Die Wewelsburg war zu Beginn von Dietrichs Amtszeit noch im Pfandbesitz der Edelherren von Büren. Der Bischof löste den Pfand 1598 ein. Damit verfügte er über eine Befestigung im Südwesten seines Territoriums. Dies war besonders wichtig, um den Bestrebungen der protestantischen Edelherren nach mehr Selbständigkeit entgegentreten zu können. Dietrich ließ die Burg zu einer Dreiflügelanlage ausbauen.",deu,deu,"[20189.0, 5808.0, 2276.0, 11259.0, 60692.0, 11346.0, 13328.0, 10478.0, 9278.0, 7698.0, 9802.0, 5769.0, 6683.0, 15443.0, 8520.0]"
"Der Jubileiny-Sportkomplex (russisch Спортивный комплекс «Юбилейный») ist eine Multifunktionsarena in Sankt Petersburg, Russland. Sie befindet sich in der Nähe des Petrowski-Stadions und ist über die Metrostation Sportiwnaja erreichbar.",deu,deu,"[16802.0, 4310.0, 1407.0, 6926.0, 29570.0, 7934.0, 7985.0, 6698.0, 6521.0, 5056.0, 16359.0, 3748.0, 5453.0, 9532.0, 5971.0]"
"Evangelisch-lutherische Filialkirche St. Leonhard, die im 13. Jahrhundert als Wehrkirche errichtet wurde und erhalten geblieben ist, jedoch mit einigen Umbauten im Inneren der Kirche.",deu,deu,"[10081.0, 3008.0, 1149.0, 5493.0, 27262.0, 5902.0, 6648.0, 5565.0, 4949.0, 3898.0, 4651.0, 2885.0, 3392.0, 8547.0, 4164.0]"
"Die römisch-katholische Kapelle befindet sich im oberschwäbischen Westerhart, einem Ortsteil von Buxheim, im Landkreis Unterallgäu (Bayern). Die Kapelle steht unter Denkmalschutz.",deu,deu,"[9962.0, 3219.0, 1044.0, 5432.0, 26577.0, 5671.0, 6885.0, 5155.0, 4713.0, 3876.0, 4389.0, 2871.0, 3787.0, 8134.0, 4788.0]"
"Große Bedeutung haben auch Getreide und Obst. Die „Hessische Nationalfrucht“ (Apfel) ist auch heute auf zahllosen Streuobstwiesen zu finden. Er wird zu Apfelwein, Apfelsaft und als Koch- und Backzutat verwendet.",deu,deu,"[12093.0, 3246.0, 1277.0, 6587.0, 36016.0, 6528.0, 8002.0, 5911.0, 5067.0, 4739.0, 5746.0, 3427.0, 3598.0, 8943.0, 4602.0]"
Zoltán Szélesi [ˈzoltaːn ˈseːlɛʃi] (* 22. November 1981) ist ein ehemaliger ungarischer Fußballspieler. Bis Juli 2016 war er Co-Trainer von Bernd Storck und Andreas Möller bei der ungarischen Nationalmannschaft. Derzeit betreut er die U-17 Ungarns.,deu,deu,"[21290.0, 6812.0, 2443.0, 10171.0, 39328.0, 10955.0, 13413.0, 10500.0, 9839.0, 7940.0, 9501.0, 5911.0, 8117.0, 16536.0, 9566.0]"
Im Mai 2016 war der Sportkomplex einer der beiden Austragungsorte der Eishockey-Weltmeisterschaft der Herren 2016 und wurde vor diesem Turnier im Innern renoviert.,deu,deu,"[9093.0, 2622.0, 1088.0, 5297.0, 25957.0, 4726.0, 6243.0, 4593.0, 3835.0, 3572.0, 4512.0, 2646.0, 2965.0, 6121.0, 3603.0]"
"Um 1530 wurde der Tiergarten durch den Mainzer Kurfürsten und Erzbischof Albrecht von Brandenburg vergrößert. Entlang der heutigen Platanenallee wurde ein Küchengarten angelegt, die alte Mauer wurde abgerissen und eine neue Mauer mit Rundtürmen an den jeweiligen Ecken errichtet.",deu,deu,"[13024.0, 4011.0, 1473.0, 7513.0, 38917.0, 7636.0, 9425.0, 7158.0, 6305.0, 6255.0, 6243.0, 4362.0, 4351.0, 10301.0, 5390.0]"
"6 Triosonaten für Flöte, Violine und B.c. op.2 (Paris, 1737) unter dem Titel """"Six sonates en trio Pour le Violon Flûte Et Basse continüe Dediées A S.A.R. La Princesse d'Oranges Oeuvre 2e, Paris, 1737",fra,deu,"[14107.0, 4781.0, 2483.0, 27370.0, 23780.0, 7158.0, 20074.0, 7316.0, 6231.0, 12493.0, 6338.0, 10167.0, 6758.0, 10985.0, 8339.0]"
"Archäologische Ausgrabungen bezeugen, dass das Gebiet von Mombach bereits in prähistorischer Zeit besiedelt war. Aus der Frühbronzezeit wurde beispielsweise ein Flachbeil in Mombach gefunden. Auch aus römischer Zeit liegen zahlreiche Funde vor. Die Gründung des Ortes erfolgte vermutlich im Zuge der fränkischen Landnahme. In dieser Zeit entstand Mombach, wahrscheinlich aus dem fränkischen Namen Muno (Munno) oder dem keltischen Mouno. Der Ortsname wird gedeutet als Bachsiedlung des Munno. Mombach wurde erstmals im Jahre 1256 urkundlich erwähnt.",deu,deu,"[26426.0, 7530.0, 3077.0, 15702.0, 77791.0, 14568.0, 19614.0, 14220.0, 12177.0, 10850.0, 12791.0, 8231.0, 8818.0, 19753.0, 10932.0]"
"Am Anfang war das Feiern des Unabhängigkeitstages von Ernsthaftigkeit geprägt und staatlich gelenkt, und nach dem finnischen Bürgerkrieg war der Tag politisch rechts geprägt. Erst nach dem Winterkrieg waren die Finnen wieder geeint. Heutzutage legt die Mehrheit des Volkes Wert auf den Unabhängigkeitstag und feiert ihn zum Beispiel (am Vortag) in der Schule oder mit der Familie. In den Schulen wird gesungen, werden Kerzen entzündet (s.o.) und die Schüler der gymnasialen Oberstufe, die die Abschlussprüfungen im Herbst abgelegt haben, werden offiziell zu Abiturienten erklärt. Die Traditionen zu Hause schwanken von Familie zu Familie. Eine der bekanntesten, das Zusammengehörigkeitsgefühl stärkenden Traditionen ist das Schauen der TV-Übertragung vom Empfang im Präsidentenschloss. Im Fernsehen werden zahlreiche vaterländische Filme wie Kreuze in Karelien gezeigt.",deu,deu,"[41909.0, 11592.0, 4144.0, 22766.0, 124122.0, 22010.0, 26947.0, 21153.0, 18272.0, 15426.0, 21943.0, 11680.0, 12800.0, 29821.0, 15972.0]"
"Junger Gouda schmeckt rahmig und mild, die Käsemasse ist weich bis fast cremig und von fast weißer bis hellgelber Farbe. Erst bei längerer Reifezeit entwickelt sich ein zunehmend kräftiger, würziger Geschmack. Gleichzeitig wird der Käse trockener und dunkelt zu einem intensiven Goldgelb. Überjähriger Gouda schmeckt intensiv würzig und leicht scharf.",deu,deu,"[17322.0, 4605.0, 1752.0, 9711.0, 49890.0, 9213.0, 11215.0, 8528.0, 7145.0, 6549.0, 8349.0, 4760.0, 5320.0, 12295.0, 6466.0]"
"Der Computerspieleproduzent Gabriel (Reynolds) macht mit seiner Frau Mary (McCarthy) und seiner stummen Tochter Noelle (Fanning) einen Ausflug mit dem Auto in den Wald. Bei der Rückkehr stellen sie fest, dass die Batterie des Autos leer ist. Gabriel versucht den Highway für einen besseren Handyempfang zu erreichen. Dort trifft er auf Sierra (Davis), die ihm zunächst nicht helfen will, ihm später jedoch anbietet, ihn mit ihrem Wagen in die Stadt mitzunehmen. Auf einer langen Wanderung durch den Wald teilt sie ihm mit, dass sie ihn kenne und dass sie ihren Ex-Freund umgebracht habe, weil dieser seine Zeit nur noch mit einem von Gabriels Spielen verbracht habe. Mittlerweile schauen sich Mary und Noelle die Videoaufnahmen an, die sie während des Ausfluges gemacht haben. Plötzlich sagt Noelle „er wird nicht wiederkommen“ und zeigt ihrer Mutter den Film. Man sieht jetzt, dass der Ausflug der drei eigentlich eine Szene aus der Serie „Knowing“ aus dem zweiten Teil ist. Unterdessen teilt Sierra Gabriel mit, dass dies eine Intervention sei und dass sich Gabriel als höheres Wesen in einer von ihm erschaffenen Welt befände, aus der er nicht mehr heraus wolle. Sie erklärt ihm weiterhin, dass er diese Welt nur freiwillig verlassen könne. Wieder zurück bei Mary ist Noelle inzwischen verschwunden und panisch macht sich Mary auf die Suche nach ihr. In diesem Moment kommt Gabriel mit seiner Tochter auf der Schulter den Weg herunter und die drei fahren nach Hause. Dort teilt Mary ihm mit, dass sie wisse, dass er ein höheres Wesen sei und fragt ihn, was passieren würde, wenn er die Welt verlassen würde. Gabriel erwidert, er wisse es nicht, im schlimmsten Fall würde die Welt sich auflösen. Die beiden verabschieden sich voneinander und Gabriel reißt das grüne Armband aus dem Vorspann ab, welches alle drei Inkarnationen von ihm getragen haben, und beendet das Spiel. Kurz darauf findet sich Mary mit ihrer Tochter und einem anderen Ehemann in ihrer Küche wieder und sagt „Danke“ in Richtung Himmel.",deu,deu,"[81966.0, 22466.0, 10006.0, 49344.0, 268933.0, 47609.0, 56666.0, 43357.0, 37598.0, 34008.0, 40491.0, 26493.0, 24896.0, 60579.0, 31441.0]"
"Johann Kaspar Bundschuh: Gödeldorf. In: Geographisches, statistisch-topographisches Lexikon von Franken. Band 2: El–H. Verlag der Stettinischen Buchhandlung, Ulm 1800, DNB 790364298, OCLC 833753081, Sp. 347 (Digitalisat).",deu,deu,"[22785.0, 8881.0, 2867.0, 11869.0, 43223.0, 14479.0, 14481.0, 12681.0, 11898.0, 9240.0, 10850.0, 7274.0, 10445.0, 18556.0, 12058.0]"
"Nautisch-Physikalischer Theil: Geographische Ortsbestimmungen und Flutbeobachtungen.– Magnetische Beobachtungen. 1 Band. Wien 1862–65, (Digitalisat)",deu,deu,"[10023.0, 3302.0, 1232.0, 5945.0, 23749.0, 5626.0, 6580.0, 5352.0, 4614.0, 3962.0, 4701.0, 3041.0, 3738.0, 7410.0, 4554.0]"
"Den Spitznamen „Zuma the Puma“, den er bereits zu Kopenhagener Zeiten hatte, hat er wohl seiner Schnelligkeit und seinem Laufstil zu verdanken, der an die Geschmeidigkeit einer Wildkatze erinnert.",deu,deu,"[11281.0, 2843.0, 1207.0, 5745.0, 29191.0, 5593.0, 7330.0, 5239.0, 4575.0, 4152.0, 4501.0, 3174.0, 3239.0, 7557.0, 4031.0]"
"Die weiteren Details entsprachen dagegen nicht den Cyclecars. Der Vierzylindermotor war wassergekühlt. Er hatte 2016 cm³ Hubraum und lag damit deutlich über dem Hubraumlimit für Cyclecars, das bei 1100 cm³ lag. Die Motorleistung wurde über ein Zweiganggetriebe und eine Kardanwelle an die Hinterachse übertragen. Ungewöhnlich war eine verstellbare Lenksäule.",deu,deu,"[20376.0, 5634.0, 2151.0, 11999.0, 58314.0, 10721.0, 13573.0, 10610.0, 9051.0, 7953.0, 9306.0, 6049.0, 6414.0, 14522.0, 8112.0]"
"Wurden alle Stiche gespielt, folgt die Wertung für die Runde. Grundsätzlich zählt jeder Stich einen Punkt, ferner werden Bonus- und Minuspunkte entsprechend der Wertungsregeln gegeben.",deu,deu,"[8219.0, 2171.0, 837.0, 4618.0, 24142.0, 4402.0, 5743.0, 4212.0, 3425.0, 3195.0, 3953.0, 2367.0, 2585.0, 5631.0, 3128.0]"
"Bei der Drehung beginnt sich das linke Bein auf dem Fußballen in Wurfrichtung zu drehen. Das Körpergewicht verlagert sich auf das linke Bein. Sobald das linke Bein einen Winkel von etwa 120° zur Wurfrichtung erreicht hat, drückt sich das rechte vom Boden ab. Der Fuß des leicht gebeugten rechten Beines bewegt sich auf einem optimalen Radius in Richtung des vorderen Kreisrandes. Durch diesen relativ großen Abstand zwischen rechtem Fuß und Wurfarm kommt es zu einer besseren Verwringung während der Drehung. Sobald die Körperfront in Wurfrichtung weist, hebt der linke Fuß vom Boden ab. Dadurch entsteht die Flugphase der Drehung: Der Werfer bewegt sich vorwärts und führt gleichzeitig eine Drehbewegung aus.",deu,deu,"[31899.0, 8962.0, 3163.0, 17510.0, 98792.0, 16869.0, 20599.0, 16467.0, 13672.0, 12450.0, 15595.0, 9307.0, 9596.0, 22412.0, 11945.0]"
"In der Kirche sind noch viele Teile der ursprünglichen Ausstattung vorhanden. Dazu gehört ein barocker Altar aus dem Jahre 1652, der in einer Königsberger Werkstatt stammt. Der mit zahlreichen Figuren geschmückte Altar weist lateinische und deutsche Inschriften auf. Die Kanzel stammt vom Anfang des 17. Jahrhunderts; sie wurde im 18. Jahrhundert umgebaut.",deu,deu,"[16289.0, 4910.0, 1895.0, 8991.0, 47161.0, 9005.0, 11208.0, 8698.0, 7369.0, 6204.0, 8178.0, 4710.0, 5202.0, 11853.0, 6386.0]"
"Baukunst (frz. Originaltitel Architectures) ist eine Dokumentarreihe des Senders ARTE, die auf dem Sendeplatz für „Kunst und Kultur“ ausgestrahlt wird.",deu,deu,"[8232.0, 2408.0, 1001.0, 7574.0, 23146.0, 4372.0, 6792.0, 4358.0, 3655.0, 3933.0, 3877.0, 3064.0, 2780.0, 5885.0, 3366.0]"
"Holger Lode (* 14. April 1967 in Pfullendorf) ist ein deutscher Facharzt für Pädiatrie. Er ist Universitätsprofessor, Leiter der Allgemeinen Pädiatrie und pädiatrischen Hämatologie und Onkologie sowie Geschäftsführender Direktor des Zentrum für Kinder und Jugendmedizin an der Universitätsmedizin Greifswald. Lode ist bekannt für seine Arbeiten auf dem Gebiet",deu,deu,"[17220.0, 5243.0, 1980.0, 9940.0, 45586.0, 9183.0, 11069.0, 8533.0, 7493.0, 6577.0, 8095.0, 5117.0, 6132.0, 11709.0, 7640.0]"
"Eine historische Zäsur in der Entwicklung von Mainz und Mombach bedeutete der Erste Weltkrieg. 1918 besetzten die Franzosen erneut Mainz und das Rheinland, sie verließen es erst 1930 wieder, die Wirtschaftslage verschlechterte sich. Das Militärgelände am Polygon wurde großflächig zur Anlage von Obstplantagen an die Landwirtschaft verkauft. 1937 wurde die Kathenkaserne, teils auf Mombacher, teils auf Gonsenheimer Gemarkung fertiggestellt. (→ Rheinlandbesetzung (1936))",deu,deu,"[24151.0, 7020.0, 2933.0, 14313.0, 70740.0, 12878.0, 16661.0, 12316.0, 10720.0, 9355.0, 11478.0, 7245.0, 7885.0, 17126.0, 9646.0]"
"Ein sehr trauriges Kapitel in der Geschichte der Gäugemeinde beginnt mit dem Dreißigjährigen Krieg, in dem Hungersnot, Pest und Seuchen unter der Bevölkerung wüteten. Ein Großteil der Äcker lag brach. Plünderndes Kriegsvolk misshandelte die Bewohner, stahl Vieh von Pflug und Wagen. Lange Jahre hatte die Gemeinde unter Quartierlasten und Truppendurchzügen zu leiden; dazu kamen häufig Unwetter die die Ernten vernichteten.",deu,deu,"[22222.0, 5807.0, 2287.0, 11775.0, 65742.0, 11552.0, 14260.0, 10720.0, 9412.0, 8077.0, 10518.0, 6095.0, 6533.0, 15974.0, 8478.0]"
"Jedes Heft setzt sich intensiv mit einem Schwerpunktthema auseinander. Daneben enthält es noch allgemeinpädagogische Themenbereiche und ein umfangreiches Magazin mit Rezensionen, Kommentaren, Veranstaltungshinweisen etc. Neben den auf thematische Schwerpunkte konzentrierten Theorie- und Praxisbeiträgen erhöhen Illustrationen, Karikaturen und eine gelungene Gestaltung die Anprechbarkeit und Lesefreude... Praxisnähe, Allgemeinverständlichkeit und die Kürze der Beiträge sind die drei Eckpfleiler der wirklich empfehlenswerten Zeitschrift (Schüttler-Janikulla 1989, S. 5).",deu,deu,"[28379.0, 7820.0, 3127.0, 16035.0, 82824.0, 14682.0, 18751.0, 14382.0, 12117.0, 10531.0, 13625.0, 8099.0, 9150.0, 20058.0, 11439.0]"
"Viele solcher internationalen Transkriptionen basieren entweder auf einer Verwendung in der Library of Congress (in Nordamerika) oder auf dem British Standard in Großbritannien. Ein solches vereinfachtes System lässt in der Regel die Diakritika und Holmen weg, vereinfacht die Endungen -yj und -ij auf """"-y"""" und ignoriert die ukrainischen weichen Zeichen (ь) und Apostrophen ('), und ersetzen können ya, ye, yu, yo für ia, io dh iu, auf die Anfänge der Worte. Es kann dabei auch zu weiterem Vereinfachungen von doppelten Buchstaben kommen.",deu,deu,"[28850.0, 7936.0, 3114.0, 15012.0, 68826.0, 15179.0, 17217.0, 13743.0, 12329.0, 9980.0, 19592.0, 8118.0, 10007.0, 19382.0, 11630.0]"
"Nachdem Ferdinand Magellans Versuch einer Weltumsegelung von 1519 bis 1522 erfolgreich war und er dabei mit der Magellanstraße einen neuen Seeweg zum Pazifik (und in weiterer Folge zu den Gewürzinseln im Indischen Ozean) gefunden hatte, stattete der spanische König Karl I. (Kaiser Karl V.) eine weitere Expedition aus, um sich den neuentdeckten Seeweg zu Nutze zu machen. Der Adelige Loaísa wurde mit dem Kommando betraut, ihm unterstanden sieben Schiffe und mehr als 450 Mann, darunter Verwaltungsbeamte und Händler, da geplant war, die Länder entlang der Route für Spanien in Besitz zu nehmen und wirtschaftlich zu nutzen. Als Chefnavigator fungierte Juan Sebastián Elcano, der nach Magellans Tod (1521) dessen Weltumsegelung vollendet hatte. In weiterer Folge sollte es sich als problematisch herausstellen, dass Loaísas Geschwader aus Schiffen unterschiedlicher Bauart bestand, die sich in Größe und Geschwindigkeit unterschieden.",deu,deu,"[45273.0, 13456.0, 5338.0, 25604.0, 130145.0, 26590.0, 32261.0, 24018.0, 21174.0, 20953.0, 21650.0, 17364.0, 14958.0, 33374.0, 18248.0]"
"Seit vielen Jahren stellt Isaak Liebmann (orig. Bodkins) in seiner kleinen Fabrik Stofftiere her. Er nennt sie liebevoll „Zaubertiere“. Die Aufgabe der Zaubertiere besteht darin, Kinder zu trösten und ihnen Freude zu bereiten. Die Zaubertiere nennen ihren Schöpfer „Vater Isaak“. Für ihn sind die Zaubertiere seine Kinder.",deu,deu,"[15619.0, 4037.0, 1698.0, 8704.0, 47220.0, 7951.0, 10762.0, 7623.0, 6223.0, 5890.0, 7862.0, 4641.0, 4417.0, 10573.0, 5733.0]"
"Der FC Köniz ist ein Schweizer Fussballclub aus Köniz im Kanton Bern und der grösste Verein in der Gemeinde. Die erste Mannschaft spielt derzeit in der Promotion League, was die drittrangige Liga ist.",deu,deu,"[9745.0, 2594.0, 1017.0, 7648.0, 27424.0, 4981.0, 7861.0, 4789.0, 4099.0, 4277.0, 4363.0, 3388.0, 3433.0, 7177.0, 4030.0]"
"Lukas Grünenwald war historisch sehr interessiert und als Heimatgeschichtler tätig. Er zählte zu den Mitbegründern des Speyerer Museumsbauvereins, von 1896 bis 1903 wirkte er als Konservator am Historischen Museum der Pfalz. Der Lehrer gehörte viele Jahre dem Vorstand des Historischen Vereins der Pfalz an, 1903 hatte man ihm dort die Ehrenmitgliedschaft verliehen; als ordentliches Mitglied wirkte er in der Pfälzischen Gesellschaft zur Förderung der Wissenschaften. Eifrig verfasste Grünenwald Beiträge für die heimatgeschichtlichen Publikationen Pfälzisches Museum, Palatina und Mitteilungen des Historischen Vereins der Pfalz. Bei der Zeitschrift Pfälzisches Museum betätigte er sich von 1889 bis 1896 als Schriftleiter. Außerdem verwaltete der Lehrer von 1907 bis 1914 als Bibliothekar die Gymnasial- und Kreisbibliothek in Speyer, die später den Grundstock für die heutige Landesbibliothek bildete.",deu,deu,"[46080.0, 13866.0, 5472.0, 27119.0, 133097.0, 25731.0, 31834.0, 24055.0, 21328.0, 17845.0, 22208.0, 13652.0, 16070.0, 35310.0, 19982.0]"
"Hans Fründ war vermutlich Bürger der Stadt Luzern, wo er seine Ausbildung erhielt und bis 1437 als Unterschreiber der Stadtkanzlei unter Egloff Etterlin angestellt war. Nach Ausbruch des Alten Zürichkriegs erhielt er in Schwyz die Stelle eines Landschreibers. In dieser Funktion diente er als eidgenössischer Feldschreiber (Chronist) und nahm an mehreren Tagsatzungen als Schreiber teil. 1441 ist er als Notar mit kaiserlicher Zulassung belegt. Als Schreiber des Standes Schwyz hat Hans Fründ unter anderem im Mai 1444 die Belagerung von Greifensee durch Innerschweizer Heerhaufen und die Hinrichtung der Zürcher Besatzung dokumentiert. Fründs Schilderung des Massakers in der «Chronik des Alten Zürichkriegs» ist sachlich und nicht frei von Parteinahme, dennoch mit unverhohlener Anteilnahme am Schicksal der Belagerten und ihrer Familien. Nach dem Tod des Amtsinhabers Hans Sax bewarb sich Fründ für die Stelle des Stadtschreibers in Luzern. Aus Rücksicht auf die Verdienste Fründs und die politische Stellung des zweiten Stellenbewerbers wurde eine Reorganisation der Staatskanzlei vorgenommen und die Protokollführung in Rat und Gericht getrennt: Am 31. Juli 1461 wurde Melchior Russ zum Stadtschreiber und Fründ zum Gerichtsschreiber ernannt.",deu,deu,"[62824.0, 17937.0, 7154.0, 42011.0, 183270.0, 34274.0, 46458.0, 31729.0, 28644.0, 25275.0, 30011.0, 18429.0, 20954.0, 47065.0, 26439.0]"
"Die P-66 wurde 1943 in China schließlich weitestgehend von der Curtiss P-40 abgelöst. Einige verbliebene P-66 wurden in Höhlen in Chongqing eingelagert, um später im Bürgerkrieg gegen Mao Zedongs Truppen eingesetzt zu werden. Noch 1947 sollen viele davon noch in ihren Holzkisten gelegen haben.",deu,deu,"[15949.0, 6480.0, 2149.0, 8946.0, 42922.0, 9566.0, 10569.0, 9389.0, 8402.0, 6387.0, 7370.0, 4987.0, 6361.0, 12623.0, 7658.0]"
"Finnland war von 1808 bis 1917 ein autonomes Großfürstentum und Teil des russischen Reiches. Die am 7. November gestartete Oktoberrevolution in Russland ermöglichte die Loslösung Finnlands von Russland. Der finnische Senatsführer Per Evind Svinhufvud verkündete am 6. Dezember Finnlands Unabhängigkeit. Die Unabhängigkeitserklärung war zuvor vom Parlament mit 100:88 Stimmen akzeptiert worden. Anders als dieses Abstimmungsergebnis verstehen lässt, stand das gesamte Parlament geschlossen hinter der Entscheidung, die Unabhängigkeit zu proklamieren. Die Sozialdemokraten waren lediglich mit der schnellen Verfahrensweise unzufrieden. Die neue sowjetrussische Regierung erkannte Finnlands Unabhängigkeit am 31. Dezember 1917 an. Diesem Beispiel folgte daraufhin auch ein Großteil der europäischen Länder. In Konsequenz auf die Erlangung der Unabhängigkeit kam es zur Verfassungskrise, die das Land in einen Bürgerkrieg stürzte, der vom 27. Januar bis zum 5. Mai 1918 anhielt. Die meisten demokratischen Staaten erkannten Finnlands Unabhängigkeit nach den ersten Reichstagswahlen 1919 an.",deu,deu,"[55872.0, 16629.0, 6203.0, 30414.0, 146839.0, 29584.0, 35916.0, 28815.0, 25322.0, 20084.0, 32337.0, 15565.0, 18421.0, 39374.0, 22025.0]"
31. Mai: Französische Truppen plündern die Königsgräber im Speyerer Dom und stecken den im Dom vermeintlich sicher eingelagerten Hausrat von Bürgern in Brand. Der Kirchenbau wird vom Feuer schwer beschädigt. Am selben Tag zerstören die Franzosen die Stadt Worms. Dem großen Stadtbrand fallen der Dom und zahlreiche Wohn- und Sakralbauten der Stadt zum Opfer.,deu,deu,"[18803.0, 5392.0, 1907.0, 10279.0, 51743.0, 9613.0, 11892.0, 9295.0, 8094.0, 6762.0, 8511.0, 5179.0, 5530.0, 13547.0, 7213.0]"
"Siehe Arion Rosu: L'oeuvre de Joseph Hackin. Bibliographie. In: Bulletin de l'Ecole française d'Extrême-Orient Bd. 55, 1969, S. 233–244 (Digital).",deu,deu,"[11697.0, 3914.0, 1873.0, 20021.0, 20190.0, 5878.0, 14386.0, 6102.0, 5173.0, 8110.0, 5085.0, 6604.0, 5281.0, 8477.0, 6331.0]"
"Eine Transliteration setzt hier nicht auf die Aussprache, sondern gibt die Schreibweise des ukrainischen Textes in einer anderen Schrift (etwa der lateinischen) buchstabengetreu wieder. Ziel ist es, ukrainische Texte mit der lateinischen Schrift so präzise darzustellen, dass der kyrillisch geschriebene Text einfach und eindeutig rekonstruiert werden kann. Transliterationen werden in der Regel in wissenschaftlichen Kreisen, in der Literatur, in Bibliotheken und dergleichen verwendet. Die Transliteration des Ukrainischen in die lateinische Schrift ist in DIN 1460 genormt.",deu,deu,"[27240.0, 7416.0, 2799.0, 15339.0, 78994.0, 14970.0, 17366.0, 13991.0, 12205.0, 9852.0, 17329.0, 7459.0, 8385.0, 19277.0, 10161.0]"
"Dars-i Nizami (Urdu: درسِ نظامی), auch """"Dars-e Nizami"""", das Curriculum Nizam ud Dins, ist ein Studien-Curriculum, das in traditionellen islamischen Institutionen, insbesondere auf dem indischen Subkontinent verwendet wird. Es hat seinen Ursprung im Indien des frühen 18. Jahrhunderts und wurde von Mullah Nizam ud Din Sehalvi (gest. 1748) am Farangi Mahall standardisiert (und nach ihm benannt), einem berühmten Seminar einer Familie islamischer Gelehrter (ulema) in Lucknow (Lakhnau), Indien.",deu,deu,"[26033.0, 9558.0, 3430.0, 13589.0, 54153.0, 35997.0, 15402.0, 15114.0, 14809.0, 10081.0, 11563.0, 7902.0, 12148.0, 27539.0, 13545.0]"
"Als Weiterentwicklung dieser Idee sah Arendt den Unterflurmotor, dessen Konzept jedoch bei Büssing zuerst noch keine Unterstützung fand. Er wechselte deshalb 1929 zu Hanomag, wo nach weiterer Entwicklung kurze Zeit später der erste Unterflurmotor der Welt in einem Hanomag-Fahrgestell vorgestellt werden konnte. Aber auch bei Hanomag wurden seine Ideen nicht weiter mitgetragen, sodass Arendt 1934 wieder zu Büssing zurückkehrte. Dort konnte er, nachdem Büssings Chefkonstrukteur Willy Staniewicz das Unterflurkonzept gegen stärkste Widerstände durchgesetzt hatte, in der Folgezeit die Konstruktion des Reihen-Sechszylinder-Unterflur-Dieselmotors vollenden.",deu,deu,"[30612.0, 9038.0, 3568.0, 17961.0, 93124.0, 17391.0, 20778.0, 16832.0, 14550.0, 12017.0, 14598.0, 9252.0, 9694.0, 23591.0, 12078.0]"
"Eine Instandsetzung wurde in einem Projektwettbewerb geplant und anfangs 2010 wurde begonnen: Im betroffenen Abschnitt wird das Tunnelgewölbe stückweise entfernt, dahinter wird ein 6 Meter hoher und 3,5 Meter breiter Betonriegel eingebaut. Mit bis zu 15 Meter langen Stahlankern und Mikropfählen wird der Betonriegel zusätzlich im Gestein verankert. Diese Konstruktion soll in Zukunft den Druck aus der quellenden Gesteinsschicht aufnehmen und so verhindern, dass sich die Tunnelsohle weiter anhebt. Der ursprüngliche Abschlusstermin Ende Oktober 2010 konnte dabei nicht gehalten werden, weil man erneut auf instabiles Gestein stiess, er wurde auf Juli 2011 neu avisiert. Die Sanierung wird sich dadurch auch über die zunächst geplanten 15 Mio. Schweizer Franken hinaus verteuern.",deu,deu,"[38005.0, 10832.0, 4072.0, 22643.0, 117746.0, 21245.0, 27303.0, 20592.0, 17502.0, 14484.0, 18174.0, 10782.0, 11805.0, 28331.0, 14679.0]"
"Als Mitglied ist er in der Konferenz der Delegationsvorsitze, im Ausschuss für auswärtige Angelegenheiten und in der Delegation für die Beziehungen zur Volksrepublik China.",deu,deu,"[8114.0, 2273.0, 756.0, 5152.0, 21408.0, 4138.0, 5616.0, 3882.0, 3430.0, 3322.0, 3856.0, 2577.0, 2712.0, 5672.0, 3419.0]"
"In diese Zeit fällt auch die Trockenlegung der ausgedehnten, niedriggelegenen Feld- und Wiesengelände entlang des Rheines, durch ein Damm- und Grabensystem. Mittels eines nahe der Stadt angelegten Stau- und Schleusensystems, der Inondationsschanze, konnte das Gartenfeld vor dem westlichen Außenwall im Belagerungsfall geflutet werden. Damit konnten sich die Verteidiger auf die Linien der Süd- und Ostwälle konzentrieren. Der weithin wässrige Boden erschwerte potentiellen Belagerern das Anlegen von Trinkwasserbrunnen, Laufgräben, Kommunikationswegen sowie trockenen Unterkünften und Batterien.",deu,deu,"[29556.0, 8462.0, 3159.0, 17172.0, 91355.0, 16087.0, 20734.0, 15834.0, 13941.0, 11236.0, 14086.0, 8180.0, 9365.0, 22549.0, 11710.0]"
"Verteidigungsausschuss als Untersuchungsausschuss """"Verfahren wegen der Äußerungen des Generalmajors Paul Herrmann am 13. August 1956 betr. Kriegsdienstverweigerer"""" (1956)",deu,deu,"[11088.0, 3334.0, 1283.0, 6530.0, 28957.0, 5891.0, 7329.0, 5815.0, 4891.0, 4354.0, 5382.0, 3351.0, 3720.0, 8226.0, 4450.0]"
"Fridtjof Paumgarten (* 6. Jänner 1903 in Graz; † 12. März 1986 in Wien) war ein österreichischer Skisportler, der im Skilanglauf, Skispringen und in der Nordischen Kombination startete. Paumgarten entstammt einer sportbegeisterten Familie und kam schon relativ früh zum Skisport. Seine jüngeren Geschwister Harald und Gerda waren ebenfalls erfolgreiche Skisportler.",deu,deu,"[24042.0, 6738.0, 2677.0, 12384.0, 58661.0, 12004.0, 14955.0, 11288.0, 10149.0, 8832.0, 10494.0, 6560.0, 7798.0, 16258.0, 9613.0]"
Am 2. März 1370 wurde Allendorf durch Landgraf Heinrich II. zur Stadt erhoben und erhielt Marburger Recht mit Wochenmarkt unter Befreiung von Bede und Schatzung zugunsten des Mauerbaus. Die Befestigung des Ortes sollte die Verbindungswege von Marburg nach Grünberg und von Amöneburg nach Mainz kontrollieren.,deu,deu,"[15614.0, 4446.0, 1793.0, 8801.0, 44981.0, 8762.0, 10942.0, 7920.0, 7111.0, 6247.0, 7306.0, 4702.0, 5363.0, 11643.0, 6765.0]"
"Muhammad Qasim Zaman: Religious Education and the Rhetoric of Reform: The Madrasa in British India and Pakistan. In: Comparative Studies in Society and History. 41, Nr. 2, April 1999, S. 294–323.",hin,deu,"[10008.0, 4713.0, 3369.0, 5204.0, 11092.0, 13885.0, 5976.0, 5943.0, 5649.0, 4380.0, 4252.0, 3348.0, 5778.0, 8992.0, 5964.0]"
"Auf der Höhe von Muttenz zweigt die zweigleisige Neubaustrecke von der Stammlinie (siehe Bözbergbahn und Hauensteinlinie) ab. Sie erstreckt sich in Richtung Südost und unterquert die Lachmatt. Der Adler, der dem Tunnel seinen Namen gibt, ist eine Erhebung des Jura-Gebirges auf 535 m ü. M. bei",deu,deu,"[18037.0, 5011.0, 1967.0, 11579.0, 52110.0, 9611.0, 13128.0, 9213.0, 8104.0, 7032.0, 8085.0, 5244.0, 6171.0, 13962.0, 7732.0]"
"Zu den wichtigsten Unterlagen des Philatelisten zählt der Briefmarkenkatalog. Es gibt meist mehrere verschiedene Kataloge für ein bestimmtes Sammelgebiet. Für weitere ergänzende Informationen dienen Fachzeitschriften für Briefmarken, in denen meist auch die neuesten Briefmarken des jeweiligen Landes vorgestellt werden. Außerdem wird das Studium von Handbüchern bzw. Spezialliteratur zu einzelnen Sammelgebieten unerlässlich, wenn ein Philatelist sich spezialisiert, d. h. sich auf ein oder mehrere überschaubare Gebiete festlegt. Dieser weiterführenden philatelistischen Literatur ist sehr viel mehr zu entnehmen als den Briefmarkenkatalogen: z. B. Auflistung und Bewertung von Spezialitäten (Plattenfehlern, Stempeln u. ä.), genaue Beschreibung der Echtheitsmerkmale der einzelnen Ausgaben, Erkennen von Fälschungen u. v. a. m.",deu,deu,"[39260.0, 10716.0, 3975.0, 21386.0, 116907.0, 21214.0, 26183.0, 20007.0, 16980.0, 15007.0, 19941.0, 11544.0, 12304.0, 28087.0, 14961.0]"
"In der Gemeinde gab es im Jahr 2010 297 Einwohner, 126 Haushalte und 91 Familien. Die Bevölkerungsdichte betrug 0.9 Einwohner/km². Die ethnische Zusammensetzung der Gemeinde besteht zu 99,33 % aus Weißen und 0,67 % Afroamerikanern. 29,4 % waren finnischer, 18,6 % französischer, 11,7 % deutscher, 11,3 % kanadischer, 7,8 % polnischer und 5,2 % englischer Abstammung.",deu,deu,"[27809.0, 10953.0, 3370.0, 16982.0, 66813.0, 16698.0, 18810.0, 16176.0, 14722.0, 11413.0, 14130.0, 9011.0, 12073.0, 20131.0, 13501.0]"
Als Wettkampf gibt es den Diskuswurf seit der Antike (sog. Diskos). Der Diskuswerfer wurde als der Inbegriff des Athleten angesehen. Erstmals ist Diskuswurf als olympische Disziplin bei den antiken Olympischen Spielen des Jahres 708 v. Chr. nachweisbar.,deu,deu,"[14025.0, 4117.0, 1543.0, 8087.0, 40778.0, 7512.0, 9963.0, 7342.0, 6447.0, 5620.0, 6952.0, 4251.0, 4542.0, 10282.0, 5549.0]"
"Zoltán Szélesi schloss sich dem Zweitligisten Energie Cottbus an. Im zweiten Jahr bei den Niederlausitzern gelang der Aufstieg in die 1. Bundesliga, auch wenn er aufgrund eines Mittelfußbruchs die halbe Saison ausfiel. Nach dem geglückten Klassenerhalt mit Cottbus in der Saison 2006/07 wechselte er zur Spielzeit 2007/08 zum französischen Erstligisten Racing Strasbourg. Nach zwei Jahren kehrte er in seine ungarische Heimat zurück und schloss sich Debreceni VSC an. Mit Debrecen wurde er Meister der Nemzeti Bajnokság 2009/10. Szélesi spricht fließend Deutsch.",deu,deu,"[33494.0, 9501.0, 3759.0, 18822.0, 82707.0, 17016.0, 22266.0, 16185.0, 14668.0, 12869.0, 15076.0, 9644.0, 11432.0, 24138.0, 14458.0]"
"Norbert Degenhard: Familienbuch der katholischen Pfarrgemeinde Bernterode (Landkreis Eichsfeld), 17102 bis 1882. Leipzig: AMF 2009 (= Mitteldeutsche Ortsfamilienbücher der AMF 26)",deu,deu,"[12851.0, 4222.0, 1757.0, 7416.0, 29630.0, 6941.0, 8845.0, 6529.0, 5698.0, 5211.0, 5766.0, 4032.0, 5124.0, 9360.0, 6294.0]"
"Santen kann durch Reduktion von Camphenilon, anschließende Reaktion mit Phosphorpentachlorid und Abspaltung von Chlorwasserstoff gewonnen werden. Es kann auch aus Fencholen oder Norborneol gewonnen werden.",deu,deu,"[11157.0, 3172.0, 1209.0, 6309.0, 27826.0, 6146.0, 7487.0, 5691.0, 4992.0, 4321.0, 4735.0, 3294.0, 3797.0, 8114.0, 4644.0]"
"Seit 1889 gibt es den Philatelistentag in Deutschland, der erstmals in Mainz stattfand. In den Jahren von 1947 bis 2011 wurde der Deutsche Philatelistentag jährlich durchgeführt. Entsprechend einem Mehrheitsbeschluss der BDPh-Hauptversammlung am 3. September 2011 in Wuppertal wurde für die Durchführung der Deutschen Philatelistentage ab 2011 ein zweijähriger Rhythmus festgelegt. In Österreich ist diesbezüglich die größte Veranstaltung die Wiener Internationale Postwertzeichen Ausstellung (WIPA). Mit der Zeit entstanden viele weitere große Veranstaltungen rund um die Briefmarke.",deu,deu,"[28043.0, 7968.0, 3298.0, 15978.0, 81897.0, 14791.0, 19524.0, 14302.0, 12084.0, 10665.0, 13404.0, 8252.0, 9310.0, 19211.0, 11322.0]"
"Joseph et Ria Hackin. Couple d’origine luxembourgeoise au service des arts asiatiques et de la France. Exposition organisée dans le cadre de l’Accord culturel franco-luxembourgeois est réalisée avec le concours du Musée Guimet, Paris. Musée d’Histoire et d’Art Musées d’État – Luxembourg. Exposition du 11 novembre 1987 au 3 janvier 1988, Luxembourg. Musée d’Histoire et d’Art, Luxemburg 1987.",fra,deu,"[14717.0, 4408.0, 3067.0, 58013.0, 17632.0, 6330.0, 32880.0, 7346.0, 6030.0, 20931.0, 6662.0, 17021.0, 8202.0, 11226.0, 10316.0]"
Die Athos Range ist die nördlichste Gebirgskette in den Prince Charles Mountains im ostantarktischen Mac-Robertson-Land. Sie erstreckt sich in ostwestlicher Ausrichtung über eine Länge von rund 65 Kilometern an der Nordflanke des Scylla-Gletschers und besteht aus einer großen Zahl von Berggipfeln und Nunatakkern.,deu,deu,"[18349.0, 5635.0, 1957.0, 9986.0, 44422.0, 9618.0, 11500.0, 9266.0, 8387.0, 6954.0, 8521.0, 5048.0, 6513.0, 13392.0, 7891.0]"
"Joseph Hackin, Sohn eines Kutschers, studierte in Paris an der École libre des sciences politiques (Diplom 1907) und der École pratique des hautes études (Diplom 1913). 1912 erhielt er die französische Staatsbürgerschaft. 1914 wurde er als einfacher Soldat eingezogen und stieg bis zum Kriegsende auf zum Oberleutnant und Kompanieführer. Er wurde dreimal verwundet und erhielt das Croix de guerre mit zwei Zitationen.",deu,deu,"[20675.0, 6500.0, 2881.0, 25085.0, 53316.0, 11901.0, 19133.0, 11432.0, 9966.0, 11627.0, 10274.0, 9040.0, 7530.0, 15812.0, 9470.0]"
"Die schwedische Regierung bestellte am 6. Februar 1940 144 Vanguards unter der Bezeichnung V-49C. Das erste Serienflugzeug startete am 6. September 1940 zum Erstflug. Das Modell C-49C glich im Wesentlichen der V-48X – mit Ausnahme des Triebwerks, das inzwischen durch eine neuere Version des R-1830 mit besserer Höhenleistung ersetzt wurde, sowie der Einbaumöglichkeit für vier 0,3-Zoll-MGs in den Tragflächen und zwei 0,5-Zoll-MGs im Rumpf.",deu,deu,"[30664.0, 9254.0, 3534.0, 15437.0, 74349.0, 15337.0, 18227.0, 15173.0, 13236.0, 11099.0, 14188.0, 8717.0, 10341.0, 20080.0, 12443.0]"
Am 14. Dezember 1935 wurde der Unterflurmotor als Gebrauchsmuster und Reichspatent angemeldet und 1936 auf der Internationalen Automobil- und Motorrad-Ausstellung in Berlin in einem Lkw und einem Bus der Öffentlichkeit vorgestellt.,deu,deu,"[12754.0, 3815.0, 1506.0, 7034.0, 34363.0, 6766.0, 8301.0, 6548.0, 5804.0, 4829.0, 6166.0, 3706.0, 4282.0, 9162.0, 5266.0]"
"Das Abfangen des Körperschwunges erfolgt beim Stützwurf durch Umspringen der Beine. Das rechte Bein kommt dabei nach vorn an den Kreisrand, mit dem Kniegelenk wird das Körpergewicht abgefangen. Es soll erst umgesprungen werden, wenn das Gerät die Wurfhand verlassen hat.",deu,deu,"[13069.0, 3596.0, 1355.0, 7398.0, 41519.0, 7163.0, 8654.0, 6911.0, 5688.0, 5366.0, 6523.0, 3807.0, 3906.0, 9632.0, 5004.0]"
"Er befasste sich insbesondere mit Viskoelastizität von Polymeren, Verbundwerkstoffen, Wellen in heterogenen Materialien, sehr poröse Materialien, Kinetik von Riss-Wachstum, Versagenskriterien für Materialien, Vorhersage von Lebensdauer.",deu,deu,"[12851.0, 3711.0, 1259.0, 7396.0, 35023.0, 6484.0, 8611.0, 6222.0, 5299.0, 4737.0, 5790.0, 3650.0, 4132.0, 9039.0, 5134.0]"
"Dean Koontz war darüber begeistert, jedoch lehnte Tim Burton die Verfilmung ab. Dean Koontz befürchtete, dass sein Buch schlecht verfilmt werden würde. Also offerierte er Warner Brothers ein Buch mit Kurzgeschichten, um die Filmrechte für seinen Roman zurückzuerhalten.",deu,deu,"[11804.0, 3449.0, 1608.0, 6769.0, 34320.0, 7192.0, 7704.0, 6217.0, 5369.0, 4683.0, 5427.0, 3739.0, 4056.0, 9235.0, 5063.0]"
"Der Werfer muss sich nach der Umdrehung in einer guten Gleichgewichtslage befinden, damit er seine Kraft voll auf den Diskus übertragen kann. Das Körpergewicht ruht auf dem gebeugten rechten Bein. Der in der Kreismitte aufgesetzte rechte Fuß steht in einem Winkel von ca. 140° zur Wurfrichtung. Das linke Bein hat leicht gebeugt mit der Innenkante des Fußes aufgesetzt. Die Größe der Wurfauslage sollte ca. 80 Zentimeter betragen. Der linke Fuß steht etwa 10 Zentimeter vom Kreisrand und etwa 10 bis 15 Zentimeter links der Mittellinie des Kreises. Der Winkel zwischen der Wurfrichtung und dem linken Fuß beträgt ca. 90°. Da der Arm mit dem Diskus noch weit hinter dem Körper zurück ist, verbleibt für das Gerät bis zum Abwurf ein Weg von ungefähr 270°. Die rechte Hüfte befindet sich vor der rechten Schulter, dadurch kommt es zu einer Verwringung der rechten Körperseite. Der Oberkörper ist aufrecht, die linke Körperseite bildet von Fuß bis Schulter eine Gerade. Die Verwringung der rechten Körperseite entsteht zum einen zwischen der Schulter- und Beckenachse, zum anderen zwischen Schulter und Wurfarm. Die Spannung muss beibehalten werden und löst sich erst im Abwurf.",deu,deu,"[58816.0, 16937.0, 5951.0, 33029.0, 179489.0, 31978.0, 38662.0, 30671.0, 26027.0, 22788.0, 29123.0, 16765.0, 18310.0, 41685.0, 23091.0]"
"Daraufhin kontaktierte ihn der britische Filmproduzent Lord Lew Grade für eine Fernsehrolle in der Schwarzweiß-Serie „Geheimauftrag für John Drake“ („Secret Agent“, auch: „Danger Man“, 1960). Durch die Erfahrungen mit dem Rank-Vertrag klüger geworden, stellte McGoohan diesmal im Vorfeld allerdings einige Bedingungen: alle vorkommenden Faustkämpfe sollten sich voneinander unterscheiden, die Figur „John Drake“ sich vor allem seines Gehirns bedienen und nur im Ausnahmefall zur Pistole greifen; vor allem jedoch sollte – zum Entsetzen der Produzenten – auf jeglichen Austausch von Zärtlichkeiten zwischen den Geschlechtern verzichtet werden. Nichtsdestoweniger bekam er den Vertrag. Die Serie selbst lief dann allerdings nur ein Jahr lang. Auf die Frage eines Reporters, ob er die Serie nicht gerne fortgeführt hätte, sagte McGoohan: „Ich würde lieber zwanzig Fernsehfilme machen, als noch einmal das durchzumachen, was ich bei einem Rank-Vertrag machen musste – wofür ich niemanden tadele, außer mich selbst“. Die Serie erwies sich dann in der Syndikation bald als Dauerbrenner und erlangte einen gewissen Kultstatus.",deu,deu,"[52561.0, 14338.0, 5944.0, 30262.0, 152706.0, 28373.0, 35054.0, 26289.0, 22259.0, 20061.0, 25061.0, 15038.0, 15691.0, 36956.0, 20242.0]"
"Innerparteilich war Feierle von 1964 bis 1984 Mitglied des Landesparteileitung der ÖVP Vorarlberg. Er gehörte zwischen 1964 und 1969 auch dem Landesparteirat der ÖVP Vorarlberg an und war von 1964 bis 1966 als Ausschussmitglied des Wirtschaftsbundes Dornbirn aktiv. Von 1966 bis 1974 fungierte er in der Folge als Obmann des Wirtschaftsbundes Dornbirn. Er war des Weiteren ab 1964 Mitglied der Landesleitung des Wirtschaftsbundes Vorarlberg, Mitglied der Bezirksparteileitung der ÖVP Feldkirch und Mitglied der Bezirksparteileitung der ÖVP Dornbirn.",deu,deu,"[34603.0, 10420.0, 4164.0, 19894.0, 91081.0, 18840.0, 22837.0, 17915.0, 15860.0, 13155.0, 15319.0, 10027.0, 12513.0, 25781.0, 15651.0]"
Nach seinem Tod auf Schloss Neuhaus 1618 wurde Dietrich im Paderborner Dom bestattet. Bereits zu Lebzeiten hatte er sich von dem Bildhauer Heinrich Gröninger das größte Bischofsgrabmal Westfalens errichten lassen. Auf dem Epitaph kniet der Bischof zwischen den Wappen seiner Vorfahren. Engel halten Kreuz und Bischofsstab. Darüber schließt das Bischofswappen das Hauptgeschoss ab.,deu,deu,"[17510.0, 5287.0, 1978.0, 9602.0, 51955.0, 9678.0, 12408.0, 9149.0, 8048.0, 6602.0, 8228.0, 5012.0, 5839.0, 13204.0, 7426.0]"
"Fest-Programm der Enthüllungs- und Einweihungsfeier des Denkmals für Richard Wagner in Berlin, in: Digitale Sammlungen des Staatlichen Instituts für Musikforschung Preußischer Kulturbesitz.",deu,deu,"[10433.0, 3043.0, 1089.0, 6049.0, 27252.0, 5406.0, 6919.0, 4986.0, 4415.0, 3972.0, 5292.0, 3091.0, 3756.0, 7294.0, 4689.0]"
"1600/01 ließ Dietrich von Fürstenberg den Hexenprozess gegen den Prior, den Subprior und zwei weitere Chorherren des Augustiner-Chorherrenklosters Dalheim durchführen. 1598 griff das Reichskammergericht in die Hexenjustiz des Domkapitels ein.",deu,deu,"[13829.0, 5082.0, 1700.0, 7532.0, 35680.0, 7964.0, 9215.0, 7602.0, 6861.0, 5641.0, 6266.0, 4105.0, 5357.0, 10639.0, 6450.0]"
Hiram Belcher im Biographical Directory of the United States Congress (englisch)Hiram Belcher in der Datenbank von Find a Grave (englisch)Vorlage:Findagrave/Wartung/Gleiche Kenner im Quelltext und in Wikidata,deu,deu,"[11886.0, 4684.0, 1723.0, 5952.0, 21031.0, 7604.0, 7264.0, 6703.0, 6290.0, 4994.0, 5261.0, 3833.0, 5651.0, 9307.0, 6671.0]"
"Als Gründer der Hohenzollerischen Landesbahn hatten das Land Preußen 50 Prozent sowie der Landeskommunalverband der Hohenzollerischen Lande und die Westdeutsche Eisenbahn-Gesellschaft je 25 Prozent des Kapitals übernommen. Seit 1972 ist der Mehrheitsaktionär das Land Baden-Württemberg mit 71,934 Prozent, während der Zollernalbkreis und der Landkreis Sigmaringen je 14,033 Prozent besitzen. Die HZL wiederum hält 7,5 Prozent des Stammkapitals des Verkehrsverbundes Neckar-Alb-Donau (naldo).Von den württembergischen Staatsbahnstrecken baute die HzL zunächst Stichbahnen zur Erschließung des preußischen Gebiets. Die erste führte ab 28. März 1900 aus dem Donautal bei Sigmaringendorf im Laucherttal aufwärts, wo sich beim Fürstlichen Hüttenwerk der Güterbahnhof Laucherthal befindet, bis nach Bingen (bei Sigmaringen). Im folgenden Jahr übergab die HzL drei weitere Stichbahnen dem Betrieb:",deu,deu,"[48398.0, 15183.0, 5596.0, 25846.0, 131520.0, 26295.0, 31436.0, 24199.0, 21529.0, 17809.0, 21603.0, 13588.0, 17084.0, 35441.0, 21430.0]"
"Berrabahs Eltern stammen aus Marokko. Sie hat vier Schwestern und einen Bruder.Nachdem bekannt wurde, dass Keisha Buchanan die Sugababes verlassen hatte und die Band unter massivem Druck stand, ließ sie sich im Oktober 2009 in eine Klinik einweisen und drei Wochen behandeln, da sie unter einer heftigen nervlichen Erschöpfung litt.Am 23. September 2010 wurde sie wegen Verdachts auf Trunkenheit am Steuer verhaftet, nachdem Nachbarn die Polizei gerufen hatten. Sie wurde von einem Gericht schuldig gesprochen und erhielt ein 14-monatiges Fahrverbot sowie eine Geldstrafe von 2000 £. Sie wurde außerdem am 2. September 2011 wegen eines Angriffs auf eine Person erneut verurteilt. Sie wurde unter der Bedingung freigelassen, dass sie 250 £ Schmerzensgeld an ihr Opfer bezahle.Am 3. November 2014 heiratete sie Marcio Sousa Rosa, mit dem sie sich sechs Tage zuvor verlobt hatte. Die Trennung erfolgte im November 2015.",deu,deu,"[46443.0, 14466.0, 5590.0, 27261.0, 130717.0, 28288.0, 30822.0, 25129.0, 22366.0, 18853.0, 21737.0, 14608.0, 16684.0, 36379.0, 20209.0]"
Johann Wagner: Österreichische Kolonialversuche in der zweiten Hälfte des neunzehnten Jahrhunderts. Wien 1955 (Dissertation an der Universität Wien).,deu,deu,"[7220.0, 2141.0, 972.0, 4168.0, 17349.0, 3803.0, 4655.0, 3454.0, 3126.0, 2934.0, 3320.0, 2240.0, 2616.0, 5110.0, 3239.0]"
"Nachdem er einige Filme, darunter auch für Disney, wie „Die drei Leben von Thomasina“ (The Three Lives of Thomasina, 1964) oder „Dr. Syn – Das Narbengesicht“ (The Scarecrow of Romney Marsh, ebenfalls 1964), gedreht, Rollenangebote für James-Bond- und Simon-Templar- (The Saint)-Kopien jedoch abgelehnt hatte, kontaktierte ihn Lew Grade erneut mit dem Angebot, noch einmal die Rolle des „John Drake“ zu übernehmen. McGoohan stimmte zu, nachdem die Spieldauer der Geschichten auf eine Stunde ausgedehnt und die Drehbuchqualitäten verbessert worden waren. Die neuen Serienfolgen waren ungemein populär und McGoohan wurde dadurch für eine Zeit lang zu einem der bestbezahlten Schauspieler in England. Dennoch gab er die Rolle nach der vierten Staffel, von der auch zwei Folgen in Farbe gedreht wurden, wieder auf.",deu,deu,"[39313.0, 12088.0, 5378.0, 22027.0, 107579.0, 22679.0, 25623.0, 20737.0, 18077.0, 15839.0, 17784.0, 11901.0, 13164.0, 28809.0, 16569.0]"
"Next Goal Wins erhielt durchweg positive Kritiken von Kritikern und Publikum. Beim Kritikenaggregator Rotten Tomatoes hat der Film eine 100%ige Zustimmungsrate, basierend auf 29 Kritiken und einem durchschnittlichen Wert von 7,5/10. Bei Metacritic hat der Film eine Wertung von 71/100, basierend auf 10 Kritiken.Im Vereinigten Königreich fielen die Bewertungen des Films ebenfalls sehr positiv aus. Mark Kermode rezensierte den Film im Observer und vergab vier von fünf Sternen: „Egal ob einem ‚das schöne Spiel‘ gefällt (und mir gefällt es nicht), diese charmante und positive Dokumentation wird einen für die Underdogs jubeln lassen und wünschen, dass alle Fußballer so demütig, zielstrebig und einfach nur anständig wären.“ Während seines Auftritts bei der Radiosendung Kermode and Mayo’s Film Review auf BBC Radio 5 Live gab er zu, dass die Dokumentation ihn zum Weinen und Jubeln brachte. Im New Statesman lobte der Arsenal-Fan Mark Lawson Next Goal Wins als einen der besten Filme über Fußball, da er sowohl Fußballfans als auch ein Publikum ohne Fußballinteresse, anspreche.In anderen Ländern waren die Kritiken ebenfalls positiv. Anita Gates von der New York Times bezeichnete den Film als eine „großartige Feier der Menschlichkeit“ und verglich die besten Momente mit den Romanen von Edith Wharton. Eine Reihe von Kritikern merkte an, dass es nicht unbedingt notwendig sei, Interesse an Fußball oder gar Sport zu besitzen, um die Dokumentation zu genießen. Trotz seiner überwiegend positiven Kritik merkte Liam Lacey in der kanadischen Globe and Mail an, dass der Film vorhersehbar sei. In der Los Angeles Times lobte Sheri Linden ebenfalls die Dokumentation, kritisierte aber, dass sie filmisch nichts Besonderes sei.",deu,deu,"[75432.0, 23594.0, 9480.0, 43531.0, 213731.0, 44544.0, 50448.0, 39287.0, 35499.0, 29844.0, 34415.0, 23708.0, 27349.0, 55912.0, 33798.0]"
"Im Querschiff steht die 1808 von den Brüdern Philipp Heinrich und Johann Georg Bürgy erbaute Bürgy-Orgel. Sie besitzt 13 Register auf einem Manual und Pedal. Sie wurde im Jahr 2008 grundlegend saniert und so weit wie möglich in ihren historischen Zustand zurückversetzt. Im Turm hängen drei Glocken, von denen jedoch keine aus der ursprünglich in Leun ansässigen Glockengießerei stammt. Heute verschollen sind zwei Gemälde """"Die Geburt Christi"""" und """"Die Auferstehung Christi""""Oberhalb der Kirche liegt der Friedhof, auf dem sich noch Reste der alten Stadtmauer sowie des alten Obertores befinden.",deu,deu,"[30008.0, 8943.0, 3246.0, 16756.0, 87522.0, 16539.0, 20948.0, 15576.0, 13615.0, 11531.0, 14167.0, 8677.0, 9885.0, 22605.0, 12491.0]"
"mit André Godard, Yedda Godard: Les antiquités bouddhiques de Bāmiyān (= Mémoires de la Délégation archéologique française en Afghanistan, Band 2). Van Oest, Paris 1928.",fra,deu,"[9610.0, 3095.0, 1681.0, 19356.0, 14586.0, 5956.0, 11427.0, 4753.0, 4261.0, 7840.0, 4126.0, 6216.0, 4811.0, 8186.0, 6003.0]"
"Siegfried Rachewiltz, C. Kraus, V. Romen, Tiziano Rosani (Hrsg.): S.M.S. Novara. Der freie weite Horizont. Die Weltumseglung der Novara und Maximilians mexikanischer Traum. Südtiroler Landesmuseum Schloß Tirol, Meran 2004, (Ausstellung des Landesmuseums Schloß Tirol 10. Juli – 14. November 2004).",deu,deu,"[22368.0, 6522.0, 3193.0, 13334.0, 49796.0, 11274.0, 19409.0, 10338.0, 9275.0, 10263.0, 9571.0, 7765.0, 7951.0, 15528.0, 10089.0]"
"Die deutsche Unternehmerfamilie Guilleaume ist eng mit der Firmengeschichte von Felten & Guilleaume verbunden, einem Unternehmen der Hanfseil-, Draht-, Drahtseil- und Kabelfertigung in Köln, das insbesondere im 19. und 20. Jahrhundert führend in der Seil- und Kabelherstellung war.",deu,deu,"[13686.0, 4247.0, 1561.0, 8729.0, 38223.0, 7434.0, 9384.0, 7324.0, 6455.0, 5386.0, 6214.0, 4223.0, 4427.0, 10378.0, 5658.0]"
"Mainz-Mombach liegt im Tarifgebiet des Rhein-Nahe-Nahverkehrsverbundes (RNN) und der Mainzer Verkehrsgesellschaft (MVG). Da die Stadt Mainz ebenfalls Mitglied im Rhein-Main-Verkehrsverbund (RMV) ist, liegt auch Mombach in diesem Tarifgebiet.",deu,deu,"[14577.0, 4184.0, 1676.0, 7498.0, 36895.0, 7900.0, 9051.0, 7189.0, 6309.0, 5023.0, 6153.0, 3770.0, 5003.0, 10653.0, 6155.0]"
"Das Unternehmen wurde 1967 von den beiden Ingenieuren Günther Kloimüller und Franz Vokurka als Handelshaus für den Vertrieb schweißtechnischer Produkte unter dem Namen Industriegeräte und Maschinen GmbH in Wien gegründet. 1975 zog die Gesellschaft an den neu gegründeten Standort im Industriegebiet Wiener Neudorf um. Mit der Entwicklung eines Zweiarmroboters (LIMAT 2000) begann 1979 der Einstieg in die Roboterschweißtechnologie. Für diese Entwicklung erhielt das Unternehmen 1981 den Österreichischen Staatspreis für Innovation. Im Februar 1989 wurde der Firmenname in igm Robotersysteme AG geändert und die Aktiengesellschaft ging an die Börse. 1995 wurde die in Puchheim bei München ansässige Steigerwald Strahltechnik übernommen. Von der Oxytechnik GmbH in Bad Soden wurden zwei Jahre später 67 % übernommen.Die Beteiligungsgesellschaft von Erhard Grossnigg übernahm im Jänner 2005 über 90 % der Aktien von igm. Im März 2016 kündigte Grossnigg an, dass er sich aus dem Geschäft zurückziehen werde.",deu,deu,"[52849.0, 15501.0, 6478.0, 29595.0, 145603.0, 27798.0, 36124.0, 26246.0, 23301.0, 20400.0, 24249.0, 15320.0, 18087.0, 37328.0, 22241.0]"
In die andere Richtung geht es über das Mainzer Radwegenetz in die Innenstadt. Mainz verfügt über eine gut ausgebautes Radinfrastruktur und seit Mai 2011 wieder über einen Radfahrbeauftragten.,deu,deu,"[9534.0, 2539.0, 1113.0, 5432.0, 28101.0, 5020.0, 6610.0, 4922.0, 4194.0, 3729.0, 4343.0, 2880.0, 2956.0, 6907.0, 3705.0]"
Im Jahre 1881 erschienen die ersten Falze für Briefmarken. Diese lösten längerfristig das Problem der Aufbewahrung von Briefmarken. Die Briefmarkenfalze wurden vom Frankfurter Briefmarkenhändler Dauth ausgegeben. Man nannte sie damals noch „Marken-Charniere“. 1000 Stück der ersten Briefmarkenfalze der Welt kosteten nur 75 Pfennig.,deu,deu,"[17549.0, 5083.0, 1947.0, 10074.0, 52433.0, 9303.0, 11890.0, 8845.0, 7470.0, 6661.0, 8602.0, 5194.0, 5627.0, 12187.0, 6881.0]"
"Franz Carl Guilleaume „der Jüngere“ (1834–1887) wurde „der Siemens des Westens“ genannt, aufgrund seiner Verdienste um die Draht- und Kabelindustrie. Dessen Söhne Theodor, Max und Arnold von Guilleaume standen um die Wende zum 20. Jahrhundert an erster Stelle der Kölner Millionäre.Seit dem Ende des 19. bzw. Beginn des 20. Jahrhunderts besaßen die Guilleaumes Immobilien in Remagen. Franz Carl „der Jüngere“ kaufte die Burg Gudenau. Sein Sohn Max von Guilleaume erwarb 1895 das Gut Calmuth und ließ es zu einem repräsentativen Landhaus („Schloss Calmuth“) ausbauen und 1907 das am Rhein gelegene Schloss Marienfels, sein Bruder Arnold von Guilleaume ließ 1906–1908 das Herrenhaus Schloss Ernich erbauen und erwarb 1916/17 die angrenzende Villa Haus Herresberg.",deu,deu,"[45479.0, 13648.0, 5680.0, 28078.0, 123221.0, 23862.0, 30802.0, 23074.0, 20064.0, 17575.0, 21481.0, 13852.0, 15318.0, 32863.0, 19373.0]"
"Seit 2007 ist Mombach aufgrund seiner hohen Beliebtheit bei ausländischen Mitbürgern, in das ergänzende Städtebauförderungsprogramm Die Soziale Stadt zur Förderung von Stadtteilen mit einem besonderen sozialen Entwicklungsbedarf eingebunden. Hierdurch soll die Integration und Zusammenführung aller Mombacher gefördert werden.",deu,deu,"[13653.0, 4037.0, 1477.0, 7600.0, 40993.0, 7567.0, 9543.0, 7448.0, 6324.0, 5349.0, 6384.0, 4097.0, 4507.0, 10197.0, 5564.0]"
"Die Bauarbeiten des Tunnels dauerten von 1994 bis 1999, wobei sich dieser in drei Bauabschnitte gliederte, die Tagbaustrecke Nord (841 m, Seite Pratteln), den bergmännischen Tunnel (4264 m) und die Tagbaustrecke Süd (223 m). Die zwei ersten Abschnitte stellten hohe Anforderungen an die Projektierung, da der Tunnel durch verschiedene geologische Schichten führt. Im Norden sind dies Lockergestein über kalkhaltigen Lagen. In ca. 150 m Tiefe wurde früher Steinsalz bergmännisch abgebaut.",deu,deu,"[28234.0, 8203.0, 3121.0, 18712.0, 81666.0, 15181.0, 21547.0, 14863.0, 12576.0, 11736.0, 12885.0, 9131.0, 9352.0, 20172.0, 11414.0]"
"Die Fahrerhäuser können wesentlich flacher und geräumiger gestaltet werden und haben keine Wölbung im Boden, unter dem sich der Motor befindet.",deu,deu,"[6000.0, 1684.0, 645.0, 3438.0, 18928.0, 3455.0, 4151.0, 3242.0, 2785.0, 2490.0, 2968.0, 1829.0, 1930.0, 4543.0, 2325.0]"
"Auch auf dem Gerichts-Insiegel von 1741 bilden die rot/silbernen Streifen einen Schwerpunkt. Das Siegel lehnt sich an ältere Vorbilder an, ist aber typisch barock ausgeschmückt. Es zeigt St. Nikolaus von Myra, den Patron der 1703 erbauten Pfarrkirche, mit seinem Bischofsstab über den Wolken schwebend. Dem Bischof werden drei Knaben in einem Pökelfass als Attribut zugeordnet, die der Heilige der Legende nach zum Leben wiedererweckt hat.",deu,deu,"[23989.0, 7251.0, 2645.0, 13197.0, 71269.0, 13251.0, 16248.0, 12867.0, 11150.0, 8735.0, 11543.0, 6566.0, 7519.0, 17715.0, 9487.0]"
"Im Jahr 2001 verlor Amerikanisch-Samoa gegen Australien mit 31:0, die höchste Niederlage überhaupt für eine Nationalmannschaft. Die darauffolgenden 30 Länderspiele wurden ebenfalls verloren. Dennoch will sich die Mannschaft für die Fußball-Weltmeisterschaft 2014 qualifizieren. Als Hilfe engagiert die Football Federation American Samoa den in den Niederlanden geborenen amerikanischen Fußballtrainer Thomas Rongen.Über die nächsten drei Wochen trainiert Rongen das Team, bringt neue Spieler, die nicht mehr auf der Insel wohnen zurück, bis sie gestärkt an der WM-Qualifikation teilnehmen.",deu,deu,"[26440.0, 7698.0, 3111.0, 14883.0, 77662.0, 14469.0, 17502.0, 13763.0, 11891.0, 10447.0, 12380.0, 8109.0, 9042.0, 18964.0, 10914.0]"
"Die Liste der größten Zinnproduzenten zeigt im Jahre 2008 die Volksrepublik China (150.000 Tonnen), Indonesien (100.000 Tonnen) und Peru (38.000 Tonnen) als die weltweit bedeutendsten Fördernationen von Zinnerz, deren Anteil an den weltweit abgebauten 333.000 Tonnen 86,5 Prozent betrug.",deu,deu,"[19295.0, 6953.0, 2224.0, 10190.0, 47300.0, 10905.0, 11617.0, 10551.0, 9103.0, 7821.0, 8989.0, 6249.0, 7526.0, 13792.0, 8365.0]"
"Salomon II. oder Solomon II. (äthiop. ሣሎሞን) war vom 13. April 1777 bis zum 20. Juli 1779 Negus Negest (Kaiser) von Äthiopien. Er war der Sohn von Abeto Adigo und möglicherweise jener Kaiser Solomon, den der Reisende Henry Salt unter den bei seinem Besuch, 1809/1810, noch lebenden Kaisern verzeichnet.Salomon gelangte dank Ras Gusho und Wand Bewossen auf den Thron, nachdem diese den vorherigen Kaiser Tekle Haymanot II. abgesetzt hatten.",deu,deu,"[29601.0, 10561.0, 3861.0, 16592.0, 65513.0, 18309.0, 20132.0, 16120.0, 15007.0, 12027.0, 12972.0, 9486.0, 12076.0, 23256.0, 13961.0]"
Jedes Jahr am Unabhängigkeitstag findet zudem eine nationale Soldatenparade statt. Sie wird im jährlichen Wechsel in unterschiedlichen Städten durchgeführt. Im Jahr 2010 fand diese in Kuopio statt. Außerdem halten jedes Jahr auch einige andere Städte lokale Umzüge ab. Im Rahmen der offiziellen Parade werden Exemplare der Armeeausrüstung gezeigt und der Präsident der Republik Finnland verleiht bei dieser Gelegenheit Orden und spricht militärische Beförderungen aus.,deu,deu,"[19029.0, 5214.0, 2129.0, 10283.0, 55431.0, 10389.0, 12512.0, 9655.0, 8347.0, 7312.0, 10300.0, 5824.0, 6020.0, 13381.0, 7370.0]"
"Doch es droht noch eine Gefahr für die Stofftiere: Der kinderhassende Zacharias Zack will die Fabrik von Vater Isaak übernehmen, um der bösen Macht bei ihren Eroberungsplänen zu helfen. Er will Viktor Liebmann, den Neffen des verstorbenen Isaak, dazu überreden, die Fabrik an ihn zu verkaufen.",deu,deu,"[14560.0, 3800.0, 1644.0, 8045.0, 45013.0, 7908.0, 9704.0, 7461.0, 6349.0, 5488.0, 6881.0, 4279.0, 4270.0, 10580.0, 5394.0]"
"Joseph Gaspard Hackin (* 8. November 1886 in Boevange sur Attert, Luxemburg; † 24. Februar 1941 bei den Färöer-Inseln) war ein luxemburgisch-französischer Orientarchäologe. Er war Direktor des Musée Guimet in Paris und unternahm Ausgrabungen in Afghanistan. Im Zweiten Weltkrieg war er Mitglied der Freien Französischen Streitkräften (FFL) im Umfeld von General de Gaulle.",deu,deu,"[22410.0, 6840.0, 2921.0, 21249.0, 50836.0, 11622.0, 17453.0, 10830.0, 9811.0, 10344.0, 9942.0, 8040.0, 8069.0, 15641.0, 10151.0]"
"Trotz mehrerer Angebote aus der Premier League entschied sich Zuma gegen einen Vereinswechsel nach England und spielte somit auch in der Saison 2007/08 bei der Arminia. Nachdem diese Saison für den Spieler erneut durchwachsen verlief, wechselte er zur Saison 2008/09 in seine südafrikanische Heimat zu den Mamelodi Sundowns.",deu,deu,"[16204.0, 4689.0, 2025.0, 9594.0, 43956.0, 8812.0, 11318.0, 8443.0, 7251.0, 6932.0, 7454.0, 5335.0, 5713.0, 11973.0, 7002.0]"
"Freudenreich entstammte einer alteingesessenen jüdischen Familie. Sein Vater war Rechtsanwalt in der renommierten Kanzlei von Heinrich Frankenburger. Mutter und Kinder emigrierten 1934 nach Palästina, der Vater folgte 1938.",deu,deu,"[11822.0, 3535.0, 1555.0, 7270.0, 33259.0, 6482.0, 8339.0, 6166.0, 5339.0, 4888.0, 5523.0, 3833.0, 4022.0, 8811.0, 5027.0]"
"Dort eröffnete er im Jahr 1858 gemeinsam mit seinem Bruder Oskar Shafter eine Anwaltskanzlei. Abgeordneter im Senat von Kalifornien für das San Francisco County war er von 1862 bis 1864. Im Jahr 1862 war er zudem Präsident pro Tempore des Senats. In dieser Zeit war er auch der Präsident pro Tempore des Senats. Er kaufte Land im Marin County und gründete die Stadt Inverness. Dort war er gleichzeitig noch Landbesitzer, Farmer und züchtete Kühe und Pferde. Als Delegierter nahm er an der California Constitution Convention in Sacramento im Jahr 1878 teil. Von 1889 bis 1890 war Shafter Richter am San Francisco Superior Court.Shafter war mit Julia Hubbard verheiratet. Das Paar hatte drei Kinder.",deu,deu,"[33799.0, 10754.0, 4799.0, 20231.0, 95297.0, 19069.0, 22500.0, 18060.0, 16383.0, 14323.0, 16183.0, 11290.0, 12320.0, 25450.0, 15140.0]"
"Die Stadt Allendorf (Lumda) () befindet sich im mittelhessischen Landkreis Gießen etwa 17 km nordöstlich der Kreisstadt Gießen und ebenso weit südöstlich der Universitätsstadt Marburg, etwa in der Mitte Hessens. Die amtliche Schreibweise des Ortsnamens lautet Stadt Allendorf (Lda.).",deu,deu,"[15119.0, 4732.0, 1633.0, 8411.0, 41441.0, 8546.0, 10617.0, 8183.0, 7081.0, 6133.0, 7050.0, 4566.0, 5558.0, 11404.0, 6727.0]"
"Bild von Mombach aus J.F. Dielmann, A. Fay, J. Becker (Zeichner): F.C. Vogels Panorama des Rheins, Bilder des rechten und linken Rheinufers, Lithographische Anstalt F.C. Vogel, Frankfurt 1833.",deu,deu,"[14955.0, 4661.0, 1957.0, 8562.0, 34903.0, 8024.0, 9766.0, 7230.0, 6522.0, 6073.0, 6521.0, 4520.0, 5498.0, 11133.0, 6907.0]"
"Eigentlich hat der Onkel seinen Neffen nur deshalb als Vormund eingesetzt, weil ihm nicht entgangen ist, was die beiden füreinander empfinden. Er hatte gehofft, auf diese Weise würde sich alles zum Besten entwickeln. Dass aber sein Plan genau das Gegenteil bewirkt hat, macht ihn nicht froh. Also beschließt er, Schicksal zu spielen.",deu,deu,"[15265.0, 3946.0, 1626.0, 9452.0, 48339.0, 8704.0, 11062.0, 8070.0, 6696.0, 6338.0, 7785.0, 4837.0, 4598.0, 11751.0, 5699.0]"
"Allendorf liegt an der Lumda, einem kleinen linken Nebenfluss der Lahn. Umgeben wird die Stadt von Bergen zwischen 320 und knapp 400 m Höhe über NN. Großräumig liegt die Gegend zwischen Lahntal und Vogelsberg.",deu,deu,"[12215.0, 3771.0, 1477.0, 6510.0, 33974.0, 6861.0, 8322.0, 6420.0, 5556.0, 4739.0, 5505.0, 3661.0, 4300.0, 9450.0, 5344.0]"
"Das 107,5 Kilometer lange Stammnetz der HzL wuchs im Januar 2001 durch Pacht der DB-eigenen Bahnstrecke Balingen–Rottweil im nicht abgebauten Abschnitt zwischen Balingen und Schömberg um 12,9 Kilometer an. Diese Strecke dient dem HzL-Güterverkehr und wird im Sommer auch durch Kurswagen des „Rad-Wander-Shuttle“ befahren. Ferner betreibt die HzL im Zuge des Ringzuges den 2,8 Kilometer langen Abschnitt Bräunlingen-Hüfingen der ehemaligen SWEG-Bregtalbahn.",deu,deu,"[27731.0, 8512.0, 3103.0, 15055.0, 77331.0, 14851.0, 18188.0, 14191.0, 12455.0, 10189.0, 12090.0, 7834.0, 9414.0, 20899.0, 11891.0]"
"1697 wurden die Güter von Kleinschönbach von Prichsenstädter Bürgern bebaut. Das Kloster Ebrach hielt weiterhin die Rechte an den Feldern. Im Jahr 1770 erwähnte man nochmals, dass in Kleinschönbach „(...) die güdere von Prichsenstadt angebauet worden“. Noch heute nimmt die „Körperschaft Kleinschönbach“, ähnlich wie bei der Wüstung Rügerrieth, einige unabhängige Gemarkungsrechte wahr.",deu,deu,"[23075.0, 7280.0, 2643.0, 12508.0, 63134.0, 13137.0, 16252.0, 12198.0, 10713.0, 9052.0, 10623.0, 6796.0, 8455.0, 18423.0, 10340.0]"
Unter der Umschrift des ukrainischen kyrillischen Alphabets versteht man die Umschrift bzw. Transkription und die Wiedergabe der ukrainischen Schrift in lateinischen Buchstaben. Dies wird auch als Romanisierung bezeichnet.,deu,deu,"[10402.0, 2784.0, 973.0, 5744.0, 27159.0, 5157.0, 6354.0, 4835.0, 4277.0, 3607.0, 7269.0, 2655.0, 3159.0, 6640.0, 3851.0]"
"Rättvik hat eine Bahnstation an der Bahnstrecke Rättvik–Borlänge, die nach der Namensgebung durch Banverket im Jahre 1990 heute Dalabanan (Bahnstrecke Mora–Uppsala) heißt.",deu,deu,"[13906.0, 3129.0, 1303.0, 5380.0, 24369.0, 5764.0, 6726.0, 5253.0, 4786.0, 4010.0, 4558.0, 3221.0, 4250.0, 8061.0, 4915.0]"
"Schloss studierte an der Pädagogischen Hochschule des Bank Street College, an der Art Students League, Parsons School of Design und graduierte an der New York University. Sie arbeitete zuerst als Malerin, stellte in den Galerien von SoHo und der Lower East Side aus. Als Performance-Künstlerin trat sie 1977 erstmals im """"The Kitchen"""", einer multidisziplinären Non-Profit Galerie und im Museum of Modern Art in New York City auf. Über ihre musikalischen, Kunst-Poesie Performances schrieb die SoHo Weekly News """"...her voice was like the way Patti Smith or Yoko Ono are musical.",deu,deu,"[23784.0, 7511.0, 4422.0, 14895.0, 64387.0, 13440.0, 16589.0, 12598.0, 11169.0, 9766.0, 10405.0, 7651.0, 8393.0, 17443.0, 10514.0]"
"Der Verein trägt seine Heimspiele in der Behrn Arena aus. Trainiert wurde die Frauen bis Juli 2016 von Giorgos Papachristou. Am 25. Juli 2016 übernahm Martin Skogman das Traineramt, der zuvor Co-Trainer bei Eskilstuna City war.Die Spielerinnen tragen rote Trikots und blaue Hosen.",deu,deu,"[17477.0, 4861.0, 2066.0, 9192.0, 44533.0, 8946.0, 11307.0, 8149.0, 7244.0, 6761.0, 7397.0, 5136.0, 5898.0, 12539.0, 7370.0]"
"Verteidigungsausschuss als 2. Untersuchungsausschuss nach Art. 45a Absatz 2 Grundgesetz """"Untersuchung der Vorgänge im Zusammenhang mit den blutigen Krawallen anläßlich des öffentlichen Gelöbnisses von Bundeswehrsoldaten am 6. Mai 1980 Im Bremer Weserstadion"""" (1980)",deu,deu,"[16133.0, 4803.0, 1855.0, 9264.0, 43364.0, 8388.0, 10863.0, 8256.0, 6963.0, 6212.0, 7731.0, 4805.0, 5405.0, 11598.0, 6575.0]"
"Zwei Freundinnen in einem Hotelzimmer. Die Ostsee im Winter, vier Wochen auf 36 Quadratmetern. Die Filmemacherin filmt Ines Rastig, Superstar. Schon wieder waren sie nicht draußen. Jeden Tag gibt es frisches Obst, aber es geht ans Eingemachte. Fünf Sterne ist ein Film über eine Freundschaft, die nicht mehr viel Zeit hat, aber Facebook überleben wird.",deu,deu,"[15913.0, 3885.0, 1835.0, 10131.0, 53198.0, 8497.0, 11814.0, 7823.0, 6465.0, 6767.0, 8181.0, 5323.0, 4688.0, 11103.0, 5814.0]"
Die Kirche wurde im spätgotischen Stil mit dreiseitig geschlossenem Chor errichtet. Die aus Backstein erbaute Kirche verfügt über einen Kirchturm mit Kupferdeckung und aufgesetzter Laterne.,deu,deu,"[8901.0, 2728.0, 969.0, 4923.0, 25753.0, 4881.0, 6272.0, 4767.0, 4132.0, 3483.0, 4282.0, 2634.0, 2696.0, 6577.0, 3406.0]"
"Zum Erkennen der Zähnung einzelner Briefmarken benötigt der Philatelist einen Zähnungsschlüssel. Diesen gibt es in zahlreichen verschiedenen Ausführungen. Um ein Wasserzeichen im Briefmarkenpapier zu erkennen, kann der Sammler die Marke in eine Benzinschale mit chemisch reinem Benzin legen, worauf es nach kurzer Zeit sichtbar wird. Ein deutlich einfacheres Hilfsmittel sind moderne optische Wasserzeichensucher, sogenannte Signoskope. Hier wird die Rückseite der Marke unter Druck einer durchsichtigen Kunststoffplatte seitlich angeleuchtet.",deu,deu,"[23429.0, 6390.0, 2379.0, 12632.0, 71083.0, 12834.0, 15333.0, 12078.0, 10283.0, 8512.0, 11737.0, 6555.0, 7112.0, 16807.0, 8846.0]"
"Der Wurfkreis hat einen Durchmesser von 2,5 Metern und wird von einem ca. 70 bis 80 Millimeter hohem Metallring umgeben. In der Mitte des Wurfringes befinden sich auf beiden Seiten eine mindestens 70 Zentimeter lange Linie, welche rechtwinklig zur Wurfrichtung gezeichnet sind. Sie dienen als Markierung. Der Werfer muss nach dem Wurf nach hinten links oder rechts von den Linien herausgehen. Falls der Werfer eine Linie berührt oder überschreitet ist der Wurf ungültig. Hinter und an den Seiten des Wurfringes befindet sich ein hohes, massives Metallgitter bzw. ein gespanntes Netz, welches nur zum Wurfsektor hin offen ist, um bei versehentlichen Fehlwürfen, welche stark von der gewollten Wurfrichtung abweichen, keine Personen zu verletzen oder technische Anlagen zu beschädigen.",deu,deu,"[37837.0, 11549.0, 4025.0, 21525.0, 117933.0, 22172.0, 25484.0, 21359.0, 18663.0, 14746.0, 17898.0, 10837.0, 11803.0, 29015.0, 14725.0]"
12. März: Der frühere englische König Jakob II. landet mit 5.000 Franzosen in Irland und unterwirft nahezu die ganze Insel seiner Herrschaft.,deu,deu,"[7999.0, 2552.0, 945.0, 4482.0, 20564.0, 4392.0, 5146.0, 4214.0, 3656.0, 3284.0, 3876.0, 2493.0, 2836.0, 5632.0, 3347.0]"
"Ende der Saison 2014 musste Botafogo als Tabellenneunzehnter in die Série B absteigen. Aufgrund von Meinungsunterschieden mit der Klubleitung von Botafogo, wechselte Edílson zu Corinthians São Paulo und blieb dadurch in der Série A. Am Ende der Saison 2015 konnte er mit der Mannschaft den Gewinn der Meisterschaft feiern. In das Jahr 2016 startete Edílson mit Corinthians in der Staatsmeisterschaft und der Copa Libertadores. Zum Start des Ligabetriebes wechselte er wieder zu Grêmio Porto Alegre. Der Vertrag hat eine Laufzeit über drei Jahre.",deu,deu,"[26255.0, 7578.0, 3398.0, 18534.0, 71745.0, 14226.0, 22435.0, 13483.0, 11788.0, 22422.0, 12471.0, 13342.0, 9575.0, 19468.0, 11986.0]"
"Nachdem im Zuge der Reformation der Herzog von Württemberg 1535 das Kloster Kniebis auflöste, zog sich dessen letzter Prior Beatus Pleiss in die Kapellenbesitzung (Zehntscheuer) in Bildechingen zurück. Unbewusst wurde dadurch eine Voraussetzung für die am 19. November 1812 selbständig gewordene Pfarrei geschaffen.",deu,deu,"[16982.0, 5512.0, 2083.0, 9568.0, 48217.0, 9884.0, 11496.0, 9016.0, 8215.0, 6540.0, 7590.0, 4886.0, 6241.0, 13389.0, 7608.0]"
"Der Verlag am Galgenberg, auch Kurzform Galgenberg, war von 1985 bis 1993 ein deutscher Buchverlag mit dem Geschäftssitz in der Straße Lange Reihe 29 im Hamburger Stadtteil St. Georg. Das schwarze Signet bestand aus einem auf einem gleichschenkligen Dreieck sitzenden und rechtsblickenden Geier.",deu,deu,"[16174.0, 4793.0, 1906.0, 9015.0, 45619.0, 8900.0, 10203.0, 8510.0, 7412.0, 5960.0, 7748.0, 4518.0, 5390.0, 11845.0, 6729.0]"
"Aufgrund der niedrigeren Passhöhe gegenüber den benachbarten Erzgebirgspässen wurde der Preßnitzer Pass, an dem Kühberg lag, während des Dreißigjährigen Krieges häufig genutzt. Im 17. Jahrhundert existierte die Straße zwischen Bärenstein und Hammerunterwiesenthal noch nicht. Oberwiesenthal wurde über das Tal der Sehma erreicht. Die „Joachimsthaler Straße“, welche heute ungefähr dem Verlauf der Bundesstraße 95 zwischen Annaberg und Bärenstein entspricht, führte weiter nach Weipert über die böhmische Grenze und von dort nach Sankt Joachimsthal. Im Jahr 1654 wurde das kurfürstlich-sächsische Geleits- und Zollhaus namens „Berghäusel“ an der Westseite der Joachimsthaler Straße (heute: Annaberger Straße) erbaut. Es lag am Kreuzungspunkt der Joachimsthaler Straße (von Annaberg nach Bärenstein/Weipert) mit der Preßnitzer Straße (Paß- bzw. Salzstraße von Schlettau nach Weipert/Preßnitz). 1669 war das Gebäude so baufällig, dass das Zoll- und Geleitshaus in den gegenüber liegenden Gasthof einzog, der dem Rat der Stadt Annaberg gehörte. In der Nähe des Zollhauses lag die „Mareckswiese“, auf der nach 1682 ein Gartenhaus mit Gastungsgerechtigkeit erbaut wurde, das der Vorläufer des späteren „Gasthauses Königslust“ war. Dieses auch als „Gasthof Bärenstein“ bekannte Gebäude lag südöstlich des zu Sehma gehörigen „Vorwerks Königslust“ am nördlichen Ende von Kühberg. Das Zollhaus war kein Bestandteil des Mannlehnguts Bärenstein. Es unterstand somit nicht dem Rat der Stadt Annaberg, sondern gehörte als fiskalisches Gebäude von 1654 bis nach 1800 zum Kreisamt Schwarzenberg. Seitdem das Haus im Jahr 1849 versteigert wurde, dient es einer privaten Nutzung. Der Name „Berghäusel“ geriet im 19. Jahrhundert in Vergessenheit.",deu,deu,"[94867.0, 29095.0, 10868.0, 51782.0, 275904.0, 53573.0, 61947.0, 49723.0, 44503.0, 35043.0, 46441.0, 25939.0, 32709.0, 71764.0, 40603.0]"
"Nachdem der Reichsrat im Herbst 1906 das allgemeine, gleiche, geheime und direkte Männerwahlrecht beschlossen hatte, wurde mit 26. Jänner 1907 die große Wahlrechtsreform durch Sanktionierung von Kaiser Franz Joseph I. gültig. Mit der neuen Reichsratswahlordnung schuf man insgesamt 516 Wahlbezirke, wobei mit Ausnahme Galiziens in jedem Wahlbezirk ein Abgeordneter im Zuge der Reichsratswahl gewählt wurde. Der Abgeordnete musste sich dabei im ersten Wahlgang oder in einer Stichwahl mit absoluter Mehrheit durchsetzen. Der Wahlkreis Galizien 7 umfasste in der Stadt Lemberg den restlichen Teil des I., II., III. und IV. Gemeindebezirkes der durch den 2., 3., 4., 5, und 6. Wahlbezirk und die Gemeindegrenze begrenzt wird. Die Wahlräume befindeten sich in den Schulen auf Kordeckigasse, auf St. Martingasse und auf Łaczakowskagasse. Aus der Reichsratswahl 1907 sowie 1911 ging Józef Hudec von der Polnischen Sozialdemokratischen Partei Galiziens als Sieger hervor.",deu,deu,"[57169.0, 16306.0, 5788.0, 29356.0, 148846.0, 29138.0, 36262.0, 27460.0, 24644.0, 20704.0, 29644.0, 15606.0, 18098.0, 39392.0, 23135.0]"
"Bleyer war bis 1664 Schüler der Thomasschule zu Leipzig. Danach studierte er bei Adam Drese an der Universität Jena und ab 1666 an der Universität Leipzig. Weitere Studien folgten in Wien, Rom und Dresden. Er wurde Gräflich Schwarzburgischer Kammerschreiber. Seine Bewerbungen für die Kapellmeisterstellen in Rudolstadt und Leipzig (als Thomaskantor) blieben erfolglos. 1672 wurde er Kaiserlich gekrönter Poet. 1678 zog er nach Darmstadt.",deu,deu,"[25038.0, 7980.0, 3143.0, 14367.0, 67565.0, 13934.0, 17558.0, 12985.0, 11912.0, 10146.0, 11718.0, 7779.0, 8879.0, 18552.0, 11202.0]"
An der Pfarrkirche Angerburg amtierten bis 1945 als evangelische Geistliche. Die Pfarrer der zweiten Pfarrstelle waren auch für das Landgebiet zuständig:,deu,deu,"[7642.0, 2237.0, 927.0, 4221.0, 20975.0, 4003.0, 5194.0, 3734.0, 3282.0, 3013.0, 3681.0, 2274.0, 2515.0, 5408.0, 3134.0]"
"Lever war das einzige Kind von William Hesketh Lever und seiner Frau Elizabeth Ellen, geb. Crompton Hulme of Bolton. Er wurde an der Eton School erzogen und studierte am Trinity College der Universität Oxford, die er 1913 mit einem Masterabschluss verließ. Anschließend stieg er in das Familienunternehmen Lever Brothers ein.",deu,deu,"[14548.0, 4625.0, 2139.0, 8955.0, 35036.0, 8884.0, 9742.0, 7616.0, 7173.0, 6303.0, 6481.0, 4836.0, 5591.0, 11068.0, 6905.0]"
2015 war die Inbetriebnahme einer vollautomatische Presslinie mit einer Presskraft von 20.500 kN und die Erweiterung der Fertigungstiefe durch diverse Bearbeitungszentren.,deu,deu,"[9581.0, 3188.0, 1147.0, 5441.0, 24926.0, 5158.0, 6321.0, 4976.0, 4340.0, 3690.0, 4259.0, 2917.0, 3437.0, 6674.0, 4064.0]"
"Ines Rastig (16. Januar 1965—14. Mai 2016) ist eine Berliner Künstlerin mit einem wechselvollen Leben, die als Malerin, Sängerin, als Szenenbildnerin eindrucksvoller Performances sowie als Kostüm- und Bühnenbildnerin bei Film und Theater tätig war. All ihre Werke sind geprägt von großer Phantasie, von Selbstbewusstsein, Rebellion und Eigenwilligkeit. In ihren letzten sieben Lebensjahren entwickelte sie sich zu einer entschiedenen Einzelgängerin und konzentrierte sich ausschließlich auf die Fotografie. Sowohl sich selbst als auch ihre künstlerischen Aktivitäten hielt sie mit großer Sturheit dem Kunstbetrieb fern. Ines Rastig bestand auf ihrer eigenen Sphäre von Raum und Zeit, wo alles Bild wurde. Ihre Passion war die obsessiv betriebene fotografische Beobachtung und Dokumentation ihres Umfeldes. Ob die Großaufnahme des intimen Blicks in den engen Wirklichkeitsausschnitt ihres eigenen Lebens oder die distanzierte Momentaufnahme im pulsierenden Berlin – immer sind ihre Werke geprägt von großer Poesie, von Humor, aber auch von Trauer und Verlust. Die letzten sechs Monate lebte die Künstlerin im """"Chelsea der Ostsee"""" – im Hotel The Grand Ahrenshoop. Auch hier entstanden ungewöhnliche Arbeiten und komplexe Selbstporträts, die dem Betrachter viel gedanklichen Spielraum lassen. Mit ihrem frühen Tod im Mai 2016 hinterließ sie eine große Zahl fotografischer Arbeiten.",deu,deu,"[62710.0, 17421.0, 7100.0, 38497.0, 191432.0, 33542.0, 45732.0, 32676.0, 27436.0, 26050.0, 31878.0, 19983.0, 18910.0, 44214.0, 23331.0]"
"als die Differenz der Phasenwinkel bzw. Nullphasenwinkel der beiden Schwingungen. Teilweise wird diese Größe auch als „Phasendifferenz“, „Phasenunterschied“ oder „Phasenverschiebung“ bezeichnet.Anders als der Phasenwinkel ist der Phasenverschiebungswinkel zeitlich eine Konstante.",deu,deu,"[15490.0, 4610.0, 1566.0, 9157.0, 45031.0, 8640.0, 9993.0, 8220.0, 6842.0, 5580.0, 7350.0, 4126.0, 4977.0, 11232.0, 6050.0]"
"Am 27. Juni 2001 ernannte ihn Papst Johannes Paul II. zum Titularbischof von Garriana und zum Weihbischof in Mexiko-Stadt. Der Erzbischof von Mexiko-Stadt, Norberto Kardinal Rivera Carrera, spendete ihm am 15. August desselben Jahres die Bischofsweihe; Mitkonsekratoren waren der Apostolische Nuntius in Mexiko, Erzbischof Giuseppe Bertello, und der Bischof von Ecatepec, Onésimo Cepeda.",deu,deu,"[24711.0, 7485.0, 2784.0, 15245.0, 52699.0, 12724.0, 23089.0, 12261.0, 10898.0, 15265.0, 10459.0, 13416.0, 9205.0, 17816.0, 11838.0]"
"Manfred Berger: Zur Geschichte der Zeitschrift TPS. in: Egbert Haug-Zapp (Hrsg.): Historische zu gegenwärtigen Aufgaben der Sozialpädagogik. 100 Jahre evangelische Fachzeitschrift TPS. Bielefeld 1992, S. 9–13.",deu,deu,"[13228.0, 4311.0, 1784.0, 7478.0, 33076.0, 7173.0, 8780.0, 6943.0, 6200.0, 5150.0, 6089.0, 3919.0, 4965.0, 9704.0, 6199.0]"
"Am 13. Juli 1981 annullierte der Internationale Leichtathletikverband (IAAF) die von Ben Plucknett (1954–2002), USA, aufgestellten zwei Diskus-Weltrekorde am 16. Mai 1981 in Modesto (Kalifornien, USA) und am 7. Juli in Stockholm (Schweden) – zuletzt mit 72,34 m – wegen der Verwendung von Anabolika, speziell Nandrolon, und verhängte eine Teilnahmesperre von 18 Monaten.",deu,deu,"[27539.0, 8884.0, 3452.0, 15903.0, 67851.0, 14807.0, 18833.0, 14156.0, 12731.0, 11080.0, 12606.0, 8464.0, 9643.0, 19455.0, 11808.0]"
"Das Radwegenetz des Landkreises Mainz-Bingen, das direkt an Mombach grenzt, umfasst zurzeit zirka 550 Kilometer in folgenden Qualitäten: Radwege auf klassifizierten Straßen – 184 Kilometer (34 Prozent)",deu,deu,"[11460.0, 3247.0, 1283.0, 6362.0, 32442.0, 5898.0, 7877.0, 5737.0, 4936.0, 4508.0, 5224.0, 3371.0, 3720.0, 7836.0, 4607.0]"
Von 1874 bis 1877 war Barnas Sears auch Präsident der American Baptist Missionary Union und unterstützte in dieser Funktion vor allem den Gemeindeaufbau der deutschen und europäischen Baptisten.,deu,deu,"[8406.0, 2824.0, 1166.0, 4956.0, 22676.0, 4788.0, 5596.0, 4625.0, 4045.0, 3540.0, 3914.0, 2882.0, 3029.0, 6131.0, 3642.0]"
Auch die Sammlung „Altdeutsche Staaten“ des Amerikaners John R. Boker dürfte zu den großen Sammlungen gehört haben; sie wurde inzwischen in mehreren eigenen Auktionen in Wiesbaden aufgelöst.,deu,deu,"[7873.0, 2215.0, 973.0, 4703.0, 22975.0, 4375.0, 5711.0, 4270.0, 3564.0, 3392.0, 3924.0, 2588.0, 2566.0, 6019.0, 3180.0]"
"Der Verein wurde 1989 gegründet um die Region West-Auckland in der New Zealand National Soccer League zu repräsentieren. Anfangs war der Verein in Western Springs beheimatet, doch 1991 folgte eine Fusion mit Massey AFC und der Club zog in den Fred Taylor Park in Waitakere, wo er auch noch heute spielt. 1990 gewann Waitakere City FC erstmals die neuseeländische Meisterschaft, weitere Titel folgten 1992, 1995, 1996 und 1997. 1994 gewann der Verein außerdem den Chatham Cup, 1995 und 1996 konnte ebenfalls der Pokalwettbewerb Neuseelands gewonnen werden.",deu,deu,"[30876.0, 10270.0, 4850.0, 17532.0, 78244.0, 18371.0, 20552.0, 17194.0, 15486.0, 13037.0, 13806.0, 9894.0, 12218.0, 23221.0, 14374.0]"
"Der Karlslunds IF Örebro (kurz: KIF Örebro) ist ein Fußballverein in der schwedischen Stadt Örebro. Der Verein wurde 1971 gegründet. Die Frauenfußballabteilung KIF Örebro DFF (Damfotbollsförening) spielt in der Damallsvenskan, der höchsten Spielklasse im schwedischen Frauenfußball.",deu,deu,"[22844.0, 5433.0, 2032.0, 8501.0, 39973.0, 9377.0, 10681.0, 8645.0, 8087.0, 6557.0, 7653.0, 5340.0, 6985.0, 13413.0, 8146.0]"
"Der Fahrzeugbestand umfasst 48 Triebwagen des Typs Regio-Shuttle (DB-Baureihe VT 650) der Baujahre 1996/97, 2003, 2005 und 2009, sowie drei NE 81-Triebwagen mit Baujahr 1993 sowie einen NE81-Steuerwagen, die in den HzL-Bahnbetriebswerken Gammertingen und Immendingen beheimatet sind. Der bis 2013 von Immendingen aus eingesetzte NE81 (VT121) wurde 2016 im Bahnbetriebswerk Gammertingen verschrottet.",deu,deu,"[32662.0, 10367.0, 4340.0, 17820.0, 84714.0, 17646.0, 21177.0, 17197.0, 14790.0, 12299.0, 14421.0, 9389.0, 11492.0, 24347.0, 14554.0]"
"ISO 9:1995 ist der neueste Standard der ISO und stellt eine extreme Form der Transliteration: Jeder kyrillische Buchstabe wird durch einen lateinischen Buchstaben dargestellt. Es wird keine Unterscheidung zwischen dem Г, das in der russischen als / g / und in der ukrainischen als / h / ausgeprägt ist, gemacht, somit immer als G transkribiert. Weil es eine sehr zuverlässige Eins-zu-Eins-Transkription ist, wird das System häufig verwendet.",deu,deu,"[23268.0, 7071.0, 2605.0, 12877.0, 58721.0, 13280.0, 14114.0, 12103.0, 10793.0, 8503.0, 15826.0, 6692.0, 8021.0, 16215.0, 8889.0]"
"Nach der Vereinigung ihrer beiden Quellbäche auf einer Höhe von 261 m ü. NHN am Ostrand des Schonungener Ortsteils Marktsteinach in der Flur Grundwiesen direkt neben dem örtlichen Sportplatz unterquert die Steinach die Kreisstraße SW 45 (Zum Kolben) und fließt dann zunächst in südwestlicher Richtung durch eine Grünzone, begleitet von einer Baumgalerie am Südrand des Dorfes und am Nordhang des Kolm entlang.",deu,deu,"[21586.0, 6556.0, 2313.0, 12155.0, 63073.0, 11980.0, 14662.0, 11395.0, 10033.0, 8481.0, 9830.0, 6341.0, 7659.0, 16804.0, 9719.0]"
"Die Stadt liegt im Scott County und ist Heimat des Georgetown College. Mitte der 1980er Jahre begann das Einwohnerwachstum der Stadt zu steigen, als Toyota dort eine 1988 Fabrik zur Motorherstellung baute. Georgetown ist außerdem der Trainingsort des NFL-Teams der Cincinnati Bengals.",deu,deu,"[11910.0, 3973.0, 1608.0, 6654.0, 34353.0, 7051.0, 7528.0, 6649.0, 5993.0, 4681.0, 5558.0, 3657.0, 4351.0, 8885.0, 5169.0]"
"Anfang 2012 wurde berichtet, dass sie mit Aufnahmen zu ihrem ersten Soloalbum begonnen habe. Der Song God Won’t Save U Now, produziert von Pete Kirtley, welcher unter anderem schon mit den Sugababes an deren Album Taller in More Ways sowie mit Mutya Buena an deren Solodebüt-Album Real Girl arbeitete, und Sacha Collisson unter deren gemeinsamen Bühnennamen DBX, sollte im Jahr 2012 veröffentlicht werden. Eine Veröffentlichung war für September 2012 vorgesehen, wurde aber aus unbekannten Gründen gestrichen. Ende 2012 war sie auf der Single Ordinary Me des Rappers Mr. Bigz auf dessen Mixtape The Bigz Bang Theory zu hören. Am 19. August 2013 veröffentlichte sie die Single Love (Is All We Need), eine Zusammenarbeit mit dem DJ Adam J. Im September 2014 veröffentlichte sie mit Summertime eine weitere Single. Im selben Jahr nahm sie an der britischen Gymnastik-Show Tumble teil, wo sie den 5.Platz belegte. Im Sommer 2016 erschien der Song Testify, eine Zusammenarbeit mit der norwegischen Künstlerin K-Syran.",deu,deu,"[48493.0, 15000.0, 8020.0, 27355.0, 126699.0, 28689.0, 31829.0, 25958.0, 23159.0, 20926.0, 21434.0, 16132.0, 17916.0, 36146.0, 22545.0]"
"Nach dem Abitur 1964 in Warburg studierte Hovermann in Münster Geschichte und Latein auf Lehramt. Nach dem Studium arbeitete er als Lehrer an Gymnasien in Münster, Burgsteinfurt, Erwitte und Lippstadt-Overhagen.",deu,deu,"[11831.0, 3390.0, 1459.0, 6752.0, 32902.0, 6348.0, 8281.0, 5752.0, 5052.0, 4754.0, 5099.0, 3744.0, 4083.0, 8660.0, 5227.0]"
Nach dem Ende seiner Zeit im US-Repräsentantenhaus arbeitete Hiram Belcher wieder als Anwalt in Farmington. Dort ist er am 6. Mai 1857 auch verstorben.,deu,deu,"[8399.0, 2707.0, 1080.0, 4983.0, 23229.0, 4886.0, 5496.0, 4685.0, 4118.0, 3432.0, 3907.0, 2675.0, 3042.0, 6334.0, 3760.0]"
Vollständige Generalsammlungen sind aber heute bei der großen Vielzahl an Sammelstücken kaum noch realisierbar und Sammler spezialisieren sich typischerweise irgendwann auf bestimmte Sammelgebiete.Man unterscheidet in der Philatelie zwei grundsätzlich verschiedene Arten des Briefmarkensammelns: die klassische Philatelie und das Motivsammeln.,deu,deu,"[14436.0, 4031.0, 1538.0, 8522.0, 44770.0, 7706.0, 10033.0, 7385.0, 6178.0, 5717.0, 7172.0, 4225.0, 4492.0, 10176.0, 5500.0]"
"Ankenbauer, Norbert (2010): """"das ich mochte meer newer dyng erfaren"""". Die Versprachlichung des Neuen in den Paesi novamente retrovati (Vicenza, 1507) und in ihrer deutschen Übersetzung (Nürnberg, 1508). Berlin: Frank & Timme.",deu,deu,"[14527.0, 4705.0, 2448.0, 9457.0, 30700.0, 7687.0, 13718.0, 7059.0, 6389.0, 7982.0, 6022.0, 5909.0, 5740.0, 10631.0, 7209.0]"
"Der Suzuki Kei war ein Kleinstwagen in der japanischen Kei-Car-Klasse, den Suzuki zwischen 1998 und 2009 produzierte. Erhältlich war er als drei- oder fünftüriges Fließheck-Fahrzeug. Als Antrieb kam der Suzuki-R3-Ottomotor mit oder ohne Turbolader zum Einsatz. Grundsätzlich verfügte der Kei über Frontantrieb, optional war auch Allradantrieb erhältlich. Neben einem Fünf-Gang-Schaltgetriebe war auch ein Vierstufen-Automatikgetriebe verfügbar. Mazda vertrieb ein Badge-Engineering- Modell als Mazda Laputa von 1999 bis 2006.",deu,deu,"[29958.0, 10067.0, 3660.0, 17212.0, 83282.0, 16970.0, 19611.0, 19183.0, 16161.0, 11628.0, 14071.0, 8883.0, 11700.0, 22091.0, 13389.0]"
"Johann Hintner (* 10. November 1834 in Gsies-Pichl, Südtirol; † 15. Februar 1892 in Bozen, Südtirol) war ein Maler.Der Vater war Bauer. Ein Vorfahre, der Gschwendt-Wirt Simon Hintner, hatte 1691 ein Wappen verliehen bekommen. Johanns Bruder Michael Hintner wurde Zimmermann und Bildhauer.Er war Schüler von Johann von Schraudolph in München. Im Oktober 1870 schrieb er sich in die Antikenklasse an der Münchener Akademie der bildenden Künste ein. Später war er in Bozen ansässig. Als Vertreter der spätnazarenischen Schule malte er Altarblätter, Bildnisse und Genreszenen.",deu,deu,"[35781.0, 10700.0, 4226.0, 20539.0, 95188.0, 19036.0, 27559.0, 18240.0, 16088.0, 14495.0, 16786.0, 10949.0, 12142.0, 25940.0, 14995.0]"
Das Verhältnis zum Kölner Erzbischof und Kurfürsten war in der Regel gut. Dafür sorgte insbesondere Dietrichs Bruder als Landdrost des kölnischen Herzogtums Westfalen. Eine Ausnahme machte die Zeit des zum Protestantismus übergetretenen Erzbischof Gebhard I. von Waldburg.,deu,deu,"[13755.0, 4075.0, 1483.0, 7765.0, 39112.0, 7404.0, 9497.0, 7022.0, 6319.0, 5315.0, 6421.0, 3964.0, 4593.0, 10600.0, 5996.0]"
"1491 vermählte sich Vratislav, vermutlich mit Vermittlung Wilhelms, mit Ludmilla/Lidmilla, einer Tochter des 1489/90 verstorbenen Jan Heralt von Kunstadt und der Elisabeth (Johanna?) von Krawarn. Obwohl Ludmilla zwei Jahre später starb, erbte er 1495 von seiner mittlerweile ebenfalls verstorbenen Schwiegermutter Schloss und Herrschaft Blumenau sowie Proßnitz. An dem Erbe konnte er sich nicht lange erfreuen. Er starb bereits ein Jahr später im Alter von nur 33 Jahren. Da er keine Nachkommen hinterließ und von seinen Brüdern nur noch Wilhelm lebte, gelangten Vratislavs hinterlassene Besitzungen an diesen.",deu,deu,"[35101.0, 10486.0, 3809.0, 17932.0, 85504.0, 18976.0, 21376.0, 17757.0, 15901.0, 12941.0, 17617.0, 9786.0, 12013.0, 25818.0, 14871.0]"
"Der Pfarrer Elijah Craig und weitere kirchliche Angehörigen aus Virginia waren Ende 1785 die ersten Bewohner Georgetowns. Die Stadt ist benannt nach George Washington. Am 16. Dezember 1790 wurde die Ortschaft als Stadt eingetragen. Craig gründete eine Fabrik, die für die Tuch- und Papierherstellung zuständig war. 1789 gründete er dann in der Stadt eine Destillerie sowie eine klassische Schule, welche die Basis für das Georgetown College bildete.",deu,deu,"[18673.0, 6069.0, 2627.0, 11149.0, 54911.0, 10970.0, 12731.0, 10198.0, 9209.0, 8067.0, 9093.0, 6229.0, 6704.0, 13935.0, 8001.0]"
"Das vor über einhundert Jahren vollendete Stammstrecken-Netz der HzL ist bis heute in Betrieb. Personenverkehr findet zwischen Hechingen und Sigmaringen, an Samstagen, Sonntagen und Feiertagen auch nach Eyach statt, während er auf dem übrigen Netz in den Jahren 1968 bis 1973 abschnittweise, heute an Werktagen, auf Busbedienung umgestellt wurde:",deu,deu,"[19174.0, 5676.0, 2242.0, 11076.0, 55523.0, 10880.0, 13197.0, 9955.0, 8921.0, 7494.0, 8818.0, 5823.0, 6536.0, 14668.0, 8102.0]"
"Bei der klassischen Philatelie beschäftigt man sich näher mit den Briefmarkenausgaben einzelner Staaten oder begrenzter Zeiträume (zum Beispiel Weimarer Republik oder Westberlin) in einem der beiden Erhaltungsformen „gestempelt“ oder „postfrisch“ (früher alternativ: mit Falz). Früher wurde angestrebt das betreffende Gebiet komplett zu machen insbesondere bei Vordruckalben, heute wird häufig auf Vollständigkeit weniger Wert gelegt, in diesem Fall ist das Ziel möglichst viele Sammelstücke in qualitativ hochwertige Erhaltung zusammenzutragen, und Lücken nicht mit minderwertigeren Exemplaren zu füllen.",deu,deu,"[27955.0, 7668.0, 2795.0, 15743.0, 85417.0, 14915.0, 19413.0, 14302.0, 11960.0, 10664.0, 13606.0, 8132.0, 8291.0, 19871.0, 10411.0]"
Leun liegt an der Bundesstraße 49. Nach Norden besteht über Ehringshausen Anschluss an die Bundesautobahn 45. Auf Leuner Gebiet befinden sich die beiden Bahnhöfe „Leun/Braunfels“ (im Ortsteil Lahnbahnhof) und „Stockhausen“ an der Lahntalbahn Gießen – Limburg an der Lahn – Koblenz.,deu,deu,"[17762.0, 5352.0, 2041.0, 10487.0, 45569.0, 9679.0, 12349.0, 8946.0, 8038.0, 6828.0, 7338.0, 5357.0, 6808.0, 13766.0, 8634.0]"
"Mit der Reformation ging die Auflösung des Grünhainer Klosters im Jahr 1536 einher. Politisch wurden Bärenstein und Kühberg dem neu gegründeten Amt Schlettau zugeteilt, welches kurze Zeit darauf mit dem Amt Grünhain vereinigt wurde. Nachdem der Ort mit dem Amt Schlettau im Zuge der Wittenberger Kapitulation im Jahr 1547 zum albertinischen Kurfürstentum Sachsen kam, wurde Bärenstein mit der zu ihm gehörigen Siedlung Kühberg im Jahr 1548 zu einem Ratsdorf von Annaberg. Die Landbrücke, welche später als „Böhmische Brücke“ oder „Grenzbrücke“ bekannt war, wurde im Jahr 1557 über den Pöhlbach am unteren Ortsende von Kühberg gebaut. Sie bestand bis 1945. Zu dieser Zeit blühte der Bergbau zu beiden Seiten des Pöhlbachs, wodurch sich zahlreiche Bergleute ansiedelten. Gruben am Raumberg bei Kühberg trugen u. a. die Namen „Blaue Maus“ und „Berghäusel Bärenstein“.Zwischen 1564 und 1566 entstand der Annaberger Floßgraben zur Heranführung großer Mengen von Brenn-, Gruben-, Hütten- und Bauholz sowie von zusätzlichem Aufschlag-, Brauch- und Trinkwasser für die Bergstadt Annaberg. Der elf Kilometer lange Graben begann an der Flurgrenze von Bärenstein mit der erst im 17. Jahrhundert entstandenen Siedlung Stahlberg. Dann verlief er bis zum Standort des heutigen Bahnhofs Bärenstein entlang der heutigen Eisenbahnstrecke über den ehemaligen Haltepunkt Kühberg in der Ortsmitte und weiter in Richtung Königswalde oberer Bahnhof. Der Graben war bis zur Aufgabe der Flößerei im Jahr 1844 in Betrieb.",deu,deu,"[83496.0, 25508.0, 9648.0, 45012.0, 244902.0, 47660.0, 55365.0, 44296.0, 39338.0, 30876.0, 38768.0, 23071.0, 29664.0, 64645.0, 36496.0]"
"Bei Kriegsbeginn wurde Joseph Hackin zunächst im Range eines Capitains, dann eines Commandants (Stabsoffizier im Majorsrang) in der französischen Gesandtschaft Kabul reaktiviert und als Verbindungsoffizier dem mediterranen Operationsgebiet (General Weygand) zugewiesen. Ein Angebot Marschall Pétains, in den diplomatischen Dienst Vichy-Frankreichs zu treten und die Leitung der Gesandtschaft in Afghanistan zu übernehmen, lehnte er ab. Am 6. Juli 1940 telegrafierte er General de Gaulle und trat den Freien Französischen Streitkräften (FFL) bei. Er folgte so dem berühmten Appell de Gaulles vom 18. Juni 1940 sowie der Anerkennung des Generals als Führer des „Freien Frankreich“ („France Libre“) durch Winston Churchill vom 28. Juni 1940. Gemeinsam mit seiner Frau traf er über Bombay und den Seeweg im Oktober 1940 in London ein. Im Hauptquartier General de Gaulles und der FFL in Carlton Gardens Nr. 4 wurde er mit der Aufgabe betraut, die verschiedenen Komitees von France Libre weltweit zu koordinieren und ihnen Informationen und Direktiven zu geben. Am 14. Dezember 1940 sprach er über BBC, um die Franzosen zum Widerstand zu ermutigen. Seine Frau Marie trat dem Corps des Voluntaires Françaises im Range eines Sous-Lieutenant bei.",deu,deu,"[57213.0, 16985.0, 7423.0, 61794.0, 161808.0, 33487.0, 51750.0, 30690.0, 26924.0, 29718.0, 27736.0, 23524.0, 19214.0, 43255.0, 24854.0]"
Zum Betrieb auf dem Ausschreibungsnetz 12 „RB Ulmer Stern“ ab Juni 2019 wird die HzL Dieseltriebwagen des Typs LINT 54 einsetzen. Dieser Fahrzeugtyp wird damit erstmals in Baden-Württemberg eingesetzt. Die Fahrzeuge werden eine Einstiegshöhe von 55 Zentimeter haben. Außerdem werden in jedem Fahrzeug 18 Fahrradstellplätze vorhanden sein.,deu,deu,"[18027.0, 5115.0, 2074.0, 9923.0, 51541.0, 9609.0, 12050.0, 9208.0, 7815.0, 6816.0, 8356.0, 5225.0, 5778.0, 12573.0, 7482.0]"
"Verteidigungsausschuss als 1. Untersuchungsausschuss gem. Art. 45a Absatz 2 Grundgesetz """"rechtsextremistischen Vorkommnissen an der Führungsakademie der Bundeswehr in Hamburg und an anderen Standorten der Bundeswehr"""" (1998)",deu,deu,"[13449.0, 3973.0, 1475.0, 8197.0, 36298.0, 7247.0, 9349.0, 7033.0, 5943.0, 5340.0, 6359.0, 4108.0, 4590.0, 10007.0, 5669.0]"
Auch in Allendorf wird bei den Novemberpogromen 1938 die Synagoge zerstört und das Inventar am folgenden Tag auf dem Festplatz verbrannt. Mit der Deportation der letzten 21 Mitbürger jüdischen Glaubens in die Vernichtungslager erreicht das dunkelste Kapitel deutscher Geschichte für Allendorf seinen traurigen Höhepunkt. Allendorf hat im Zweiten Weltkrieg 85 Gefallene und 56 Vermisste zu beklagen.,deu,deu,"[20274.0, 5806.0, 2386.0, 11766.0, 61281.0, 11063.0, 14287.0, 10556.0, 9010.0, 7910.0, 9910.0, 6009.0, 6424.0, 14717.0, 8116.0]"
"behauptete von sich selbst, der erste Philatelist der Welt gewesen zu sein, da er bereits Marken gesammelt habe, bevor es überhaupt Briefmarken gab, nämlich Steuer- und Stempelmarken aller Art. Gleich am 6. Mai 1840, dem Tag der Einführung der ersten Briefmarken weltweit in Großbritannien, kaufte er sich mehrere Exemplare dieser Marken in der Absicht, sie nicht zu verbrauchen, sondern aufzubewahren.",deu,deu,"[19617.0, 5796.0, 2051.0, 11712.0, 55213.0, 11325.0, 13082.0, 10311.0, 8993.0, 7908.0, 10120.0, 6036.0, 6023.0, 14238.0, 7567.0]"
Die große Arena hat beim Eishockey eine Zuschauerkapazität von 7.012 Zuschauern; die sich beim Basketball auf 7.700 Plätze steigern lässt. Die kleinere Eishalle bietet 1.900 Zuschauern Platz. Zum Sportkomplex gehören neben der großen Arena und der kleineren Eishalle eine weitere Eisbahn für Publikumslauf und Training sowie verschiedene technische Gebäudeteile.,deu,deu,"[18468.0, 5099.0, 2166.0, 10311.0, 52317.0, 9442.0, 12507.0, 8980.0, 7548.0, 7316.0, 9094.0, 5614.0, 5628.0, 12656.0, 7021.0]"
"Edílson Mendes Guimarães, genannt Edílson, (* 27. Juli 1986 in Nova Esperança) ist ein brasilianischer Fußballspieler. Der Rechtsfüßer wird als rechter oder linker Abwehrspieler eingesetzt.",deu,deu,"[10910.0, 3555.0, 1336.0, 7536.0, 21451.0, 5575.0, 9834.0, 5445.0, 4944.0, 11763.0, 5041.0, 6757.0, 4208.0, 8252.0, 5414.0]"
"Neben den neuen Hilfsmitteln für den Philatelisten entstanden auch immer mehr Briefmarkenvereine und Veranstaltungen speziell für den Philatelisten. Bereits aus dem Jahre 1856 sind Treffen von Philatelisten in den Vereinigten Staaten bekannt. Im Jahre 1866 kam es zur offiziellen Gründung des ersten Briefmarkenvereines der Welt. Es handelt sich dabei um die Excelsior Stamp Association in den Vereinigten Staaten. Zwei Jahre später, im August 1869, kam es auch in Deutschland zur Gründung der ersten Briefmarkenvereine. Der erste deutsche Briefmarkensammlerverein, der Süddeutsche Philatelisten-Verein, wurde in Heidelberg gegründet. Es folgten in den nächsten drei Jahren Dresden, Berlin und Hamburg nach.",deu,deu,"[29268.0, 8438.0, 3689.0, 17053.0, 89664.0, 16015.0, 20759.0, 15064.0, 12865.0, 11867.0, 14693.0, 9693.0, 9588.0, 20546.0, 11509.0]"
"Recherche Bay war ziemlich abgelegen von den Hauptsiedlungsgebieten der Europäer auf Tasmanien und durch seine geographische Lage den östlichen Stürmen ausgesetzt. Das schwierige Gelände und die Beschaffenheit des Bodens hielten die Europäer von Landwirtschaft ab. Daher wurde die Gegend um Recherche Bay von der britischen Besiedelung von Van Diemens Land nur wenig berührt. Während der 1830er und 1840er Jahre wurde eine Walfängerstation etabliert (wie auch im weiter nördlich und auch geschützt liegenden Port Esperance). Auch befand sich in Recherche Bay eine Lotsenstation, deren Lotsen die Schiffe den D'Entrecasteaux Channel hinauf und nach Hobart brachten. Walfänger kamen auch später sporadisch in die Bucht, um Wale zu verarbeiten, wobei zwei Schiffe, die Maria Orr im Jahre 1846 und die Offley im Jahre 1880 von Stürmen in der Bucht zerstört wurden. Die kommerzielle Hauptaktivität in den späten 1800er Jahren und den 1990er Jahren war die Holzwirtschaft, hauptsächlich um die Ortschaft Leprena, und Kohlenbergbau hauptsächlich um die Ortschaft Catamaran. Die Catamaran Coal Company benutzte die frühere Bark James Craig als Kohlenhulk in diesem Gebiet.",deu,deu,"[53041.0, 16416.0, 7018.0, 35378.0, 151553.0, 31247.0, 34891.0, 28351.0, 25629.0, 20907.0, 23559.0, 15937.0, 18860.0, 40780.0, 22994.0]"
Am 20. September 1960 werden Allendorf durch einen Erlass der hessischen Landesregierung die Stadtrechte wieder förmlich zuerkannt. Zwischenzeitlich (seit 1937) waren die Stadtrechte ausgesetzt gewesen.,deu,deu,"[12088.0, 3651.0, 1431.0, 6830.0, 33219.0, 6871.0, 8189.0, 6371.0, 5502.0, 4671.0, 5673.0, 3501.0, 4111.0, 8788.0, 5090.0]"
"Die Sammlung des Reichspostmuseums in Berlin zählt zu den größten und bedeutungsvollsten der Welt, obwohl während der Weltkriege und der Nachkriegszeit große Verluste entstanden. Die Sammlung musste mehrmals umziehen, da der ursprüngliche Aufbewahrungsort in der Leipziger Straße im Zweiten Weltkrieg schwer getroffen wurde.",deu,deu,"[13819.0, 4010.0, 1467.0, 7715.0, 41682.0, 7632.0, 9264.0, 7151.0, 6190.0, 5478.0, 7313.0, 4071.0, 4356.0, 10100.0, 5448.0]"
"Der erste Unabhängigkeitstagsempfang fand 1919 statt und war eine kleine Veranstaltung mit 150 Gästen. Noch bis Mitte der 1930er Jahre war eine solche Feier nicht etabliert, weshalb in manchen Jahren wegen anderer Ereignisse – wie zum Beispiel des 70. Geburtstags des damaligen Präsidenten P.E. Svinhuvud – gar nicht gefeiert wurde. Während der Kriegsjahre zwischen 1940 und 1945 fand ebenfalls kein Unabhängigkeitstagsempfang statt. Der nach dem Krieg amtierende Präsident Juho Paasikivi trug zur Wiederbelebung der Tradition bei und sie erhielt für das Volk eine neue Bedeutung.Heutzutage werden rund 1800 Gäste eingeladen, darunter die Mitglieder des Staatsrats, die Mitglieder von Regierung und Parlaments, ausländische Diplomaten, die Bischöfe, die finnischen Abgeordneten des Europäischen Parlaments, die Kanzler und Direktoren der Universitäten, die Offiziere, die Landeshauptleute, die obersten Beamten der Rechtsprechung, und die ehemaligen Präsidenten, Ministerpräsidenten und Parlamentspräsidenten. Seit den letzten Jahrzehnten wird die Einladung auch an wichtige einflussreiche Personen des Wirtschaftslebens und der Kultur sowie an erfolgreiche Sportler und Künstler des Jahres geschickt. Weltbekannte Gäste waren in den vergangenen Jahren unter anderem der The Rasmus-Sänger Lauri Ylönen und Rennfahrer Kimi Räikkönen. Von den 1990er Jahren bis 2006 standen außerhalb des Präsidentenpalastes sogenannte „Zaungäste“ als Protestierende.",deu,deu,"[69550.0, 20883.0, 7787.0, 38198.0, 190890.0, 36047.0, 45569.0, 36118.0, 31429.0, 26636.0, 35323.0, 20780.0, 22382.0, 47816.0, 27212.0]"
"Botanischer Theil: 1. Band (mehr nicht erschienen): Sporenpflanzen: A. Grunow, Algae; A. von Krempelhuber, Lichenes; H. W. Reichardt, Fungi, Hepaticae et Musci Frondosi; G. Mettenius, Cryptogamae Vasculares; Julius Milde, Ophioglosseae und Equisetaceae. Wien 1870",deu,deu,"[21044.0, 6416.0, 3216.0, 12831.0, 40139.0, 11328.0, 16579.0, 10121.0, 9227.0, 10513.0, 8443.0, 8108.0, 7852.0, 15645.0, 10330.0]"
"Der Allerheiligengraben ist ein Seitental des Pölstals und trennt die Gemeinden Pöls-Oberkurzheim und Fohnsdorf. Dessen östliches Seitental – der Steinmetzgraben – gehört zu Fohnsdorf. Der den Allerheiligengraben durchfließende Allerheiligenbach mündet bei Paßhammer in den Pölsbach. Im Süden des Grabens, am Talausgang, liegt die namengebende Ortschaft Allerheiligen. Den Graben umgeben Berge – auf der östlichen Seite die Dirnbergerhöhe, die Prennhöhe, der Zechnerriedel, die Strasswaldhöhe, die Eisenbacherhöhe, das Gaaleck, die Gaaler Höhe, der Waldkogel, der Schlapfkogel, der Vormacherberg und auf der westlichen Seite der Geierkogel, das Geigereck und der Bärenkogel. Der Ausgang des Tals liegt auf 776 Meter und die Quelle des Allerheiligenbachs auf 1258 Meter Höhe über dem Meeresspiegel.",deu,deu,"[49754.0, 14265.0, 5590.0, 25738.0, 137167.0, 26259.0, 31684.0, 24885.0, 21768.0, 17158.0, 21482.0, 12779.0, 17026.0, 37856.0, 21352.0]"
Die Vultee P-66 Vanguard war ein ursprünglich für die schwedischen Luftstreitkräfte vorgesehenes Jagdflugzeug der United States Army Air Forces (USAAF) im Zweiten Weltkrieg.,deu,deu,"[9175.0, 2850.0, 1249.0, 4647.0, 19805.0, 4618.0, 5261.0, 4539.0, 4078.0, 3316.0, 3803.0, 2659.0, 3116.0, 6224.0, 3901.0]"
"Recherche Bay ist eine Bucht an der Südküste Tasmaniens in Australien. Die Einfahrt in die Bucht erfolgt von Osten. Recherche Bay ist nur etwa sechs nautische Meilen nördlich des Südostkap (englisch South East Cape) gelegen, des äußersten südlichen Ausläufers von Tasmanien und damit des südlichsten Punktes von Australien (abgesehen vom Antarktisteil).",deu,deu,"[17453.0, 5280.0, 2071.0, 11814.0, 48562.0, 9931.0, 11314.0, 9117.0, 8308.0, 7121.0, 7734.0, 5364.0, 6593.0, 13980.0, 7633.0]"
"Der Verlag hatte im Jahr 1992 sieben feste Mitarbeiter, brachte ein Halbjahresangebot von etwa zehn Titeln heraus und machte einen Jahresumsatz von 2 Millionen DM. Durch den Verdrängungswettbewerb auf dem Buchmarkt geriet der Kleinverlag Ende 1992 in eine existenzielle Krise: Er litt unter Umsatzrückgang, fehlendes Kapital und Remissionen. Eine geplante Büro- und Vertriebsgemeinschaft mit dem Hamburger Verlag Rasch und Röhring, der vor allem für sein Sachbuchprogramm bekannt war, kam nicht mehr zustande. Der Verleger Peter Lohmann musste Anfang 1993 den Konkurs seines Verlags am Galgenberg anmelden.Das Verlagsprogramm konnte noch von 1994 bis 1996 beim Hamburger Verlag Rasch und Röhring als Edition Galgenberg fortgeführt werden. In der Edition Galgenberg erschienen unter anderem Werke folgender Autoren: Ingvar Ambjørnsen, Anke Gebert, Anne Holt, José Ángel Mañas, Peter Schmidt.",deu,deu,"[45973.0, 12933.0, 5389.0, 26104.0, 129564.0, 24517.0, 30993.0, 22729.0, 19694.0, 17696.0, 21356.0, 13496.0, 15016.0, 33134.0, 19462.0]"
"19. April: Bei einer Opernaufführung im Theater des dänischen Schlosses Amalienborg entzündet sich die Dekoration. Das Theater und das Schloss, auf das die Flammen übergreifen, werden beim Brand zerstört. 171 Menschen sterben, unter ihnen der Komponist Johann Lorentz.",deu,deu,"[14229.0, 4258.0, 1602.0, 7906.0, 36937.0, 7204.0, 9218.0, 6716.0, 6056.0, 5513.0, 6601.0, 4080.0, 4738.0, 9749.0, 5924.0]"
Am 1. Januar 1975 wurde der Name der Stadt amtlich in Allendorf (Lumda) geändert.1981 Stilllegung der Lumdatalbahn im Personenverkehr. 1991 desgl. im Güterverkehr.,deu,deu,"[11393.0, 3478.0, 1357.0, 6473.0, 29888.0, 6236.0, 7717.0, 5925.0, 5047.0, 4447.0, 5396.0, 3451.0, 3959.0, 8046.0, 4787.0]"
"(6519) Giono ist ein Asteroid des Hauptgürtels, der am 12. Februar 1991 vom belgischen Astronomen Eric Walter Elst am Observatoire de Haute-Provence (IAU-Code 511) entdeckt wurde.",deu,deu,"[13047.0, 5865.0, 1838.0, 11745.0, 24902.0, 8268.0, 10943.0, 7948.0, 7375.0, 6956.0, 6313.0, 5480.0, 6500.0, 10233.0, 7242.0]"
Östlich von Espert verläuft der in den Ispingrader Bach mündende Geilensiepen. Politisch im Stadtrat von Radevormwald vertreten wird der Ort durch den Direktkandidaten des Wahlbezirks 100.,deu,deu,"[12876.0, 3595.0, 1289.0, 6750.0, 30802.0, 6632.0, 8166.0, 6358.0, 5635.0, 4850.0, 5051.0, 3981.0, 4246.0, 11025.0, 5391.0]"
"Die Blattrhachis ist 4,4 bis 5,5 Zentimeter lang und wie der Blattstiel geflügelt. Zwischen jedem Blättchenpaar finden sich gestielte Drüsen. Die lanzettlichen Nebenblätter sind 1,5 bis 2 Millimeter lang und dauernd.",deu,deu,"[15163.0, 5125.0, 1533.0, 8678.0, 39732.0, 8643.0, 10030.0, 8423.0, 7356.0, 5555.0, 6551.0, 4076.0, 5080.0, 11450.0, 6378.0]"
"IPA Das International Phonetic Alphabet ( IPA) dient dazu, die Aussprache einer Sprache so nah wie möglich abzubilden. Dieses System, wird vor allem in Wörterbüchern und in linguistischen Publikationen verwendet, es muss jedoch nicht immer unbedingt eine Romanisierung darstellen. Die IPA besteht nicht ausschließlich aus lateinischen Buchstaben.",deu,deu,"[12990.0, 4029.0, 1546.0, 9682.0, 38472.0, 8101.0, 10672.0, 7332.0, 6325.0, 6433.0, 6799.0, 5024.0, 4653.0, 9881.0, 5515.0]"
"Konrad Rosenhauer u. a. (Hrsg.): Der Landkreis Ansbach. Vergangenheit und Gegenwart. Verl. f. Behörden u. Wirtschaft Hoeppner, Aßling-Pörsdorf/Obb. 1964, DNB 450093387, S. 140.",deu,deu,"[19118.0, 6259.0, 2100.0, 9344.0, 36132.0, 10792.0, 11631.0, 9471.0, 8761.0, 7524.0, 8534.0, 5678.0, 7968.0, 14298.0, 9600.0]"
"Edward Duyker: A French Garden in Tasmania. The Legacy of Félix Delahaye (1767—1829). Explorations, December 2004 (issued October 2005), S. 3–18.",fra,deu,"[6994.0, 3513.0, 3475.0, 7847.0, 6700.0, 4375.0, 5995.0, 4584.0, 3981.0, 4459.0, 3080.0, 3455.0, 3960.0, 5965.0, 4706.0]"
Durch die Verbesserung der Situation in den Winterquartieren und Schutzmaßnahmen in den Brutgebieten können sich die Störche zurzeit wieder ausbreiten.,deu,deu,"[6833.0, 1850.0, 736.0, 3771.0, 21007.0, 3553.0, 4578.0, 3403.0, 2785.0, 2658.0, 3295.0, 2019.0, 2060.0, 4719.0, 2568.0]"
16. Dezember: Die Bill of Rights (dt. Gesetz der Rechte) wird verabschiedet. Das Gesetz regelt die Rechte des britischen Parlaments gegenüber dem Königtum und gilt als eines der grundlegenden Dokumente des Parlamentarismus.,deu,deu,"[11300.0, 3326.0, 1305.0, 6616.0, 31118.0, 6109.0, 7301.0, 5763.0, 5003.0, 4496.0, 5555.0, 3360.0, 3905.0, 7906.0, 4635.0]"
"Hiram Belcher (* 23. Februar 1790 in Hallowell, Kennebec County, Massachusetts; † 6. Mai 1857 in Farmington, Maine) war ein US-amerikanischer Politiker. Zwischen 1847 und 1849 vertrat er den Bundesstaat Maine im US-Repräsentantenhaus.",deu,deu,"[16363.0, 6359.0, 2576.0, 9189.0, 33740.0, 9862.0, 10170.0, 9144.0, 8536.0, 6998.0, 7497.0, 5434.0, 7199.0, 12263.0, 8670.0]"
"In einer Studie zur Ortswahrnehmung und Ortsbindung von Mombach aus dem Jahr 1999 wurden die endogenen Potentiale des Stadtteils aufgezeigt. Diese Tatsache ist wohl der städtebaulichen Planung von Ernst May zu verdanken, der Mombach West propagierte um die Innenstadt zu entlasten und so zur Auflockerung der Bestandsbebauung in dieser beizutragen.",deu,deu,"[16925.0, 4999.0, 1925.0, 9780.0, 52711.0, 9856.0, 12030.0, 9417.0, 8134.0, 6653.0, 8092.0, 5136.0, 5706.0, 12718.0, 6907.0]"
"Worst Week ist eine US-amerikanische Sitcom, die vom 22. September 2008 bis zum 6. Juni 2009 auf CBS ausgestrahlt wurde. Die Serie basiert auf der britischen Sitcom The Worst Week of My Life.",deu,deu,"[11410.0, 4330.0, 1851.0, 6260.0, 25845.0, 7342.0, 7376.0, 6353.0, 5799.0, 4596.0, 5033.0, 3657.0, 4677.0, 8443.0, 5434.0]"
"Doch eines Abends stirbt der alte Spielzeugmacher und alle seine Schöpfungen geraten nicht nur in tiefe Trauer, sondern in tiefe Furcht: Im Kellergewölbe der Fabrik erwacht eine böse Macht. Aus den alten Kartons erwachen die bösen Blechspielzeuge. Durch den Tod von Vater Isaak sehen sie ihre Chance, ein grausames Regime auf der Erde aufzubauen, denn sie wollen alle Kinder der Welt in Angst und Schrecken versetzen.",deu,deu,"[19236.0, 4867.0, 2049.0, 11035.0, 60952.0, 10246.0, 13288.0, 9481.0, 7956.0, 7617.0, 9910.0, 5854.0, 5626.0, 13824.0, 7297.0]"
"Der Diskuswerfer oder der Diskobolos fand in der klassischen Zeit von Myron seine statuarische Formgebung. Auch der Diskophoros oder Diskusträger des Polyklet kann hier erwähnt werden. War beim Diskophoros des Polyklet das Standmotiv (Klassischer Kontrapost) das Wesentliche, so ist es beim Myronischen Diskobolos einziges Moment der Ruhe innerhalb der Aktion.",deu,deu,"[18518.0, 4948.0, 1976.0, 11285.0, 51977.0, 9417.0, 13049.0, 8994.0, 7857.0, 7685.0, 9593.0, 5877.0, 5552.0, 13124.0, 7181.0]"
"Franz Falk (1840–1909), Prälat, katholischer Pfarrer, Bistumsarchivar und Kirchenhistoriker in Mainz, Mitbegründer der Gesellschaft für mittelrheinische Kirchengeschichte.",deu,deu,"[10431.0, 3425.0, 1461.0, 5831.0, 25503.0, 5647.0, 7442.0, 5704.0, 5003.0, 4279.0, 4797.0, 3504.0, 3886.0, 8195.0, 4772.0]"
"Die Liste der denkmalgeschützten Objekte in Großpetersdorf enthält die 13 denkmalgeschützten, unbeweglichen Objekte der burgenländischen Gemeinde Großpetersdorf.",deu,deu,"[9543.0, 3155.0, 862.0, 4937.0, 22504.0, 5523.0, 5877.0, 5122.0, 4651.0, 3644.0, 4193.0, 2615.0, 3719.0, 7801.0, 4572.0]"
"Der „Normverbrauch“ nach DIN 70030 wurde mit gleich bleibend Dreiviertel der Höchstgeschwindigkeit, höchstens jedoch 110 km/h, auf ebener Strecke ermittelt.",deu,deu,"[9744.0, 2923.0, 1008.0, 5052.0, 25048.0, 4967.0, 5969.0, 4790.0, 4123.0, 3502.0, 4371.0, 2709.0, 2964.0, 6418.0, 3684.0]"
Als Unterflurmotor wird bei Kraftfahrzeugen und Triebwagen eine im Rahmen oder dem Wagenkasten liegende Anordnung des Motors bezeichnet (im Unterschied zum im Frontbereich stehend eingebauten Motor und zum Heckmotor). Entwickelt wurde der Unterflurmotor von dem Ingenieur Paul Arendt. Berühmt für seine Fahrzeuge mit Unterflurmotor war der Lastkraftwagen- und Bushersteller Büssing.,deu,deu,"[18126.0, 5390.0, 1907.0, 10049.0, 53756.0, 9809.0, 12250.0, 9915.0, 8700.0, 6743.0, 8593.0, 5189.0, 5659.0, 13771.0, 7058.0]"
"Die Gründung erfolgte 2007 und ist das Ergebnis aus dem 42 Monate dauernden Network of Excellence INTEROP (Interoperability research for networked enterprise applications and software), einer Forschungsinitiative der Europäischen Union.",deu,deu,"[8123.0, 2704.0, 1562.0, 5074.0, 22331.0, 4454.0, 6157.0, 4305.0, 3609.0, 3624.0, 3706.0, 2737.0, 2889.0, 5601.0, 3482.0]"
Szélesi spielte bis 2004 beim ungarischen Hauptstadtverein Újpest FC und bestritt als rechter Verteidiger in vier Jahren über 100 Spiele in der ersten ungarischen Liga. Einmal nahm er für die Ungarn auch am UEFA-Pokal teil.,deu,deu,"[14181.0, 4082.0, 1430.0, 7570.0, 32787.0, 7348.0, 8907.0, 7033.0, 6421.0, 5619.0, 6604.0, 4078.0, 4788.0, 10654.0, 6154.0]"
"Stich-Meister ist vom Prinzip her ein klassisches Stichkartenspiel, jedoch werden vor jeder Runde die Trumpffarbe sowie einige Spiel- und Wertungsregeln neu bestimmt oder abgeändert. Gespielt wird, wie bei Stichspielen üblich, um Punkte.",deu,deu,"[11643.0, 3176.0, 1221.0, 6555.0, 35060.0, 6227.0, 8171.0, 5969.0, 5069.0, 4423.0, 5496.0, 3402.0, 3588.0, 8051.0, 4429.0]"
Die Ewige Tabelle umfasst alle Endrundenspiele seit 1991. Ergebnisse im Elfmeterschießen werden nicht berücksichtigt. Alle Ergebnisse sind auf die 3-Punkte-Wertung umgerechnet.,deu,deu,"[9869.0, 2968.0, 1034.0, 5531.0, 27906.0, 5036.0, 7129.0, 5148.0, 4215.0, 3936.0, 4439.0, 2869.0, 3219.0, 6811.0, 3908.0]"
"1. Band: Wirbeltiere: J. Zelebor, Säugethiere; August von Pelzeln, Vögel; F. Steindachner, Reptilien; F. Steindachner, Amphibien; Rudolf Kner, Fische. Wien 1867–1869, (Digitalisat)",deu,deu,"[17560.0, 5582.0, 2365.0, 8558.0, 35331.0, 8757.0, 10884.0, 8059.0, 7385.0, 6895.0, 7282.0, 5387.0, 6693.0, 12498.0, 8807.0]"
"Von 1930 bis 1933 leitete Hackin das Maison franco-japonaise in Tokio. In dieser Zeit nahm er als Archäologe an der Croisière Jaune („Gelbe Kreuzfahrt“ bzw. „Gelbe Expedition“) teil, der äußerst aufwändigen Asien-Expedition des Automobilherstellers Citroën über 13.000 Kilometer, ausgerüstet mit Halbkettenfahrzeugen des Typs Citroën C4 Autochenilles.",deu,deu,"[19947.0, 6325.0, 2426.0, 19156.0, 52307.0, 10341.0, 16969.0, 10688.0, 9049.0, 10034.0, 9199.0, 7422.0, 6909.0, 14320.0, 8520.0]"
"Herz-Jesu Kirche (kath., 1911) in neugotischem Stil entworfen von Ludwig Becker, Entwurf der Glasfenster durch Alois Plum, nach Sicherung und Sanierung wurde der Altarraum 2001 durch Vitus Wurmdobler ausgemalt.",deu,deu,"[12793.0, 3848.0, 1553.0, 7052.0, 33767.0, 6892.0, 8792.0, 6662.0, 5739.0, 4975.0, 5709.0, 3939.0, 4308.0, 9630.0, 5471.0]"
"Als Folge des Zweiten Weltkriegs fiel Falkenhain 1945 wie fast ganz Schlesien an Polen und wurde in Sokołówka umbenannt. Die deutsche Bevölkerung wurde vertrieben. Die neuen Bewohner waren zum Teil Heimatvertriebene aus Ostpolen. Bis 1974 gehörte Sokołówka zur Woiwodschaft Wrocław und anschließend bis 1998 zur Woiwodschaft Wałbrzych (deutsch: Waldenburg). Wegen der Zunahme der Bevölkerung wurden in den 1990er Jahren in Sokołówka zwei neue Pfarreien errichtet: der ober gelegene Teil des Ortsteils gehört kirchlich zu der Pfarrei „Christus König“ (bei Missionshaus „Christus Rex“), der untere zu der Pfarrei „Matki Bożej Królowej Pokoju“ (dt. „Muttergottes, Königin des Friedens“), wo eine neue Pfarrkirche erbaut wurde.",deu,deu,"[50024.0, 12908.0, 4481.0, 22796.0, 109883.0, 24299.0, 29310.0, 22542.0, 19786.0, 16923.0, 29130.0, 12901.0, 16046.0, 32969.0, 20494.0]"
In der Landgrafschaft Hessen-Darmstadt wurde mit Ausführungsverordnung vom 9. Dezember 1803 das Gerichtswesen neu organisiert. Für die Provinz Oberhessen wurde das „Hofgericht Gießen“ als Gericht der zweiten Instanz eingerichtet. Die Rechtsprechung der ersten Instanz wurde durch die Ämter bzw. Standesherren vorgenommen und somit war für Allendorf das „Amt Allendorf/Lumda“ zuständig.,deu,deu,"[22679.0, 7195.0, 2274.0, 11633.0, 54678.0, 12334.0, 15069.0, 11520.0, 10155.0, 8875.0, 10160.0, 6486.0, 8342.0, 17143.0, 10505.0]"
Seit einigen Jahren sind die Weißstörche „Nachbarn“ der Menschen in Mombach und Budenheim. Genau an der Grenze zwischen beiden Orten gibt es am Rheinufer einen Storchenhorst. In diesem Horst haben Störche seit 1997 mehrere Male mit gutem Erfolg gebrütet.,deu,deu,"[12974.0, 3591.0, 1505.0, 7274.0, 39613.0, 7098.0, 8954.0, 6704.0, 5599.0, 5047.0, 6028.0, 3972.0, 4090.0, 9671.0, 5308.0]"
"Magdalena Semczyszyn: Wybory w kurii miejskiej we Lwowie 1861–1914 jako pretekst dla ukazania społeczno-politycznego potencjału miasta. In: Historia Slavorum Occidentis 1(4), 43-71, 2013",bul,deu,"[24936.0, 4844.0, 1640.0, 8311.0, 14224.0, 8469.0, 13165.0, 7081.0, 7309.0, 9621.0, 19735.0, 6861.0, 7947.0, 12384.0, 9985.0]"
"Das mittlere Einkommen für einen Haushalt in der Gemeinde lag bei 33.571 Dollar, und das mittlere Einkommen für eine Familie lag bei 33.214 Dollar. Männer hatten ein mittleres Einkommen von 30.000 Dollar, $ Frauen von 14.375 Dollar. Das Pro-Kopf-Einkommen der Gemeinde betrug 17.396 Dollar. Über 11,0 % der Familien und 12,3 % der Gesamtbevölkerung lebten unterhalb der Armutsgrenze, davon waren 22,5 % der Befragten im Alter von 18 Jahren und keiner 65 Jahre oder älter.",deu,deu,"[33281.0, 13845.0, 3761.0, 18615.0, 74089.0, 20608.0, 21641.0, 19333.0, 18189.0, 14213.0, 15988.0, 11289.0, 15551.0, 24293.0, 17228.0]"
"Die ersten Varianten des „Großen Goggomobils“ litten an schlimmen Kinderkrankheiten: Die Aluminium-Druckgussgehäuse der Motoren verformten sich bei hohen Betriebstemperaturen. Durch diesen Defekt konnte der Benzinverbrauch bis auf 12 l/100 km steigen. Die Karosserien verwanden sich auf schlechten Straßen so stark, dass Risse entstanden und im schlimmsten Fall die Panorama-Frontscheibe aus ihrem Rahmen fiel. Die Reklamationen kosteten die Hans Glas GmbH viel Geld und beschädigten den Ruf der Firma.",deu,deu,"[26146.0, 6785.0, 2719.0, 14540.0, 77536.0, 12977.0, 17680.0, 12601.0, 10591.0, 9683.0, 12555.0, 7395.0, 7572.0, 17975.0, 9658.0]"
"Sie hat eine Tochter, ist mit dem ehemaligen Bundestagsabgeordneten Ditmar Staffelt (SPD) verheiratet und hat im April 2008 auch dessen Nachnamen angenommen.",deu,deu,"[7773.0, 2179.0, 924.0, 4451.0, 22646.0, 4247.0, 5399.0, 4031.0, 3400.0, 3205.0, 3713.0, 2606.0, 2416.0, 5743.0, 3118.0]"
Die Philatelie oder Briefmarkenkunde beschäftigt sich mit dem systematischen Sammeln von Postwertzeichen sowie von Belegen für ihre Verwendung auf Postsendungen jeglicher Art und der Erforschung postgeschichtlicher Dokumente.,deu,deu,"[10383.0, 3001.0, 1034.0, 5802.0, 29539.0, 5358.0, 7114.0, 5170.0, 4478.0, 4005.0, 5249.0, 2986.0, 3284.0, 7180.0, 4098.0]"
"Der Fernsehschauspieler Gary (Ryan Reynolds) wird aufgrund von Brandstiftung und Drogenmissbrauch unter Hausarrest gestellt. Dort wird er von der Agentin Margaret (Melissa McCarthy) betreut und lernt die Nachbarin Sarah (Hope Davis) kennen. Gary bekommt jedoch mehr und mehr das Gefühl, dass es in dem Haus spukt und er von der Zahl Neun verfolgt wird. So findet er unter anderem einen Notizzettel mit der Aufschrift „Achte auf die Neunen“ in seiner eigenen Handschrift. Bei einem verbotenen Ausflug trifft er ein stummes Mädchen, welches versucht, ihm mit Gebärdensprache etwas mitzuteilen. Doch Gary versteht es nicht und wird schließlich von der Polizei aufgegriffen. Er erhält jetzt eine Elektronische Fußfessel und wird immer mehr von der Zahl Neun besessen. Sarah, die durch Margaret von Gary ferngehalten wird, teilt ihm mit, dass mit der Welt tatsächlich etwas nicht stimmt und dass sie ihm dabei helfen könne, aus der Situation herauszukommen. Als Gary Margaret zur Rede stellt, versucht sie ihm zu erklären, dass nicht etwas mit der Welt nicht stimmt, sondern mit ihm und er auf keinen Fall den markierten Bereich mit seiner Fußfessel verlassen dürfe. Gary tut dies trotzdem und die Welt um ihn herum löst sich in Feuer auf.",deu,deu,"[53470.0, 14473.0, 6318.0, 30370.0, 168824.0, 31078.0, 35701.0, 27356.0, 23962.0, 21373.0, 26225.0, 16496.0, 16757.0, 39032.0, 20889.0]"
"Anschließend unternahm der Freiberufler Arndt vor allem Gastspielreisen im Rahmen von Tourneebühnen. In der Spielzeit 1981/82, als er gerade am Theater in Lübeck engagiert gewesen war, kehrte er noch einmal für eine kleine Rolle vor die Kamera zurück. Danach verschwand er weitgehend aus dem Blickfeld der Öffentlichkeit.",deu,deu,"[15095.0, 4123.0, 1790.0, 9247.0, 45995.0, 8468.0, 10554.0, 7808.0, 6639.0, 6116.0, 7341.0, 4630.0, 4832.0, 11048.0, 5973.0]"
"Konnten im Aufbau der Fachgewerkschaften schon früh beachtliche Erfolge erzielt werden, so behinderte die mangelnde rechtliche Anerkennung die gewerkschaftliche Arbeit erheblich: die Errichtung eines eigenständigen Patronates war nicht möglich, Kollektivverträge in deutscher Sprache herauszugeben schwierig, da man aufgrund mangelnder Kontakte zu einer staatlichen Gewerkschaft vom Informationsfluss abgeschnitten war.",deu,deu,"[17391.0, 4700.0, 1804.0, 10400.0, 53052.0, 9564.0, 12810.0, 9275.0, 7836.0, 6943.0, 8967.0, 5329.0, 5242.0, 13036.0, 6518.0]"
Communauté de communes Forterre Val d’Yonnesowie Zugang von vier weiteren Gemeinden aus der ehemaligen Communauté de communes du Pays Coulangeois und einer weiteren ohne bisherige Verbandszuordnung.,deu,deu,"[7806.0, 2234.0, 1042.0, 14841.0, 15449.0, 4046.0, 9529.0, 3884.0, 3417.0, 5827.0, 3270.0, 4653.0, 3205.0, 5898.0, 4135.0]"
"Günther P. Fehring: Stadt und Landkreis Ansbach (= Bayerische Kunstdenkmale. Band 2). Deutscher Kunstverlag, München 1958, DNB 451224701, S. 96–97.",deu,deu,"[14634.0, 5716.0, 1866.0, 7584.0, 27757.0, 9061.0, 9352.0, 8242.0, 7692.0, 6411.0, 6665.0, 4902.0, 6799.0, 12890.0, 8072.0]"
"Im Rahmen der Gebietsreform in Hessen entstand durch den freiwilligen Zusammenschluss der Stadt Leun und der Gemeinden Biskirchen, Bissenberg und Stockhausen am 31. Dezember 1971 die neue Stadt Leun. Das heutige Rathaus befindet sich im Stadtteil Stockhausen.",deu,deu,"[14400.0, 4349.0, 1636.0, 7177.0, 35232.0, 7691.0, 9185.0, 6966.0, 6207.0, 5430.0, 6220.0, 4114.0, 5440.0, 10263.0, 6666.0]"
"Im Jahre 1875 entstand auf Grund der zwangsverordneten Union zwischen der Lutherischen Kirche und der reformierten Tradition zu einer Kirche die Evangelisch-Lutherische Zionsgemeinde Allendorf, da sie ihr lutherisches Bekenntnis, Verfassung und Gottesdienst uneingeschränkt beibehalten wollte. Die Evangelisch-Lutherische Zionsgemeinde Allendorf gehört zum Kirchenbezirk Hessen-Süd der Selbständigen Evangelisch-Lutherischen Kirche. Diese Kirchengemeinde ist bis heute ein wichtiger Teil des religiösen Lebens in der Stadt.",deu,deu,"[24028.0, 7234.0, 2581.0, 13431.0, 69614.0, 13522.0, 16304.0, 12533.0, 11336.0, 8957.0, 11590.0, 6702.0, 8194.0, 18071.0, 10046.0]"
"Anfang Februar 1941 beauftragte de Gaulle Joseph Hackin, die Interessen des Freien Frankreichs als Gesandter beim englischen Vizekönig in Indien zu vertreten. Hackins diplomatisches Aufgabengebiet dürfte von Indien aus Französisch-Indochina gewesen sein. Das Laos, Kambodscha und Vietnam umfassende Territorium, das Hackin vertraut war, behielt bis Kriegsende eine Vichy-treue Kolonialverwaltung unter japanischer Oberherrschaft.",deu,deu,"[21148.0, 6358.0, 2385.0, 16008.0, 59198.0, 12603.0, 14908.0, 11198.0, 10083.0, 8454.0, 9794.0, 6459.0, 7598.0, 16062.0, 9339.0]"
"Der Isar wurde in diverse Länder exportiert. Der Name wurde auf einigen ausländischen Märkten zu ISARD verändert, als entdeckt wurde, dass """"Isar"""" in einigen Sprachen """"dumm"""" bedeutet.",deu,deu,"[8895.0, 2538.0, 1100.0, 5639.0, 27142.0, 5293.0, 6272.0, 5035.0, 4185.0, 3579.0, 4620.0, 2950.0, 2787.0, 6807.0, 3222.0]"
1377 wird die junge Stadt von Herzog Otto von Braunschweig und Johann von Nassau überfallen und geplündert. Die Einwohner werden gefangengenommen; 16 Personen sterben in den Gefängnissen.,deu,deu,"[9159.0, 3172.0, 1088.0, 5160.0, 25002.0, 5588.0, 6066.0, 5124.0, 4591.0, 3635.0, 4441.0, 2725.0, 3463.0, 7021.0, 4124.0]"
"Der Südpfälzer Lukas Grünenwald besuchte die Lateinschule in Annweiler, das Gymnasium in Landau (Pfalz) und leistete seinen Militärdienst als Einjährig-Freiwilliger beim 9. Infanterie-Regiment „Wrede“ in Würzburg. Dort studierte er auch klassische Philologie sowie Geschichte; vollendete seine Studien mit dem Staatsexamen in München und promovierte sich später. In Würzburg trat er der katholischen Studentenverbindung Normannia im KV bei.",deu,deu,"[22386.0, 6092.0, 2396.0, 13431.0, 62563.0, 11576.0, 16111.0, 10613.0, 9166.0, 8755.0, 10265.0, 6814.0, 7229.0, 15904.0, 9231.0]"
12. Mai: Die Augsburger Allianz wird durch den Beitritt von England und den Niederlanden zur Wiener Großen Allianz gegen den Sonnenkönig Ludwig XIV. erweitert.,deu,deu,"[7470.0, 2361.0, 829.0, 4436.0, 19842.0, 4182.0, 5218.0, 3854.0, 3487.0, 3059.0, 3593.0, 2263.0, 2680.0, 5489.0, 3365.0]"
"mit Johann Georg Joessel: Lehrbuch der topographisch-chirurgischen Anatomie mit Einschluss der Operationsübungen an der Leiche für Studirende und Ärzte. Zweiter Teil. Die Brust - Der Bauch - Das Becken. Friedrich Cohen, Bonn 1899. Digitalisat",deu,deu,"[14457.0, 4342.0, 1639.0, 8930.0, 36521.0, 7803.0, 9674.0, 7019.0, 6372.0, 5713.0, 7024.0, 4385.0, 5168.0, 10377.0, 6494.0]"
"Bei der Europawahl 2004 wurde Watson mit 18,3 % der Stimmen des Wahlkreises Südwestengland wiedergewählt. Im Europäischen Parlament schlossen sich anschließend die Europäischen Liberalen, Demokratische und Reformpartei und die Europäische Demokratische Partei zur Allianz der Liberalen und Demokraten für Europa zusammen. Watson wurde zum ersten Vorsitzenden dieser neuen Fraktion gewählt. Er ist Mitglied in der Konferenz der Präsidenten sowie in der Delegation für die Beziehungen zu der Koreanischen Halbinsel.",deu,deu,"[24220.0, 6958.0, 2302.0, 14955.0, 61600.0, 12505.0, 17320.0, 12068.0, 10839.0, 9743.0, 11327.0, 7715.0, 8003.0, 17134.0, 10354.0]"
Zuma erzielte in seinem ersten Bundesligaspiel für Arminia Bielefeld auch gleich sein erstes Bundesligator. Er traf zum zwischenzeitlichen 2:2 beim Auswärtsspiel gegen Werder Bremen.,deu,deu,"[9829.0, 2841.0, 1057.0, 5256.0, 25339.0, 4880.0, 6838.0, 4957.0, 4042.0, 4099.0, 4365.0, 2994.0, 3192.0, 6976.0, 4042.0]"
"Die erste Sichtung geht vermutlich auf Teilnehmer der Fünften Französischen Antarktisexpedition (1908–1910) unter der Leitung des Polarforschers Jean-Baptiste Charcot im Jahr 1909 zurück. Luftaufnahmen, die am 1. Februar 1937 bei der British Graham Land Expedition (1934–1937) unter der Leitung des australischen Polarforschers John Rymill entstanden, dienten einer ersten groben Kartierung. Eine Landkarte, die im Zuge dieser Forschungsreise entstand, enthält ihren deskriptiven Namen. Der Falkland Islands Dependencies Survey nahm 1949 Vermessungen vor Ort vor.",deu,deu,"[31034.0, 10706.0, 4165.0, 21879.0, 74738.0, 17283.0, 21589.0, 16353.0, 15009.0, 13418.0, 14251.0, 10386.0, 11629.0, 23128.0, 14250.0]"
"Die Entstehung der Sandflächen setzte vor etwa 18.000 Jahren während der letzten Eiszeit ein. Damals führte der Rhein, der immer wieder sein Flussbett änderte, nur sehr wenig Wasser, da der größte Teil der Niederschläge in den Eis- und Schneemassen gebunden war. Während des kurzen, schneefreien Hochsommers, konnten nördliche und nordwestliche Winde die kalkreichen, feinkörnigen Sande aus dem Rheingraben verwehen und entweder flächig ausbreiten oder zu bis zu 10 m hohe Dünen aufbauen. Das Gelände wurde bis 2006 immer wieder als militärischer Übungsplatz genutzt. Teile wurden im Anschluss an die Alliierte Rheinlandbesetzung zum Konversionsgebiet erklärt und mit Obstbäumen bepflanzt. Seit 1997 wurden die Obstflächen wiederum unter Naturschutz gestellt, was zu einer unerwünschten Verwilderung führt. Der Arbeitskreis Umwelt hat eine Patenschaft für Teile des Mombacher Oberfeldes übernommen. In diesem Gebiet führt er Pflegemaßnahmen durch, um die Biotopqualität zu erhalten oder zu steigern.",deu,deu,"[48475.0, 14258.0, 5237.0, 27282.0, 147716.0, 27441.0, 31547.0, 26089.0, 22516.0, 17948.0, 23255.0, 13499.0, 15223.0, 36580.0, 19065.0]"
"Aus diesem Impuls entstehen skulpturale Interventionen und Installationen ebenso wie Arbeiten im Aussenraum (Fettfries, Weserunterführung Bremen, 1991, Universalien I-III, Heidenheim 1997/98, supermatch, Leinehaus Hannover 2006, Bagno di Pecora, Park Hermannshof 2007, Death of Light, Maschsee Hannover 2009), Fotografien, Textarbeiten und Künstlerbücher.",deu,deu,"[21507.0, 6071.0, 3298.0, 14322.0, 57888.0, 10747.0, 18094.0, 10666.0, 8910.0, 9679.0, 9372.0, 7793.0, 7248.0, 14509.0, 9087.0]"
"Anlässlich der Einführung des Gerichtsverfassungsgesetzes am 1. Oktober 1879 wurden die bisherigen Land- und Stadtgerichte im Großherzogtum Hessen aufgehoben und durch Amtsgerichte an gleicher Stelle ersetzt, ebenso verfuhr man mit den als Obergerichten fungierenden Hofgerichten, deren Funktion nun die neu errichteten Landgerichte übernahmen. Die Bezirke des Stadt- und des Landgerichts Gießen wurden zusammengelegt und bildeten nun zusammen mit den vorher zum Landgericht Grünberg gehörigen Orten Allertshausen und Climbach den Bezirk des neu geschaffenen Amtsgerichts Gießen, welches seitdem zum Bezirk des als Obergericht neu errichteten Landgerichts Gießen gehört. Zwischen dem 1. Januar 1977 und 1. August 1979 trug das Gericht den Namen „Amtsgericht Lahn-Gießen“ der mit der Auflösung der Stadt Lahn wieder in „Amtsgericht Gießen“ umbenannt wurde. In der Bundesrepublik Deutschland sind die übergeordneten Instanzen des Amtsgerichts Gießen, das Landgericht Gießen, das Oberlandesgericht Frankfurt am Main sowie der Bundesgerichtshof als letzte Instanz.",deu,deu,"[50678.0, 15797.0, 5851.0, 28778.0, 146260.0, 28864.0, 34184.0, 28180.0, 24444.0, 19587.0, 24592.0, 14659.0, 17610.0, 39532.0, 22211.0]"
"Der Drehbuchautor Gavin (Ryan Reynolds) ist der Besitzer des Hauses aus Teil eins und wird im Stile einer Dokumentation bei der Produktion einer neuen Fernsehserie mit dem Titel „Knowing“ beobachtet. Er kann sich gegenüber seiner Produzentin Susan (Hope Davis) durchsetzen, die Rolle der Hauptdarstellerin mit seiner langjährigen Freundin Melissa (Melissa McCarthy, die in diesem Teil sich selbst spielt) zu besetzen. Bei einer Testvorführung wird Gavin trotz Einwegspiegel von einem Zuschauer direkt angesprochen, der ihm mitteilt, dass alles nicht real sei und das Ende bevorstehe. Susan weist ihn an, besonders auf die Testzuschauer zu achten, die dem Film die Bewertung 9 gegeben haben. Gavin schreibt daraufhin auf einen Notizzettel „Achte auf die Neunen“ (der gleiche Zettel wie aus dem ersten Teil). Nach weiteren Gesprächen mit den Produzenten teilt Susan Gavin mit, dass Melissa durch eine attraktivere jüngere Schauspielerin ausgetauscht werden soll. Als Gavin Melissa über die Entscheidung informiert, kommt es zum Streit. Später erfährt Gavin, dass seine Show von den Produzenten abgelehnt wurde, und stellt Susan zur Rede. Diese teilt ihm mit, dass sie mit dieser Aktion nur ihn und Melissa auseinanderbringen wollte. Während des folgenden Streits schlägt Gavin Susan, die ihn daraufhin spöttisch fragt: „Glaubst du, du bist ein Mann/Mensch? Das bist du nicht.“. Gavin flieht auf die Straße und sagt dem Team der Dokumentation, es solle ihn in Ruhe lassen. Eine Passantin fragt ihn, mit wem er reden würde, und Gavin erkennt, dass das Dokumentationsteam nicht existiert. Er sieht sich um und sieht über den Köpfen der Menschen die Ziffer sieben schweben, während über seinem Kopf eine neun schwebt. In einer Rückblende sieht man das Gespräch zwischen Gary und Margaret aus dem ersten Teil, in dem sie ihm mitteilt, dass er ein höherdimensionales Wesen sei, welches die Welt mit einem einzigen Gedanken zerstören könne. Gary glaubt ihr nicht, was dazu führt, dass er die Welt – wie in Teil eins gesehen – zerstört.",deu,deu,"[84275.0, 22495.0, 9796.0, 48757.0, 266817.0, 47861.0, 56518.0, 43539.0, 37633.0, 33741.0, 43255.0, 26301.0, 25297.0, 60583.0, 32045.0]"
"Plá, der der Partido Colorado angehörte, saß in der vierten und fünften Legislaturperiode vom 28. Oktober 1841 bis zum 14. Februar 1846 als Abgeordneter für das Departamento Maldonado in der Cámara de Representantes.",deu,deu,"[13158.0, 4136.0, 1589.0, 8733.0, 28478.0, 6935.0, 11022.0, 6498.0, 5952.0, 10980.0, 6169.0, 10084.0, 4827.0, 9495.0, 6079.0]"
"Kurz danach in der Flur Breitenwiese betrieb sie früher die Rotmühle. Die Steinach mäandert dort leicht. Von der Steinach spaltet sich nun ein Mühlgraben ab, welcher früher die Ölmühle und südlich der Ziegelhütte die Schulzenmühle antrieb. Der Mühlgraben fließt etwas später wieder mit dem Bach zusammen. Gleich danach spaltet sich ein neuer Mühlgraben von der Steinach ab.",deu,deu,"[17889.0, 4844.0, 1934.0, 10320.0, 55992.0, 10040.0, 11775.0, 9414.0, 8128.0, 6840.0, 8533.0, 5353.0, 5785.0, 14323.0, 7347.0]"
"Der Ort wird im Jahr 768 und in den folgenden Jahren mehrfach in Urkunden genannt. Auf Bildechinger Gemarkung existiert auch die rund 2000 Jahre alte Bildechinger Viereckschanze, die auf eine zumindest vorübergehende, längere Besiedlung des Gebietes bereits in vorchristlicher Zeit hindeutet.",deu,deu,"[15835.0, 4890.0, 1758.0, 8893.0, 46390.0, 9165.0, 11016.0, 8742.0, 7853.0, 6386.0, 7431.0, 4630.0, 5518.0, 12524.0, 6893.0]"
"Dieser kleine, blau-silberne Schwarmfisch (nur die Flossen sind gewöhnlich braun) kommt eine relativ kleine Strecke weit an der Küste S-Kaliforniens (selten British Columbia bis Baja California) vor, ist dort aber häufig und gehört, da er leicht an jede Angel geht, zu den am meisten erbeuteten Fischen der Brandungsfischer. Er wird max. 30 cm lang. Er kann gebraten werden, zählt aber nicht zu den bevorzugten Speisefischen. Nachts hält er sich in Tiefen bis 150 m auf (bes. über Sandboden), wo er Würmer, Krebstiere und kleinere Fische erbeutet (sein Maul ist auffallend groß), d. h. sein Aufenthalt tagsüber in Küstennähe, bes. an Molen, Buhnen, Pieren und Steinschüttungen, schützt ihn vor den Fressfeinden des tieferen Wassers. Sonst unterscheidet er sich wenig von den anderen Umbern.- Bes. um Australien heißt „Queenfish“ die Makrele Scomberoides commersonnianus.",deu,deu,"[48234.0, 13200.0, 5252.0, 27602.0, 141895.0, 26327.0, 31881.0, 24864.0, 21253.0, 19142.0, 23504.0, 14438.0, 14916.0, 35325.0, 19072.0]"
"Während seines Fluges vollführt der Diskus eine ballistische Kurve. Einfluss auf die Weite haben auch die Rotation des Diskus, sein Winkel gegenüber der anströmenden Luft sowie Luftbewegungen. Dabei sind drei Effekte zu berücksichtigen:",deu,deu,"[10343.0, 2868.0, 1078.0, 6147.0, 31895.0, 5406.0, 6976.0, 5259.0, 4425.0, 4060.0, 5116.0, 3043.0, 3135.0, 7078.0, 3947.0]"
"Franz Brill: Franz Carl Guilleaume. In: Rheinisch-Westfälische Wirtschaftsbiographien. Band 7, Aschendorffsche Verlagsbuchhandlung, Münster (Westfalen) 1960, S. 25–47.",deu,deu,"[12162.0, 4122.0, 1718.0, 7466.0, 26945.0, 6874.0, 8590.0, 6386.0, 5723.0, 5064.0, 5495.0, 3900.0, 4724.0, 9139.0, 5883.0]"
"Am 1. Juli 1971 wurde Bildechingen im Rahmen der Gemeindereform ein Stadtteil der Stadt Horb am Neckar, die später Große Kreisstadt wurde. Am Ort befinden sich ein Kindergarten und eine Grundschule. In Erfüllung der Eingemeindungsvereinbarung mit der Stadt Horb konnte am 8. Juni 1974 die Turn- und Festhalle ihrer Bestimmung übergeben werden. 1991 wurde der Kindergartenneubau in der „Breite“ bezogen.",deu,deu,"[22353.0, 6661.0, 2627.0, 12342.0, 63130.0, 12168.0, 15247.0, 11336.0, 9915.0, 8426.0, 10363.0, 6400.0, 7887.0, 16413.0, 9532.0]"
"Umschrift bzw. Romanisierung in anderen Sprachen Zur Verständlichkeit für Leser in den anderen entsprechenden Sprachen wird normalerweise phonetisch in die vertraute Orthographie transkribiert. Zum Beispiel werden die ukrainischen Buchstaben uй, х, ч, ш, щ anglophon als y, kh, ch, sh anders transkribiert als in deutschsprachigen Umschriften, wo diese meist mit j, ch, tsch, sch, schtsch wiedergegeben werden, oder sie können in lateinischen Buchstaben nach der üblichen Orthographie anderer slawischen Sprachen, wie Polnisch, Tschechisch oder Kroatisch (ebenso wie mit den etablierten wissenschaftlichen Systemen) wiedergegeben werden. Diese bekannten Transkriptionen sind eine zuverlässige Methode, um die ukrainische Entsprechung in einer bestimmten Zielsprache zu geben. Die deutsche Sprache verwendet ebenfalls ihre eigene Transkription des Ukrainischen. Wenn man einen Text, in dem ukrainischen Namen und/oder Wörter vorkommen, transkribiert, sollte immer berücksichtigt werden, in welcher Sprache das Ausgangsmaterial vorliegt. Eine Variante wurde vom British Museum und von der British Library verwendet, wird aber seit 1975 in ihren neuen Akquisitionen katalogisiert Library of Congress Transliteration.",deu,deu,"[58106.0, 16157.0, 6074.0, 30410.0, 149618.0, 32059.0, 34848.0, 29158.0, 26110.0, 19886.0, 37327.0, 15259.0, 18783.0, 40288.0, 21899.0]"
"Der Gouda stammt ursprünglich aus den Städten Stolwijk und Haastrecht, aus der Region Krimpenerwaard südlich der gleichnamigen Stadt Gouda, im Westen der Niederlande. Seinen Namen verdankt er auch dieser, von deren Markt aus sich der Ruf dieses Käses in alle Welt verbreitet hat. Die erste urkundliche Erwähnung des Gouda-Käses findet sich bereits 1184. Damit ist Gouda eine der ältesten schriftlich belegten Käsesorten, die bis in unsere Zeit hergestellt und gehandelt werden.",deu,deu,"[24224.0, 6911.0, 2751.0, 15130.0, 68823.0, 13385.0, 17145.0, 12520.0, 10873.0, 10398.0, 11280.0, 7630.0, 8283.0, 18041.0, 10057.0]"
"Grünenwald hielt zahllose lokalhistorische Vorträge, schrieb mehr als 200 Buchrezensionen und mindestens ebenso viele Beiträge zu allen Gebieten der Heimatgeschichte. Zu seinen Spezialgebieten gehörte die Pfälzische Kirchengeschichte und das Volksbrauchtum sowie alte Handwerke. Eine interessante Beschreibung gab er beispielsweise über das Aschenbrennen in den heimatlichen Wäldern ab, das er noch aus eigener Anschauung kannte.Lukas Grünenwald war befreundet mit dem heimatgeschichtlich ebenfalls interessierten Pfarrer Heinrich Georg Rung, seinem Normannia-Bundesbruder aus der gemeinsamen Würzburger Studentenzeit, mit dem er auch den gleichen Geburtsort teilte. Ihm hielt er am 25. Februar 1931, in Anwesenheit von Bischof Ludwig Sebastian von Speyer und des pfälzischen Regierungspräsidenten Theodor Pfülf, auf dem Ramberger Friedhof die Grabrede.",deu,deu,"[40939.0, 11812.0, 4548.0, 23078.0, 122287.0, 22682.0, 28587.0, 21379.0, 18468.0, 15682.0, 19744.0, 11809.0, 13308.0, 31809.0, 16719.0]"
"Wichtige, dem Gedanken des Ensembles folgende Einzelausstellungen hatte Bier u.a. 1993 in der Städtischen Ausstellungshalle Münster, 1999 im Kunstverein Hannover, 2001 im Kunstverein Friedrichshafen, 2002 im Kunstmuseum Heidenheim und 2004 in der Galerie Bilkin in Bilbao. Teile seines Langzeitprojekts der Portraits of Unseen People - einer auf über 300 angewachsenen Serie von gemalten imaginären Porträts, die er 2004 mit einem Stipendium für New York begann - waren 2009 im Kunstmuseum Celle zu sehen.",deu,deu,"[28906.0, 8541.0, 3865.0, 17490.0, 82078.0, 16091.0, 20235.0, 15351.0, 13227.0, 11846.0, 13728.0, 9455.0, 9671.0, 21198.0, 12075.0]"
"In der Ausgangsstellung zeigt der Rücken des Sportlers in Wurfrichtung. Er steht am hinteren Kreisrand. Die Beine stehen etwas über Schulterbreite auseinander. In einer lockeren, leicht sitzenden Haltung ruht das Körpergewicht auf beiden Vorderbeinen. Der Arm mit dem Diskus hängt locker pendelnd seitlich am Körper herab.",deu,deu,"[15303.0, 4226.0, 1531.0, 8470.0, 45264.0, 8092.0, 9962.0, 7955.0, 6595.0, 5876.0, 7202.0, 4367.0, 4629.0, 11106.0, 5909.0]"
"Schulhaus mit Lehrerwohnungen von 1869 (gegenüber der Nikolauskirche, heute Kindergarten). Ensemble: Dreigeschossiger Walmdachbau mit Kniestock, 1885 aufgestockt. Ehemaliges Spritzenhaus: kleiner Ziegelbau mit Walmdach. Lehrerwohnung als dreiteiliger eingeschossiger Bruchsteinbau mit Kniestock, die wohl um 1885 errichtet wurden.",deu,deu,"[19424.0, 6118.0, 2116.0, 11613.0, 56210.0, 10654.0, 13544.0, 10717.0, 9341.0, 7365.0, 9304.0, 5552.0, 6589.0, 14602.0, 8210.0]"
"Es gab zwei Untersuchungsausschüsse; 1 Konstituierung des Verteidigungsausschuss als Untersuchungsausschuss Verteidigungsausschuss als Untersuchungsausschuss """"Untersuchung des Unfalles und der damit zusammenhängenden Rettungsaktion von Oberleutnant Siegfried Arndt vom 18. Juli 1966 (1966–1967)",deu,deu,"[16309.0, 4982.0, 1849.0, 9607.0, 43494.0, 8659.0, 10676.0, 8487.0, 7127.0, 6381.0, 7839.0, 5254.0, 5645.0, 11908.0, 6714.0]"
"Im Jahr 1708 reparierte Johann Josua Mosengel aus Königsberg die Orgel. Ab 1713 war sein aus Angerburg stammender Schüler Georg Barsenick mit der Pflege des Instruments beauftragt. Ein Reparaturkostenanschlag aus dem Jahr 1754 von Johann Preuß nennt für das Instrument 30 Stimmen, dabei fünf Rohrwerke, sowie vier Bälge. Preuß änderte die Disposition im Hauptwerk.",deu,deu,"[20633.0, 6189.0, 2457.0, 11667.0, 58208.0, 11191.0, 14453.0, 10356.0, 9260.0, 8031.0, 10354.0, 6231.0, 7075.0, 14818.0, 8796.0]"
Vratislav von Pernstein (tschechisch Vratislav z Pernštejna; * um 1463; † 16. Januar 1496) war ein mährisch-böhmischer Adliger. Ab 1487 bekleidete er das Amt des Oberstlandkämmerers von Mähren. Er entstammte dem Adelsgeschlecht der Herren von Pernstein.,deu,deu,"[25049.0, 6728.0, 2440.0, 11773.0, 46718.0, 11628.0, 14083.0, 10748.0, 9676.0, 8759.0, 12960.0, 6211.0, 8462.0, 16196.0, 10257.0]"
"Der Kampf im Diskuswurf wurde offiziell erstmals zu den Olympischen Spielen um 708 v. Chr. ausgetragen. Damals musste der Athlet noch von einem 60 mal 70 cm großen Podest werfen. Der Diskuswerfer war damals der Inbegriff des Athleten und hoch angesehen, was mit daran lag, dass es den Diskuswurf – im Gegensatz zur Neuzeit – nie als Einzeldisziplin, sondern immer nur in Kombination mit anderen Disziplinen gab. So war der Diskuswurf zum Beispiel ein Bestandteil des antiken Fünfkampfes.",deu,deu,"[24021.0, 6879.0, 2583.0, 13933.0, 73442.0, 13305.0, 16691.0, 12523.0, 11115.0, 10067.0, 12513.0, 7388.0, 7325.0, 17477.0, 9315.0]"
"Als Vratislavs Bruder Wilhelm 1482 das nach dem Tod von Bertold/Pertold von Leipa verwaiste Amt des Oberstlandmarschalls des Königreichs Böhmen übernahm, beabsichtigte er, das von ihm seit 1474 bekleidete Amt des Oberstlandkämmerers von Mähren an Vratislav zu übertragen. Obwohl er hierzu die Zustimmung sowohl des ungarischen Königs Matthias Corvinus, der die Regentschaft über Mähren ausübte, als auch des böhmischen Königs Vladislavs II. eingeholt hatte, kam es, möglicherweise wegen Vratislavs jugendlichem Alter, erst 1487 zu der Amtsübergabe.",deu,deu,"[34549.0, 10309.0, 3762.0, 18088.0, 85319.0, 19186.0, 20851.0, 17634.0, 15974.0, 12237.0, 17134.0, 9026.0, 11253.0, 25747.0, 14215.0]"
"Das Wappen wurde am 29. März 1996 verliehen. Die Axt symbolisiert die Rodung des Orts, die Spindel die traditionelle Textilindustrie seit dem Mittelalter, die Wellen den Fluss Wipper.",deu,deu,"[10023.0, 2992.0, 1124.0, 5658.0, 27929.0, 5418.0, 7082.0, 5205.0, 4370.0, 4086.0, 5298.0, 3116.0, 3388.0, 7170.0, 4176.0]"
Die Richard Neumayer Gesellschaft für Umformtechnik mbH ist ein mittelständischer Zulieferer im Bereich der Massivumformung und Zerspanung. Das Unternehmen hat seinen Sitz in Hausach im Schwarzwald.,deu,deu,"[10200.0, 3091.0, 1182.0, 5491.0, 29523.0, 5324.0, 6887.0, 4993.0, 4429.0, 4061.0, 4745.0, 3142.0, 3684.0, 7354.0, 4516.0]"
"Standard Ukrainian Transliteration — multistandard bidirectional online transliteration (BGN/PCGN, scholarly, national, ISO 9, ALA-LC, etc.) (in Ukrainian)",rus,deu,"[8904.0, 2665.0, 2233.0, 3290.0, 4051.0, 3606.0, 3645.0, 3245.0, 2995.0, 2568.0, 9913.0, 2020.0, 2820.0, 4764.0, 3357.0]"
"ein Flugzeug für Piloten von Kampfflugzeugen (basic combat trainer) mit der Bezeichnung BC-51, aus dem später die BC-3 für das United States Army Air Corps wurde",deu,deu,"[7395.0, 2547.0, 1314.0, 4231.0, 19351.0, 4119.0, 4975.0, 4185.0, 3577.0, 2989.0, 3630.0, 2401.0, 2637.0, 5619.0, 3194.0]"
"Ein Beispiel zur Anwendung: Niederländische Tuchwaren wurden nach der Flämischen Elle gemessen, aber nach der English Ell verkauft.Es waren die Verhältnisse zum Yard folgende:",deu,deu,"[6425.0, 1800.0, 745.0, 4146.0, 20401.0, 3583.0, 4711.0, 3439.0, 2887.0, 2700.0, 3371.0, 2178.0, 1988.0, 4607.0, 2403.0]"
Durch zahlreiche Stiftungen hat der Bischof zu Lebzeiten für sein Seelenheil sorgen wollen. Dem Kloster Oelinghausen etwa stiftete er Memorien im Wert von 10.000 Reichstalern. Auch für die Ausstattung der Kapelle auf dem Fürstenberg kam er auf. Im Paderborner Dom stiftete er für 23.000 Reichstaler eine Memorie. Vor der Stadt Paderborn ließ er eine Kapelle renovieren.,deu,deu,"[19221.0, 5402.0, 2248.0, 10788.0, 58164.0, 10461.0, 13828.0, 9706.0, 8490.0, 7521.0, 9031.0, 5782.0, 6127.0, 14349.0, 7888.0]"
"1995 eröffnete das „Sport- und Gesundheitszentrum Quellenhof“ seine Pforten. In dieser Einrichtung gehören Tennis und Badminton zum Freizeitangebot, genau wie Indoorsoccer. Diese Sporteinrichtungen sind seit 2010 jedoch geschlossen. Geblieben ist das Studio REHA-SPORT GmbH. Durch das Ärztehaus, in dem auch Physiotherapie und Reha-Sport zu Hause sind, ist die medizinische Versorgung für den Stadtteil Biskirchen und die umliegenden Orte größtenteils sichergestellt.",deu,deu,"[21366.0, 6438.0, 2615.0, 12745.0, 65100.0, 11881.0, 15484.0, 11399.0, 9540.0, 8862.0, 10011.0, 6640.0, 7210.0, 15713.0, 8731.0]"
"Am 1. April 1885 begann der Pädagoge seine berufliche Tätigkeit als Gymnasialassistent in Speyer. Dann versetzte man ihn nach Neustadt an der Weinstraße (Kurfürst-Ruprecht-Gymnasium), wo er am 1. Januar 1889 zum Gymnasiallehrer avancierte. 1895 ging Grünenwald nach Speyer zurück. Hier wurde er 1898 Gymnasialprofessor, 1913 Konrektor und am 1. September 1918 Rektor und Schulleiter. Zum 1. April 1920 erfolgte die Beförderung als Oberstudienrat, am 1. August gleichen Jahres wurde er Oberstudiendirektor und mit Wirkung vom 1. April 1923 trat Lukas Grünenwald in den Ruhestand. Seine Heimatgemeinde Dernbach ernannte ihn am 11. Dezember 1925 zu ihrem Ehrenbürger. Er gehörte dem Kirchenvorstand der Speyerer Dompfarrei an (Fabrikrat).",deu,deu,"[47292.0, 14816.0, 5674.0, 27709.0, 127571.0, 25954.0, 32583.0, 24305.0, 21410.0, 18405.0, 22353.0, 14409.0, 16202.0, 34771.0, 19917.0]"
"Der Synagogenbezirk Andernach mit Sitz in Andernach, heute eine Stadt im Landkreis Mayen-Koblenz im nördlichen Rheinland-Pfalz, wurde nach dem Preußischen Judengesetz von 1847 geschaffen.",deu,deu,"[10768.0, 3124.0, 1221.0, 5809.0, 27730.0, 5667.0, 6717.0, 5177.0, 4681.0, 3998.0, 4676.0, 3023.0, 3787.0, 7790.0, 4613.0]"
"31. Juli: Wolfgang Gundling, deutscher protestantischer Prediger, Diakon und Kapitelsdekan und Kirchenschriftsteller (* 1637) 11. August: Václav (Jan) Rosa, tschechischer Sprachwissenschaftler, Dichter und Rechtsanwalt (* etwa 1620)",deu,deu,"[16687.0, 5648.0, 1872.0, 8671.0, 37113.0, 8907.0, 10014.0, 8560.0, 7821.0, 6266.0, 8168.0, 4647.0, 6034.0, 11943.0, 7409.0]"
"Schloss Pierrefonds – Die Vorstellungen des Architekten Viollet-Le-Duc (Pierrefonds, Frankreich / Eugène Viollet-le-Duc). Erstausstrahlung am 30. Juli 1998.",deu,deu,"[9226.0, 2848.0, 1387.0, 11170.0, 21435.0, 4753.0, 8926.0, 4794.0, 4074.0, 5173.0, 4263.0, 4076.0, 3399.0, 6668.0, 4212.0]"
"August Bergmann: Münzen, Masse und Gewichte aller Staaten der Erde unter besonderer Berücksichtigung des deutschen Reichs. L. Huberti, 1903, S. 29.",deu,deu,"[8963.0, 2815.0, 1187.0, 4931.0, 21290.0, 4932.0, 5895.0, 4575.0, 4032.0, 3633.0, 4239.0, 2940.0, 3259.0, 6718.0, 3986.0]"
"Die erste französische Mannschaftsmeisterschaft fand im Jahre 1980 auf Initiative des Straßburger Schachvereins statt. Die ersten fünf Ausgaben wurden vom elsässischen Team gewonnen. Nachdem die anderen Mannschaften begannen Profi-Spieler zu verpflichten, wendete sich das Blatt. In den folgenden Jahren konnte der CE Strasbourg an ehemalige Erfolge nicht anknüpfen. Mitte 1980er dominierte der Verein aus Clichy den Wettbewerb, dann wurde er von Lyon-Oyonnax Échecs von der Spitze verdrängt. Der Lyoner Verein, dem damals hervorragende Spieler wie Waleri Salow, Viswanathan Anand und Wladimir Kramnik angehörten, holte den Meistertitel sechs Mal nacheinander und gewann außerdem den European Club Cup 1993 und 1994. Doch dann verschlechterte sich die Finanzlage des Klubs dramatisch, was zum Abstieg aus der obersten Division führte. In den nächsten Jahren kämpften Clichy, Monaco und Auxerre mit wechselndem Erfolg um die Siegespalme. Dies änderte sich 2003, als der Pariser NAO Chess Club, gesponsert von der syrischen Geschäftsfrau Nahed Ojjeh, mehrere erstklassige Spieler engagieren konnte. Ähnlich wie bei Lyon-Oyonnax, kehrte NAO Chess von den vier darauffolgenden Meisterschaften mit dem Titel zurück und sammelte weitere Meriten mit dem Gewinn vom European Club Cup 2003 und 2004. Die Zusammenarbeit zwischen dem Pariser Verein und Nahed Ojjeh nahm sein Ende im Jahre 2006.",deu,deu,"[70485.0, 19144.0, 8240.0, 64329.0, 188442.0, 37351.0, 58134.0, 34398.0, 30503.0, 33539.0, 36341.0, 26082.0, 22863.0, 50387.0, 29527.0]"
"09. Juli: Alexis Piron, französischer Jurist und Schriftsteller († 1776) 08. August: Wenzel Lorenz Reiner, Maler des Barock in Böhmen († 1743)",deu,deu,"[10692.0, 3909.0, 1466.0, 7345.0, 22386.0, 5934.0, 7277.0, 5556.0, 5074.0, 4772.0, 5329.0, 3616.0, 4329.0, 7571.0, 5075.0]"
"1842 wurde eine Industrieschule eröffnet, 1878 eine Poststelle. 1902 wurde mit der Inbetriebnahme der Lumdatalbahn ein Anschluss ans Eisenbahnnetz hergestellt. 1904 bekommt Allendorf eine Wasserleitung und Kanalisation, 1912 Anschluss an das Stromnetz.",deu,deu,"[13718.0, 4685.0, 1821.0, 8141.0, 37150.0, 7916.0, 9429.0, 7691.0, 6689.0, 5536.0, 6828.0, 4327.0, 5138.0, 10043.0, 5992.0]"
"Die Kirche wurde als evangelische Kirche im Jahr 1611 fertiggestellt. 1729 wurde sie um einen Querflügel erweitert. Der Abschluss des Turms erfolgte 1741, Turmhaube und Laterne wurden 1829 aufgesetzt. Seit 1945 firmiert das Gotteshaus als katholische Kirche St. Peter und Paul.",deu,deu,"[15977.0, 5106.0, 2032.0, 9274.0, 45560.0, 8844.0, 11162.0, 8526.0, 7499.0, 6518.0, 7823.0, 4862.0, 5550.0, 11480.0, 6577.0]"
"Die Pariser Stadtpaläste: Hôtel de Soubise und Hôtel de Rohan (Frankreich / Pierre-Alexis Delamair und Germain Boffrand). Produktion 2012, Erstausstrahlung am 7. Juli 2013.",deu,deu,"[10459.0, 3296.0, 1498.0, 12588.0, 22899.0, 5449.0, 9429.0, 5228.0, 4602.0, 5758.0, 4641.0, 4487.0, 4232.0, 7481.0, 5272.0]"
"Hoffnung nach der Katastrophe – Das """"Haus für alle"""" in Rikuzentakata (Rikuzentakata, Japan). Produktion 2013, Erstausstrahlung am 11. Oktober 2015.",deu,deu,"[10892.0, 3892.0, 1432.0, 5808.0, 25551.0, 6201.0, 6993.0, 7312.0, 6040.0, 4166.0, 4793.0, 3273.0, 4636.0, 7952.0, 5148.0]"
"Die I-V e-Learning Platform, mit 50 Web-Kursen und Seminaren in den Bereichen EI, Modellierung, Ontologien und Architektur & Plattformen anbietet",deu,deu,"[8078.0, 2351.0, 993.0, 4451.0, 23244.0, 4248.0, 5581.0, 4042.0, 3424.0, 3131.0, 3421.0, 2585.0, 2566.0, 5283.0, 3051.0]"
"Zwei Tage später, am 4. Juli 1945, explodierte ein Munitionszug auf dem Gelände der Fabrik und zerstörte Tagesanlagen und Fördereinrichtungen weitestgehend. 1953 erfolgte die Übernahme durch das Kaliwerk Sollstedt und Teile der Anlagen wurden als Wetterschacht benutzt.",deu,deu,"[14781.0, 4216.0, 1703.0, 8634.0, 42794.0, 7622.0, 10044.0, 7181.0, 6254.0, 5771.0, 7494.0, 4390.0, 4831.0, 9885.0, 5952.0]"
"Der Golf von Fethiye ist eine große Bucht im Südwesten der Türkei. Im Osten des Golfes liegt die gleichnamige Stadt Fethiye und im Nordwesten der Stadt Göcek. Die Golfküste beginnt bei der Halbinsel Kapıdağı am Kap Kurdoğlu und endet südlich des historischen Ortes Kayaköy am Kap İlbis (früher Karmylassos) im Osten. Innerhalb des teilweise bis zu 200 Meter tiefen Golfes befinden sich zwölf kleinere bis mittlere Inseln. Die größten Inseln sind Domuz, Göcek, Yassıcalar, Tersane, Katrancık, Delitaş, Kızıl und Zeytin.",deu,deu,"[31378.0, 10666.0, 3347.0, 15990.0, 69368.0, 22229.0, 18249.0, 19044.0, 17767.0, 11762.0, 14135.0, 8901.0, 12471.0, 48665.0, 15286.0]"
"6. September: Im Vertrag von Nertschinsk mit Russland, der ersten mit einer europäischen Macht getroffenen Vereinbarung Chinas, wird der Amur zwischen beiden Staaten zum Grenzfluss.",deu,deu,"[8690.0, 2787.0, 930.0, 4394.0, 21096.0, 4931.0, 5074.0, 4388.0, 4010.0, 3151.0, 6239.0, 2397.0, 2871.0, 6221.0, 3460.0]"
"Die Mitglieder organisieren sich in """"Pole""""s, dabei stellt ein """"Pole"""" eine Menge aus Partnern innerhalb einer geographischen Region, innerhalb eines Staates oder einer Gruppe von Staaten dar. Die Aktivitäten der einzelnen Organisationen werden auf europäischer Ebene koordiniert.",deu,deu,"[10304.0, 2853.0, 1215.0, 7317.0, 33087.0, 5786.0, 7947.0, 5483.0, 4509.0, 4475.0, 5548.0, 3646.0, 3099.0, 7198.0, 3626.0]"
"Am Dollberg befindet sich eine kleine Ferienhaussiedlung. Für Kanutouren auf der Lahn finden sich Anlegestellen, Fahrradtouristen werden mit Sonderzügen bedient. Der Leuner Jugendzeltplatz bietet allen Bootswanderern eine kostenpflichtige Übernachtungsmöglichkeit. Zunehmender Beliebtheit erfreut sich auch der Wandertourismus, insbesondere entlang der Hohen Straße.",deu,deu,"[17659.0, 4633.0, 1999.0, 10168.0, 53312.0, 9428.0, 12172.0, 8801.0, 7486.0, 6757.0, 8509.0, 5152.0, 5630.0, 12749.0, 6979.0]"
"Christian Immanuel Kind: Die Chronik des Hans Fründ, Landschreiber zu Schwytz. Allgemeine Geschichtsforschende Gesellschaft der Schweiz, Zürich 1875 (online).",deu,deu,"[8236.0, 2767.0, 1163.0, 5360.0, 19588.0, 4607.0, 5511.0, 4253.0, 3902.0, 3430.0, 3656.0, 2591.0, 3291.0, 6507.0, 4227.0]"
"Der finnische Wohltäter Veikko Hursti (1924–2005) war der Ansicht, dass auch die gesellschaftlich Benachteiligten den Unabhängigkeitstag feiern sollten und organisierte daher jahrzehntelang die „Präsidentenschlossfeier für Arme“ auf dem Hakaniemi -Marktplatz in Helsinki. Den Besuchern wird ein warmes Mittagessen serviert und auf Anfrage bekamen sie auch Kleidungsstücke von privaten Altkleidersammlungen. Die gesamte Veranstaltung wird ehrenamtlich organisiert. Seit Hurstis Tod führt sein Sohn Heikki Hursti die humanitäre Tradition fort.",deu,deu,"[28895.0, 8505.0, 2983.0, 15136.0, 75218.0, 15543.0, 18370.0, 15291.0, 13452.0, 9782.0, 14158.0, 7495.0, 9359.0, 21619.0, 11240.0]"
"Seit der Reformation war die überwiegende Bevölkerung der Stadt Leun evangelisch. Die Leuner Gläubigen hielten sich dabei streng an die evangelisch-reformierte Auslegung des protestantischen Glaubens, was noch heute an den Kirchengebäuden in Leun und Biskirchen gut sichtbar ist.",deu,deu,"[13016.0, 3607.0, 1450.0, 7739.0, 39630.0, 7093.0, 9598.0, 6787.0, 5944.0, 5107.0, 6201.0, 3931.0, 4231.0, 9820.0, 5168.0]"
Bernterode liegt im Tal der Wipper ungefähr neun Kilometer östlich von Leinefelde-Worbis im Eichsfelder Kessel zwischen den Höhenzügen des Ohmgebirges und der Bleicheröder Berge im Norden und des Dün im Süden. Unmittelbar eingerahmt wird die Ortslage vom Herrenberg (373 m) und Dachsberg (341 m) im Süden und dem Höllberg (353 m) im Norden.,deu,deu,"[21565.0, 6905.0, 2453.0, 11470.0, 58166.0, 12313.0, 14051.0, 11441.0, 10076.0, 8410.0, 9540.0, 6372.0, 8141.0, 17685.0, 10030.0]"
"Am Morgen des Unabhängigkeitstages wird die finnische Flagge feierlich auf dem Hügel Tähtitorninmäki in Helsinki gehisst, wo sich das Observatorium der Universität Helsinki befindet. In ganz Finnland ist der Unabhängigkeitstag ein offizieller Beflaggungstag. Sowohl an Schulen und öffentlichen Gebäuden als auch vor privaten Wohnhäusern wird geflaggt. Die Beflaggungszeit ist zwischen 8 und 20 Uhr.",deu,deu,"[21954.0, 6197.0, 2184.0, 11510.0, 54989.0, 11285.0, 13674.0, 11285.0, 9750.0, 7489.0, 11058.0, 6094.0, 7197.0, 15659.0, 8586.0]"
"Recherches archéologiques à Begram: chantier n° 2 (1937), avec la collaboration de Marie Hackin (= Mémoires de la Délégation archéologique française en Afghanistan Bd. 9). Les Éditions d'art et d'histoire, Paris 1939.",fra,deu,"[9742.0, 3064.0, 1830.0, 30151.0, 10734.0, 5198.0, 17139.0, 4707.0, 3861.0, 11255.0, 4431.0, 9272.0, 5149.0, 7572.0, 6421.0]"
1986 veranstaltete das Musée Guimet die Ausstellung Paris – Tokyo – Begram. Hommage à Joseph Hackin (1886–1941) anlässlich des 100. Geburtstages seines ehemaligen Direktors. 1987 veranstaltete das Musée d’Histoire et d’Art in Luxemburg eine Gedächtnisausstellung für das Ehepaar unter dem Titel Joseph et Ria Hackin. Couple d’origine luxembourgeoise au service des arts asiatiques et de la France.,deu,deu,"[19670.0, 6536.0, 3161.0, 35665.0, 43251.0, 10819.0, 24118.0, 10632.0, 9118.0, 14749.0, 9102.0, 11731.0, 8616.0, 15277.0, 10820.0]"
In den 1990er Jahren wurde südlich der Bahnlinie die Kirche „Christus König“ als moderner Zentralbau erbaut. Der kreisrunde Innenraum wird durch Lichtbänder im Zeltdach beleuchtet.,deu,deu,"[10254.0, 2971.0, 1161.0, 5604.0, 29459.0, 5553.0, 6915.0, 5455.0, 4586.0, 3851.0, 4846.0, 3018.0, 3225.0, 7269.0, 3897.0]"
"katholische Ortskirche St. Nikolaus (1955), bereits vor dem Zweiten Vatikanischen Konzil mit zentralem Altarraum ausgestattet, Altar- und Kreuzweggestaltung durch Heinz Hemrich, Glaswand in der Kapelle von Peter Paul Etz",deu,deu,"[11289.0, 3360.0, 1341.0, 6312.0, 30748.0, 6100.0, 8384.0, 6058.0, 5138.0, 4400.0, 5151.0, 3393.0, 3860.0, 8690.0, 4856.0]"
