sentences,predictions,labels,"results (['Bulgarian', 'Chinese', 'English', 'French', 'German', 'Hindi', 'Italian', 'Japanese', 'Korean', 'Portuguese', 'Russian', 'Spanish', 'Thai', 'Turkish', 'Vietnamese'])"
"Les supporters de l'ASM Clermont Auvergne ont reçu en 2007, 2008 et 2009 le prix de l’Éthique et de la convivialité (challenge des meilleurs supporters) du Top 14.",fra,fra,"[6352.0, 1825.0, 1414.0, 27554.0, 6266.0, 2325.0, 15929.0, 3026.0, 2377.0, 10336.0, 2697.0, 8671.0, 3521.0, 4867.0, 4359.0]"
"Ralph Staub est un réalisateur, producteur, scénariste, acteur, monteur et directeur de la photographie américain né le 21 juillet 1899 à Chicago, Illinois (États-Unis), décédé le 22 octobre 1969.",fra,fra,"[7164.0, 2688.0, 1554.0, 25658.0, 7137.0, 3386.0, 14995.0, 4053.0, 3348.0, 10063.0, 3415.0, 8523.0, 4080.0, 5921.0, 5089.0]"
"La Carrera est créée en 1964. Carrera signifie « course » en espagnol et évoque également la Carrera Panamericana courue pendant les années 1950 en Amérique centrale. En 2007, année de lancement d'une nouvelle collection de Grand Carrera,. En 2010, la Carrera se décline en version pour homme comme pour femme, en montre ou en chronographe et bénéficie de diverses « motorisations » : Calibre S Laptimer, Calibre 360, Calibre 17, etc. Pour les 150 ans de TAG Heuer, la Carrera est la première montre de la marque à recevoir le mouvement chronographe Calibre 1887 assemblé par TAG Heuer dans son usine de Chevenez.",fra,fra,"[19137.0, 5953.0, 4557.0, 79499.0, 20782.0, 7684.0, 47069.0, 9308.0, 7316.0, 32086.0, 8813.0, 30894.0, 10490.0, 14254.0, 13961.0]"
"La réduction des clubs de l'élite entamée en 1994 aboutit à une poule unique de seize clubs en 2004 (Top 16), réduite à quatorze clubs en 2005 (Top 14). Pour encourager le spectacle, le système de points de bonus en usage dans l'hémisphère Sud et en Coupe du monde est mis en place : un point de bonus défensif inscrit pour une défaite de sept points d'écart ou moins; un point de bonus offensif pour quatre essais marqués. En 2007, ce barème de bonus est adapté à l'usage domestique : le bonus offensif est accordé à l'équipe qui inscrit trois essais de plus que son adversaire, tandis que le bonus défensif est accordé pour une défaite de cinq points ou moins.",fra,fra,"[20835.0, 5442.0, 4430.0, 100072.0, 22085.0, 7078.0, 55365.0, 9577.0, 7062.0, 35759.0, 9524.0, 31071.0, 10321.0, 15904.0, 13903.0]"
"Roissy fut érigé en commune indépendante en 1790. La même année le village perdra sa particule « en-France ». Le 31 janvier 1790, le premier maire fut élu à l'école du village, ce n'était autre que Maurice Gabriel Joseph de Riquet, vicomte de Caraman, né en 1765 à Roissy-en-France, fils Victor-Maurice Riquet, comte de Caraman, dernier seigneur des lieux. Cependant, il ne conserva pas longtemps son mandat, démissionnaire, il fut remplacé par le cultivateur Pierre Ducrocq dès le 20 juin suivant.",fra,fra,"[19705.0, 5375.0, 3849.0, 74792.0, 17348.0, 7429.0, 41626.0, 8518.0, 7156.0, 27272.0, 8300.0, 22340.0, 9956.0, 15155.0, 13354.0]"
"Les recettes de fonctionnement se montaient à : 5 976 901 € d'impôts et taxes, 5 769 901 € d'une dotation de la communauté de communes, 2 103 566 € de la vente de terrains, 1 043 907 € de dotations et subventions, 579 141 € de produits divers (loyers…) et 370 850 € provenant des produits des services.",fra,fra,"[14876.0, 5278.0, 3267.0, 57935.0, 14974.0, 6443.0, 34888.0, 8187.0, 6261.0, 23067.0, 6836.0, 19906.0, 8294.0, 12011.0, 10073.0]"
"À l’élection présidentielle de 2007, le premier tour a vu se démarquer en tête Nicolas Sarkozy avec 34,07 %, suivi de Ségolène Royal avec 22,02 %, François Bayrou avec 17,53 %, Jean-Marie Le Pen avec 14,68 %, enfin Olivier Besancenot avec 4,78 %, aucun autre candidat ne dépassant le seuil des 1,5 %. Le second tour a vu arriver largement en tête Nicolas Sarkozy avec 59,78 % (résultat national : 53,06 %) contre 40,22 % pour Ségolène Royal (national : 46,94 %).",fra,fra,"[21689.0, 7328.0, 4764.0, 77243.0, 20721.0, 9716.0, 44520.0, 10989.0, 8535.0, 29247.0, 9740.0, 24402.0, 11275.0, 16340.0, 13932.0]"
"En 2009/2010, le budget moyen d'un club de l'élite est de 14,6 millions d'euros, il a été multiplié par cinq en huit ans mais il est trois fois inférieur à celui d'un club de football de Ligue 1. Dans ce domaine, le rugby est le deuxième sport en France, devant le basket-ball.",fra,fra,"[9738.0, 2564.0, 2126.0, 45807.0, 10482.0, 3413.0, 27060.0, 4637.0, 3330.0, 18400.0, 4486.0, 16825.0, 4926.0, 7306.0, 6172.0]"
le Stade toulousain est en tête du bilan avec 19 titres dont cinq remportés de 1922 à 1927 inclus et quatre consécutifs remportés de 1994 à 1997 inclus;,fra,fra,"[7025.0, 2228.0, 1601.0, 28363.0, 6684.0, 3010.0, 16601.0, 3631.0, 2987.0, 10848.0, 3166.0, 9080.0, 3865.0, 5562.0, 4933.0]"
"Les matchs du Top 14 sont actuellement diffusés par Canal+, Canal+ Sport et Rugby+ et la finale du Top 14 est codiffusée en crypté par Canal+ et en clair sur France 2 depuis 2007.",fra,fra,"[6648.0, 1910.0, 1458.0, 29556.0, 6385.0, 2547.0, 16563.0, 3099.0, 2354.0, 10706.0, 2971.0, 9237.0, 3565.0, 5271.0, 4616.0]"
"Dans une vanne à clapet, le fluide est dévié à l'entrée de la vanne vers le clapet (plug en anglais) qui module le débit en fonction de son éloignement par rapport au siège de la vanne (ouverture).",fra,fra,"[6446.0, 1838.0, 1253.0, 30425.0, 6368.0, 2322.0, 15541.0, 2800.0, 2019.0, 10492.0, 2807.0, 8873.0, 3500.0, 4807.0, 4444.0]"
"Le Sillon de Bretagne est actuellement classée en zone CUCS (Contrat Urbain de Cohésion Social) au titre de la politique de la Ville menée par l'État. Il est intégré à la nouvelle génération de projets ANRU et a fait l'objet d'un projet de rénovation urbaine durant la période 2009-2013. Ce dernier a remodelé l'immeuble, tant au niveau du nombre et de type de logement, que de sa physionomie : création de nouvelles ouvertures au sol afin de faciliter les circulations, intégration dans un contexte urbain (urbanisation du parc avoisinant) et retraitement des espaces publics.",fra,fra,"[16770.0, 4087.0, 3416.0, 82846.0, 17114.0, 5294.0, 45962.0, 6963.0, 5206.0, 29805.0, 7033.0, 25424.0, 8771.0, 12294.0, 12158.0]"
"En juillet 2010, 444 km de l'itinéraire sont réalisés soit 37 % dont 167 km en site propre. Une partie de cet itinéraire fait partie du projet CYCLE (Cycling Channel Landscapes Easily), qui réunit des organisations françaises et anglaises cherchant à développer un réseau d’itinéraires vélo valorisant les régions de la Manche,.",fra,fra,"[8767.0, 2488.0, 2264.0, 42793.0, 9822.0, 3400.0, 24447.0, 4532.0, 3204.0, 16126.0, 3878.0, 14198.0, 4655.0, 6734.0, 5952.0]"
"L’année 1973 voit le lancement du Microsplit 820, le premier instrument de chronométrage électronique de poche précis au 1/100e de seconde. En 1975, Heuer lance le Chronosplit, le premier chronographe numérique de poignet avec double affichage LCD/LED[réf. nécessaire]. Le LCD, en haut, indique l’heure, et la LED indique le temps chronométré avec une précision au 1/10e de seconde. Enzo Ferrari commande personnellement quinze de ces modèles spéciaux pour Ferrari. D’autres clients célèbres suivent, comme Paul Newman. Deux années se sont à peine écoulées, et voilà que l’entreprise présente le premier chronographe muni d’un double affichage numérique analogique : le Chronosplit Manhattan GMT, prédécesseur du chronographe Kirium Formula 1[réf. nécessaire].",fra,fra,"[23887.0, 6940.0, 5049.0, 99710.0, 25348.0, 9124.0, 57060.0, 12211.0, 9185.0, 35753.0, 10894.0, 30948.0, 12654.0, 18272.0, 16508.0]"
"Les intérêts d'emprunt se limitent à une somme particulièrement faible attestant d'un endettement quasi-inexistant et de la bonne santé financière de la commune. La même année, le produit total de la taxe d'habitation se montait à 89 000 euros.",fra,fra,"[7721.0, 1909.0, 1568.0, 36437.0, 9307.0, 2623.0, 20325.0, 3619.0, 2546.0, 13039.0, 3510.0, 11352.0, 3946.0, 5738.0, 5214.0]"
Certains clubs de Pro D2 construisent également des budgets de plus en plus impressionnants (comme Lyon) avec pour ambition de revenir rapidement dans l’élite et d’y jouer un rôle actif.,fra,fra,"[5359.0, 1244.0, 1025.0, 23467.0, 5380.0, 1774.0, 13107.0, 2272.0, 1690.0, 8638.0, 2279.0, 7473.0, 2529.0, 3927.0, 3399.0]"
Le ruisseau de la Gouaougue est un cours d'eau qui traverse le département des Landes et un affluent droit du Louts dans le bassin versant de l'Adour.,fra,fra,"[6262.0, 1623.0, 1022.0, 22424.0, 5637.0, 2557.0, 12748.0, 2799.0, 2238.0, 8092.0, 2466.0, 6637.0, 3227.0, 4983.0, 4303.0]"
De la saison 1959-1960 à la saison 1966-1967 la première division se compose de 56 clubs répartis en sept poules de huit clubs. Les clubs classés aux quatre premières places et les quatre meilleurs cinquièmes se rencontrent pour les seizièmes de finale du championnat de France.,fra,fra,"[10042.0, 2880.0, 1974.0, 41140.0, 10965.0, 3807.0, 23961.0, 4869.0, 3780.0, 15766.0, 4609.0, 13696.0, 5207.0, 7948.0, 6647.0]"
"En 1945, elle est membre fondateur du PEN club Libanais. En 1946, elle préside la délégation libanaise au Congrès international des Ligues féminines, à Haïderabad en Inde, et publie l’année suivante dans les Cahiers de l’Est Mission aux Indes, son journal du congrès.",fra,fra,"[9413.0, 2420.0, 1858.0, 38963.0, 9190.0, 4335.0, 21480.0, 4207.0, 3320.0, 15213.0, 4047.0, 13581.0, 4965.0, 7420.0, 6401.0]"
Il se situe à environ 9 kilomètres au sud-est de Wołomin (siège de la powiat) et à 25 kilomètres à l'est de Varsovie (capitale de la Pologne).,fra,fra,"[8527.0, 2395.0, 1106.0, 22261.0, 6747.0, 3360.0, 14385.0, 3631.0, 3165.0, 8768.0, 5464.0, 7173.0, 3997.0, 5464.0, 5027.0]"
"Le 20 mai 1976, Noël Godin et six complices se trouvent au festival de Cannes ; ils décident de parcourir la promenade de la Croisette avec une tarte et entarter le premier metteur en scène qu'ils jugent le mériter. En passant devant le Grand Hôtel, ils voient le cinéaste Marco Ferreri attablé à un restaurant avec des producteurs ; ils décident de l'entarter. Georges Le Gloupier, dont le rôle est tenu cette fois par Stéphane Holmès (fils du chanteur Joël Holmès), se met à danser autour de la table en s'exclamant « Gloup ! Gloup ! » puis envoie sa tarte à la figure de Ferreri. Dans la crème était enfoui le message : « Avec mes respectueux hommages. Georges Le Gloupier ». Le lendemain, Ferreri, donnant une entrevue à la RTBF, accuse la CIA d'avoir commandité l'attentat.",fra,fra,"[26086.0, 6206.0, 5433.0, 118039.0, 26494.0, 9215.0, 67051.0, 11319.0, 8865.0, 41655.0, 10848.0, 36012.0, 12440.0, 19992.0, 16928.0]"
"Le site de Florimont a été occupé dès l'époque romaine, vraisemblablement par une tour de guet chargée de surveiller la circulation sur la voie militaire reliant Mandeure dans le Doubs à Augst et Kembs dans le Haut-Rhin. Après la création du comté de Ferrette au XIe siècle, fut construit le château féodal et les fortifications du village qui prit très rapidement de l'importance. Au XIIIe siècle, le fief, qui couvrait aussi Courcelles, Suarce, Chavanatte, Lepuix-Neuf et en partie Faverois, Grosne, Boron, Réchésy, était détenu par la famille de Blumenberg, nom allemand que l'on peut traduire par Montagne des fleurs. La terre de Florimont fut à plusieurs reprises l'objet de litiges entre l'évêque de Bâle et le comte de Ferrette. Au XVe siècle, l'importance économique de la ville n'est pas négligeable puisqu'il s'y tient un marché hebdomadaire et deux foires annuelles, l'une à la Toussaint et l'autre le mardi de Pâques.",fra,fra,"[34120.0, 8449.0, 6159.0, 137339.0, 37685.0, 12592.0, 77239.0, 13493.0, 11324.0, 48663.0, 14156.0, 40270.0, 16256.0, 26176.0, 22583.0]"
"La municipalité s’est vue remettre en 2005 sa première fleur au Concours des villes et villages fleuris, récompensant les efforts de fleurissement de la commune.",fra,fra,"[5631.0, 1256.0, 982.0, 22069.0, 4990.0, 1703.0, 12852.0, 2281.0, 1720.0, 8067.0, 1967.0, 7012.0, 2441.0, 3803.0, 3278.0]"
"Anne Duménil, La Formation des idées politiques et constitutionnelles de Michel Debré (1934–1946), mémoire de diplôme d'études approfondies en histoire du XXe siècle à l'Institut d'études politiques de Paris sous la direction de Serge Berstein, 1994",fra,fra,"[9622.0, 3112.0, 2007.0, 33020.0, 8907.0, 4189.0, 18666.0, 4816.0, 3869.0, 12725.0, 4152.0, 10832.0, 5149.0, 7504.0, 6565.0]"
"On trouve également des espèces plus petites, comme la taupe de Sibérie, le tamias de Sibérie, le campagnol nageur, le rat musqué, le hamster.",fra,fra,"[5497.0, 1366.0, 926.0, 20006.0, 4653.0, 1966.0, 10713.0, 2330.0, 1770.0, 7441.0, 2678.0, 6510.0, 2688.0, 3992.0, 3701.0]"
"En 1999, le groupe de luxe LVMH lance une OPA amicale sur tout le capital de la manufacture horlogère, qui est rachetée le 13 septembre 1999 pour la somme de 739 millions de dollars. Depuis cette date, TAG Heuer, propriété à 100 % du groupe LVMH, n’est donc plus coté en bourse et n’a plus aucun lien avec le Groupe TAG d’Akram Ojjeh.",fra,fra,"[14395.0, 3940.0, 2897.0, 55672.0, 13835.0, 5624.0, 32317.0, 6196.0, 5026.0, 21283.0, 6182.0, 18661.0, 7222.0, 10345.0, 9302.0]"
"Komatsu fait ses débuts dans le baseball majeur le 6 avril 2012 pour les Cardinals. Il frappe son premier coup sûr le jour même, face au lanceur Tim Dillard des Brewers de Milwaukee. Après 15 matchs joués pour les Cardinals, il est cédé au ballottage et réclamé le 4 mai par les Twins du Minnesota. Il réussit 7 coups sûrs en 15 matchs avec un point produit pour les Twins.",fra,fra,"[11483.0, 4145.0, 2614.0, 48982.0, 11619.0, 4973.0, 25886.0, 7080.0, 5768.0, 17313.0, 5017.0, 15556.0, 6884.0, 9574.0, 8708.0]"
"Hlyboka est située dans une profonde vallée (Глибока signifie profonde en ukrainien) à une trentaine de km au sud de Tchernivtsi. La ville est située en Bucovine, sur la Dereloui (uk), un affluent de rive droite du Prout.",fra,fra,"[13837.0, 2843.0, 1652.0, 29355.0, 9413.0, 4454.0, 16893.0, 4434.0, 3925.0, 10710.0, 12683.0, 8846.0, 4860.0, 7797.0, 6239.0]"
"Frédéric Monnier, Lettres à son avocat. 118 lettres inédites à Me Albert Naud, notice biographique de Me Naud sur le site louisferdinandceline.free.fr",fra,fra,"[5967.0, 1726.0, 1327.0, 21983.0, 5808.0, 2550.0, 12410.0, 2993.0, 2453.0, 8397.0, 2499.0, 6785.0, 3043.0, 4943.0, 4030.0]"
"La plupart des acteurs étaient des gymnastes de premier ordre capables de donner un soufflet avec le pied, ou d’exécuter dans l’intérieur de la salle de spectacle des ascensions périlleuses. Beaucoup d’initiative leur était laissée et la verve de parole de l’acteur, ses lazzi, son talent mimique faisaient la plus grande partie du succès de la Commedia dell'arte. Parfois les acteurs improvisateurs se servaient, comme d’un canevas, de telle pièce écrite, par exemple les Ménechmes de Plaute. Ils le firent souvent pour l’Emilia de Luigi Groto, en brodant sur le plan du poète comique, un dialogue qui leur appartenait. D’autre part, telle commedia dell'arte, après être restée longtemps au répertoire en simple canevas, a été écrite soit par celui qui en avait disposé le scénario, soit par tout autre auteur dramatique.",fra,fra,"[24899.0, 5611.0, 4929.0, 110747.0, 24439.0, 8589.0, 72848.0, 10540.0, 7492.0, 43305.0, 11953.0, 38252.0, 10974.0, 18543.0, 15592.0]"
"Son expérience en Nouvelle-Angleterre l'a convaincu que le propriétaire d’un journal doit prendre pour modèle la presse commerciale américaine et trouver le moyen de ne plus être à la merci de mécènes. « Je m’efforçai, dès le commencement, d’échapper aux désagréments de cette mendicité chronique, qui était devenue proverbiale chez les éditeurs de journaux. J’administrai La Patrie en homme d’affaires, bien décidé à abandonner l’entreprise si je ne pouvais pas la faire réussir sans être continuellement à tendre la main comme un chercheur de places ou un politiqueur décavé. »",fra,fra,"[17034.0, 4068.0, 3396.0, 79750.0, 16712.0, 6215.0, 42517.0, 7554.0, 5522.0, 28137.0, 7971.0, 24319.0, 7965.0, 13172.0, 11005.0]"
"En mai 1994, Bernard-Henri Lévy se trouve au festival de Cannes où il doit présenter en avant-première son film Bosna!. Noël Godin et deux complices décident de se rendre à Cannes pour l'entarter. Les journalistes et la population reconnaissent Godin dès son arrivée et la rumeur commence à se répandre que Noël Godin est à Cannes. Godin croit que Lévy veut entrer dans le palais des Festivals par l'entrée principale et qu'il n'aura qu'à l'attendre à cet endroit ; mais quelques heures avant la présentation, ils apprennent par un sympathisant que Lévy, ayant eu vent de la présence de Godin, est déjà entré dans le palais et s'y est enfermé. Lévy est en train de faire son entrée sur scène lorsqu'un autre complice de Godin qui n'a pas été pris et qui se trouve à trois mètres de Lévy, lui envoie sa tarte à la figure comme un discobole. Selon des témoins, les gardes rouent ensuite de coups de poing et de pieds celui qui a envoyé la tarte. Ils ne cesseront que lorsqu'un ami de Godin, le cinéaste Jan Bucquoy, leur ordonne d'arrêter en se faisant passer pour l'ambassadeur de Belgique.",fra,fra,"[32468.0, 7924.0, 6947.0, 158639.0, 33119.0, 11289.0, 85320.0, 14175.0, 10740.0, 55435.0, 14158.0, 48349.0, 15165.0, 25557.0, 20665.0]"
"En 1982 est lancée la série 2000. Elle comporte six caractéristiques essentielles : résistance à l'eau (étanchéité jusqu'à 200 mètres), lunette tournante unidirectionnelle, index et aiguilles luminescents, couronne vissée avec joint double pour assurer la résistance à l’eau, fermoir double sécurité et verre saphir anti-rayures. Ces caractéristiques font partie de l'ADN de la marque et sont illustrées en 1991 dans la campagne de publicité « Don't crack under pressure ».",fra,fra,"[15691.0, 4514.0, 3204.0, 67076.0, 15676.0, 5798.0, 38613.0, 7638.0, 5646.0, 25490.0, 6837.0, 22599.0, 8445.0, 11625.0, 11057.0]"
(de) Cet article est partiellement ou en totalité issu de l’article de Wikipédia en allemand intitulé « Barbara Honigmann » (voir la liste des auteurs).,fra,fra,"[6434.0, 2577.0, 920.0, 15814.0, 8174.0, 3631.0, 9608.0, 3819.0, 3189.0, 6683.0, 3188.0, 5391.0, 3416.0, 5448.0, 3988.0]"
"De nombreux joueurs ont remporté le titre avec deux clubs différents (liste ouverte) : Jean-Guy Gautier, Alexandre Pharamond, Adolphe Jauréguy (et finaliste avec deux autres clubs), François Borde, Jean Larrieu, Albert Cazenave, Eugène Ribère, Jean Matheu-Cambas, André Abadie, Michel Crauste, François Moncla, Didier Codorniou, Geoffrey Abadie, Vincent Moscato, Serge Simon, Philippe Gimbert, Olivier Roumat, Jérôme Fillol, Benoît August, Jacques Sagols, Marc Lièvremont, Thierry Dusautoir, Olivier Olibeau, David Skrela, Yohan Montès, Census Johnston, Nicolas Jeanjean, Shaun Sowerby, Lionel Beauxis, Frédéric Michalak, Benjamin Noirot, Seremaia Baï, Julien Dupuy, Sylvain Nicolas, Dimitri Szarzewski, Chris Masoe, Antonie Claassen, Brice Dulin, Benjamin Kayser, Damien Chouly, Rémi Lamerat, Adrien Planté.",fra,fra,"[38653.0, 10650.0, 7371.0, 96167.0, 29834.0, 16277.0, 54409.0, 15236.0, 14632.0, 37206.0, 14210.0, 29279.0, 18474.0, 29105.0, 25683.0]"
"Bernard Debré, né en 1944, médecin agrégé des hôpitaux urologue et homme politique, député de Paris depuis 2004, ancien ministre de la Coopération ;",fra,fra,"[5859.0, 1574.0, 1199.0, 21785.0, 5328.0, 2219.0, 12478.0, 2663.0, 2178.0, 8554.0, 2546.0, 7019.0, 2937.0, 4483.0, 3837.0]"
"Le 20 février 1962, l'astronaute américain John Glenn porte un compteur Heuer quand il pilote le vaisseau spatial Mercury-Atlas 6 Friendship 7, lors de la première mission spatiale américaine habitée autour de la Terre.",fra,fra,"[6693.0, 2270.0, 1491.0, 26154.0, 6254.0, 2948.0, 16078.0, 3439.0, 2722.0, 10067.0, 3307.0, 8611.0, 3697.0, 5214.0, 4672.0]"
"Hlyboka (en ukrainien : Глибока ; en allemand et en polonais : Hliboka ; en roumain : Adâncata) est une commune urbaine de l'oblast de Tchernivtsi, en Ukraine. Sa population s'élevait à 9 465 habitants en février 2013. Hlyboka est le chef-lieu du raïon éponyme.",fra,fra,"[23361.0, 5501.0, 2470.0, 41330.0, 15900.0, 8167.0, 26098.0, 8305.0, 7524.0, 16944.0, 17980.0, 14099.0, 9117.0, 13382.0, 11264.0]"
"Pareidolie, salon International du Dessin Contemporain, Château de Servières à Marseille (2016), FranceGalerie Art-Cade à Marseille (2011), Musée d'Oléron (2010), Biennale Internationale d'Urbanisme de Bat Yam (en) (2010), Musée d'Art de Tel Aviv (2009), Galerie Artneuland à Berlin (2009), Musée d'Art Contemporain de Petach-Tikvah (2007), Musée d'Art d'Ashdod (2006), Biennale d'Art Contemporain de Lyon (2003), Biennale d'Art Contemporain de Tirana (2003), A Space à Toronto (2003), CAC Vilnius (2003).",fra,fra,"[26088.0, 8897.0, 5360.0, 78563.0, 25466.0, 11245.0, 46553.0, 13410.0, 11074.0, 30612.0, 11568.0, 25294.0, 13991.0, 19660.0, 17375.0]"
"Jean-Joseph Mabiez de Rouville , né le 5 octobre 1760 à Trévoux (Ain), mort le 20 octobre 1826 à Trévoux (Ain), est un militaire français de la Révolution et de l’Empire.",fra,fra,"[8630.0, 3061.0, 1743.0, 28413.0, 7626.0, 3973.0, 16225.0, 4480.0, 3905.0, 11319.0, 3801.0, 8698.0, 4720.0, 7032.0, 6140.0]"
"L'ensemble tire son nom d'une ligne de fracture liée à un plissement hercynien qui court en Loire-Atlantique au nord de la Loire, passant à proximité de l'immeuble, et prend la forme d'un effondrement en marches d'escalier d'une cinquantaine de mètres de déclivité. Il se situe à proximité de la route de Vannes, artère commerciale majeure de l'unité urbaine de Nantes, et il est connecté au reste de l'agglomération via la ligne 3 de tramway et sa station Sillon de Bretagne.",fra,fra,"[15019.0, 3863.0, 2845.0, 69772.0, 15047.0, 5409.0, 38457.0, 6734.0, 5143.0, 24333.0, 6203.0, 20301.0, 7737.0, 11603.0, 10716.0]"
"En février 1943, quatre mois après l'invasion de la zone libre, il s'engage dans la Résistance sous le nom de Fontevrault puis de François Jacquier, adhérant au réseau Ceux de la Résistance (CDLR). Pendant l'été 1943, il est chargé par le général de Gaulle d'établir la liste des préfets qui remplaceront ceux du régime de Vichy pour le jour de la Libération. Il devient lui-même commissaire de la République à Angers en août 1944.",fra,fra,"[14891.0, 3982.0, 3087.0, 65804.0, 14628.0, 5489.0, 36659.0, 6963.0, 5304.0, 23255.0, 6787.0, 20000.0, 7558.0, 11474.0, 10284.0]"
"En regard du box-office, Femmes du Caire a été plutôt bien accueilli par la critique. Il obtient 89 % d'avis positifs sur Rotten Tomatoes, sur la base de 9 commentaires collectées. Il est évalué à une moyenne de 3,8/5 pour 16 critiques de presse sur Allociné.",fra,fra,"[9611.0, 3225.0, 1772.0, 36790.0, 8712.0, 4419.0, 20927.0, 4668.0, 3910.0, 13735.0, 4325.0, 12143.0, 5566.0, 7228.0, 6769.0]"
"la ville d'Angers a proposé à ses habitants de contribuer, en tricotant, à une action de yarn bombing dans la ville dans le cadre du festival d'art urbain Artaq en mai 2012. À cette occasion, Magda Sayeg a recouvert de tricot le pont Confluences.",fra,fra,"[8385.0, 2002.0, 1752.0, 35976.0, 8060.0, 2783.0, 20245.0, 3477.0, 2687.0, 13192.0, 3433.0, 11373.0, 4032.0, 6284.0, 5452.0]"
"Fils d'agriculteurs, Albert Naud a suivi les cours de l'École normale d'instituteurs de Ruffec, avant de gagner Paris. Secrétaire administratif à la Chambre syndicale des raffineurs de sucre, il entre à la fin des années 1920 à L'Écho de Paris dont il est un rédacteur pendant quatre ans. Il fréquente le cours d'orateurs du Centre de propagande des républicains nationaux d'Henri de Kérillis, chef des informations politiques de l'Écho de Paris, et devient dans les années 1930 l'un des principaux orateurs et l'une des plumes de ce Centre.",fra,fra,"[18592.0, 4688.0, 3703.0, 81612.0, 18854.0, 6947.0, 45942.0, 8495.0, 6753.0, 29694.0, 8301.0, 24730.0, 9459.0, 14348.0, 12913.0]"
"En parallèle, une importante polémique se développa dans le nouveau département du Val-d'Oise voyant s'affronter les « anti » et « pro-aéroport ». Les uns déplorant les nuisances apportées, les autres répondant « développement économique et progrès ». De 1969 - année des dernières expropriations - à 1972, la rumeur du projet et le flou des informations firent grandir la contestation locale puis départementale. L'ampleur du phénomène conduisit le gouvernement à tenter d'enrayer la polémique en arrêtant clairement en mars 1972 trois zones de nuisances : « A (cinq communes et dix-mille habitants), toute construction interdite ; B (soixante-mille habitants), construction autorisée pour les bâtiments utilitaires ; C (cent-quatre-vingt-mille habitants), extension des agglomérations limitées au maximum ».",fra,fra,"[23248.0, 5849.0, 5028.0, 116697.0, 24911.0, 7952.0, 63827.0, 10916.0, 7875.0, 40667.0, 10286.0, 35239.0, 11907.0, 18000.0, 15917.0]"
"Le rugby à XV a été introduit en France vers 1870 par des Britanniques travaillant dans l’Hexagone. Dès 1872, certains d’entre eux fondent le Havre Athletic Club avec lequel ils pratiquent une forme hybride de rugby et de football qu'ils appellent combination.",fra,fra,"[7969.0, 2196.0, 1861.0, 37963.0, 8419.0, 3104.0, 21371.0, 3944.0, 3098.0, 13686.0, 3582.0, 11756.0, 4229.0, 6289.0, 5459.0]"
"plus largement, le recrutement interne permet, lorsqu'il est régulièrement pratiqué, de motiver les personnes travaillant pour l'entreprise du fait que ceux-ci peuvent envisager des promotions et mutations internes. (faire jouer l'ascenseur social)",fra,fra,"[5928.0, 1510.0, 1260.0, 30966.0, 6722.0, 2025.0, 17102.0, 2964.0, 1933.0, 10854.0, 2861.0, 9310.0, 2952.0, 4701.0, 3839.0]"
"Elle a reçu de nombreux prix littéraires, dont, en 2000, le prix Kleist, la deuxième plus haute distinction littéraire d'Allemagne après le prix Georg-Büchner.",fra,fra,"[5882.0, 1564.0, 1092.0, 20733.0, 8106.0, 2444.0, 11978.0, 2753.0, 2148.0, 7738.0, 2958.0, 6581.0, 2729.0, 4623.0, 3676.0]"
"Pendant les ans XIII et XIV, il est embarqué sur l’escadre commandée par l’amiral Villeneuve, et en 1806, il rejoint la Grande Armée. Il prend part aux guerres de Prusse et de Pologne, et il est admis à la retraite le 31 mai 1807.",fra,fra,"[8874.0, 2454.0, 1829.0, 39217.0, 9020.0, 3290.0, 22539.0, 4136.0, 3200.0, 14176.0, 4299.0, 12214.0, 4375.0, 6875.0, 5809.0]"
"Le Stade toulousain connaît sa première période de domination du rugby français en remportant cinq titres de champion de France en six ans, de 1922 à 1927. C’est alors le règne de la « Vierge Rouge », comme on surnomme le club rouge et noir à la suite de son titre de 1912 au cours de laquelle l’équipe reste invaincue pendant toute la saison.",fra,fra,"[10775.0, 2754.0, 2344.0, 50287.0, 11062.0, 3929.0, 28375.0, 4947.0, 3983.0, 18132.0, 4812.0, 15256.0, 5485.0, 8319.0, 7461.0]"
"Les matchs se déroulent sur le terrain du premier club cité, sauf note contraire. En cas de match nul, les deux équipes sont départagées au nombre de coups de pied de coin obtenus, puis par tirage au sort à la pièce jetée.",fra,fra,"[6697.0, 1591.0, 1299.0, 32073.0, 6905.0, 2306.0, 17561.0, 2948.0, 2199.0, 11484.0, 2973.0, 9751.0, 3427.0, 5392.0, 4453.0]"
"Les pratiques de discrimination - qui portent atteinte à l'égalité des chances - doivent être également repoussées. En France, toute personne s'estimant victime d'une discrimination peut porter plainte au civil (conseil des prud'hommes) et / ou au pénal (procureur de la république, commissariat de police, gendarmerie).",fra,fra,"[8687.0, 2216.0, 1787.0, 42554.0, 9355.0, 3036.0, 22980.0, 3929.0, 2832.0, 15104.0, 3858.0, 12845.0, 4465.0, 6705.0, 5865.0]"
"Le village, qui comptait 394 habitants en 1999, en comptait 398 en 1803. Le territoire communal est relativement grand : 18,19 km2 et s'étend sur une dizaine de kilomètres du nord au sud. Florimont, qui fut une importante seigneurie au Moyen Âge, a incorporé dans son territoire les villages disparus de Normanvillars et de Saint-André-d'Essert.",fra,fra,"[13476.0, 3936.0, 2647.0, 55917.0, 14608.0, 5607.0, 32896.0, 6591.0, 5040.0, 20627.0, 5856.0, 17241.0, 7014.0, 10804.0, 9385.0]"
"Il écrivit pendant vingt ans pour les Italiens (de 1720 à 1740) maintenant sous la guidance de Luigi Riccoboni et écrira pour eux les deux tiers de ses pièces. Il aura pour muse Silvia Baletti, dont les parents appartenaient à l'ancienne troupe.",fra,fra,"[8637.0, 2312.0, 1832.0, 33872.0, 8412.0, 3167.0, 24193.0, 4094.0, 3014.0, 13226.0, 3858.0, 11378.0, 3951.0, 6525.0, 5460.0]"
"La cooptation, encouragée par certaines formes de réseautage et de sourcing (via par exemple les réseaux d'anciens élèves de grandes écoles ou professionnels), génère de la reproduction sociale qui peut freiner l'innovation adaptative ;",fra,fra,"[5530.0, 1276.0, 1261.0, 29085.0, 6068.0, 1786.0, 17100.0, 2541.0, 1686.0, 11009.0, 2537.0, 10031.0, 2790.0, 4045.0, 3777.0]"
"Le XIXe siècle oublie, à l’exception de Maurice Sand, fils de George, quelque peu cet art ancestral. En France, cependant, la famille Deburau reprend les personnages de Pierrot et Colombine et Arlequin les intègre à ses mimodrames.",fra,fra,"[7530.0, 1760.0, 1552.0, 32909.0, 7548.0, 2851.0, 18337.0, 3345.0, 2553.0, 12202.0, 3449.0, 10077.0, 3512.0, 5933.0, 4981.0]"
"L'un des objectifs est d'habiller les lieux publics en les rendant moins impersonnels, en les humanisant et en suscitant la réaction des passants.",fra,fra,"[4193.0, 1039.0, 893.0, 20757.0, 4738.0, 1584.0, 11976.0, 2036.0, 1427.0, 7728.0, 2060.0, 6979.0, 2099.0, 3204.0, 2698.0]"
"Les dépenses de fonctionnement se répartissaient en : 5 313 890 € de charges de personnel, 5 214 032 € de charges générales, 3 163 796 € de charges exceptionnelles, 1 370 254 € consacrés à l'autofinancement et enfin, seulement 52 700 € pour le remboursement de la dette.",fra,fra,"[12848.0, 4324.0, 2690.0, 48342.0, 12816.0, 5549.0, 29088.0, 6815.0, 5220.0, 19600.0, 5860.0, 16503.0, 6856.0, 9839.0, 8081.0]"
"Michel Crauste et Arnaud Marquesuzaa remportent le titre avec le Racing Club de France en 1959. L’année suivante, ils le remportent avec le FC Lourdes.",fra,fra,"[5556.0, 1478.0, 1156.0, 22291.0, 5535.0, 2276.0, 12546.0, 2590.0, 2121.0, 8485.0, 2250.0, 6971.0, 2755.0, 4540.0, 3660.0]"
"Analyse du capitalisme japonais (日本資本主義発達史講座, Nihon shihonshugi hattatsu shi kōza), ou littéralement « cours sur l'histoire du développement du capitalisme au Japon », et un livre publié par des historiens de l'école historique Kōza dont Moritarō Yamada, Eitaro Noro (en), Hattori Shisō (ja), Hani Gorō (ja), et Hirano Yoshitarō (ja).",fra,fra,"[17420.0, 11911.0, 3148.0, 36682.0, 14003.0, 12402.0, 23426.0, 20664.0, 17386.0, 14849.0, 7083.0, 12613.0, 14186.0, 18504.0, 14984.0]"
Notices d'autorité : Fichier d’autorité international virtuel • International Standard Name Identifier • Bibliothèque nationale de France (données) • Système universitaire de documentation • Bibliothèque du Congrès • Gemeinsame Normdatei • Bibliothèque universitaire de Pologne • Autorités Canadiana • WorldCat,fra,fra,"[10735.0, 4455.0, 1502.0, 24179.0, 9354.0, 6713.0, 14241.0, 6263.0, 5942.0, 10181.0, 5488.0, 7968.0, 6843.0, 8411.0, 7791.0]"
"À la fin du XIXe siècle, la population restait très majoritairement agricole, seuls quelques dizaines d'habitants travaillaient dans le commerce. En 1896, la surface agricole de la commune se répartissait comme suit : 8,1 km2 de cultures alimentaires, 2,75 km2 de prairies artificielles, 2,10 km2 de cultures industrielles, 0,33 km2 de jachère, 0,22 km2 de jardins, 50 000 m2 de bois, 10 000 m2 de prairies naturelles et de pâturages et 10 000 m2 de landes. 52 hectares de la surface communale étaient occupés par les routes, chemins et constructions. Quarante-cinq exploitants agricoles se répartissaient très inégalement ces terres, vingt-deux exploitants cultivant moins de 10 000 m2, neuf de 10 000 à 50 000 m2 et quatorze de 50 000 à 3 km2. Le froment occupait 4,50 km2 suivi par l'avoine sur 2,90 km2 puis de la betterave à sucre sur 1,70 km2 et de la luzerne sur 1,26 km2, le reste se répartissant entre trèfle, pomme de terre, seigle et sainfoin. Les animaux de ferme étaient nombreux : on dénombrait pas moins de 180 chevaux, 120 bœufs, et 1 200 moutons, valeur qui doublait durant l'été. Dans les basses-cours, on comptait pas moins de 3 000 lapins, 1 800 pigeons, 2 000 poules, 275 canards et 50 oies.",fra,fra,"[51171.0, 15844.0, 11341.0, 225225.0, 53768.0, 20309.0, 130095.0, 25967.0, 19625.0, 87146.0, 23747.0, 72664.0, 27156.0, 40966.0, 35403.0]"
"Roissy-en-France appartenait historiquement au canton de Gonesse. Dans le cadre du redécoupage cantonal de 2014 en France, la commune fait désormais partie du canton de Villiers-le-Bel.",fra,fra,"[9113.0, 2561.0, 1325.0, 26269.0, 7422.0, 3743.0, 15215.0, 3947.0, 3322.0, 9580.0, 3594.0, 8031.0, 4595.0, 6711.0, 5744.0]"
"Stafford Repp est un acteur américain né le 26 avril 1918 à San Francisco, Californie (États-Unis), décédé le 5 novembre 1974 à Inglewood (Californie).",fra,fra,"[6769.0, 2722.0, 1556.0, 19314.0, 5802.0, 3452.0, 11833.0, 3768.0, 3225.0, 7786.0, 3167.0, 6660.0, 3845.0, 5368.0, 4687.0]"
"Même si Honoré Beaugrand a perdu des partisans dans l'affaire de la vaccination, elle lui a valu le soutien des milieux d'affaires anglophones. Ces derniers, alliés aux libéraux, l'appuient pour sa réélection. Il l'emporte par 5 055 voix contre 3 100 en février 1886. L'année sera plutôt tranquille. L'heure est à la reprise économique. Une nouvelle génération d'hommes d'affaires canadiens-français s'affirme et songe à créer une Chambre de commerce francophone, distincte du Board of Trade, ce qui se réalisera l'année suivante.",fra,fra,"[15974.0, 4342.0, 3653.0, 80700.0, 16728.0, 6244.0, 43525.0, 7869.0, 5757.0, 28900.0, 7350.0, 24396.0, 8299.0, 12433.0, 10960.0]"
"Le Caire. Hebba (Mona Zakki), animatrice télévisée en vogue, diffuse un talk-show nocturne sur Sun TV. D'humeur banale et anodine au départ, les émissions finissent par devenir un terrible tableau de la condition féminine en Égypte, sur fond de désagrégation morale et d'obscurantisme religieux conjugués. Ce qui n'a pas l'air de plaire à tout le monde, et, en premier lieu, au compagnon de Hebba, Karim (Hassan El Raddad), qui envisage de gravir l'échelon suprême, en tant que journaliste officiel…",fra,fra,"[17115.0, 4180.0, 3440.0, 70159.0, 16075.0, 6759.0, 40825.0, 7444.0, 5726.0, 25323.0, 7470.0, 21637.0, 8515.0, 13629.0, 11570.0]"
"Il entre en service le 14 mai 1784, comme cavalier au 5e régiment de chevau-légers, il devient brigadier le 14 mars 1785, et il obtient son congé le 17 août 1786.",fra,fra,"[8584.0, 2646.0, 1584.0, 31076.0, 7998.0, 3400.0, 19098.0, 3959.0, 3163.0, 11969.0, 3935.0, 10080.0, 4233.0, 6565.0, 5644.0]"
"La commune dispose d'une via ferrata nommée Les Saix de Miolène, permettant une activité intermédiaire entre randonnée pédestre et escalade.",fra,fra,"[4484.0, 1010.0, 860.0, 18020.0, 4243.0, 1521.0, 11424.0, 1892.0, 1368.0, 6931.0, 1759.0, 6315.0, 2192.0, 3160.0, 2914.0]"
Notices d'autorité : Fichier d’autorité international virtuel • International Standard Name Identifier • Bibliothèque nationale de France (données) • Système universitaire de documentation • Bibliothèque du Congrès • Gemeinsame Normdatei • Bibliothèque royale des Pays-Bas • Bibliothèque universitaire de Pologne • Bibliothèque nationale de Suède • Bibliothèque nationale d’Australie • WorldCat,fra,fra,"[13507.0, 5913.0, 1877.0, 30847.0, 12099.0, 8836.0, 17794.0, 8291.0, 7959.0, 12819.0, 7109.0, 9990.0, 9054.0, 10844.0, 10095.0]"
(it) Cet article est partiellement ou en totalité issu de l’article de Wikipédia en italien intitulé « Museo Faina » (voir la liste des auteurs).,fra,fra,"[6338.0, 2424.0, 931.0, 15955.0, 5574.0, 3363.0, 11903.0, 3649.0, 2985.0, 7256.0, 3023.0, 6034.0, 3370.0, 5060.0, 3944.0]"
"Le nationalisme völkischer promeut une forme particulière de nation comme un intermédiaire entre les individus et une entité supérieure (Nature, Univers). Ce nationalisme construit par opposition à ce qui est étranger ou dégénéré admet une hétérogénéité interne aussi bien sociale, culturelle que religieuse. Il a constitué la base idéologique raciste, antisémite et eugéniste du mouvement völkisch et du national-socialisme.",fra,fra,"[11776.0, 2980.0, 2390.0, 50096.0, 16735.0, 4435.0, 27917.0, 5199.0, 4088.0, 17933.0, 5869.0, 15198.0, 5553.0, 8966.0, 7790.0]"
"En mars 1970, l'historien Henri Guillemin donne une conférence au complexe Barbou de Liège. Au moment où Guillemin descend de son estrade, Noël Godin fonce sur lui et lui envoie une tarte à la figure. Guillemin reste sans voix, ce qui donne le temps à l'entarteur de s'enfuir. Un message est enfoui dans la crème : « Puisse cette tarte te rappeler, Henri, que l'Histoire, c'est aussi l'immédiat. »",fra,fra,"[14723.0, 3439.0, 2864.0, 63811.0, 15017.0, 4927.0, 35599.0, 6301.0, 4702.0, 22742.0, 5857.0, 19426.0, 6546.0, 10980.0, 8986.0]"
"Adam Young est né dans l'Iowa mais a grandi à Owatonna dans le Minnesota. Selon lui, c'est le fait de n'avoir jamais été dans une grande ville qui lui a permis de préserver une forme d'innocence qui s'exprime dans sa musique. Il déclare aimer la nature et notamment l'océan qu'il n'aura cependant eu l'occasion de voir de ses propres yeux qu'étant jeune adulte. Durant son enfance Adam Young a révélé qu'il n'avait pas beaucoup d'amis et qu'il était relativement solitaire. Il a commencé à composer de la musique adolescent à la suite d'une chute de skateboard qui l'a provisoirement empêché de pratiquer cette activité.",fra,fra,"[15847.0, 4427.0, 3807.0, 82745.0, 16552.0, 5863.0, 43530.0, 7755.0, 5705.0, 27907.0, 7777.0, 23879.0, 8424.0, 12696.0, 10930.0]"
"Le XV de France n’est de nouveau autorisé par les Britanniques à disputer le Tournoi qu’en 1940, mais cette édition n’a jamais lieu en raison de la Seconde Guerre mondiale.",fra,fra,"[5864.0, 1576.0, 1204.0, 26018.0, 5696.0, 2224.0, 14737.0, 2688.0, 2151.0, 9380.0, 2582.0, 8069.0, 2921.0, 4395.0, 3819.0]"
"Michaël fera retentir sa trompe et le messie fils de David se manifestera aux justes d'Israël restés dans le désert de Juda. Ils monteront à Jérusalem. Armilus sera stupéfait de leur audace et montera de nouveau les combattre, mais cette fois c'est Dieu qui mènera directement la bataille. Armilus et toutes ses armées mourront """"et nul ne survivra de la maison d'Ésaü"""" (Ab. 1, 18).",fra,fra,"[13634.0, 3959.0, 2675.0, 56302.0, 13376.0, 5535.0, 30025.0, 6127.0, 4751.0, 20077.0, 6492.0, 17338.0, 6421.0, 10727.0, 8731.0]"
"Un mois après la disparition de La République, Beaugrand, qui a peut-être été tenté par un poste de correspondant à Paris pour le Boston Globe, revient au Canada pour de bon.",fra,fra,"[4838.0, 1074.0, 1030.0, 22973.0, 4886.0, 1690.0, 12784.0, 2130.0, 1624.0, 8093.0, 2177.0, 7255.0, 2288.0, 3709.0, 3137.0]"
"Un programme d'isolation phonique est proposé par Aéroports de Paris (ADP), prenant en charge de 80 à 100 % des frais d'insonorisation des logements, en fonction du revenu des occupants et de la zone de bruit concernée, déterminée par un plan de gêne sonore. Néanmoins ce programme nécessite plusieurs démarches et souvent un an, voire deux ou plus, pour aboutir. Le village de Roissy-en-France n'est de fait situé qu'en zone III de bruit, jugé d'impact modéré,. ADP diffuse régulièrement un magazine baptisé « Entre voisins », tente d'établir une communication régulière avec les riverains et a ouvert une maison de l'environnement sur la plate-forme, dans le but d'informer les habitants sur le trafic aérien et la diffusion du bruit.",fra,fra,"[19646.0, 4770.0, 4321.0, 104294.0, 21499.0, 6225.0, 56238.0, 8895.0, 6201.0, 36115.0, 8756.0, 31235.0, 10294.0, 14660.0, 13772.0]"
"1938 : le """"marquis"""" de Parseval de Foudras vend l'ensemble à Marthe Billion du Rousset (1874 - 1960), veuve d'Henri-Pie de Parseval (1874 - 1930)",fra,fra,"[9616.0, 3827.0, 2079.0, 28504.0, 8644.0, 4744.0, 17069.0, 5463.0, 4606.0, 11743.0, 4100.0, 9494.0, 5316.0, 8214.0, 6620.0]"
"Au mois d’avril 1878, le gouvernement libéral de Mackenzie lui propose un poste temporaire de clerc surnuméraire au Parlement fédéral, une offre qu'il accepte. Il s'occupe en même temps de la publication à Ottawa du Fédéral, un journal de tendance libérale qui commence à paraître début mai. Expérience de courte durée, qui prendra fin pour lui le 24 juillet 1878, alors qu'il cède ses parts dans la publication. On l'invite à entrer à la rédaction du National, journal des libéraux de Montréal qui a succédé, en 1872, au Pays. Tout en travaillant au National, Beaugrand lance, le 26 octobre 1878, Le Farceur, un journal humoristique qui publie des feuilletons, des anecdotes, des historiettes, des charades et des aventures burlesques.",fra,fra,"[22226.0, 5645.0, 4918.0, 106223.0, 22580.0, 8625.0, 56239.0, 10326.0, 8034.0, 37889.0, 10192.0, 31656.0, 11642.0, 17686.0, 15638.0]"
"Taco Bell sert des articles basés sur la cuisine Tex-Mex, adaptés aux besoins de l'industrie de la restauration rapide, avec un grand choix de tacos et d'assaisonnements plus ou moins épicés.",fra,fra,"[5232.0, 1645.0, 1242.0, 22140.0, 5509.0, 2185.0, 11575.0, 2568.0, 1946.0, 8133.0, 2412.0, 7466.0, 2891.0, 4130.0, 3772.0]"
"À Mulhouse, Patricia Vest, présidente de l'association de commerçants du « Cœur de Mulhouse » et Anne-Marie Ambiehl, artiste plasticienne, ont lancé une opération de 3 mois mars, avril et mai 2015 invitant toute personne pratiquant (ou non) le tricot, le crochet, la couture etc. à venir contribuer individuellement ou collectivement à une œuvre artistique de grande ampleur consistant à habiller le Centre-ville de fil et de couleurs.",fra,fra,"[12891.0, 3096.0, 2765.0, 62207.0, 14467.0, 4389.0, 35774.0, 5792.0, 4319.0, 23310.0, 5479.0, 19262.0, 6630.0, 10221.0, 8955.0]"
"Ce cancer est relativement bien soigné, atteignant 90 % de guérison. Cependant, il y a de nettes différences entre les différents cas histologiques. Le suivi comprend à la fois la recherche éventuelle de métastases ainsi que des séquelles éventuelles liées à la chimiothérapie et à la radiothérapie.",fra,fra,"[8430.0, 2092.0, 1598.0, 38598.0, 8560.0, 2919.0, 21309.0, 3677.0, 2615.0, 14047.0, 3854.0, 12270.0, 4216.0, 6181.0, 5514.0]"
Cette liste regroupe les guerres et conflits ayant vu la participation de la Pologne. Voici une légende facilitant la lecture de l'issue des guerres ci-dessous :,fra,fra,"[3920.0, 1105.0, 796.0, 18714.0, 3991.0, 1271.0, 10448.0, 1983.0, 1345.0, 6830.0, 1958.0, 5995.0, 1989.0, 2888.0, 2530.0]"
"Le coût moyen d'un recrutement externe en France serait en moyenne de 8 000 euros en 2011, c'est-à-dire environ 30 % de la rémunération annuelle brute.",fra,fra,"[6083.0, 1745.0, 1146.0, 25485.0, 5900.0, 2177.0, 15289.0, 2829.0, 2013.0, 9693.0, 2714.0, 8547.0, 3094.0, 4229.0, 3789.0]"
"Les arbitres du championnat de France sont amateurs, à quatre exceptions près : Romain Poite, Jérôme Garcès, Pascal Gaüzère et Mathieu Raynal, lesquels sont professionnels et autorisés à arbitrer des test matchs entre équipes majeures du circuit international. Joël Jutge, ancien professionnel, a pris sa retraite pour raisons de santé en 2009. Éric Darrière fut également professionnel mais a préféré redevenir amateur et retrouver son métier de Conseiller Principal d'Éducation.",fra,fra,"[13973.0, 3308.0, 2832.0, 57195.0, 13344.0, 4904.0, 32060.0, 5681.0, 4636.0, 21291.0, 5688.0, 17938.0, 6727.0, 10538.0, 9169.0]"
"Un analogue structurel de la phénazone, l'amidopyrine, présente des propriétés antipyrétiques supérieures à la phénazone : Hoechst commercialisa le médicament Pyramidon de 1896 à 1934, date à laquelle il fut retiré du marché à la suite des cas de granulocytopénie dont il était la cause.",fra,fra,"[11802.0, 3065.0, 2144.0, 39159.0, 11123.0, 4325.0, 23251.0, 5085.0, 4000.0, 15136.0, 5849.0, 13108.0, 5451.0, 8285.0, 7399.0]"
"Des rivalités historiques ou régionales existent, et elles sont le plus souvent entretenues par les supporters. Par exemple, les clubs de Brive et de Clermont-Ferrand rivalisent depuis un siècle pour la suprématie du centre de la France. Béziers, Narbonne et Perpignan ont une longue histoire en Languedoc-Roussillon. Néanmoins, la limitation du nombre de clubs entraîne aussi la disparition de tels affrontements et donc du folklore qui les accompagne, dont le derby basque entre Bayonne et Biarritz. Certaines rivalités apparaissent comme celle entre le Stade toulousain et le Stade français, intensifiée depuis la demi-finale de la saison 1998 remportée 39-3 par le Stade français, repose à la fois sur une opposition Nord/Sud, Paris/Province et marketing/tradition. Depuis la saison 2009-2010 et le retour du Racing Métro 92 au sein de l'élite, le derby parisien qui a fait l'histoire de la compétition dans ses premières années revient au premier plan à l'ère du professionnalisme.",fra,fra,"[26328.0, 6966.0, 5693.0, 133017.0, 28735.0, 9567.0, 72466.0, 12227.0, 9470.0, 46381.0, 12194.0, 39688.0, 14538.0, 21001.0, 19067.0]"
La Supercoupe de Moldavie de football est une compétition de football opposant le champion de Moldavie au vainqueur de la coupe de Moldavie.,fra,fra,"[5502.0, 1325.0, 800.0, 17217.0, 4168.0, 1640.0, 10396.0, 2133.0, 1721.0, 7298.0, 2860.0, 6651.0, 2293.0, 3814.0, 2982.0]"
"Le chien d'Artois, parfois nommé grand chien d'Artois ou picard, est une race de chien de chasse d'origine française. Le chien d'Artois est un chien d'ordre de couleur tricolore. La nomenclature FCI le classe dans le groupe 6, section 1, sous-section 1.2 chiens courants de taille moyenne. Comme son nom l'indique, il est originaire de l'ancien comté d'Artois, qui constitue à présent une bonne partie du département du Pas-de-Calais. La race est utilisée comme chien courant et chien d'arrêt.",fra,fra,"[15905.0, 4707.0, 3151.0, 72019.0, 16771.0, 5878.0, 39403.0, 7751.0, 5717.0, 26160.0, 7510.0, 21923.0, 8558.0, 12288.0, 11869.0]"
"En 1999, Robert signe au Paris Saint-Germain. Il connait le meilleur avec ses premières sélections en équipe de France, récompense d'un début de saison tonitruant sous les couleurs du club parisien, mais également le pire en écopant de trois cartons rouges en une seule saison, ce qui le prive probablement d'une place chez les Bleus lors de l'Euro 2000.",fra,fra,"[10938.0, 2872.0, 2278.0, 49754.0, 11016.0, 3811.0, 28656.0, 4917.0, 3801.0, 19046.0, 4835.0, 16722.0, 5625.0, 8486.0, 7428.0]"
"L'Art de Performance Civique comprend les projets réalisés in situ sur des périodes allant de plusieurs mois à plusieurs années. Il inclut recherche, installation, peinture, performance, vidéo expérimentale, film documentaire, et modèles architecturaux. Il analyse les effets sur les individus, communautés, villes et paysages de situations arbitraires et de domination. L'Art de Performance Civique expose l'État d'Urgence qui imprègne tous les aspects de l'expérience de populations déplacées, que ce déplacement soit physique (immigrés), social (quartiers-ghettos) ou politique (guerre, occupation). Il est inter-disciplinaire, référant tant à la philosophie, l'histoire, l'anthropologie et les sciences politiques qu'aux médias, théorie culturelle, trauma et mémoire. Il a trois principaux objectifs: rendre visibles des histoires qui ont été effacées et les activer comme site de performance, produire une documentation visuelle critique, et créer des espaces de dialogue inter-communautaire.",fra,fra,"[20679.0, 5999.0, 5121.0, 116751.0, 23059.0, 6985.0, 61824.0, 10538.0, 7200.0, 41822.0, 9196.0, 35968.0, 11348.0, 16217.0, 15449.0]"
"Roissy connaît une forte hausse de sa population qui peut s'expliquer par son dynamisme économique : par rapport au précédent recensement de 1990, la commune avait gagné 313 habitants en neuf ans. En vingt-quatre ans, depuis 1975, la commune avait gagné 1 005 habitants. Cette hausse semble se confirmer au vu des résultats provisoires de 2006 : la commune aurait encore gagné 197 habitants en sept ans.",fra,fra,"[12796.0, 3459.0, 2712.0, 56021.0, 12499.0, 4498.0, 31991.0, 5930.0, 4325.0, 20535.0, 5523.0, 17326.0, 6450.0, 9275.0, 8379.0]"
"Le Club Baloncesto León, aussi connu comme Climalia León, est un club de espagnol basket-ball basé dans la ville de León. Le club joue la saison 2008-2009 en Liga española de baloncesto, la deuxième division du championnat d'Espagne.",fra,fra,"[7878.0, 2691.0, 1659.0, 27359.0, 6997.0, 3391.0, 18943.0, 3923.0, 3339.0, 14781.0, 3408.0, 15751.0, 4569.0, 6523.0, 5632.0]"
"Honoré Beaugrand est l'auteur d'un grand nombre d'articles parus dans les journaux au Canada et aux États-Unis. Il a également publié un roman, un recueil de contes, des conférences et des récits de voyage.",fra,fra,"[6098.0, 1646.0, 1434.0, 28627.0, 6139.0, 2313.0, 15041.0, 2897.0, 2003.0, 10204.0, 2876.0, 8606.0, 2938.0, 4716.0, 4173.0]"
"Créée en 1986 et portée à l’époque par des pilotes automobiles comme Alain Prost ou Ayrton Senna (pilotes McLaren), la TAG Heuer F1 comporte une lunette tournante noire, une couronne vissée et crantée, un verre saphir, un bracelet à double sécurité et une lunette unidirectionnelle. Elle est étanche à 200 mètres. En 2010, une collection « Acier & Céramique » est proposée pour les femmes, avec ou sans diamants. Aujourd'hui son look décontracté est largement adopté en dehors des paddocks.",fra,fra,"[14200.0, 3934.0, 3261.0, 69754.0, 15319.0, 5587.0, 39069.0, 7008.0, 5179.0, 25256.0, 6450.0, 21296.0, 7904.0, 11331.0, 10656.0]"
"Les Latobices, avec les Rauraques, les Tulinges et les Boïens accompagnent les Helvètes, commandés par Divico, dans leur migration vers l’ouest de la Gaule. Après le mort d’Orgétorix, les Helvètes persistent dans leur décision d’abandonner leur territoire et de s’installer en Saintonge, brûlant leurs 12 villes et leurs 400 villages.",fra,fra,"[12318.0, 3258.0, 2395.0, 51276.0, 13109.0, 4853.0, 28565.0, 5376.0, 4208.0, 19180.0, 5489.0, 15978.0, 6057.0, 9580.0, 8208.0]"
"Bien qu'attribué à Noël Godin par la presse, l'entartage de Patrick Bruel fut en réalité réalisé par un de ses complices. Le 11 décembre 1993, Patrick Bruel est dans sa suite de l'hôtel Amigo à Bruxelles. Il y a beaucoup de mesures de sécurité puisque l'hôtel héberge aussi Helmut Kohl et Jacques Delors. Huit complices de Noël Godin, tous habillés en Georges le Gloupier, réussissent à entrer dans l'hôtel. À un moment donné, Patrick Bruel sort de sa suite et descend dans le hall où l'attendent des fans et plusieurs journalistes. Alors qu'il est en train de signer un autographe, un des entarteurs lui envoie sa tarte à la figure en s'écriant : « Et pan, pan, pan, pan ! Sur l'affreux pou chantant ! ». En recevant la tarte, Bruel explose de colère puis retourne dans sa suite se doucher.",fra,fra,"[25016.0, 6170.0, 5482.0, 122248.0, 27825.0, 8826.0, 66763.0, 11117.0, 8439.0, 42612.0, 10970.0, 37234.0, 12262.0, 19642.0, 16648.0]"
"En décembre 1969, c'est le complice de Noël Godin, Jean-Pierre Bouyxou qui joue cette fois le rôle de Georges Le Gloupier. Ce dernier attend le maître de ballet Maurice Béjart à la sortie du Théâtre de la Monnaie à Bruxelles. Lorsque Béjart sort de l'immeuble, Bouyxou lui envoie sa tarte à la figure avec une telle véhémence que Béjart en perd l'équilibre ; il fait alors un entrechat acrobatique et retombe sur ses pieds. Dans la crème est enfoui un message : « Cette tarte, Maurice, ne peut pas en tout cas te rendre plus disgracieux que lorsque tu danses. » Malgré le fait que Béjart se plaint du traitement reçu, cet entartage n'ayant pas été filmé, il aura peu d'échos dans les médias.",fra,fra,"[22747.0, 5420.0, 4785.0, 108063.0, 23686.0, 8237.0, 58191.0, 9954.0, 7708.0, 37090.0, 10022.0, 31790.0, 11318.0, 18072.0, 15363.0]"
"Le principe d'obstacle au débit de fluide : le papillon, l'opercule, le boisseau conique, le boisseau sphérique, le trois-voies, la guillotine, etc.",fra,fra,"[6274.0, 1770.0, 997.0, 24290.0, 5198.0, 1910.0, 14103.0, 2496.0, 1851.0, 9074.0, 2438.0, 7478.0, 2921.0, 4080.0, 3903.0]"
"C'est un midrash qui mérite de prendre place entre l'eschatologie juive de l'époque romaine d'une part, et celle de l'époque moderne d'autre part.",fra,fra,"[5232.0, 1477.0, 1117.0, 21727.0, 5574.0, 2172.0, 13282.0, 2705.0, 1911.0, 8317.0, 2455.0, 7348.0, 2752.0, 4382.0, 3622.0]"
"Après plusieurs années d'entartages individuels, Noël Godin désire essayer de nouvelles façons d'entarter. En mai 1999, le gratin bruxellois était réuni au Palais des beaux-arts de Bruxelles pour assister à la remise des prix du Concours musical international Reine Élisabeth de Belgique. La reine Fabiola fait partie des invités. Au moment où le troisième lauréat s'avance vers la scène, une pluie de crème Chantilly provenant des balcons s'abat sur l'assistance. Au dos des assiettes était écrit : « De la crème pour la crème ». Les médias rapporteront qu'environ une vingtaine de tartes avaient été lancées dans l'assistance. Joint plus tard au téléphone par un journaliste, Noël Godin affirmera : « Pour une fois, c'est le public que nous visions, le gratin des trognons royalistes et m'as-tu-vu ».",fra,fra,"[23095.0, 5746.0, 4910.0, 115827.0, 26869.0, 8584.0, 61860.0, 10861.0, 8159.0, 39606.0, 10146.0, 34039.0, 11826.0, 18766.0, 15710.0]"
"On trouve sur une place du chef-lieu de La Réunion surplombant la Rivière Saint-Denis une arche encadrant un portail ouvert sur laquelle est inscrite en son honneur une définition que Michel Debré avait faite de lui-même : « Créole un jour, créole toujours. »",fra,fra,"[7841.0, 1922.0, 1570.0, 36254.0, 7593.0, 2903.0, 19319.0, 3455.0, 2647.0, 12495.0, 3433.0, 10849.0, 4042.0, 6029.0, 5344.0]"
"Après plus de dix ans d'attente, un vaste chantier de rénovation du bâtiment a débuté au printemps 2011 et a été achevé en 2014. Ces différents travaux ont permis la modernisation de l'immeuble (rénovation des appartements, installation d'ascenseurs supplémentaires, installation de bardages avec matériaux isolants sur les façades, installation de panneaux solaires, etc.), le désenclavement du quartier et la diversification de la population résidente (composée en grande partie de locataires sociaux).",fra,fra,"[13153.0, 3178.0, 2716.0, 65784.0, 16422.0, 4010.0, 36704.0, 5860.0, 4126.0, 23272.0, 5825.0, 20166.0, 6521.0, 9773.0, 9065.0]"
"En 2015, la commune comptait 656 habitants, en augmentation de 1,23 % par rapport à 2010 (Pas-de-Calais : +0,78 %, France hors Mayotte : +2,44 %).",fra,fra,"[10921.0, 3867.0, 1629.0, 29137.0, 9038.0, 5076.0, 18749.0, 5545.0, 4564.0, 13120.0, 4435.0, 11849.0, 5893.0, 8044.0, 6915.0]"
"Élu au Parlement européen en 1979, il annonce sa candidature à l'élection présidentielle le 29 juin 1980 et développe une ardente campagne solitaire en faveur de la natalité. N'étant pas rompu aux techniques de communication, il voit les intentions de vote en sa faveur s'effondrer. Face au président du RPR Jacques Chirac et à Marie-France Garaud, qui se réclament tous les deux du gaullisme, il ne recueille que 1,66 % des voix et appelle à voter en faveur de Valéry Giscard d'Estaing le 5 mai 1981. Il est la personnalité ayant réalisé le plus petit score lors d'une élection présidentielle parmi les Premiers ministres qui se sont portés candidats à ce scrutin.",fra,fra,"[22329.0, 5875.0, 4514.0, 95394.0, 21688.0, 8095.0, 53863.0, 9949.0, 7730.0, 34179.0, 9747.0, 28991.0, 10753.0, 16903.0, 14652.0]"
"par le recours aux agences et organisations d'embauche officielles ou non, telles qu'en France, le Pôle emploi (anciennement l’ANPE) et les maisons de l'emploi ou Cap Emploi pour le recrutement de Personnes reconnus « Travailleur Handicapé » ;",fra,fra,"[8081.0, 2244.0, 1514.0, 36031.0, 8232.0, 2855.0, 20105.0, 3672.0, 2705.0, 13893.0, 3477.0, 11077.0, 4175.0, 6137.0, 5583.0]"
"Le poil est court, épais et assez plat. La robe est de couleur tricolore. Le fauve est foncé, tirant sur le poil de lièvre ou de blaireau. Le noir forme un manteau ou de grandes taches. La tête est habituellement fauve, quelquefois charbonnée.",fra,fra,"[7682.0, 1856.0, 1459.0, 35167.0, 7570.0, 2672.0, 19435.0, 3241.0, 2137.0, 13151.0, 3409.0, 10890.0, 3763.0, 5609.0, 5308.0]"
"TAG Heuer est un fabricant suisse de montres de sport et de chronographes de précision. L'entreprise est basée à La Chaux-de-Fonds (Suisse), elle fait partie du groupe LVMH depuis 1999.",fra,fra,"[7163.0, 2431.0, 1504.0, 26643.0, 8550.0, 3131.0, 14974.0, 3530.0, 2838.0, 9595.0, 3535.0, 8250.0, 3779.0, 5318.0, 4794.0]"
"Après le début de la Révolution, il prend le commandement d'une compagnie de la Garde nationale en 1789, puis administrateur du dixième arrondissement de Paris en 1790.",fra,fra,"[5669.0, 1782.0, 1135.0, 23208.0, 5498.0, 2177.0, 12952.0, 2739.0, 2147.0, 8471.0, 2662.0, 7179.0, 2725.0, 4355.0, 3805.0]"
"Dans le département des Landes, le ruisseau de la Gouaougue traverse quatre communes et un canton : dans le sens amont vers aval : Doazit (source), Maylis, Larbey et Saint-Aubin (confluence).",fra,fra,"[8435.0, 2369.0, 1396.0, 28623.0, 7486.0, 3413.0, 15638.0, 3551.0, 3089.0, 10453.0, 3205.0, 8394.0, 4303.0, 6499.0, 5760.0]"
Le recueil de contes La Chasse-galerie a fait l'objet de plusieurs éditions depuis sa toute première parution en 1900 parue chez Beauchemin avec des illustrations d'Henri Julien et Raoul Barré. Voici quelques-unes des éditions les plus récentes :,fra,fra,"[6970.0, 1865.0, 1459.0, 30864.0, 6922.0, 2749.0, 17189.0, 3367.0, 2459.0, 11039.0, 3011.0, 9328.0, 3702.0, 5435.0, 4842.0]"
"Parmi les 182 espèces d'oiseaux présentes, on remarque le canard colvert, le canard pilet, le canard gris, la sarcelle d'été et la sarcelle d'hiver, le fuligule milouin, le grand tétras et le tétras lyre, la gélinotte des bois, la caille, le râle des genêts, la bécasse, la bécassine, la bécassine sourde et la bécassine double. Les espèces rares sont représentées par la cigogne noire, l'aigle royal, le faucon pèlerin et le balbuzard pêcheur.",fra,fra,"[18360.0, 4436.0, 3212.0, 76030.0, 17029.0, 6544.0, 42034.0, 7564.0, 6061.0, 26926.0, 7389.0, 22539.0, 9253.0, 15226.0, 13247.0]"
"Henri Houmaire, Les Origines des Armoiries de Roissy-en-France : Gentien de Billy, Gentien de Mesmes, Roissy-en-France, Mairie de Roissy-en-France, 2011",fra,fra,"[8775.0, 2358.0, 1620.0, 26703.0, 7430.0, 3436.0, 14788.0, 3966.0, 3274.0, 9896.0, 3240.0, 8119.0, 4312.0, 6577.0, 5660.0]"
"L'Abécédaire de la République et du citoyen, Paris, Flammarion, 2002 (codir. avec Christian Amalvi, Marie-Christine Chaudonneret et Alice Gérard)",fra,fra,"[7102.0, 2066.0, 1356.0, 22957.0, 6423.0, 3040.0, 14140.0, 3433.0, 2775.0, 9167.0, 2846.0, 7426.0, 3663.0, 5597.0, 4870.0]"
"En 1964, Roissy était un village du Pays de France de mille-trois-cents âmes dont 95 % des terres étaient encore agricoles. Néanmoins depuis la Seconde Guerre mondiale, le village demeurait pauvre, le conseil municipal rencontrait de sérieux soucis budgétaires. Cette année-là par exemple, les dépenses s'élevaient à 197 974 francs mais les recettes fiscales, elles, ne se montaient qu'à 95 954 francs. L'année 1964 vit également se généraliser l'éclairage public électrique grâce à un contrat avec la société Philips.",fra,fra,"[16983.0, 4464.0, 3538.0, 76308.0, 17167.0, 5957.0, 43401.0, 7749.0, 5747.0, 28503.0, 7448.0, 24915.0, 8482.0, 12603.0, 10860.0]"
"Seuls trois clubs ont réussi le triplé : le Stade français en 1893-1894-1895, le Stade toulousain en 1922-1923-1924 et le FC Lourdes en 1956-1957-1958.",fra,fra,"[10243.0, 3821.0, 2356.0, 33573.0, 9224.0, 4597.0, 20302.0, 5574.0, 4724.0, 13125.0, 4650.0, 11115.0, 5828.0, 7813.0, 7068.0]"
"Pour la rédaction de la constitution de 1958, il s'inspire directement du discours de Bayeux, dans lequel de Gaulle a « magnifiquement décrit la Constitution telle qu'il l'estimait nécessaire au bien de la France » : parlement bicaméral avec une chambre basse représentant les électeurs et une chambre haute la tempérant et représentant la « vie locale » et les « grandes activités du pays » ; prééminence du Gouvernement dans l'élaboration de la loi ; renforcement des pouvoirs du président de la République, « arbitre » « placé au-dessus des partis », qui choisit les membres du gouvernement et dirige leur travail, peut prendre les pleins pouvoirs ou faire appel au peuple.",fra,fra,"[17507.0, 4384.0, 3534.0, 86152.0, 17682.0, 5592.0, 46333.0, 7782.0, 5457.0, 29217.0, 8523.0, 25377.0, 8294.0, 13000.0, 11763.0]"
"En avril 2003, un ami de Noël Godin, le cinéaste Benoît Lamy, invite Godin et sa femme à se rendre avec lui au Québec dans le cadre d'un documentaire sur les entarteurs qu'il réalise. Rendu là-bas, Godin et les sympathisants québécois décident d'entarter les trois candidats de l'élection provinciale dont la campagne électorale se déroule à ce moment-là. Une première équipe composée de Noël Godin, sa femme et deux entartistes québécois se rendent au quartier général d'un des députés que doit visiter Jean Charest, le chef du Parti libéral du Québec. Au moment où Jean Charest s'avance vers sa caravane, la femme de Noël Godin, Sylvie Van Hiel, envoie une tarte à la figure de Charest, qui tombe par terre. Pendant que les policiers arrêtent Sylvie Van Hiel, Godin réussit à envoyer une tarte sur la tête de Charest. Plus tard, une deuxième équipe réussit quant à elle à entarter le chef de l'Action démocratique du Québec Mario Dumont ; le chef du Parti québécois, Bernard Landry, ne sera pas entarté puisque ayant appris la nouvelle de l'entartage de Jean Charest il veillera à ce que la sécurité autour de lui soit renforcée. Jean Charest porta plainte contre Godin et sa femme pour l'entartage ; ils sont arrêtés juste avant leur retour en Europe ; ils sont relâchés en échange d'une caution de 500 dollars (environ 360 euros) chacun. Avant de les relâcher, la police leur déconseille de remettre les pieds au Canada ou aux États-Unis.",fra,fra,"[41183.0, 10366.0, 9075.0, 201240.0, 42043.0, 15072.0, 105777.0, 19152.0, 14261.0, 70176.0, 17422.0, 60103.0, 20932.0, 32489.0, 28116.0]"
"Vers la fin de l'année consulaire 284 ou au début de 283 av. J.-C., une armée gauloise composée d'éléments sénons et peut-être boïens traverse les Apennins, probablement pour rejoindre ses alliés étrusques de Vulci et Volsinii. Les gaulois Sénons assiègent la ville d'Arretium, dans le nord-est de l'Étrurie, peut-être dans le but de provoquer une réaction des Romains et de les contraindre à envoyer une armée dans une région éloignée des cités de Vulci et Volsinii, sur le territoire d'une cité restée fidèle à Rome. Lucius Caecilius Metellus Denter prend le commandement de l'armée romaine pour stopper la progression de l'armée gauloise qui est peut-être menée par le Sénon Britomaris, ou le père de celui-ci, et lever le siège d'Arretium. Au courant des manœuvres des cités étrusques, il pourrait avoir tenté d'abord de négocier avec les Gaulois.",fra,fra,"[30889.0, 8275.0, 6010.0, 126039.0, 30995.0, 11751.0, 77839.0, 13897.0, 10636.0, 46025.0, 13645.0, 39277.0, 15339.0, 23330.0, 20191.0]"
"En décembre 2013, Tomlinson a voyagé aux États-Unis pour être formé comme catcheur, un contrat de développement par la WWE. Il a été affecté à la WWE Performance Center et a pris le nom de ring Hugo Knox. Knox a fait ses débuts sur le ring pour la NXT, lors d'un Live Event le 8 novembre 2014.",fra,fra,"[9062.0, 3088.0, 2270.0, 36361.0, 8327.0, 4285.0, 18881.0, 4811.0, 3976.0, 12882.0, 4080.0, 11911.0, 5170.0, 7447.0, 6743.0]"
"Il s'est rendu célèbre pour ses jets de tarte à la crème, ou « entartages », sur de nombreuses personnalités de différentes nationalités. Lorsqu'il a reçu le Grand Prix de l'humour noir en 1995 et le Prix de la dent dure en 1996, il s'est entarté lui-même.",fra,fra,"[9187.0, 2459.0, 1959.0, 40540.0, 9443.0, 3402.0, 23176.0, 4449.0, 3425.0, 14738.0, 4338.0, 12426.0, 4690.0, 7047.0, 6110.0]"
"Dès 1928, Heuer chronomètre les premières courses de ski alpin, tant en slalom qu’en descente. Puis, dans les années 1930, l’entreprise se distingue en tant que chronométreur des compétitions de ski de vitesse à Saint-Moritz et aux championnats du monde de bobsleigh à Caux.",fra,fra,"[9609.0, 2594.0, 1980.0, 40418.0, 12793.0, 3565.0, 22786.0, 4466.0, 3514.0, 14722.0, 4307.0, 12663.0, 4922.0, 7211.0, 6418.0]"
"Le tunnel de Meyssiez, long de 1 911 mètres, est situé au point kilométrique (PK) 440,545 de la LGV Rhône-Alpes, entre le viaduc de Meyssiez et la limite entre les départements de l'Isère et de la Drôme et plus globalement entre les gares de Lyon-Saint-Exupéry TGV et de Valence-Rhône-Alpes-Sud TGV.",fra,fra,"[13315.0, 3891.0, 2512.0, 53488.0, 13171.0, 5455.0, 30271.0, 6291.0, 4979.0, 19807.0, 5327.0, 16278.0, 7238.0, 10651.0, 9486.0]"
"Mairie, 40 avenue du Général-de-Gaulle : Bien que reflétant un style architectural souvent utilisé pour les édifices publics de la région pendant les années 1930, il s'agit d'une ancienne maison particulière construite en 1933 selon les plans de l'architecte Georges Regin. Le toit est constitué d'une superposition de deux toits à deux croupes. Devant des murs en béton, les façades présentent un parement de pierres irrégulières du milieu du rez-de-chaussée au milieu de l'étage, encadré par des briques rouges en dessus et en dessous. Une partie des façades est simplement couverte d'enduit et peinte en blanc, ce qui donne trois matières différentes. La travée centrale de la façade occidentale est surmonté d'un pignon, et de vastes baies plein cintre éclairent les pièces du rez-de-chaussée. Le balcon au-dessus de l'entrée ne date que de 1981, année de l'aménagement du bâtiment comme mairie,.",fra,fra,"[29174.0, 7577.0, 5734.0, 134409.0, 29128.0, 9918.0, 73132.0, 13194.0, 9731.0, 47424.0, 12033.0, 40330.0, 14925.0, 22194.0, 20630.0]"
"La commune possède un cabinet médical qui accueille un médecin, un dentiste, une infirmière, un kinésithérapeute et un podologue (rue Jean-Moulin). Roissy relève de l'hôpital de Gonesse (25, rue Pierre-de-Theilley).",fra,fra,"[8903.0, 2380.0, 1662.0, 35083.0, 8118.0, 3349.0, 20081.0, 3879.0, 3113.0, 12591.0, 3540.0, 10750.0, 4683.0, 6837.0, 6200.0]"
"Le budget moyen des clubs du Top 14 devrait se rapprocher de celui des clubs de Ligue 1, mais un écart important devrait subsister car le football reste de loin le sport le plus populaire en France et à l'étranger, les droits télévisuels ont été revus à la hausse lors de l'appel d'offres en 2007 (+ 50 %) et des clubs comme le Rugby Club Toulonnais (25 M€ de budget), le Stade toulousain (35 M€), Stade français (21 M€) et ASM Clermont (27 M€) commencent à concurrencer des clubs de football en termes de budget, de popularité et de capacité d'attraction de sponsors. L'organisation de l'édition 2007 de la coupe du monde de rugby en France a popularisé davantage le rugby à XV en dehors de ses régions traditionnelles d’implantation.",fra,fra,"[22032.0, 5749.0, 4678.0, 107557.0, 23699.0, 7814.0, 59191.0, 10008.0, 7666.0, 38049.0, 9941.0, 32424.0, 11815.0, 16829.0, 15381.0]"
"Henri Houmaire, Roissy-en-France 1000-1800 : Répertoire chronologique de l'histoire du village : Documents et archives. Premier tome 1700-1800, Roissy-en-France, Mairie de Roissy-en-France, 2012, 116 p.",fra,fra,"[11510.0, 4015.0, 2539.0, 38763.0, 11082.0, 5084.0, 22284.0, 6379.0, 5217.0, 14254.0, 4902.0, 11562.0, 6260.0, 8927.0, 7680.0]"
"En 1697, les comédiens italiens du roi, menés par Evariste Gherardi annoncèrent au public français La Fausse Prude, satire de Madame de Maintenon, épouse secrète du Roi : Louis XIV les chassa de sa cour et ils durent s'exiler. Ils ne furent rappelés par le Régent qu'après la mort du roi.",fra,fra,"[12268.0, 2811.0, 2222.0, 46163.0, 10820.0, 4225.0, 27977.0, 4851.0, 3818.0, 17806.0, 5078.0, 15813.0, 5323.0, 8797.0, 7226.0]"
"Le 8 avril 1793, il est désigné, avec deux autres commissaires, pour accompagner à Marseille les membres de la famille de Bourbon, dont Philippe Égalité, non détenus à la prison du Temple.",fra,fra,"[6451.0, 1796.0, 1243.0, 27408.0, 6230.0, 2545.0, 15940.0, 2911.0, 2375.0, 9794.0, 2954.0, 8286.0, 3235.0, 5038.0, 4528.0]"
"En tant que maire, Beaugrand entend favoriser la prospérité et le rayonnement de la ville. Le francophile qu'il est met au premier plan les relations avec la France. « Le Cercle national français, dont il est président d’honneur, est ainsi créé à l’été 1885 afin d’intéresser la France aux progrès de la colonie française à Montréal et de s’occuper notamment de la question de l’immigration française au Canada. L’année suivante, la Chambre de commerce française de Montréal sera fondée afin d’œuvrer aux mêmes buts.»",fra,fra,"[14277.0, 3402.0, 3108.0, 70754.0, 14428.0, 4695.0, 37902.0, 6533.0, 4825.0, 24743.0, 6184.0, 21577.0, 6959.0, 10523.0, 9520.0]"
"Chimiothérapie initiale (ou pré-opératoire, dite néo-adjuvante) qui associe l'actinomycine D et la vincristine et qui vise une réduction du volume de la tumeur, ainsi qu'un durcissement (rendu fibreux) en vue de la chirurgie.",fra,fra,"[8966.0, 2395.0, 1566.0, 36748.0, 8214.0, 3164.0, 21103.0, 4038.0, 2940.0, 14098.0, 3499.0, 10992.0, 4405.0, 6435.0, 5940.0]"
"Adversaire du fascisme, il rejoint le Parti communiste d'Allemagne en 1926 et est l'un des membres fondateurs de l'ASSO (Association allemande des Artistes prolétariens et révolutionnaires) à Dresde en 1929.",fra,fra,"[8238.0, 2391.0, 1633.0, 29860.0, 11951.0, 3521.0, 17568.0, 4046.0, 3135.0, 11023.0, 3904.0, 9347.0, 3925.0, 6391.0, 5326.0]"
"C’est en 1920 que les premiers transports automobiles apparaissent à Roissy. L’exploitation de ces transports a longtemps été assurée par des familles du village. Privée de moyens efficaces pour la livraison des marchandises, l’économie du village entre dans une lente récession et connaît un appauvrissement inquiétant. En 1950 une seule ligne de bus relie le village à Paris. Dans les années 1960, le paysage de la plaine de France autour de Roissy va changer de visage rapidement. L'autoroute du Nord, Paris - Lille est tracée et réalisée, mais aucune bretelle directe de raccordement.",fra,fra,"[16577.0, 3984.0, 3579.0, 79107.0, 17656.0, 5688.0, 43590.0, 7176.0, 5479.0, 28191.0, 7480.0, 23809.0, 8320.0, 12430.0, 11189.0]"
"Noël Godin a contribué, dès le début de sa parution, à l'hebdomadaire pamphlétaire Siné Hebdo, créé par le dessinateur Siné, et dans lequel il tenait la rubrique « L'Entarteur littéraire ». Après l'arrêt du journal, il poursuit ses chroniques anarcho-littéraires dans le mensuel satirique de Paul Carali Psikopat, dans les canards rebelles La Mèche, aujourd'hui disparu, Le Bateau ivre (en Belgique), Zélium, et CQFD, dans la revue en ligne ventscontraires.net et dans Siné Mensuel.",fra,fra,"[18393.0, 4214.0, 3575.0, 77714.0, 18288.0, 6853.0, 43973.0, 8001.0, 6205.0, 28591.0, 7946.0, 23799.0, 9209.0, 14460.0, 12457.0]"
"Elle varie selon les époques, les pays et les types de postes. Le droit international interdit par exemple le travail des enfants. En France, certains principes généraux doivent être respectés au recrutement, dont la non-discrimination pour un certain nombre de critères (18 sont imposés par la loi, éventuellement enrichis par exemple par des chartes de développement durable ou la Charte de la diversité).",fra,fra,"[9148.0, 2210.0, 2029.0, 49189.0, 9890.0, 2868.0, 26609.0, 4046.0, 2787.0, 17081.0, 4398.0, 14863.0, 4574.0, 6753.0, 6297.0]"
"Rédigé en hébreu, il dévoile en dix étapes les événements censés devoir se produire à la fin des temps, au moment de la rédemption. Il emprunte des éléments à un opuscule mieux daté, le livre de Zorobabel, du début du VIIe siècle.",fra,fra,"[7995.0, 1921.0, 1620.0, 36986.0, 8309.0, 2961.0, 20263.0, 3466.0, 2624.0, 13377.0, 3730.0, 11786.0, 3965.0, 6560.0, 5569.0]"
"Chevènement porte plainte pour l'entartage dont il a été victime ; le Tribunal correctionnel de Paris condamne Noël Godin à une amende de 800 euros. Ce dernier interjette appel de la décision mais la cour d'appel confirme le verdict. Comme le verdict fera jurisprudence en France Godin décide de former un pourvoi en cassation. La chambre criminelle de la Cour de cassation confirme le verdict et condamne Godin à payer 1 euro symbolique à Chevènement et 2 500 euros au Trésor public. Au total, Godin doit débourser 8 373 euros en frais divers. Comme il n'a pas un sou, lui et sa femme organisent une soirée bénéfice à la discothèque bruxelloise Le Dirty Dancing ; cela leur permettra d'acquitter la somme due.",fra,fra,"[22746.0, 5624.0, 4651.0, 104530.0, 23083.0, 8446.0, 59184.0, 10201.0, 8105.0, 37083.0, 9827.0, 31425.0, 11504.0, 18510.0, 15144.0]"
"À peine un an après avoir été dévoilée à la Foire horlogère de Bâle, une autre « concept watch », la Monaco Sixty Nine, est produite à son tour. Première montre réversible munie d’un mouvement double[réf. nécessaire] (d’un côté, le cadran de la Monaco avec son mouvement mécanique à remontage manuel ; de l’autre, le cadran numérique du Microtimer, avec son mouvement à quartz précis au 1/1 000e de seconde), elle remporte également le prix de « la Montre design » au Grand Prix d’Horlogerie de Genève[réf. nécessaire]. À la Foire horlogère de Bâle de 2005, TAG Heuer présente un garde-temps mécanique, le Calibre 360 Concept Chronograph. Il s’agit du premier chronographe-bracelet mécanique capable de mesurer et d’afficher le temps au 1/100e de seconde, grâce à la fréquence de son balancier oscillant à 360 000 alternances par heure, soit dix fois plus vite que tout autre chronographe. L’année suivante, TAG Heuer reçoit un « Red Dot Design Award » pour ce « concept chronograph » dont le mouvement est certifié chronomètre par le Contrôle officiel suisse des chronomètres (COSC). En 2006, TAG Heuer lance le nouveau « concept chronograph » Monaco Calibre 360 LS (Linear Second). Lancée la même année, l’édition limitée de la TAG Heuer Carrera Calibre 360 en or rose, une autre version du Calibre 360 Concept Chronograph, remporte le prix de la Montre sport au Grand Prix d’Horlogerie de Genève[réf. nécessaire].",fra,fra,"[47075.0, 14752.0, 10352.0, 204310.0, 50657.0, 18478.0, 112863.0, 23028.0, 18029.0, 71264.0, 21334.0, 60498.0, 25737.0, 36078.0, 34219.0]"
"La commune possède un espace vert principal : le « jardin de la mairie ». Il est prolongé au sud par le parc de l'orangerie, composé de six petits jardins à thème, d'un parcours de santé, ainsi qu'un petit parc en extension, le « parc du Cèdre ». L'arbre qui lui a donné son nom est un des trois cèdres vestiges du parc du château, qui comptait de nombreuses essences. Les deux autres sont situés sur l'emprise aéroportuaire, de l'autre côté de l'autoroute du Nord. Une zone récréative a également été aménagée dans une vallée sèche. Cet espace, baptisé la « vallée verte », comprend trois circuits pédestres balisés et une piste cyclable. Roissy possède toujours par ailleurs trois-cents hectares de terres agricoles.",fra,fra,"[19550.0, 4702.0, 4180.0, 104199.0, 21453.0, 6517.0, 57086.0, 8877.0, 6513.0, 35719.0, 8548.0, 30873.0, 10432.0, 15493.0, 14624.0]"
"La douzième édition de la Coupe Charles Drago est organisée durant la deuxième partie de la saison 1963-1964 par la Ligue nationale de football pour les clubs professionnels français, et se déroule sur une période de février à juin. La compétition oppose les clubs éliminés de la Coupe de France de football avant les demi-finales.",fra,fra,"[9501.0, 2512.0, 1822.0, 40807.0, 9338.0, 3109.0, 23987.0, 4100.0, 3337.0, 15057.0, 4171.0, 12996.0, 4840.0, 7192.0, 6514.0]"
"Le règne de Sigeberht est marqué une campagne systématique de reconversion des Saxons de l'Est dirigée par Cedd : l'Essex avait commencé à être évangélisé dans les années 600 par Mellitus, le premier évêque de Londres, mais le royaume était retombé dans le paganisme après la mort du roi Sæberth.",fra,fra,"[9941.0, 2703.0, 2054.0, 39478.0, 11431.0, 3938.0, 21296.0, 4442.0, 3590.0, 13823.0, 4325.0, 12318.0, 4946.0, 7642.0, 6650.0]"
"Ce village a été rendu mondialement célèbre en 1974 lors de l'implantation de l'aéroport international qui porte son nom et occupe une partie de son territoire. Mais à l'écart des installations aéroportuaires, Roissy demeure un village caractéristique du Pays de France.",fra,fra,"[7403.0, 1883.0, 1581.0, 34296.0, 7282.0, 2695.0, 18798.0, 3290.0, 2400.0, 12234.0, 3465.0, 10272.0, 3889.0, 5498.0, 5032.0]"
"Michel Debré est le fils du professeur Robert Debré (1882-1978), considéré comme le fondateur de la pédiatrie moderne en France et de Jeanne Debat-Ponsan, agrégée de médecine. Petit-fils du rabbin Simon Debré (1854-1939) et du peintre Édouard Debat-Ponsan, il est sans doute le membre le plus éminent de la famille Debré, une famille qui a donné à son pays plusieurs grands hommes, notamment des médecins, ainsi que le peintre Olivier Debré, frère de Michel.",fra,fra,"[17640.0, 5198.0, 3627.0, 68234.0, 16601.0, 7224.0, 38314.0, 8588.0, 6981.0, 25277.0, 7908.0, 21105.0, 8929.0, 14073.0, 12254.0]"
"Roissy possède quelques commerces de proximité et petites entreprises. On trouve dans le village deux supérettes (Carrefour Market et Petit Casino), une boulangerie, une librairie, un bar-tabac, un salon de coiffure, une pharmacie, un fleuriste, un tatoueur et un atelier de reprographie.",fra,fra,"[7855.0, 1786.0, 1610.0, 37178.0, 8016.0, 2611.0, 20227.0, 3207.0, 2532.0, 13530.0, 3383.0, 11329.0, 4081.0, 6340.0, 5628.0]"
"En 1817, il est chanoine de la cathédrale de Saint-Brieuc, jusqu'en 1823. Le 23 juillet de cette année, il est sacré évêque de Beauvais dans la chapelle du séminaire d'Issy.",fra,fra,"[8823.0, 2485.0, 1513.0, 29501.0, 7550.0, 3422.0, 17667.0, 3827.0, 3269.0, 11796.0, 3622.0, 10449.0, 4377.0, 6614.0, 5793.0]"
"Depuis lors, BHL est l'une des rares personnalités à avoir subi plusieurs entartages. Le 18 mars 2006, il a été entarté pour les 7e et 8e fois par les « tueurs à gags » des « brigades pâtissières » de Noël Godin au 26e Salon du livre de Paris. Godin a déjà déclaré plusieurs fois que ce qui pourrait ressembler à de l'acharnement prendra fin lorsque Lévy montrera que le « message » est passé en entonnant en public la chanson de Maurice Chevalier Le Chapeau de Zozo.",fra,fra,"[16503.0, 3945.0, 3366.0, 76202.0, 17297.0, 5962.0, 41111.0, 7350.0, 5771.0, 26644.0, 7308.0, 22453.0, 8335.0, 12887.0, 11137.0]"
"« Et un autre roi se lèvera à Rome et règnera sur toutes les nations pendant neuf mois ». À la fin des neuf mois se révèlera le messie fils de Joseph qui rassemblera Israël de tous les pays. Il s'appellera Néhémie fils de Hushiel. Il fera la guerre au roi de Rome/d'Edom et le tuera. Il apportera de Rome les ustensiles du temple qui s'y trouvaient cachés (""""dans la maison de Jules César""""). Le roi d'Égypte fera la paix avec lui et tuera tous ceux qui habitaient autour de Jérusalem, jusque Damas et Ashqélon.",fra,fra,"[18010.0, 5138.0, 3601.0, 76620.0, 17962.0, 7760.0, 41827.0, 8401.0, 6419.0, 26840.0, 8998.0, 23368.0, 8826.0, 14943.0, 11983.0]"
"À partir de la saison suivante, les 40 clubs du Groupe B disputent un championnat à part et n’ont plus la possibilité de se qualifier pour les phases finales du Groupe A. Dès lors, le Groupe A est organisé en quatre poules de dix clubs, dont les huit premiers se qualifient pour les seizièmes de finale (cinq poules de huit en 1983-1984).",fra,fra,"[11246.0, 2932.0, 2142.0, 49561.0, 13717.0, 3823.0, 26997.0, 5226.0, 3872.0, 18322.0, 5247.0, 14933.0, 5192.0, 8368.0, 7141.0]"
"Tout groupe de Lie G est naturellement inclus (par translation à gauche) dans son groupe des difféomorphismes, et Diff(G) est le produit semi-direct de ce sous-groupe par le sous-groupe Diff(G,e) des difféomorphismes qui fixent l'élément neutre e de G.",fra,fra,"[8663.0, 3236.0, 1682.0, 35206.0, 8852.0, 3680.0, 17799.0, 4959.0, 3701.0, 11516.0, 3938.0, 9738.0, 4705.0, 6719.0, 5931.0]"
"Roissy-en-France totalisait exactement 1 000 logements en 1999, dont 882 résidences principales. L’âge moyen du parc immobilier était beaucoup plus faible que la tendance régionale. Les constructions neuves sont nettement plus présentes que la moyenne de la région : en 1999, 26,3 % des résidences principales dataient de 1990 ou après contre seulement 9,1 % en Île-de-France. A contrario, les constructions antérieures à 1949 ne représentaient que 16,7 % du parc contre 33,7 % pour la moyenne régionale francilienne.",fra,fra,"[18749.0, 5613.0, 3865.0, 76920.0, 18863.0, 7062.0, 43632.0, 9289.0, 6971.0, 28367.0, 8467.0, 24033.0, 9871.0, 13833.0, 12449.0]"
"En amont, la première des Trois Gorges est celle de Qutang. Avec une longueur de huit kilomètres, elle est la plus courte des trois mais c'est la plus spectaculaire. Les falaises de calcaire escarpées s'élèvent jusqu'à 1 200 mètres au-dessus du fleuve et le resserrent étroitement dans un lit de cent mètres de largeur, obligeant son flot à traverser la gorge à vive allure. C'est un site composé d'un réseau complexe de collines, de falaises, de rochers et de grottes.",fra,fra,"[14536.0, 7606.0, 2969.0, 68458.0, 14735.0, 5627.0, 36937.0, 7749.0, 6289.0, 24199.0, 6357.0, 21018.0, 9233.0, 11507.0, 11839.0]"
Le tableau suivant donne les meilleurs marqueurs d'essais [Quand ?] du championnat de France de rugby à XV depuis le passage à l'ère professionnelle. Ce classement est dominé par l'ancien Montpelliérain Laurent Arbo.,fra,fra,"[6710.0, 1889.0, 1285.0, 29054.0, 6741.0, 2668.0, 16011.0, 3194.0, 2457.0, 10266.0, 2942.0, 8655.0, 3463.0, 5102.0, 4590.0]"
"En 2009, PGO annonce la commercialisation de son Hemera. Ce petit coupé séduit immédiatement la presse spécialisée par son look et sa finition intérieure. Les puristes et les aficionados du sport automobile apprécient la ligne remarquable et la proposition étonnante du constructeur alèsien. Mue par un 2.0 essence développant 140 chevaux d’origine Peugeot, le coupé développe des performances que beaucoup jugèrent moyennes compte tenu du châssis.",fra,fra,"[12423.0, 2957.0, 2538.0, 54492.0, 12520.0, 4012.0, 31563.0, 5206.0, 3842.0, 20989.0, 5160.0, 19016.0, 6212.0, 8747.0, 8021.0]"
"Toute la carrière politique de Michel Debré est placée sous le signe de la fidélité au général de Gaulle, qu'il rejoint à Londres en 1943 ; il est véritablement un « compagnon », pour reprendre le terme utilisé jusqu'aux années 1990 pour désigner les membres du parti gaulliste. Il participe à la création du Rassemblement du peuple français (RPF), fait entendre la voix des gaullistes au Conseil de la République entre 1948 et 1958 en tant que président du groupe des Républicains sociaux, et passe l'essentiel de la Quatrième République à demander le rappel du Général aux affaires.",fra,fra,"[16863.0, 4408.0, 3595.0, 78022.0, 16546.0, 6076.0, 42864.0, 7904.0, 6019.0, 27554.0, 7745.0, 23242.0, 8287.0, 13088.0, 11486.0]"
"Mobilisé en 1939, il est deux fois blessé pendant la bataille de France. Il reprend ses activités d'avocat en 1940 et entre tôt dans la Résistance. Il est arrêté et inculpé avec d'autres avocats pour propagande gaulliste en janvier 1941. Il est emprisonné à la Santé pendant deux mois. Après le démantèlement de son premier réseau, il entre dans un autre groupe et participe au combat pour la libération de Paris.",fra,fra,"[12675.0, 3248.0, 2760.0, 59550.0, 13419.0, 4690.0, 32731.0, 5833.0, 4446.0, 20868.0, 5657.0, 18058.0, 6313.0, 10098.0, 8688.0]"
"La commune se trouve dans l'arrondissement d'Arras du département du Pas-de-Calais. Pour l'élection des députés, elle fait partie de la première circonscription du Pas-de-Calais.",fra,fra,"[7114.0, 2405.0, 1142.0, 25281.0, 6829.0, 3289.0, 14307.0, 3640.0, 2972.0, 9044.0, 3117.0, 7968.0, 4123.0, 5667.0, 4958.0]"
"Éric de Beukelaer est titulaire de licences en droit, droit canon, philosophie et théologie. Il fut ordonné prêtre en 1991 puis fut professeur de l'histoire de l'Église et de droit canon au séminaire de Liège. Il devint de 2002 à 2010 porte-parole francophone des évêques belges. Entre 2011 et 2016, il fut curé-doyen du centre ville de Liège et curé de l’unité pastorale Saint-Lambert-au-Cœur-de-Liège, il présidait auparavant le séminaire Saint-Paul à Louvain-la-Neuve. Depuis septembre 2016, il est Vicaire épiscopal du diocèse de Liège pour les questions temporelles (juridiques, économiques, patrimoniales). Il est également Chanoine titulaire de la Cathédrale Saint-Paul de Liège.",fra,fra,"[25820.0, 6792.0, 5097.0, 107589.0, 29106.0, 9920.0, 60601.0, 12010.0, 9720.0, 39259.0, 10537.0, 32532.0, 13682.0, 20781.0, 18501.0]"
"Le prix des places pour un match du Top 14 est tout à fait abordable, il est habituellement de 10 euros pour une place en pelouse, et de 15 à 40 euros pour des places en gradins.",fra,fra,"[6056.0, 1492.0, 1284.0, 29256.0, 6790.0, 2219.0, 16648.0, 2753.0, 2044.0, 10586.0, 2829.0, 9221.0, 3322.0, 4679.0, 4180.0]"
"Enfin, sept clubs ont réussi le doublé lorsque le rugby était encore amateur : le Stade toulousain en 1926-1927 et en 1985-1986; le Stade français en 1897-1898; le FC Lourdes en 1952-1953; l'AS Béziers à cinq reprises : 1971-1972, 1974-1975, 1977-1978, 1980-1981 et 1983-1984; le SU Agen en 1965-1966; le Castres olympique en 1949-1950; le Lyon OU en 1932-1933.",fra,fra,"[25157.0, 9835.0, 5992.0, 86276.0, 23566.0, 11795.0, 50945.0, 13981.0, 11960.0, 32981.0, 11466.0, 27687.0, 15048.0, 19553.0, 18041.0]"
"Généralement considéré, non sans quelque raison, comme « jacobin », il montre une grande méfiance vis-à-vis des collectivités locales et de la décentralisation, dans laquelle il voit la renaissance des anciennes provinces et la mise en péril de l'unité de l'État. À la Libération, voulant supprimer les régions créées par le régime de Vichy tout en modernisant la vieille organisation départementale, il propose une refonte de l'administration territoriale de la France en quarante-sept départements issus de fusions ou de réarrangements. En 1969, il sera très critique vis-à-vis du projet de régionalisation, bien qu'il appelât à voter « Oui » par fidélité à de Gaulle. Il refuse en 1982 les lois de décentralisation.",fra,fra,"[20904.0, 5035.0, 4322.0, 99641.0, 21130.0, 7014.0, 55251.0, 9179.0, 6706.0, 35243.0, 9890.0, 29922.0, 10114.0, 15714.0, 13955.0]"
"Le village est situé au centre de la plaine de France, vaste plateau légèrement incliné au sud vers Paris constitué de calcaire de Saint-Ouen, particulièrement résistant à l'érosion, qui a donné une structure tabulaire à la région. Le soulèvement alpin et pyrénéen au pliocène a contribué à affirmer ce caractère. Une légère dépression consécutive à un affaissement occupe le sud de la plaine : le synclinal abrite la fosse de Saint-Denis qui voit s'écouler les rares rivières de la plaine, le Croult, et le Petit Rosne en particulier. Le village se trouve quant à lui sur le flanc nord de cette dépression, à l'extrémité d'une vallée sèche. Les altitudes varient de 116 mètres au nord à 76 mètres au sud et jusqu'à 67 mètres à l'ouest dans le creux de la vallée sèche à la limite de Vaudherland. L'absence de cours d'eau et de carrières souterraines rend la commune peu soumise à des risques naturels, seuls trois secteurs de surface limitée présentent des risques de mouvements de terrain, sur la plate-forme aéroportuaire et en limite de Vaudherland.",fra,fra,"[33059.0, 8518.0, 6151.0, 150931.0, 33920.0, 12025.0, 83465.0, 14971.0, 11445.0, 52300.0, 14683.0, 43734.0, 17257.0, 26035.0, 23607.0]"
"Le texte se base sur un fond oriental, en utilisant par exemple un mot arabe comme walad (enfant) et en développant les signes apocalyptiques selon une division en dix, que l'on retrouve dans la tradition islamique.[réf. nécessaire] L'auteur regarde l'Égypte sous un jour très favorable, puisqu'il apparaît comme un havre de paix pour Israël avant la tempête (sixième signe). Mais il élabore sur cette base une strate latinisante, où l'on trouve par exemple le mot vaï pour dire """"malheur"""", ainsi que l'insistance sur Rome (qui ne semble pas être Byzance, comme dans le livre de Zorobabel). Il se situe donc probablement en Occident plusieurs siècles après les débuts de cette forme d'apocalyptique au VIIe siècle. Peut-être faut-il le situer en Espagne, dans le contexte de la reconquista.",fra,fra,"[23192.0, 5668.0, 4838.0, 112381.0, 25526.0, 8500.0, 62846.0, 10474.0, 7404.0, 39612.0, 11153.0, 34588.0, 11339.0, 18247.0, 15380.0]"
"Le championnat de France est de plus en plus populaire : lors de la saison 2008-09, il y a eu 12 737 spectateurs par match, soit une progression de 9 % par rapport la saison précédente. Au total, 2 356 349 spectateurs ont assisté aux 185 matchs du championnat. L'augmentation de la popularité du championnat bénéficie du fait que le rugby est d'une manière générale plus populaire en France, elle est due aussi à l'instauration du Top 14 avec une formule enfin stabilisée et une élite resserrée comparable à celle des autres grandes compétitions de rugby (Super 15, Premiership et Celtic League). Le record de fréquentation est de nouveau battu lors de la saison 2009-2010 avec une moyenne par match s'établissant à 13 529 spectateurs. De plus, l'UEFA estime que certains stades de football ne sont désormais plus adaptés aux éxigences européennes, les clubs de rugby comme l'Union Bordeaux Bègles ou le Lyon OU devraient emménager définitivement au Stade Chaban-Delmas et au Stade de Gerland ainsi l'Union Bordeaux Bègles est la meilleure affluence du top 14 et d'Europe.",fra,fra,"[31890.0, 9048.0, 7080.0, 153168.0, 34495.0, 11886.0, 85405.0, 15276.0, 11627.0, 54501.0, 15056.0, 46725.0, 17614.0, 24936.0, 22579.0]"
"Les servomoteurs sont actionnés par l'air comprimé (vanne pneumatique), l'eau ou l'huile (vanne hydraulique), l'électricité (servomoteur électrique d'une électrovanne).",fra,fra,"[6467.0, 2205.0, 1159.0, 26701.0, 6800.0, 2295.0, 14525.0, 3165.0, 2212.0, 9564.0, 3233.0, 8529.0, 3339.0, 4687.0, 4332.0]"
"Pour une variété connexe M, le groupe des difféomorphismes agit transitivement sur M. Il agit même transitivement sur la variété des configurations CnM pour tout entier naturel n et, si la dimension de M est au moins 2, sur la variété des configurations FnM : l'action sur M est « multiplement transitive ».",fra,fra,"[8507.0, 2931.0, 1612.0, 37016.0, 8779.0, 3464.0, 18982.0, 4632.0, 3284.0, 12239.0, 4199.0, 10659.0, 4297.0, 6499.0, 5653.0]"
"Au référendum sur le traité constitutionnel pour l’Europe du 29 mai 2005, les Roisséens avaient très largement rejeté la Constitution Européenne, avec 64,11 % pour le Non, 35,89 % pour le Oui et un taux d’abstention de 37,04 % (France entière : Non à 54,67 % ; Oui à 45,33 %). Ces chiffres sont supérieurs à la tendance départementale du Val-d'Oise (Non à 53,47 % ; Oui à 46,53 %) mais inverses aux résultats franciliens (Oui 53,99 % ; Non 46,01 %).",fra,fra,"[20986.0, 6878.0, 4688.0, 83656.0, 22217.0, 8775.0, 48877.0, 10939.0, 8431.0, 30310.0, 9504.0, 25663.0, 11043.0, 15512.0, 13351.0]"
"Le développement du rugby est favorisé en France par Pierre de Coubertin, passionné de rugby et qui souhaite reproduire ce modèle éducatif anglais dans les grands établissements parisiens en guise de rééducation physique et morale des futures élites du pays qui a connu la défaite de 1870.",fra,fra,"[7323.0, 1912.0, 1714.0, 36661.0, 7587.0, 2665.0, 20131.0, 3259.0, 2531.0, 13147.0, 3395.0, 11200.0, 3893.0, 5662.0, 5287.0]"
"Markus Kupferblum, un metteur en scène autrichien, introduit les règles de jeu et la hiérarchie des caractères de la commedia aux histoires contemporaines, soit au théâtre, soit à l’opéra.",fra,fra,"[6061.0, 1384.0, 1230.0, 22364.0, 8898.0, 2066.0, 13373.0, 2651.0, 1905.0, 8539.0, 2730.0, 7672.0, 2655.0, 4379.0, 3643.0]"
Notices d'autorité : Fichier d’autorité international virtuel • International Standard Name Identifier • Bibliothèque nationale de France (données) • Système universitaire de documentation • Bibliothèque du Congrès • Gemeinsame Normdatei • Bibliothèque royale des Pays-Bas • WorldCat,fra,fra,"[9517.0, 4136.0, 1441.0, 23001.0, 8717.0, 6114.0, 13223.0, 5785.0, 5383.0, 9444.0, 4878.0, 7392.0, 6227.0, 7574.0, 7076.0]"
"L'Office de Tourisme """"Roissy clé de France"""" propose au public un parcours piéton en visite libre, avec un audio guide disponible en trois versions (français, anglais et espagnol), également téléchargeables sur le site internet de l'organisme. Les dix-huit stations attirent l'attention du visiteur sur l'histoire du village et ses particularités. Le parcours s'effectue en une heure environ.",fra,fra,"[10425.0, 2595.0, 2225.0, 51595.0, 10980.0, 3434.0, 29036.0, 4804.0, 3434.0, 18228.0, 4428.0, 15835.0, 5558.0, 7656.0, 7185.0]"
(en) Cet article est partiellement ou en totalité issu de l’article de Wikipédia en anglais intitulé « Sigeberht the Good » (voir la liste des auteurs).,fra,fra,"[6562.0, 2696.0, 1073.0, 16851.0, 6294.0, 3721.0, 10194.0, 3955.0, 3284.0, 7008.0, 3156.0, 5909.0, 3684.0, 5560.0, 4288.0]"
"Pour toute variété M, on a une extension de groupes 0 → Diff0(M) → Diff(M) → Σ(π0M), où π0M désigne l'ensemble des composantes connexes de M, Diff0(M) est le sous-groupe des difféomorphismes qui fixent globalement chacune, et Σ désigne le groupe symétrique. De plus, l'image de Diff(M) dans Σ(π0M) est le sous-groupe de toutes les permutations qui préservent les classes de difféomorphisme des composantes connexes.",fra,fra,"[15227.0, 6740.0, 3346.0, 57706.0, 15104.0, 7364.0, 30096.0, 9846.0, 7365.0, 19952.0, 7089.0, 16683.0, 9115.0, 12363.0, 10954.0]"
"Aux six clubs qualifiés à la suite du premier tour se joignent les clubs professionnels éliminés en seizièmes de finale de la Coupe de France : Aix-en-Provence, Angers, Béziers, Forbach, Lille, Metz, Monaco, Saint-Étienne et Sedan.",fra,fra,"[8516.0, 2140.0, 1581.0, 32862.0, 7852.0, 2955.0, 18334.0, 3555.0, 2977.0, 11695.0, 3263.0, 9894.0, 4127.0, 6556.0, 5617.0]"
"En 1719, le domaine était la propriété du financier John Law, puis en 1725 d'Antoine Portail, premier président de la Cour du Parlement, dont la fille épousa Victor-Pierre-François Riquet de Caraman, petit-fils de Pierre-Paul Riquet réalisateur du canal du Midi. Il devint ainsi seigneur de Roissy en 1730. La famille Riquet de Caraman conserva la seigneurie jusqu'à la Révolution, époque à laquelle le domaine fut vendu comme bien national. Lors du dénombrement de l'élection de Paris en 1709, on comptait 167 feux, au milieu du XVIIIe siècle, le dictionnaire universel de la France (paru en 1726) évaluait le nombre d'habitants à 675.",fra,fra,"[24345.0, 7011.0, 4744.0, 91313.0, 21693.0, 9126.0, 51240.0, 10797.0, 8912.0, 33847.0, 10874.0, 28957.0, 12194.0, 18701.0, 16526.0]"
"C’est l’époque durant laquelle apparaissent dans le monde entier les chronographes Heuer au poignet de célèbres clients – parmi lesquels Harry S. Truman, le général Dwight D. Eisenhower, Henry Ford, le prince Guillaume de Suède et le roi Bhumibol de Thaïlande.",fra,fra,"[8390.0, 2324.0, 1709.0, 28267.0, 8085.0, 3548.0, 16823.0, 3847.0, 3228.0, 10946.0, 3578.0, 9339.0, 4389.0, 6271.0, 5563.0]"
"Les clubs de Bourgoin-Jallieu, du Biarritz olympique, de l'Union Bordeaux Bègles, du Stade toulousain, du Lyon OU et du RC Toulon ont emboîté le pas au Stade français en organisant respectivement des rencontres du Top 14 au Stade Geoffroy-Guichard de Saint-Étienne, au stade d'Anoeta de Saint-Sébastien, au Stade Chaban-Delmas de Bordeaux, au Stadium de Toulouse, au Stade de Gerland de Lyon et au Stade Vélodrome de Marseille, soit dans des stades d'au moins 30 000 places.",fra,fra,"[18515.0, 4963.0, 3436.0, 69221.0, 17186.0, 7304.0, 38453.0, 7612.0, 6801.0, 25164.0, 7326.0, 21197.0, 10175.0, 14250.0, 13290.0]"
Notices d'autorité : Fichier d’autorité international virtuel • International Standard Name Identifier • Bibliothèque nationale de France (données) • Système universitaire de documentation • Bibliothèque du Congrès • Gemeinsame Normdatei • WorldCat,fra,fra,"[8222.0, 3514.0, 1250.0, 19205.0, 7150.0, 5232.0, 11125.0, 4878.0, 4535.0, 7964.0, 4196.0, 6246.0, 5248.0, 6462.0, 6025.0]"
"Une innovation des plus originales se produit à l’occasion de la saison 1973-1974. Les 64 clubs sont répartis à parts égales entre deux groupes : le Groupe A, regroupant les 32 meilleurs de la saison précédente, et le Groupe B, regroupant les 32 suivants. Le Groupe A qualifie 24 clubs pour la phase finale, et le Groupe B 8, de sorte que des clubs classés a priori dans une division inférieure peuvent se qualifier pour les phases finales de la division supérieure et donc, en théorie, remporter le championnat de France. Cette invention avait pour bénéfice (essentiellement politique pour le président de la Fédération, qui était élu par les présidents de clubs) de maintenir l’illusion d’une première division élargie et donc de satisfaire un plus grand nombre de clubs.",fra,fra,"[19841.0, 5031.0, 4437.0, 102647.0, 23019.0, 6344.0, 56904.0, 9056.0, 6481.0, 36728.0, 9455.0, 31803.0, 9763.0, 14892.0, 13229.0]"
"Depuis, seul ou à la tête de véritables commandos pâtissiers, il a entarté d'innombrables personnalités qu'il considérait comme particulièrement détestables et infatuées. Parmi ses victimes : Bernard-Henri Lévy, Bill Gates, Doc Gynéco, le ministre belge Édouard Poullet, Jean-Luc Godard, Marco Ferreri, Maurice Béjart, Nicolas Sarkozy, Pascal Sevran, Patrick Bruel, Bernard Landry, Hélène Rollès, Patrick Poivre d'Arvor, Jean Charest.",fra,fra,"[16570.0, 4098.0, 3407.0, 62375.0, 15242.0, 6707.0, 34796.0, 7124.0, 5996.0, 22834.0, 6896.0, 18666.0, 8317.0, 12975.0, 11174.0]"
"Adrien Thério, « Un journaliste qui devient conteur et romancier : honoré Beaugrand père de Jeanne la Fileuse », Lettres québécoises : la revue de l'actualité littéraire, no 20, 1980-1981, p. 94-96.",fra,fra,"[8869.0, 3101.0, 1994.0, 32592.0, 8116.0, 4157.0, 18900.0, 4871.0, 3848.0, 13793.0, 4069.0, 10606.0, 5082.0, 7192.0, 6293.0]"
"La communauté de communes Les Vallons de La Tour est une ancienne communauté de communes française, située dans le département de l'Isère et la région Rhône-Alpes.",fra,fra,"[5412.0, 1661.0, 863.0, 19481.0, 4916.0, 2417.0, 11397.0, 2708.0, 2220.0, 7176.0, 2115.0, 6168.0, 3059.0, 4317.0, 3887.0]"
"Depuis plusieurs années, il sert de cantine au groupement scolaire des Perrières situé dans le parc avoisinant, et accueille également les activités d'associations pour le troisième âge.",fra,fra,"[4456.0, 1102.0, 967.0, 22893.0, 4781.0, 1445.0, 12692.0, 2039.0, 1488.0, 8263.0, 1987.0, 6960.0, 2461.0, 3621.0, 3283.0]"
"Adam Young avoue lui-même être très timide et introverti comme il l'a déjà écrit sur son blog et révélé dans diverses interviews (il est suspecté d'être atteint du syndrome d'Asperger). Malgré le succès, il habite toujours à Owatonna dans le Minnesota où il compose sa musique chez lui dans une cave aménagée en studio.",fra,fra,"[8894.0, 2414.0, 2039.0, 42006.0, 9459.0, 3373.0, 22993.0, 4126.0, 3143.0, 14348.0, 4360.0, 12407.0, 4789.0, 7068.0, 6224.0]"
"Selon la nature du poste et les critères d'embauche déterminés, le GRH doit, en accord avec le responsable opérationnel, déterminer si on utilisera le recrutement interne ou externe.",fra,fra,"[5016.0, 1162.0, 964.0, 24244.0, 5159.0, 1595.0, 13076.0, 2128.0, 1457.0, 8525.0, 2397.0, 7560.0, 2338.0, 3479.0, 3095.0]"
"Corps Etranger est une étude multidisciplinaire des représentations de femmes migrantes âgées dans leur société d’accueil au travers du langage corporel et parlé. Le projet tente de rendre compte de différentes perspectives (entre autres culturelles, sociales, politiques, biologiques et cultuelles) sur le vieillissement des femmes migrantes. Il porte sur la notion de socialisation corporelle. Salama Ortar définit deux grands champs de questionnement. Le premier champ touche à la codification du corps. L'artiste se concentre sur les institutions où le corps se voit inscrit et traduit en de nouveaux termes, notamment administratifs, médicaux, juridiques. Le deuxième champ touche à la narration du corps par les femmes elles-mêmes, c'est-à-dire la manière dont elles le mettent en mot au croisement de leur culture d’origine et de la culture du pays d’accueil. Corps étranger est un projet in-progress et multimédia (photos, interviews, installations sonores, objets, dessins, documents d’archive). La première phase a été réalisée dans le cadre d’une résidence à IMéRA (Institut d'études avancées d'Aix-Marseille, Exploratoire Méditerranéen de l’Interdisciplinarité) à Marseille in 2015, sur la base d’une série d'ateliers organisés en partenariat avec l’association bénévole AMPIL (une association qui propose des services sociaux, de santé et d’intégration sociale à travers le logement pour la population âgée venant de pays du bassin méditerranéen).",fra,fra,"[36324.0, 9492.0, 8038.0, 187621.0, 40170.0, 12355.0, 103210.0, 16166.0, 11368.0, 67963.0, 15947.0, 57629.0, 18806.0, 26693.0, 25234.0]"
"En 1991, la marque ajoute le circuit automobile d’Indianapolis à son palmarès et, en 1992, le championnat du monde, de Formule 1. Le chronométrage des courses de Formule 1 est contrôlé par un système de détection par satellite GPS assurant une précision au millionième de seconde[réf. nécessaire]. En 1995, TAG Heuer s’associe au skipper Chris Dickson pour participer à la coupe Louis Vuitton et atteindre les demi-finales.",fra,fra,"[13759.0, 3694.0, 2852.0, 57667.0, 13705.0, 4998.0, 32456.0, 6552.0, 5029.0, 21941.0, 6096.0, 19734.0, 6904.0, 10286.0, 9077.0]"
"Toujours selon l'auteur antique, la même année, l'armée romaine marche contre les Gaulois qui sont vaincus lors d'une bataille rangée, qui se déroule probablement dans l'Ager gallicus sur la côte adriatique. Polybe ne précise pas le nom du général commandant l'armée romaine. Il peut s'agir de Dentatus mais c'est peu probable, ce dernier ayant été envoyé contenir les Lucaniens qui s'agitent dans le sud de l'Italie. Il pourrait plus probablement s'agir du consul Dolabella qui, à la nouvelle de la mort des legati, a suspendu ses opérations contre les Étrusques pour affronter les Sénons. Selon cette version, les Sénons sont refoulés d'Étrurie et même chassés de leurs terres qui passent sous le contrôle des Romains. Ces derniers fondent la colonie Sena Gallia à cette occasion ou peu après,, alors que selon la tradition livienne, cette première colonie en terres gauloises a déjà été fondée quelques années plus tôt. Dentatus aurait reçu l'honneur d'une ovatio à son retour à Rome pour ses victoires. Toutefois, il paraît étrange que le commandement militaire puisse échoir, même temporairement, à un autre qu'un des deux consuls en exercice l'année de la défaite de Metellus en 283 av. J.-C. L'intervention providentielle de Dentatus permettant aux Romains de se remettre aussi rapidement d'un désastre militaire ne serait qu'une invention d'annalistes romains repris par Polybe. En outre, il s'agirait du premier préteur autorisé à célébrer une ovatio alors que cet honneur est jusqu'alors réservé aux consuls. Il est généralement admis que les préteurs ne gagnent ce droit qu'à partir de la première guerre punique.",fra,fra,"[48584.0, 12208.0, 9680.0, 215303.0, 48984.0, 16998.0, 127347.0, 21303.0, 15653.0, 76777.0, 23707.0, 65619.0, 22940.0, 36883.0, 31479.0]"
"le FC Lourdes a également dominé le championnat de France durant les années 1948-1968, avec huit titres remportés, dont six (avec un doublé et un triplé) de 1952 à 1960;",fra,fra,"[7354.0, 2343.0, 1620.0, 31087.0, 7294.0, 2969.0, 18323.0, 3926.0, 3025.0, 12034.0, 3253.0, 10254.0, 4084.0, 5866.0, 5240.0]"
"Il demeurera propriétaire de La Patrie jusqu’en 1897, alors qu'il est acheté par Israël Tarte, ministre dans le gouvernement libéral de Wilfrid Laurier.",fra,fra,"[5378.0, 1401.0, 1096.0, 21382.0, 5007.0, 2083.0, 12820.0, 2515.0, 1909.0, 7973.0, 2257.0, 6933.0, 2708.0, 4404.0, 3529.0]"
"En 1996, Noël Godin accepte de se rendre à Nantes en France avec deux complices à la demande d'un groupe de jeunes anarchistes qui préparent l'entartage des prêtres de la cathédrale Saint-Pierre. Comme se doutait Godin, une fois rendu à Nantes, le groupe souhaite qu'il participe à l'entartage. Le dimanche 8 septembre 1996, tout le groupe d'environ soixante-cinq personnes réussit à entrer dans la cathédrale avec des tartes pendant une messe. Au moment où l'un des officiants achève sa lecture de l'Évangile, une dizaine d'entarteurs se dirigent vers les religieux et réussissent à entarter deux d'entre eux. Dans le même temps, un second commando lance des préservatifs remplis d'eau dans les allées de la cathédrale et déploient des banderoles. Noël Godin réussit à s'enfuir en courant dans les rues avoisinantes, mais ses deux complices belges sont pris par la police ; ils seront relâchés quelques heures plus tard.",fra,fra,"[26199.0, 6769.0, 5810.0, 134446.0, 28746.0, 9418.0, 72992.0, 12316.0, 9012.0, 47776.0, 11266.0, 41384.0, 13569.0, 20795.0, 18039.0]"
"Simon Braillon, Michel Debré et l'Algérie (1945–1962). Un républicain dans la crise, mémoire de maîtrise d'histoire à l'Université Charles-de-Gaulle – Lille III sous la direction de Robert Vandenbussche, 2004",fra,fra,"[9326.0, 3051.0, 1934.0, 31083.0, 8576.0, 4093.0, 17653.0, 4585.0, 3809.0, 11586.0, 3835.0, 9474.0, 4932.0, 7159.0, 6469.0]"
"2014 : L'Annexion de l'Occitanie par Groland (Journal du FIFIGROT 2014), Carnets filmés de Gérard Courant - un membre du jury d'un festival de cinéma.",fra,fra,"[6460.0, 2242.0, 1449.0, 23689.0, 5851.0, 2816.0, 14212.0, 3497.0, 2754.0, 9404.0, 2728.0, 7893.0, 3687.0, 5023.0, 4486.0]"
"Ce n'est que sous Charles VII que vint l'appellation d'Île-de-France qui marquait bien encore l'exiguïté de cette « Petite France » dont le géographe Damien de Templeux disait en 1616, qu'elle comprenait les villes de Saint-Denis, Bonneuil, Roissy, Gonesse, Chenevières, Belloy, Cercelles (Sarcelles), Cevran (Sevran), Jaigny, Thieux, Le Tillay, Mitry, Fontenay et autres villages.",fra,fra,"[19564.0, 5070.0, 3291.0, 63864.0, 15820.0, 7517.0, 35276.0, 7689.0, 6870.0, 22929.0, 7698.0, 18865.0, 9352.0, 14527.0, 12789.0]"
"Aéroport Paris-Charles-de-Gaulle : D'une superficie totale de 3 500 ha dont 800 sur la commune est construit en réalité sur le territoire de six communes. Prévu pour accueillir trente-cinq millions de passagers par an à moyen terme (prévisions largement dépassées avec plus de cinquante-cinq millions de passagers en 2006), il fut mis en chantier en 1965. La première aérogare fut inaugurée en 1974 et la seconde en 1982. On doit à l'architecte Paul Andreu les deux principales aérogares ainsi que les gares RER et TGV. L'aéroport possède actuellement quatre pistes, deux d'envol et deux d'atterrissage. L'aéroport est desservi par le chemin de fer depuis 1976 et la ligne B du RER depuis 1979. C'est finalement le TGV qui est arrivé en dernier en 1994. Une desserte interne plus performante grâce à un métro automatique de type VAL, le CDGVAL, a été mise en service en avril 2007.",fra,fra,"[30200.0, 8179.0, 6423.0, 133012.0, 29391.0, 11042.0, 74432.0, 13345.0, 10284.0, 48222.0, 13417.0, 40217.0, 15653.0, 22422.0, 20524.0]"
"Honoré Beaugrand devait aussi y prononcer un discours, mais il est en fut empêché par la maladie. Une lettre est toutefois lue à la foule, dont Warren cite un extrait : « Bien que mes idées, à ce sujet [l’exécution de Riel], soient bien connues des lecteurs de La Patrie, je veux cependant joindre ma voix à celles de tous les patriotes qui se réunissent, sans distinction de partis politiques, pour protester, au nom de la justice et de l’humanité, contre l’attentat que Sir John et ses collègues ont commis pour se rendre au désir de quelques fanatiques. Il fallait à ces gens-là une large tache de sang pour essayer de couvrir les iniquités d’un gouvernement coupable.»",fra,fra,"[18440.0, 4695.0, 3882.0, 86731.0, 18458.0, 7239.0, 45920.0, 8358.0, 6164.0, 30811.0, 8173.0, 27004.0, 8824.0, 14626.0, 12257.0]"
"À l'image du Salary Cap en championnat anglais, la LNR adopte à partir de la saison 2010/2011 un mécanisme de plafonnement de la masse salariale. Pour chaque club, la masse salariale des joueurs ne peut dépasser la masse salariale maximale de la saison précédente majorée de 10 %, avec un plafond fixé à 8,1 millions d'euros. Cependant, à partir de la saison 2013-2014, le plafond du salary cap est relevé à 10 millions d'euros ; ce niveau est maintenu en 2015 pour trois saisons supplémentaires.",fra,fra,"[16311.0, 4716.0, 3663.0, 74612.0, 16667.0, 5762.0, 41394.0, 7670.0, 5748.0, 26413.0, 7213.0, 22622.0, 8756.0, 12228.0, 11305.0]"
"Après la naissance de son premier enfant, elle se sentit confortée dans son identité juive, entra dans la communauté juive de Berlin-Est et se maria en 1981 selon les rites juifs. En 1984 elle quitta la R.D.A. Dans son livre Roman von einem Kinde (le roman d'un enfant), elle parle d'un « triple saut de la mort sans filet : de l'est à l'ouest, d'Allemagne en France, et de l'assimilation au cœur du judaïsme de la Thora ». Depuis lors elle vit à Strasbourg avec son mari, Peter Honigmann, directeur des archives centrales de Heidelberg consacrées à la recherche sur l'histoire des Juifs en Allemagne. Elle a deux enfants, Johannes Honigmann (né en 1976) et Ruben Honigmann (né en 1983).",fra,fra,"[23577.0, 6496.0, 5177.0, 97235.0, 39742.0, 9258.0, 53189.0, 11506.0, 8762.0, 33148.0, 11877.0, 29094.0, 10916.0, 17848.0, 14771.0]"
"Le Stade toulousain met fin à la suprématie des Biterrois en remportant le bouclier de Brennus en 1985 pour la première fois depuis 1947, et redevient le club phare du rugby français avec quatre titres remportés de 1985 à 1994 inclus (il en gagne cinq autres ensuite de 1995 à 2001). Plusieurs joueurs cumulent six ou sept titres de champion de France, dont Hugues Miorin, Jérôme Cazalbou, Claude Portolan, Franck Belot et Christian Califano.",fra,fra,"[17676.0, 4781.0, 3671.0, 68906.0, 16589.0, 6956.0, 38990.0, 8007.0, 6812.0, 24920.0, 7390.0, 20705.0, 8982.0, 13829.0, 12176.0]"
"Ce sont de jolis insectes au corps généralement trapu, d'une livrée variant du blanc à ivoire à beige clair, aux élytres ornés de motifs vivement colorés ou de larges taches, parfois maculés de nombreux points et quelques macules. Leur pronotum est nettement plus large que long, fort bombé en sa partie centrale et au tégument finement ponctué. Leur scutellum est triangulaire et très réduit. Leurs élytres forment souvent un dôme, la pointe apicale quelque peu allongée et arrondie, la base presque cunéiforme.",fra,fra,"[16206.0, 3812.0, 3040.0, 73924.0, 16416.0, 5682.0, 40819.0, 7446.0, 4979.0, 27540.0, 7231.0, 22957.0, 8044.0, 11982.0, 10957.0]"
"Parmi ses autres films muets, mentionnons L'Aventure de Mary de Henry King (1918, avec Mary Miles Minter et Allan Forrest), Inconscience de Sam Wood (1922, avec Gloria Swanson et Stuart Holmes) et L'Épave vivante de Frank Capra et Irvin Willat (1928, avec Jack Holt et Dorothy Revier).",fra,fra,"[13529.0, 4300.0, 2925.0, 34559.0, 10267.0, 6131.0, 21210.0, 6266.0, 5453.0, 14625.0, 5305.0, 12078.0, 6823.0, 10156.0, 8853.0]"
"Les souvenirs du Concorde : À proximité immédiate de l'orangerie est exposé le train d'atterrissage d'un Concorde, offert à la commune par la compagnie aérienne Air France en 2004, à l'occasion de la cessation d'activité de l'avion supersonique. « Ce monument sera le témoin de l'amour des gens de Roissy pour l'aérien, mais aussi le témoin de l'amour des gens d'Air France pour leur port d'attache, Roissy. » a déclaré Pierre-Henri Gourgeon, directeur général exécutif d'Air France le jour de l'inauguration du monument, le 24 mai 2005. Un bloc de servocommande de l'appareil est également exposé en mairie.",fra,fra,"[18945.0, 5001.0, 4230.0, 91808.0, 19790.0, 6710.0, 49705.0, 8847.0, 6764.0, 31574.0, 8582.0, 26901.0, 10042.0, 14522.0, 13116.0]"
"Les clubs participants ont été éliminés en trente-deuxièmes de finale de la Coupe de France, à l'exception du Limoges FC et du SO Montpellier, éliminés au tour précédent.",fra,fra,"[5116.0, 1257.0, 960.0, 23043.0, 5121.0, 1846.0, 12604.0, 2266.0, 1808.0, 8183.0, 2159.0, 7154.0, 2588.0, 4058.0, 3520.0]"
"Les personnages de la comedia del arte sont extrêmement cultes et reviennent dans toutes les pièces.Certains personnages de la commedia dell’arte sont restés extrêmement célèbres et sont passés dans d’autres cultures théâtrales. Polichinelle est à l’origine du Punch anglais, du Chinelle de Binche (Wallonie), le Capitan se retrouve dans le Tengu japonais, Pedrolino est le frère jumeau du Pierrot français, on trouve également Arlequin dans l'Amante difficile d'Houdart de la Motte, et dans l'Île des esclaves de Marivaux, et dans les deux billets de Florian, qui donne une autre interprétation du masque noir d'Arlequin : ce serait un esclave évadé pris en pitié par des enfants de marchands de tissus, qui découvre notre monde européen avec des yeux de Candide.",fra,fra,"[23850.0, 5766.0, 5008.0, 101761.0, 23357.0, 8515.0, 62114.0, 10106.0, 7443.0, 39167.0, 10583.0, 34414.0, 11420.0, 17725.0, 15594.0]"
"Michel Debré est patriote au sens où il place au-dessus de tout son attachement à la « France éternelle », la Patrie, la Nation (il emploie les majuscules), dans une perspective très proche de celle de de Gaulle. Sa réflexion constitutionnelle vise à trouver le meilleur régime pour le peuple français, jusqu'à envisager, fût-ce rhétoriquement, l'hypothèse d'une restauration monarchique.",fra,fra,"[11119.0, 2593.0, 2382.0, 55749.0, 11815.0, 3891.0, 30641.0, 5130.0, 3699.0, 19723.0, 5276.0, 16598.0, 5370.0, 8597.0, 7390.0]"
"À l'horizon 2013, PGO annonce un nouveau partenariat avec le constructeur bavarois BMW. En effet, les relations avec l'ex-partenaire Peugeot étant devenues trop houleuses, il était plus que temps pour l'artisan automobile de trouver un nouveau partenaire.[réf. nécessaire] PSA et BMW répondent présent et proposent la livraison du quatre cylindres turbocompressé """"Prince"""" de la Mini Cooper S titrant 184 chevaux. Cette deuxième génération se distingue donc de l'ancienne par un nouveau moteur offrant des performances et une consommation plus actuelles. À l'extérieur, l'Hemera est modifiée également, on voit apparaître des prises d'air plus marquées ainsi que des spoilers avant/arrière plus dynamiques. Mais c'est à l'intérieur que se situe finalement le grand changement avec une atmosphère plus à même de revendiquer la filiation avec le moteur allemand. Nouveaux commodos, nouvelles selleries, politique d'équipements plus technologique. En conclusion, cette deuxième génération de PGO Hemera brille comme un petit coupé premium.",fra,fra,"[26319.0, 6990.0, 5761.0, 131365.0, 29898.0, 9030.0, 71641.0, 12099.0, 8931.0, 46748.0, 11940.0, 39339.0, 14277.0, 19946.0, 18973.0]"
"par l'examen de candidatures spontanées (reçues sous forme d'une lettre de motivation et d'un CV, par courrier ou par internet (on parle alors de « e-recrutement ») ;",fra,fra,"[6310.0, 1596.0, 1125.0, 27075.0, 6538.0, 2221.0, 15408.0, 2954.0, 2012.0, 10681.0, 2793.0, 9221.0, 3000.0, 4939.0, 3943.0]"
"Les professions intermédiaires sont très représentées à Roissy-en-France, totalisant 27,2 % des actifs (contre 25,6 % en moyenne régionale et 23,1 % en moyenne nationale). Mais ce sont les employés qui sont les plus présents, avec 42,7 % des habitants de la commune (contre 29,5 % en Île-de-France et 28,8 % en France). Les ouvriers sont estimés quant à eux à 20,5 % des actifs de la commune (16,5 % en région Île-de-France et 25,6 % en France). Les cadres et professions intellectuelles sont en revanche sous-représentés à Roissy-en-France avec un taux de 6,6 % (contre 13,1 % en moyenne en France et 22,8 % en moyenne régionale). Les agriculteurs sont eux tout simplement inexistants, malgré la présence de terres agricoles.",fra,fra,"[26858.0, 8844.0, 5558.0, 115846.0, 26931.0, 10629.0, 63960.0, 13907.0, 10654.0, 42028.0, 11960.0, 35636.0, 15282.0, 20155.0, 18847.0]"
"La première diffusion d'une finale du championnat de France à la télévision a eu lieu en 1957. Elle opposait le FC Lourdes au Racing club de France à Lyon. Ce n'était cependant pas la première fois qu'un match de rugby était retransmis à la télévision, car dans les années 1952-1953 la FFR avait passé un accord avec la Radiodiffusion Télévision Française pour la retransmission de matchs en direct dans la région parisienne. Il y avait cependant une condition: la retransmission ne devait pas être annoncée à l'avance afin de ne pas réduire le nombre de spectateurs se rendant au stade. La diffusion des matchs du Tournoi des Cinq Nations a débuté aussi en 1957.",fra,fra,"[18833.0, 4964.0, 4121.0, 92584.0, 19791.0, 6528.0, 51486.0, 8786.0, 6630.0, 32050.0, 9114.0, 28087.0, 9825.0, 14548.0, 12866.0]"
"Depuis plusieurs années de nombreuses chaînes étrangères manifestent leur intérêt pour diffuser les images du championnat français, pour la saison 2014-2015, le Top 14 est diffusé dans 190 pays. Ainsi à partir de l'année 2007 le Top 14 a bénéficié d'une exposition importante dans une quarantaine de pays par l'intermédiaire des chaines British Eurosport au Royaume-Uni et Eurosport 2 dans le reste de l'Europe. Ce contrat avec Eurosport a été renouvelé jusqu'à la saison 2011. La LNR semble désormais privilégier des droits négociés pays par pays, le Top 14 est par exemple diffusé sur les chaînes anglophones Sky Sports et Setanta Sports respectivement en Irlande et au Royaume-Uni, en Amérique du sud hispanophone les matchs sont diffusés sur ESPN Latin America, au Brésil c'est la chaîne BandSports qui détient les droits, la chaîne sportive brésilienne a même choisi de faire du Top 14 l'un de ses produits d'appel. En Amérique du Nord, Le Top 14 est télévisé aux Etats-Unis et au Canada via la chaîne ESPN.La chaîne Televisa Deportes Network détient les droits pour le Mexique et les pays d'Amérique centrale. En Nouvelle-Zélande, la compétition est visible sur Coliseum Sports qui en a fait un produit """"premium"""" aux côtés de la Premier League anglaise de football et du PGA Tour. Eurosport Asia, filiale du Groupe TF1, diffuse les droits en Asie du Sud-Est et en Australie. En juin 2016, la LNR a signé un contrat de plusieurs saisons avec le plus grand diffuseur de chaînes payantes japonais WOWOW, le pack comprend les deux ou trois plus belles affiches de chaque journée, les deux matchs de barrages, les demi-finales et la finale. Les premières images du Top 14 diffusées sur WOWOW seront celles des demi-finales 2016 du Roazhon Park de Rennes et la finale du Camp Nou de Barcelone. Enfin, la chaîne francophone TV5 Monde, troisième plus important réseau de télévisions mondial, a fait du Top 14 l'un de ses produits phares en termes de retransmissions sportives aux côtés du Tour de France, de la Ligue 1, de Roland Garros et de la Coupe d'Afrique des nations.",fra,fra,"[57370.0, 16226.0, 13091.0, 284293.0, 60111.0, 20910.0, 157574.0, 27087.0, 20646.0, 104127.0, 26082.0, 89686.0, 32236.0, 44970.0, 41899.0]"
"La programmation des matchs du championnat 2006-2007 est aménagée de façon à tenir compte du fait que les joueurs internationaux sont très sollicités avec, outre le Top 14, les matchs du Tournoi des six nations 2007, ceux de la Coupe d’Europe et la préparation de la Coupe du monde 2007 organisée par la France. Le championnat est interrompu pendant près de deux mois, entre le 27 janvier et le 23 mars 2007. La finale est remportée par le Stade français aux dépens de l'ASM Clermont Auvergne. Le championnat 2007-2008 est remporté par le Stade toulousain également aux dépens de l'ASM Clermont, les Toulousains gagnent ainsi un 17e titre de champion de France et Clermont échoue une nouvelle fois en finale.",fra,fra,"[22769.0, 6234.0, 4811.0, 103323.0, 22924.0, 8538.0, 58251.0, 10656.0, 8354.0, 36859.0, 10275.0, 31692.0, 12352.0, 17712.0, 16235.0]"
"En 1945, il va à Moscou où il fréquente une école anti-fasciste. De retour à Berlin en 1946, il devient professeur de peinture à l'Académie des Beaux-Arts de Dresde. En 1957, il publie son autobiographie, Zwischen Karneval und Aschermittwoch (« Entre le carnaval de mardi gras et mercredi des cendres»). Il reçoit le Prix Heinrich Mann en 1958, l'année de sa mort.",fra,fra,"[15824.0, 4595.0, 2956.0, 50469.0, 24072.0, 6399.0, 29859.0, 7346.0, 5833.0, 19951.0, 9487.0, 17627.0, 7113.0, 11496.0, 9434.0]"
"La troisième des Trois Gorges est celle de Xiling. Longue de soixante-six kilomètres, elle est composée d'une série de sept gorges et de deux rapides. Ces obstacles font d'elle est la plus dangereuse pour la navigation en raison des nombreux tourbillons. Elle est aussi entourée de pics, de rochers et de collines formant un paysage austère agrémenté de plusieurs monastères et de quelques villages.",fra,fra,"[9693.0, 6063.0, 2185.0, 51041.0, 10363.0, 3867.0, 27612.0, 5517.0, 4429.0, 18203.0, 4799.0, 16014.0, 6806.0, 8029.0, 8614.0]"
"Lors des débats sur la loi Veil de 1975, Michel Debré attaque le projet porté par la ministre de la Santé Simone Veil, y voyant « une monstrueuse erreur historique ».",fra,fra,"[5495.0, 1335.0, 1105.0, 22791.0, 5212.0, 1967.0, 12563.0, 2362.0, 1843.0, 8237.0, 2394.0, 7045.0, 2570.0, 4188.0, 3495.0]"
"Le Commerce transatlantique de librairie, un des fondements de la mondialisation culturelle (France-Portugal-Brésil, XVIIIe-XXe siècle) dir. Diana Cooper-Richet et Jean-Yves Mollier, Edusp, 2012.",fra,fra,"[8326.0, 2522.0, 1635.0, 30058.0, 7464.0, 3431.0, 18018.0, 3980.0, 3105.0, 13316.0, 3462.0, 10316.0, 4077.0, 6220.0, 5529.0]"
"Les pages offrant des services en plus de simples informations sont généralement générées à la demande par des logiciels propres au site web. Ces logiciels utilisent fréquemment les technologies PHP, ASP, JSP, CGI ou Perl et sont édités avec les logiciels appropriés.",fra,fra,"[5154.0, 1519.0, 1256.0, 28856.0, 6127.0, 2327.0, 15030.0, 2787.0, 1936.0, 10276.0, 2718.0, 9107.0, 3064.0, 4322.0, 3865.0]"
"En 1952, la France est à nouveau menacée d'être exclue du Tournoi, coupable selon les Britanniques de professionnalisme (recrutements, primes de match, intéressements). Pour éviter la sanction, la Fédération française promet d'abolir le championnat de France et fournit une liste de joueurs jugés coupables de professionnalisme, dont Jean Dauger, Robert Soro et Maurice Siman. L'exclusion du Tournoi est ainsi évitée et en fin de compte le championnat de France 1952-53 est maintenu à la suite de la pression exercée par la grande majorité des clubs français.",fra,fra,"[17261.0, 4256.0, 3610.0, 79032.0, 17476.0, 5857.0, 43597.0, 7325.0, 5713.0, 28907.0, 7368.0, 25486.0, 8344.0, 12948.0, 11238.0]"
"Elle accueille quelques services publics sur son territoire : une gendarmerie (rue Dorval), un bureau de poste (place du Pays de France), une Anpe (Zone de Fret no 4) et une centre de secours de sapeurs-pompiers. Le centre de sécurité sociale, l'accueil Assédic et la caisse d'allocations familiales sont situés à Gonesse ainsi qu'une autre agence Anpe.",fra,fra,"[11724.0, 2948.0, 2264.0, 52216.0, 11412.0, 3932.0, 28762.0, 4860.0, 3863.0, 18502.0, 4629.0, 15479.0, 6233.0, 8852.0, 8365.0]"
"De plus 5 primes ont lieu avant la finale, et chacun d'entre eux représente une décennie, avec un juge parrain qui est invité pour chacune des décennies, il cochera chaque candidats. Dominique Barret (Année70), Phil Barney (Année 80), Bernard Joron (Année 90), Alain Ramanisum (Année 2000), Meddy Gerville (Année 2010).",fra,fra,"[12098.0, 3906.0, 2554.0, 45504.0, 10935.0, 5245.0, 24999.0, 5813.0, 4922.0, 16441.0, 5071.0, 14319.0, 6725.0, 9351.0, 8428.0]"
"Les quelques textes écrits étaient parfois en vers et d'autres mêlaient improvisation, vers et prose au moins en France. En Italie, on trouve surtout des canevas, Carlo Gozzi commença à rédiger une partie de ses œuvres, mais une autre part était faite de lazzi gestuels, dont le célèbre lazzo de la mouche. Carlo Goldoni proposa une réforme du théâtre italien, qui impliquait plus de réalisme, et une écriture en prose souvent patoisante. Son Arlequin serviteur de deux maîtres l'inscrit dans l'histoire de la Commedia dell'arte, genre théâtral qu'il rejette par ailleurs. Les comédies se basaient sur des personnages bien reconnaissables et des caractères stéréotypés, avec une gestuelle riche, parfois emphatique, des dialogues souvent improvisés, mais qui pouvaient contenir des tirades apprises par cœur, faisant la satire de différentes conditions sociales et culturelles. Tous les acteurs, à l’exception du couple d’amoureux et des servantes, portaient le masque. Avec les mêmes masques très typés, chaque compagnie construisait des centaines de situations différentes.",fra,fra,"[28599.0, 6485.0, 6115.0, 141470.0, 29811.0, 8954.0, 89449.0, 12120.0, 8397.0, 53568.0, 12834.0, 45509.0, 13172.0, 21195.0, 18982.0]"
"En 1958, la compagnie présente son célèbre compteur de bord, le Rally-Master, composé d’une Master-Time (montre huit jours) et d’un Monte-Carlo (compteur de douze heures). L’année suivante, Hubert Heuer et son neveu Jack Heuer (fils de Charles-Edouard) fondent Heuer Time Corporation, une nouvelle succursale américaine basée à New York.",fra,fra,"[11470.0, 3219.0, 2442.0, 44661.0, 11992.0, 4305.0, 26210.0, 5360.0, 4026.0, 17695.0, 4741.0, 15908.0, 5471.0, 8457.0, 7193.0]"
"À la fin du XIXe siècle, il existait déjà des activités sportives : un cercle de tir à l'arc et un club de tir (le plus ancien club créé vers 1875).",fra,fra,"[5269.0, 1418.0, 1138.0, 25074.0, 5921.0, 1904.0, 14325.0, 2523.0, 1889.0, 9153.0, 2827.0, 7971.0, 2712.0, 4073.0, 3724.0]"
"Au second tour, les électeurs ont voté à 79,0 % pour Jacques Chirac contre 21,0 % pour Jean-Marie Le Pen avec un taux d’abstention de 19,1 %, résultat assez proche des tendances nationales (respectivement 82,21 % et 17,79 % ; abstention 20,29 %) avec cependant trois points supplémentaires pour Jean-Marie Le Pen.",fra,fra,"[13031.0, 4057.0, 2858.0, 49729.0, 12946.0, 5492.0, 28348.0, 6542.0, 4938.0, 18962.0, 5811.0, 15429.0, 6666.0, 9371.0, 8245.0]"
"La Chapelle-d'Abondance est une commune française située dans le Val d'Abondance du Chablais français, dans le département de la Haute-Savoie, en région Auvergne-Rhône-Alpes.",fra,fra,"[7453.0, 2430.0, 1207.0, 24842.0, 6794.0, 3561.0, 14619.0, 3720.0, 3129.0, 8978.0, 2867.0, 7333.0, 4216.0, 5908.0, 5274.0]"
"Le 17 janvier 1987, Noël Godin et sa bande décident d'entarter le chanteur Michel Sardou. Ce dernier, souffrant, décide d'annuler le récital prévu ; Godin décidera donc d'entarter à la place le ministre belge des Affaires sociales, de la Formation et du Tourisme Édouard Poullet. Ce dernier doit inaugurer le Théâtre du Résidence Palace de Bruxelles. L'entartage est réussi. L'incident a une grande ampleur médiatique ; la plupart des journaux belges mettent l'incident en première page.",fra,fra,"[15953.0, 3852.0, 3162.0, 69481.0, 16312.0, 5717.0, 38526.0, 6879.0, 5395.0, 24948.0, 6520.0, 21115.0, 7827.0, 12396.0, 10634.0]"
"Il fait les campagnes de 1792 à l’an VII, aux armées du Nord, de Sambre-et-Meuse, du Rhin, d’Angleterre et du Danube. Le 18 mars 1793, à la bataille de Neerwinden, son bataillon résiste avec avantage à un corps de cavalerie très nombreux, et le 11 juin 1794, à l’affaire de Courtrai, à la tête d’une compagnie de grenadiers, il attaque vivement l’ennemi et lui enlève une pièce de canon.",fra,fra,"[17250.0, 5080.0, 3219.0, 66787.0, 17840.0, 6822.0, 37981.0, 7578.0, 6194.0, 24719.0, 8070.0, 20335.0, 8482.0, 13340.0, 11724.0]"
"En 1938 et 1939, elle participe à l’organisation du pavillon libanais de l’Exposition mondiale de New-York et édite des aquarelles de Georges Cyr représentant les costumes traditionnels libanais.",fra,fra,"[6527.0, 1819.0, 1320.0, 25014.0, 6522.0, 2438.0, 14437.0, 2962.0, 2201.0, 10843.0, 2919.0, 9384.0, 3256.0, 4861.0, 4198.0]"
"Le groupe Canal+ a conservé les droits de retransmission de 2007 à 2011 pour un coût d'un peu plus de 100 millions d'euros, soit entre 24 et 29 millions d'euros par saison. Toutes les rencontres du Top 14 sont retransmises, soit 185 à 187 matchs par saison, cela permet d'avoir recours à l'arbitrage vidéo lors de chaque rencontre. À partir de la saison 2011-2012, le contrat permet à la Ligue nationale de rugby de recevoir 31,7 millions d'euros annuels (dont 4,5 millions de part variable) de la part de Canal +. En décembre 2013, la Ligue dénonce le contrat qui la liait à Canal + jusqu'en 2015-2016 pour lancer un nouvel appel d'offre. Après un recours du groupe de télévision devant les tribunaux, les deux parties se mettent sur un accord permettant à Canal + d'obtenir les droits jusqu'en 2018-2019 pour un total 355 millions d'euros, soit environ 71 millions par saison.",fra,fra,"[29494.0, 8677.0, 6680.0, 143967.0, 30933.0, 10773.0, 82215.0, 14477.0, 10780.0, 52856.0, 13751.0, 45244.0, 16224.0, 23091.0, 20878.0]"
"- La norme de construction : qui définit les encombrements, la taille des brides éventuelles. Les normes usuelles sont la norme ISO, DIN ou ANSI",fra,fra,"[4587.0, 1364.0, 821.0, 19148.0, 4389.0, 1658.0, 10962.0, 2066.0, 1589.0, 7162.0, 2064.0, 6318.0, 2343.0, 3345.0, 2995.0]"
"Quant à l’élection présidentielle de 2012, le premier tour a vu arriver en tête, comme en 2007 Nicolas Sarkozy avec 27,14 %, suivi de très près par Marine Le Pen avec 26,83 %, soit 4 voix de moins que le président sortant (338 et 342 respectivement), François Hollande recueille 24,29 % (306). Il est suivi de très loin par Jean-Luc Mélenchon avec 10,08 % et de François Bayrou avec 7,46 %. Les autres candidat ne dépassant pas le seuil des 1,5 %.",fra,fra,"[18203.0, 5691.0, 4084.0, 72475.0, 18261.0, 8090.0, 42005.0, 9419.0, 7037.0, 27138.0, 8587.0, 23083.0, 9384.0, 13947.0, 11627.0]"
"Noël Godin décida d'entarter le rappeur Doc Gynéco après que ce dernier a dit à Michel Polac lors d'une entrevue qu'il « n'avait pas de leçons à recevoir d'un malade au stade terminal », mais aussi parce que Gynéco est un soutien de Nicolas Sarkozy. En août 2007, Noël Godin est reçu à l'émission Village Départ diffusée en direct sur France 3 ; Doc Gynéco est aussi invité. Au moment où Godin prend sa place, des complices lancent quatre tartes à la figure de Doc Gynéco pendant que Godin s'exclame : « Entartons, entartons les sarkochiants couillons ! ». Des témoins rapportent que Gynéco, beau joueur en direct, fut très en colère dans les coulisses,,.",fra,fra,"[21763.0, 5304.0, 4791.0, 104823.0, 22487.0, 8142.0, 56968.0, 9955.0, 7511.0, 38586.0, 9288.0, 31868.0, 11078.0, 17534.0, 14572.0]"
"Le SU Agen présente également un bon bilan avec trois titres de champion en 1976, 1982 et 1988, ainsi que trois places de finaliste en 1984,1986 et 1990.",fra,fra,"[6998.0, 2373.0, 1732.0, 28191.0, 6897.0, 2988.0, 17837.0, 3850.0, 3063.0, 11317.0, 3230.0, 9350.0, 3997.0, 5586.0, 4973.0]"
"Le travail d'Ilana Salama Ortar se trouve dans les collections publiques de (sélection) : Musée d'Israël à Jérusalem, Musée d'Art Moderne de Haïfa (en), Musée d'Art de Tel Aviv, Musée d'Art de Yad Vashem, Metropolitan Museum of Art à New York, Musée Guggenheim, Brooklyn Museum of Art, Philadelphia Museum of Art, Musée des beaux-arts de Houston, Stedelijk Museum à Amsterdam, le FNAC (Fonds National d'Art Contemporain) à Paris, le FRAC (Fonds Régional d'Art Contemporain) Poitou-Charentes et le FRAC-PACA (Provence-Alpes-Côte-d’Azur).",fra,fra,"[21886.0, 6672.0, 4318.0, 72822.0, 22105.0, 9383.0, 41065.0, 10369.0, 8920.0, 26746.0, 9373.0, 22535.0, 12262.0, 16591.0, 15295.0]"
"Un difféomorphisme local (en) est une application f : M → N d'une variété dans une autre telle que pour tout point m de M, il existe un voisinage ouvert U de m dans M tel que f(U) soit ouvert dans N et que la restriction de f, de U sur f(U), soit un difféomorphisme.",fra,fra,"[10371.0, 3821.0, 1837.0, 40743.0, 9720.0, 4296.0, 21715.0, 5767.0, 4259.0, 14329.0, 4522.0, 12630.0, 5393.0, 7817.0, 6551.0]"
"Église Saint-Éloi, avenue Charles-de-Gaulle (classée monument historique par arrêté du 13 octobre 1942) : L'édifice du XVIe siècle est dédiée à l'évêque de Noyon et conseiller du roi Dagobert, mort en 659. Construite vers 1560, c'est Jean Jacques de Mesmes, seigneur du village qui en est le commanditaire. Véritable joyau de la renaissance, elle serait l'œuvre de Nicolas de Saint Michel. Elle remplace un édifice antérieur probablement du XIIe siècle, lui-même construit à l'emplacement d'un précédent sanctuaire mérovingien ou carolingien, découverte attestée par la mise au jour de fondations de ce qui n'était probablement alors qu'une chapelle du château seigneurial. La nef est flanquée de collatéraux, terminée par un chœur Renaissance en hémicycle, éclairé par trois grandes fenêtres, le tout édifié à la fin du XVIe siècle comme l'atteste la date de 1574, inscrite sur un pilier extérieur. La décoration intérieure « à l'Antique » est particulièrement élégante. Une tour carrée au-dessus de la porte d'entrée est appuyée de contreforts aux angles,,. En 1982, les vitraux de l'église furent restaurés, puis en mars 1989, l'église fut dotée d'un orgue, acquis par la municipalité. L'édifice renferme un intéressant mobilier, constitué de statues anciennes et de dalles funéraires des XVIe et XVIIe siècles.",fra,fra,"[43986.0, 11522.0, 8887.0, 202339.0, 43285.0, 15755.0, 111892.0, 19976.0, 15490.0, 71063.0, 19145.0, 59829.0, 22835.0, 34842.0, 31391.0]"
"Lorsque la variété est compacte, la topologie forte sur le groupe des difféomorphismes coïncide avec la faible. Lorsqu'elle ne l'est pas, la forte rend compte du comportement « à l'infini » des fonctions et n'est plus métrisable, mais elle est encore de Baire.",fra,fra,"[8338.0, 2405.0, 1560.0, 38177.0, 8655.0, 3214.0, 19925.0, 4067.0, 2843.0, 12385.0, 4307.0, 10952.0, 4166.0, 6315.0, 5562.0]"
"Les principaux investissements en 2007 se montaient à environ 6 millions d'euros et se répartissaient pour l'essentiel entre : 746 000 € destinés au réaménagement complet de l'esplanade de l'église et au déplacement du monument aux morts, 615 000 € pour l'extension du dojo, 500 000 € en vue de l'acquisition de terrains pour la création d'un golf public, 385 000 € pour l'acquisition des terrains pour de futurs jardins communaux, 300 000 € pour la remise en état du bassin de retenue des eaux pluviales, 187 000 € consacrés à l'amélioration des écoles ou encore 169 000 € consacrés à l'entretien des espaces verts.",fra,fra,"[22817.0, 6282.0, 4950.0, 104590.0, 24386.0, 7768.0, 60753.0, 10624.0, 8029.0, 39386.0, 10396.0, 33644.0, 11856.0, 16847.0, 15452.0]"
"Au début des années 1960, Jack Heuer conclut un accord avec Dubois Dépraz, Hamilton-Buren et Breitling pour créer un mouvement de chronographe automatique. Afin de garder le secret, un nom de code lui est donné : « 99 ». Le nouveau Chronomatic Calibre 11 est lancé en 1969. Premier mouvement chronographe automatique avec micro-rotor, il équipera la Heuer Carrera et l'Autavia, mais aussi la Monaco. Ce chronographe automatique original, doté d’un boîtier carré étanche, entrera dans la légende au poignet de Steve McQueen dans le film Le Mans, tourné en 1970.",fra,fra,"[18440.0, 5492.0, 4043.0, 74594.0, 20662.0, 7277.0, 41778.0, 8602.0, 6900.0, 26176.0, 8776.0, 22538.0, 9500.0, 13913.0, 12680.0]"
"Le taux de Roisséens ayant suivi des études supérieures, avec 19,2 %, est conforme à la moyenne nationale (18,1 %) mais nettement inférieur à la moyenne régionale (28,1 %).",fra,fra,"[5849.0, 1843.0, 1133.0, 24419.0, 6145.0, 2330.0, 14401.0, 3115.0, 2251.0, 9518.0, 2733.0, 8113.0, 3144.0, 4402.0, 3947.0]"
"Vestiges du château des Caramans, parc de la Mairie, allée du Verger (inscrits monument historique par arrêté du 21 octobre 1925) : Du château de style classique détruit en 1794 dans le contexte de la Révolution, ne demeurent que le mur oriental et la porte sud de l'orangerie, au milieu de la façade sud dont les murs ne subsistent qu'à mi-hauteur. Autrefois couverts d'enduit, les moellons irréguliers affleurent aujourd'hui la surface. Des vestiges de pilastres en pierre appareillée ayant scandés la façade restent toutefois visibles. La porte possède un arc plein cintre, retombant de part et autre sur de courts bandeaux plats, et décoré simplement d'une moulure plate doublée. Quant au mur-pignon oriental de l'orangerie, il est précédé par un avant-corps en légère saillie cantonné de faux chaînages en bossage, prenant presque toute la largeur de la façade. Les mêmes bossages se répètent sur les extrémités de la façade à gauche et à droite du corps central. Ce dernier est surmonté par un fronton triangulaire, dont le tympan arbore un bas-relief représente des figures féminines entourant un vase de fleurs et de fruits. En dessous, le larmier au-dessus de l'entablement de l'unique fenêtre supporte un autre bas-relief, avec deux chérubins symétriques tenant des grappes de raisin autour d'une conque au milieu. La clé de voûte de l'arc en anse de panier est orné d'une griffe, et des feuilles de vigne sont visibles à gauche et à droite. Ce décor sculptural datant de 1703/09 est attribué à René Chauveau (1663-1722), alors que les plans du château ont vraisemblablement été dessinés par un disciple de Jules Hardouin-Mansart. Reste à mentionner un bas-relief ayant jadis orné le pignon ouest, et aujourd'hui conservé dans une propriété privée, rue de Paris. Il représente des armes attribuées par erreur à Claude de Mesmes, ancien ambassadeur de France de Louis XIV,,. Elles se blasonnent ainsi :« D'or au croissant montant de sable ».",fra,fra,"[63623.0, 16380.0, 12101.0, 289383.0, 63683.0, 22196.0, 160243.0, 27743.0, 21154.0, 102552.0, 27464.0, 87618.0, 31633.0, 49105.0, 44381.0]"
La principauté de Mempawah était vassale du sultanat de Pontianak. Le prince actuel s'est porté en 2003 candidat à la fonction de préfet mais s'est ensuite retiré par manque de soutien.,fra,fra,"[7387.0, 2091.0, 1320.0, 25565.0, 6512.0, 3383.0, 14818.0, 3166.0, 2718.0, 10200.0, 3037.0, 9003.0, 5453.0, 5786.0, 5592.0]"
"Le château a probablement été agrandi à la fin du XVIIIe siècle, à partir d'un important bâtiment central rectangulaire dont la façade sud, de 34 mètres de long, est flanquée de deux tours carrées à toits en pavillon, plus élevées d'un niveau éclairé par des oculus, et auxquelles s'appuient des pavillons à un étage formant ailes en retour d'équerre sur les façades latérales. Cette façade sud est couronnée d'un grand fronton plus haut que la toiture à deux versants dont il dissimule le pignon. Une tour carrée se détache au centre de la façade nord, qu'une aile prolonge vers l'est.",fra,fra,"[18366.0, 4628.0, 3421.0, 88028.0, 19187.0, 6550.0, 50096.0, 8105.0, 6085.0, 31757.0, 8313.0, 27457.0, 8957.0, 14201.0, 12669.0]"
L’histoire porte sur un jeune sculpteur (Paul Newman) qui cisèle un calice d’argent destiné à recevoir la coupe où Jésus but le soir de la Cène.,fra,fra,"[4794.0, 1285.0, 987.0, 21023.0, 4406.0, 1862.0, 12618.0, 2321.0, 1687.0, 7657.0, 2117.0, 6486.0, 2360.0, 3706.0, 3209.0]"
(en) Cet article est partiellement ou en totalité issu de l’article de Wikipédia en anglais intitulé « Hans Grundig » (voir la liste des auteurs).,fra,fra,"[6357.0, 2612.0, 959.0, 15910.0, 6400.0, 3580.0, 9718.0, 3858.0, 3218.0, 6735.0, 3072.0, 5594.0, 3525.0, 5373.0, 4090.0]"
"La possibilité s'offre à lui de faire carrière dans la milice canadienne. Un choix qu'il connaît bien, plusieurs des membres de sa famille en ayant fait partie. Il s'inscrit fin juin ou au début juillet 1865 à l’École militaire de Montréal. Admis comme simple soldat, il en sortira le 12 août 1865 avec un certificat lui permettant de commander un bataillon. Il sera intégré à une compagnie du 65e régiment, les Chasseurs canadiens, le seul corps militaire francophone à Montréal. Les lacunes de la troupe militaire sur le plan de l'organisation, le sentiment anti-francophonie qui y règne ainsi que l'absence de défi exaltant, le lassent assez rapidement. Car il se cherche avant tout « un champ de bataille ».",fra,fra,"[19020.0, 4819.0, 4154.0, 97452.0, 19540.0, 6584.0, 51761.0, 8819.0, 6224.0, 34345.0, 8664.0, 29502.0, 9479.0, 14579.0, 12972.0]"
La saison 1990-91 introduit une formule éphémère avec 80 clubs répartis en vingt poules de quatre dont sortent 40 clubs répartis dans cinq poules de huit.,fra,fra,"[5810.0, 1672.0, 1188.0, 25221.0, 5920.0, 2270.0, 14544.0, 2967.0, 2203.0, 9548.0, 2687.0, 8155.0, 3041.0, 4587.0, 3868.0]"
"Certains clubs n'ont jamais remporté le championnat de France (avec date de la dernière finale perdue si il y a lieu) : le FC Auch, le Stade aurillacois, le Stade bagnérais (1981), le CS Bourgoin-Jallieu (1997), l'US bressane, le CA Brive (1996), l'US Carcassonne, l'US Cognac (1954), l'US Colomiers, l'US Dax (1973), l’International Athletic Club (1894), le FC Lézignan (1929), le SC Mazamet (1958), le Nice UR (1983), l'US Oyonnax, le Stade rochelais ou le SCUF (1913).",fra,fra,"[25838.0, 8201.0, 5148.0, 88091.0, 23205.0, 10850.0, 51728.0, 12498.0, 10955.0, 32762.0, 10129.0, 26982.0, 14350.0, 20658.0, 17942.0]"
"Au cours de la Seconde Guerre mondiale, Bonnières subit de lourds bombardements alliés en raison des rampes de lancement que les Allemands avaient construit aux abords du village pour leurs missiles V1. Aucun V1 ne fut pourtant jamais lancé depuis Bonnières.",fra,fra,"[7154.0, 1792.0, 1425.0, 31776.0, 7738.0, 2533.0, 16940.0, 3147.0, 2303.0, 11203.0, 3158.0, 9594.0, 3471.0, 5407.0, 4642.0]"
"L’année suivante, Jack Heuer introduit le Microtimer, premier instrument de chronométrage électronique miniaturisé, doté d’une précision au 1/1 000e de seconde,. Heuer devient par ailleurs le fournisseur officiel de chronographes de l’équipe de l'Intrepid, qui gagne la Coupe de l'America en 1967.",fra,fra,"[10505.0, 3143.0, 2174.0, 38418.0, 11289.0, 4021.0, 22916.0, 4917.0, 3785.0, 14563.0, 4815.0, 12343.0, 5331.0, 7852.0, 7054.0]"
"entre le XIVe siècle et le XVIIIe siècle : un château est édifié, vraisemblablement par l'une des nombreuses familles juives installées dans la région",fra,fra,"[4274.0, 1135.0, 886.0, 21687.0, 4669.0, 1548.0, 12234.0, 2135.0, 1516.0, 8008.0, 2033.0, 6784.0, 2114.0, 3506.0, 2909.0]"
"« CAPTAIN CATHOLICA ou l'abbé Bethléem, super-croisé de la morale littéraire », émission Mauvais genre, France Culture, 29 mars 2014 (à écouter et/ou télécharger)",fra,fra,"[6181.0, 1834.0, 1423.0, 23578.0, 5930.0, 2630.0, 14686.0, 3371.0, 2488.0, 10295.0, 2908.0, 8112.0, 3270.0, 4990.0, 4107.0]"
"Il reprend du service le 3 août 1792, en tant que capitaine au 7e bataillon de volontaires de l’Ain, et il passe le 21 septembre suivant lieutenant-colonel commandant le 21e bataillon de réserve, qui deviendra le 16e régiment d’infanterie de ligne en 1803.",fra,fra,"[10309.0, 3060.0, 1907.0, 42669.0, 10300.0, 3920.0, 24879.0, 4795.0, 3721.0, 15798.0, 4818.0, 13103.0, 5156.0, 8206.0, 7226.0]"
"Le yarn bombing ou tricot-graffiti ou encore tricot urbain ou tricotag (appelé aussi knit graffiti, knitted graffiti ou yarnstorm en anglais) est une forme d'art urbain ou de graffiti qui utilise le tricot, le crochet, ou d'autres techniques (enroulements, tissages, tapisserie, accrochages....) utilisant du fil.",fra,fra,"[8745.0, 2457.0, 2072.0, 41064.0, 9427.0, 3206.0, 22781.0, 4188.0, 3072.0, 16117.0, 3846.0, 12597.0, 4522.0, 6890.0, 5910.0]"
"Pour la troisième année consécutive, un club de deuxième division remporte la Coupe Drago. Une nouvelle fois (la troisième), c'est le FC Sochaux-Montbéliard qui s'impose, comme en 1953 et en 1963. En revanche, c'est la première fois que la finale oppose deux équipes de deuxième division, chacune d'entre elles ayant éliminé un club de première division en demi-finale. Face au tenant du titre, c'est l'inattendue US Forbach qui se hisse jusqu'en finale, alors que l'équipe se traîne dans les profondeurs de la deuxième division.",fra,fra,"[17503.0, 4454.0, 3538.0, 80023.0, 17750.0, 6280.0, 44097.0, 7839.0, 6346.0, 27835.0, 7820.0, 23916.0, 8744.0, 13746.0, 11711.0]"
"La 21e cérémonie des Film Critics Circle of Australia Awards (FCCA Awards), décernés par la Film Critics Circle of Australia, a eu lieu le 19 mars 2013 et a récompensé les meilleurs films réalisés l'année précédente,.",fra,fra,"[8273.0, 2852.0, 1780.0, 26072.0, 6661.0, 3710.0, 16045.0, 4245.0, 3600.0, 10691.0, 3394.0, 9542.0, 4465.0, 6244.0, 5512.0]"
"Le recrutement externe est employé lorsque l'entreprise désire embaucher des individus qui ne travaillent pas dans l'organisation. Cette méthode apporte plusieurs avantages, tels l'accès à un réseau de candidats plus diversifié que l'on ne trouve pas toujours à l'intérieur de l'entreprise. Par ailleurs, recruter à l'extérieur apporte de nouvelles idées, de nouvelles techniques, bref un nouveau sens de créativité dans l'entreprise. Enfin, par comparaison avec le recrutement interne, on peut s'attendre à une diminution de la friction entre les employés qui ne sont plus en compétition pour le poste offert. La méthode peut aussi impliquer une réduction des frais de formation, puisque le candidat sélectionné aura déjà les qualifications requises à l'emploi.",fra,fra,"[16585.0, 4274.0, 3525.0, 90386.0, 17382.0, 5948.0, 46853.0, 7420.0, 5039.0, 31702.0, 7269.0, 27093.0, 8858.0, 12029.0, 11455.0]"
"Pendant la deuxième moitié des années 1950, elle est rédactrice, puis directrice de publication du magazine Argosy où paraissent ses premières nouvelles policières. Elle continue d'en écrire pendant la décennie suivante, et se forge une réputation de nouvelliste.",fra,fra,"[7015.0, 1747.0, 1506.0, 33584.0, 7255.0, 2445.0, 18713.0, 3351.0, 2457.0, 12180.0, 3242.0, 10678.0, 3496.0, 5398.0, 4691.0]"
"Le centre culturel de la commune, baptisé « L'Orangerie » et inauguré en octobre 1996, comprend la bibliothèque municipale (d'une surface de 110 m² de plain pied), l'école de musique (une dizaine de salles), l'école de danse (deux studios) et une salle de spectacle constituant un vaste espace modulaire de 416 places avec gradins mobiles. Une galerie d'exposition en mezzanine présente en outre des créations artistiques. Les accès au centre culturel sont adaptés aux handicapés.",fra,fra,"[13670.0, 3425.0, 2843.0, 66710.0, 14881.0, 4363.0, 38518.0, 6145.0, 4497.0, 24073.0, 5812.0, 20712.0, 7191.0, 10209.0, 9932.0]"
"Les méthodes de sélection examinées peuvent également être utilisée pour se créer une liste de candidats qualifiés pouvant répondre à une offre d'emploi future. Ainsi, des entreprises peuvent utiliser les méthodes de recrutement externes pour générer des candidatures spontanées qui serviront ensuite pour les besoins futurs de l'entreprise.",fra,fra,"[6455.0, 1841.0, 1430.0, 33841.0, 7021.0, 2427.0, 17198.0, 3060.0, 2111.0, 11610.0, 3413.0, 10329.0, 3364.0, 4720.0, 4531.0]"
"Les Gaulois, rejoints par des rebelles étrusques, infligent une lourde défaite aux Romains, mettant en déroute une armée romaine de 13 000 hommes, tuant Metellus et sept tribuns militaires,. Cette défaite est la plus lourde subie par les Romains depuis la bataille de l'Allia en 390 av. J.-C. La ville d'Arretium est brièvement occupée par les Gaulois avant d'être reconquise par les Romains durant leur contre-offensive.",fra,fra,"[15137.0, 4189.0, 2954.0, 61900.0, 14952.0, 5733.0, 35944.0, 6943.0, 5255.0, 22482.0, 6730.0, 19509.0, 7513.0, 11349.0, 9918.0]"
"Le fichier BALSAC est développé depuis 40 ans à l’Université du Québec à Chicoutimi, en partenariat avec l’Université Laval, l’Université McGill et l’Université de Montréal. Les données proviennent de l’état civil. Elles rendent possible une utilisation exploitation pdans plusieurs champs disciplinaires tels que la génétique humaine, la démographie, la géographie, la sociologie et l’histoire. La première phase de construction du fichier fut consacrée à la population de la région du Saguenay-Lac-St-Jean. Environ 660 000 actes de baptême, de mariage et de sépulture enregistrés dans cette région de 1838 à 1971 ont été saisis et jumelés (Bouchard 2008). Le fichier BALSAC fut par la suite progressivement étendu à l’ensemble du territoire québécois, pour les XIXe et XXe siècles, en restreignant la saisie et le jumelage des données aux actes de mariage seulement, sauf pour quelques régions pour lesquelles les actes de baptême et de sépulture étaient déjà informatisés (Charlevoix et les Iles-de-la-Madeleine en partie). En 2016, la saisie et le jumelage de presque tous les actes de mariage de confession catholique du Québec de 1800 à 1940 (soit environ 1,25 million d’actes) est complétée.",fra,fra,"[35936.0, 10206.0, 7954.0, 171996.0, 34638.0, 13309.0, 90406.0, 16863.0, 12117.0, 63595.0, 15445.0, 52629.0, 19771.0, 26943.0, 25719.0]"
"Le mouvement est né en 2005 lorsque Magda Sayeg a eu l'idée de recouvrir la poignée de la porte de sa boutique de laine à Houston, aux États-Unis.",fra,fra,"[5066.0, 1397.0, 1060.0, 21421.0, 4771.0, 2067.0, 12457.0, 2289.0, 1744.0, 8384.0, 2293.0, 7151.0, 2553.0, 3889.0, 3240.0]"
"L'évolution du nombre d'habitants est connue à travers les recensements de la population effectués dans la commune depuis 1793. À partir de 2006, les populations légales des communes sont publiées annuellement par l'Insee. Le recensement repose désormais sur une collecte d'information annuelle, concernant successivement tous les territoires communaux au cours d'une période de cinq ans. Pour les communes de moins de 10 000 habitants, une enquête de recensement portant sur toute la population est réalisée tous les cinq ans, les populations légales des années intermédiaires étant quant à elles estimées par interpolation ou extrapolation. Pour la commune, le premier recensement exhaustif entrant dans le cadre du nouveau dispositif a été réalisé en 2007.",fra,fra,"[33291.0, 11451.0, 3889.0, 90865.0, 28162.0, 18443.0, 55501.0, 17589.0, 15174.0, 37430.0, 16112.0, 31461.0, 19843.0, 25642.0, 22992.0]"
"5 à 10 % des enfants ont une atteinte bilatérale des reins ou avec des métastases. L'âge moyen du diagnostic est compris entre 42 et 47 mois (3 à 4 ans) en cas de tumeur unilatérale et 30 et 33 mois (2 à 3 ans) en cas de tumeur bilatérale. S'il existe des formes à début intra-utérins, cette pathologie devient très rare après l'âge de 8 ans.",fra,fra,"[13732.0, 4257.0, 2659.0, 59980.0, 15269.0, 5799.0, 33383.0, 7051.0, 5202.0, 22584.0, 6287.0, 18780.0, 7352.0, 10285.0, 9461.0]"
"Après des débuts dès l'enfance au théâtre au sein de troupes itinérantes, Clarence Burton contribue au cinéma à cent-soixante-cinq films américains (principalement muets), les dix-huit premiers étant des courts métrages sortis en 1913 — dont Le Loup-garou d'Henry MacRae, avec Phyllis Gordon et Lule Warrenton.",fra,fra,"[10456.0, 2923.0, 2246.0, 43625.0, 10214.0, 4183.0, 24122.0, 4956.0, 3822.0, 16337.0, 4411.0, 13692.0, 5505.0, 8099.0, 7447.0]"
"La commune est située dans un fond alluvial de petite vallée, qui est d'intérêt pour la trame verte et bleue. Dans le cadre des projets de la commune en 2012 au hameau de Beauvoir, la peupleraie devrait être transformée en corridor biologique dans le cadre de la Trame verte et bleue communale et régionale. « Une action qui - c'est en tous cas l'espoir du conseil municipal - devrait permettre d'éviter la disparition de milliers d'espèces animales et végétales » ;",fra,fra,"[12950.0, 3081.0, 2737.0, 64954.0, 13621.0, 4125.0, 36727.0, 5685.0, 3999.0, 22824.0, 5520.0, 19669.0, 6427.0, 9561.0, 8909.0]"
"Noël Godin et ses amis entartent à nouveau Bernard-Henri Lévy en octobre 1988 (lancement de son nouveau livre à la librairie Chapitre XII de Bruxelles), en avril 1991 (université libre de Bruxelles).",fra,fra,"[7114.0, 1911.0, 1520.0, 28434.0, 6932.0, 2800.0, 15773.0, 3191.0, 2479.0, 10537.0, 2969.0, 8793.0, 3584.0, 5533.0, 4671.0]"
"les zannis (valets du petit peuple) : Arlequin (personne joyeuse, bon vivant), Scaramouche (le versant méchant d’Arlequin, et parfois un petit capitan bagarreur, Mezzetin l'une des sources de Mascarille chez Molière fripon, intrigant, maître en fourberies), Brighella (l’aubergiste) dont l'équivalent chez Molière est Scapin, Pagliaccio (le souffre-douleur)…",fra,fra,"[14803.0, 3581.0, 3022.0, 58334.0, 13423.0, 4930.0, 35906.0, 6210.0, 4697.0, 22283.0, 5999.0, 18577.0, 6858.0, 10901.0, 9288.0]"
"En 2015, la commune comptait 886 habitants, en augmentation de 5,48 % par rapport à 2010 (Haute-Savoie : +7,9 %, France hors Mayotte : +2,44 %).",fra,fra,"[10599.0, 3750.0, 1547.0, 27841.0, 8686.0, 4766.0, 18018.0, 5283.0, 4321.0, 12597.0, 4238.0, 11340.0, 5600.0, 7636.0, 6731.0]"
"La commune est sectorisée sur le collège François-Mauriac, rue de Paris à Louvres, situé à 4 kilomètres au nord-ouest et le lycée général Léonard-de-Vinci à Saint-Witz, situé à 12 kilomètres au nord, reliés au village respectivement par les lignes de bus scolaires R111 et R113.",fra,fra,"[10927.0, 3142.0, 1976.0, 41607.0, 9563.0, 4552.0, 23109.0, 4890.0, 4056.0, 15083.0, 4509.0, 12433.0, 5918.0, 8296.0, 7649.0]"
"(en) T. Robert S. Broughton (The American Philological Association), The Magistrates of the Roman Republic : Volume I, 509 B.C. - 100 B.C., New York, Press of Case Western Reserve University (Leveland, Ohio), coll. « Philological Monographs, number XV, volume I », 1951, 578 p.",fra,fra,"[15830.0, 6316.0, 4644.0, 18834.0, 11474.0, 8635.0, 16265.0, 8592.0, 7689.0, 11339.0, 6734.0, 9117.0, 8190.0, 12187.0, 10069.0]"
"Toutefois, l’après-guerre est dominée par le FC Lourdes qui remporte sept fois le Bouclier de Brennus de 1948 à 1960 (et un autre titre en 1968). Plusieurs Lourdais de cette génération dorée cumulent ainsi au moins six titres de champion de France : Antoine Labazuy, Jean Prat, Thomas Mantérola, Maurice Prat, Louis Guinle et Roger Martine. L'équipe compte huit joueurs internationaux en activité en 1948 et encore sept en 1958.",fra,fra,"[16513.0, 4598.0, 3408.0, 66074.0, 16109.0, 6481.0, 37577.0, 7657.0, 6356.0, 24769.0, 6870.0, 20664.0, 8430.0, 13056.0, 11328.0]"
"Le nombre de clubs engagés étant trop faible pour disputer un quatrième tour comprenant huit équipes, deux clubs sont exemptés. Il s'agit du Lille OSC et du FC Sochaux-Montbéliard.",fra,fra,"[5884.0, 1499.0, 1157.0, 26220.0, 6158.0, 2229.0, 14448.0, 2706.0, 2083.0, 9236.0, 2494.0, 8222.0, 2956.0, 4687.0, 3944.0]"
"Les matchs se déroulent sur le terrain du premier club cité. En cas de match nul, les deux équipes sont départagées au nombre de coups de pied de coin obtenus, puis par tirage au sort à la pièce jetée.",fra,fra,"[6053.0, 1450.0, 1208.0, 29751.0, 6467.0, 2139.0, 16159.0, 2733.0, 2042.0, 10606.0, 2743.0, 8976.0, 3186.0, 5026.0, 4142.0]"
"2014 : La Conférence de presse et la cérémonie de clôture du FIFIGROT 2014, Carnets filmés de Gérard Courant - un membre d'un jury d'un festival de cinéma.",fra,fra,"[5623.0, 2162.0, 1281.0, 23158.0, 5533.0, 2649.0, 13222.0, 3303.0, 2560.0, 8791.0, 2460.0, 7664.0, 3480.0, 4626.0, 4128.0]"
"Le National publie sa dernière édition le 22 février 1879. Les libéraux de Montréal n'ont alors plus d'organe pour la diffusion de leurs idées. Une solution viendra pourtant. À la demande de libéraux influents, Beaugrand est invité à fonder sur le champ un nouveau journal. Afin de ne pas se laisser distraire dans ce projet, il vend Le Farceur. Il loue une maison ancienne, au 23 de la rue Saint-Gabriel, dans le Vieux-Montréal, afin d’y installer ses presses. Le nouveau journal s'appellera La Patrie, en continuité avec Le Pays et Le National. Le premier numéro de La Patrie paraît le 24 février, soit deux jours après la fermeture du National. Succédant au National, les grandes orientations du journal sont les mêmes que celui-ci : « Combattre John A. Macdonald à Ottawa, appuyer Joly à Québec, voilà un programme suffisant pour l’instant.». Beaugrand ne le sait pas encore, mais ce journal sera l’œuvre de sa vie, il sera une grande réussite commerciale et fera sa fortune.",fra,fra,"[26905.0, 6927.0, 5984.0, 138714.0, 28692.0, 10004.0, 73396.0, 12454.0, 9432.0, 48843.0, 12399.0, 40933.0, 13640.0, 21376.0, 18927.0]"
"Les conditions de travail dans les fermes étaient très dures et seul le dimanche était chômé. Les femmes et les enfants travaillaient également dans les champs. La journée moyenne de travail était de dix heures, mais des journées de douze, voire quatorze heures en plein été étaient fréquentes. Trois règles prépondérantes déterminaient cette durée : la saison, le temps et l'urgence.",fra,fra,"[9141.0, 2127.0, 2036.0, 47983.0, 10871.0, 3867.0, 25477.0, 4238.0, 2984.0, 16840.0, 4958.0, 14566.0, 4650.0, 7056.0, 6090.0]"
"Dans certains pays, notamment les États-Unis, le yarn bombing reste une pratique illégale lorsqu'il ne s'agit pas d'une commande des pouvoirs publics.",fra,fra,"[4296.0, 1093.0, 936.0, 20431.0, 4355.0, 1575.0, 11021.0, 2018.0, 1439.0, 7132.0, 1870.0, 6102.0, 2177.0, 3205.0, 2715.0]"
La démarche ne peut aboutir sans qu'au préalable les compétences du poste ainsi que les besoins de l'organisation soient clairement identifiés.,fra,fra,"[3359.0, 834.0, 697.0, 16145.0, 3445.0, 1254.0, 9044.0, 1690.0, 1091.0, 5793.0, 1513.0, 5474.0, 1585.0, 2528.0, 2018.0]"
"Les différentes thématiques des émissions sont : Prime d'ouverture, 100% Hits, Soirée des Idoles, Sous le soleil, comédies musicales et prime finale",fra,fra,"[4722.0, 1188.0, 954.0, 21799.0, 5112.0, 1708.0, 12308.0, 2106.0, 1654.0, 8371.0, 1893.0, 6915.0, 2553.0, 3587.0, 3408.0]"
"Des mutations ont aussi été retrouvées sur les gènes Drosha (en) et DGCR8 (en). Ces gènes, lorsqu'ils présentent des anomalies, désactivent partiellement les mécanismes moléculaires chargés de la formation des micro-ARN. Ceux-ci assurent la régulation de l'ARN messager et sont capables par conséquent de reprogrammer complètement les cellules.",fra,fra,"[9588.0, 2813.0, 1995.0, 45561.0, 9805.0, 3544.0, 24538.0, 4927.0, 3340.0, 16182.0, 4206.0, 13853.0, 5051.0, 7475.0, 6580.0]"
"De la saison 1967-1968 à la saison 1974-1975, le championnat passe à 64 clubs répartis en huit poules de huit clubs. Les clubs classés aux quatre premières places de chaque groupe sont qualifiés pour les seizièmes de finale.",fra,fra,"[8600.0, 2573.0, 1775.0, 36009.0, 9132.0, 3270.0, 20799.0, 4332.0, 3310.0, 13827.0, 3966.0, 11712.0, 4615.0, 6751.0, 5843.0]"
"La flore est typique de la taïga avec des pins de Sibérie (le pin sylvestre étant plus rare), des sapins et des mélèzes, etc. ainsi que des bouleaux blancs et des trembles, 90,4 % du territoire étant recouvert de forêts de montagne. On trouve également des espèces rares ici, comme l'épicéa de Sibérie, le sabot de Vénus, la dent de chien de Sibérie (Erythronium sibiricum) ou l'orpin rose. On rencontre sur les piémonts des merisiers à grappes et des sorbiers de Sibérie. Une soixantaine d'espèces sont inscrites au livre rouge de Russie ou à celui de l'oblast de Kemerovo des espèces menacées",fra,fra,"[25176.0, 6004.0, 4211.0, 91383.0, 22249.0, 8265.0, 49412.0, 10265.0, 7638.0, 32402.0, 16714.0, 27798.0, 11279.0, 16963.0, 15488.0]"
"Par la suite, les résultats de l'équipe parisienne se détériorent, tout comme les relations entre Robert et le nouvel entraineur du PSG, Luis Fernandez. Robert quitte la capitale pour rejoindre Newcastle United à l'été 2001 pour la somme de 15M€. Entre temps, il dispute avec les Bleus en juin 2001 la Coupe des confédérations en Asie. Il s'agit à ce jour de ses dernières apparitions sous le maillot tricolore.",fra,fra,"[13394.0, 3565.0, 2717.0, 59019.0, 13350.0, 5108.0, 33021.0, 6106.0, 4983.0, 21188.0, 6264.0, 18488.0, 6918.0, 10353.0, 8996.0]"
"Le 28 octobre 1869, le chemin de fer dessert Hliboka : la ligne de Czernowitz à Sotschen (de) est ouverte. La gare de Hliboka prend de l'importance avec l'ouverture, le 30 novembre 1886 de la ligne de Hliboka à Berhometh (de). Le 1er janvier 1898, la Neue Bukowinaer Lokalbahn-Gesellschaft (de) ouvre un embranchement de Hliboka à Sereth.",fra,fra,"[23987.0, 5900.0, 3356.0, 50368.0, 30766.0, 8869.0, 30958.0, 9227.0, 8213.0, 19008.0, 12644.0, 16108.0, 9233.0, 15099.0, 12270.0]"
"Les caméras de surveillance, très présentes à Londres notamment, servent à visionner et enregistrer tout ce qui se passe dans leur champ de vision.",fra,fra,"[3324.0, 803.0, 749.0, 17310.0, 3594.0, 1162.0, 9494.0, 1564.0, 1130.0, 6606.0, 1577.0, 5741.0, 1793.0, 2700.0, 2299.0]"
"Au Mondial de l'automobile de Paris de 2008, PGO a présenté un concept-car nommé Hemera basé sur la Cévennes préfigurant le futur coupé de la marque. La marque possède alors 3 modèles basés sur le même châssis : les cabriolets Speedster II et Cévennes, et le coupé Héméra.",fra,fra,"[10357.0, 2542.0, 2092.0, 42336.0, 9542.0, 3529.0, 23454.0, 4438.0, 3496.0, 15140.0, 4207.0, 13140.0, 5247.0, 7668.0, 6883.0]"
"Sous la IVe République, Michel Debré adhère tout d'abord à l'Union démocratique et socialiste de la Résistance (UDSR), puis au Parti radical-socialiste sur les conseils du général de Gaulle (« Allez au Parti radical, Debré. Vous y trouverez les derniers vestiges du sens de l'État »). Battu aux élections législatives de 1946 en Indre-et-Loire, il rejoint ensuite le Rassemblement du peuple français (RPF). Sénateur d'Indre-et-Loire de 1948 à 1958, il dénonce à la Haute assemblée les méfaits du système politique instauré par la Constitution du 27 octobre 1946. Il s'oppose également à la Communauté européenne de défense (CED), accusant le gouvernement de trahison.",fra,fra,"[23764.0, 6394.0, 4624.0, 100466.0, 23369.0, 9096.0, 56496.0, 11031.0, 8708.0, 35809.0, 10833.0, 30058.0, 12238.0, 18444.0, 16320.0]"
"Le diagnostic est suspecté par l'examen abdominal systématique puis par l'imagerie médicale en commençant par l'échographie. Le scanner (ou parfois l'IRM) est indispensables dans un deuxième temps. Mais le diagnostic définitif repose sur l'examen anatomo-pathologique (histologie de la tumeur retirée lors de la chirurgie ou plus rarement la biopsie). Dans 10 à 15 % des cas, la tumeur de Wilms est considérée comme héréditaire.",fra,fra,"[14151.0, 3419.0, 2493.0, 63022.0, 13872.0, 4888.0, 36149.0, 6137.0, 4300.0, 22904.0, 5938.0, 19549.0, 6830.0, 9690.0, 9041.0]"
"Avec ce nouveau journal, il se montre particulièrement novateur. Beaugrand a très bien compris le rôle que joue la publicité dans les médias modernes. « Il perfectionne, écrit Warren, l’art de l’annonce afin d’en faire une de ses principales sources de revenus, aidé en cela par le travail de Rodolphe Beaugrand (1853-1909), qui agit comme directeur de la publicité et qui sera l’un des pionniers de cette science nouvelle au Canada français. Sous la direction du frère de Beaugrand, le service de la publicité en vient à accaparer la plus grosse part du budget du journal, ce qui accroît d’autant son influence au sein d’une entreprise qui est de plus en plus strictement commerciale.» Ces revenus tirés de la publicité seront une manne pour le journal de Beaugrand.",fra,fra,"[20272.0, 5172.0, 4546.0, 103804.0, 22309.0, 7177.0, 54757.0, 9511.0, 6959.0, 35906.0, 9807.0, 30790.0, 10198.0, 15643.0, 14034.0]"
"Pendant la Révolution, la population de Florimont manifesta son attachement pour son seigneur, Xavier de Ferrette en adressant au Directoire une lettre de protestation quand celui-ci fut porté sur la liste des émigrés et de ce fait considéré comme traître à la patrie. Cela n'empêcha pas les biens de la famille d'être confisqués.",fra,fra,"[10482.0, 2446.0, 1981.0, 45205.0, 10190.0, 3583.0, 24508.0, 4260.0, 3284.0, 15904.0, 4168.0, 14044.0, 4754.0, 8070.0, 6675.0]"
"Des bus relient le village à la gare routière « Roissypôle » située à environ 2 km du centre du village, devant la gare Aéroport Charles-de-Gaulle 1 et à proximité de l'aérogare 3, accessible uniquement à pied. Roissypôle est relié aux aérogares 1 et 2 par le métro automatique et gratuit CDGVAL. Les mieux desservies sont les lignes 32 (Roissypôle - Goussainville RER) et 95-02 (Roissypôle - Montmorency, Mobilien) exploitées par les Courriers de l'Île-de-France (CIF), mais deux autres lignes régulières et trois lignes à vocation scolaire traversent le village. En outre, deux lignes de bus de nuit Noctilien exploités par la SNCF relient de 0 h 30 à 5 h 30 Roissypôle à Gare de l'Est (N140 et N143),. Pour améliorer l'accès des salariés non motorisés à la plate-forme aéroportuaire, nécessitant une desserte 24h/24, un service de bus à la demande, « Filéo », a été mis en place, n'exigeant qu'une simple réservation téléphonique jusqu'à une heure à l'avance.",fra,fra,"[38157.0, 10353.0, 7296.0, 161165.0, 37755.0, 14672.0, 87707.0, 17116.0, 13755.0, 57447.0, 16464.0, 47074.0, 20475.0, 29585.0, 26675.0]"
"Le parc du château possédait des arbres d’essence rare. Il ne reste plus aujourd’hui que trois cèdres du Liban. Entre l’autoroute et la voie ferrée du RER B, deux cèdres gardent toujours l’entrée de l’aéroport. Le troisième se trouve à l'emplacement de l'ancienne ferme de Langle, aujourd'hui parc du Cèdre. L’histoire raconte que le botaniste Bernard de Jussieu les a rapportés en 1734 de Kew Garden (en), le jardin botanique de Londres. Deux de ces arbres ont été plantés au Jardin des plantes de Paris (l’un se trouve encore à la base de la colline du labyrinthe), les autres offerts à Pierre François de Riquet, comte de Caraman, seigneur de Roissy.",fra,fra,"[21834.0, 5559.0, 4266.0, 96615.0, 21533.0, 7892.0, 52220.0, 8970.0, 7091.0, 33334.0, 9331.0, 28041.0, 11025.0, 16613.0, 15040.0]"
"Jean-Louis Debré, faux jumeau de Bernard, également homme politique, président du Conseil constitutionnel de 2007 à 2016 , président de l'Assemblée nationale de 2002 à 2007, ancien ministre de l'Intérieur.",fra,fra,"[8186.0, 2581.0, 1826.0, 29603.0, 7079.0, 3267.0, 17176.0, 4023.0, 3393.0, 11130.0, 3530.0, 9316.0, 4343.0, 6336.0, 5557.0]"
"En 1820, une sucrerie fut installée dans l'aile droite subsistante du château, ancienne orangerie, qui fut finalement détruite en 1835. L'aile gauche, l'écurie du château, fut transformée en logement, et servit d'habitation jusqu'en 1930.",fra,fra,"[9187.0, 2424.0, 1921.0, 40383.0, 9377.0, 3272.0, 23443.0, 4231.0, 3077.0, 15673.0, 3990.0, 13998.0, 4494.0, 6808.0, 5892.0]"
"Une fois ses études collégiale terminées, Honoré entre, le 14 avril 1863, chez les clercs de Saint-Viateur, un choix qui peut paraître surprenant étant donné les traditions libérales de sa famille. Il n’est pas, rappelle Warren, le seul jeune de sa génération qui succombe, pour une période plus ou moins brève, « au vent religieux qui souffle sur la province ». Par ailleurs, « son père, catholique pratiquant, n’a jamais été anticlérical et les idées plus progressistes des clercs de Saint-Viateur n’ont rien pour lui déplaire ». L'expérience sera brève : il quitte le noviciat à l’hiver 1864, avant de prononcer ses vœux.",fra,fra,"[18976.0, 4849.0, 4103.0, 95319.0, 19624.0, 7507.0, 51657.0, 9021.0, 6757.0, 33365.0, 8800.0, 28291.0, 9855.0, 15051.0, 13230.0]"
"Pour des raisons de programmation, la finale du championnat est disputée en nocturne à partir de 1982. Toutefois, Antenne 2 ne retransmet que des rencontres des phases finales, jamais des matchs de la phase préliminaire. Cela change avec l’arrivée de la chaîne cryptée Canal+. Celle-ci acquiert les droits des matchs du championnat et commence à diffuser des rencontres des phases préliminaires. En outre, elle modernise considérablement les retransmissions en s’inspirant des recettes qu’elle appliquait avec succès au football : prise d’antenne bien avant le coup d’envoi pour présenter la rencontre en profondeur, reporter au bord du terrain et dans les vestiaires, recours aux statistiques etc. Le recours aux consultants devient systématique. De nombreux anciens joueurs sont intervenus ou interviennent actuellement comme consultants à Canal+ ou à France 2; suivant l'exemple de Pierre Albaladejo, Serge Blanco, Thierry Lacroix, Philippe Sella, Éric Bonneval, Jérôme Cazalbou, Philippe Bernat-Salles, Thomas Castaignède, Thomas Lombard, Raphaël Ibañez, Fabien Pelous, Marc Lièvremont occupent ou ont occupé ce poste de consultant.",fra,fra,"[32893.0, 8052.0, 6746.0, 145931.0, 33383.0, 11633.0, 80297.0, 14357.0, 11226.0, 52382.0, 13946.0, 44432.0, 16201.0, 25358.0, 22160.0]"
"Le 4 novembre 1794, alors que le 21e bataillon retranché devant Nimègue, est délogé par une sortie vigoureuse des Anglais et des émigrés, il rallie aussitôt sa troupe, reprend les retranchements, force l’ennemi à rentrer en ville dans le plus grand désordre, et lui fait perdre 300 hommes dans cette affaire. Le 18 avril 1797, lors de la bataille de Neuwied, il est blessé d’un coup de boulet à la cuisse droite et au pouce de la main gauche.",fra,fra,"[16797.0, 4902.0, 3244.0, 71644.0, 16924.0, 6604.0, 41170.0, 7432.0, 5875.0, 26372.0, 7909.0, 22026.0, 8237.0, 13139.0, 11510.0]"
"L'édition des images, des animations ou du son sont effectuées avec les logiciels appropriés. Un éditeur HTML ne sert qu'à disposer ces ressources dans une page Web.",fra,fra,"[4376.0, 1155.0, 925.0, 21949.0, 5129.0, 1790.0, 12302.0, 2126.0, 1464.0, 7838.0, 2439.0, 6759.0, 2233.0, 3320.0, 2898.0]"
Le candidat vainqueur réalise un single avec son clip-vidéo qui sera diffusé en exclusivité sur Antenne Réunion ainsi qu'une programmation de leur concert dans les grandes scènes de l'île de La Réunion.,fra,fra,"[5216.0, 1246.0, 1074.0, 25303.0, 5350.0, 1791.0, 13988.0, 2256.0, 1668.0, 8802.0, 2138.0, 7713.0, 2782.0, 3904.0, 3633.0]"
"Après avoir été peintre en bâtiments pendant quelque temps, Beaugrand lance enfin, à l'été 1873, un projet qu'il caressait depuis longtemps : « établir à Fall River une feuille hebdomadaire, qui représenterait, ici, les intérêts de nos compatriotes émigrés, et qui travaillerait constamment à disséminer parmi eux les connaissances aujourd’hui si nécessaires à la réussite de toute entreprise ». Le 19 juillet paraît donc le premier numéro de L’Écho du Canada, un hebdomadaire de huit pages. « Le nom choisi trahit l’intention de son directeur (...), qui cherche à rapprocher les Canadiens français émigrés de leur famille et de leurs amis restés au pays.» « Organe de la population canadienne-française de Fall River », le journal deviendra bientôt « Organe de la population franco-canadienne des États-Unis ». De novembre 1874 à mai 1875, L’Écho du Canada a également une édition à Lowell.",fra,fra,"[24660.0, 6727.0, 5486.0, 121102.0, 26822.0, 9211.0, 64814.0, 11590.0, 8441.0, 43189.0, 11846.0, 36352.0, 12520.0, 18702.0, 17069.0]"
"Ces éditeurs éditent directement en langage HTML : le code y apparaît et y est traité comme du texte. Ils requièrent donc une compétence dans ce langage. En contrepartie, ils permettent à un utilisateur compétent de s'assurer de la qualité du document produit.",fra,fra,"[6346.0, 1581.0, 1386.0, 34208.0, 7014.0, 2349.0, 18047.0, 2923.0, 2034.0, 12804.0, 3165.0, 10357.0, 3131.0, 5067.0, 4263.0]"
"La chasse-galerie et autres récits, Montréal, Édition du Boréal, 2002, 184 p. — Texte conforme à l'édition de 1900, avec une postface, une chronologie et une bibliographie de François Ricard.",fra,fra,"[8023.0, 2470.0, 1684.0, 31811.0, 7627.0, 3339.0, 18127.0, 4235.0, 3132.0, 12361.0, 3700.0, 10246.0, 4372.0, 6145.0, 5606.0]"
"Debré est ainsi dans les années 1950 un adversaire farouche du projet de Communauté européenne de défense, qu'il contribue par ses discours au Conseil de la République à faire échouer. Il se réjouit également de la prise de distance de de Gaulle avec la Communauté européenne de l'énergie atomique (Euratom) au profit de la bombe nucléaire française. Il s'opposera encore clairement, encore qu'avec un moindre écho et sans succès, à l'élection au suffrage universel du Parlement européen, au motif qu'il ne reçoit et ne devrait recevoir aucune délégation de souveraineté. Il condamne à plusieurs reprises la primauté du droit communautaire comme une absurdité, voire comme une manifestation de « l'esprit vichyssois qui accepte que la France soit commandée par l'étranger »",fra,fra,"[20708.0, 4949.0, 4308.0, 99240.0, 24626.0, 6973.0, 54846.0, 8984.0, 6580.0, 33887.0, 9687.0, 29047.0, 9670.0, 15425.0, 13775.0]"
"De belles poésies écrites par un ancien Roisséen, Edmond Bernard, font une description pleine d'humour et de sensibilité de la vie de son village natal.",fra,fra,"[4503.0, 888.0, 954.0, 20834.0, 4645.0, 1477.0, 11446.0, 1876.0, 1374.0, 7585.0, 1896.0, 6416.0, 2115.0, 3333.0, 2838.0]"
"La guerre de 1870 marqua profondément la commune. Le 8 septembre, les soldats français battant en retraite incendièrent au passage, sur ordre du gouverneur de Paris, les fermes afin que les récoltes ne tombent pas aux mains des Prussiens. Les fermes Boisseau et Tetard furent partiellement détruites mais la population évita la propagation des incendies malgré les interdictions des militaires. À l'approche des troupes ennemies, la plupart des Roisséens fuirent le village emportant tout ce qui était possible sur des charrettes. Le 18 septembre, dix-mille soldats prussiens accompagnés de mille chevaux campèrent dans le village et ses alentours. La moitié des troupes repartirent dès le lendemain, mais l'autre moitié y resta jusqu'au 3 mars 1871. Durant l'occupation, le village fut mis à sac par les cavaliers prussiens ; afin de se chauffer durant l'hiver rigoureux de 1870-1871, ils arrachèrent les portes des maisons et brûlèrent le mobilier, la mairie fut également incendiée et les archives détruites. D'après un rapport du maire, monsieur Cabuzet, les dommages se montaient à 1 793 421 francs. En 1890, la municipalité racheta le presbytère et y installa la pompe à incendie.",fra,fra,"[36248.0, 9317.0, 7728.0, 172087.0, 38805.0, 12763.0, 96280.0, 16335.0, 12248.0, 61250.0, 15814.0, 53149.0, 17973.0, 28224.0, 23911.0]"
"Ce constat poussa la nouvelle municipalité élue en 1977 à prendre plusieurs mesures afin d'enrayer cette décadence : un programme immobilier de cent logements fut décidé en plein centre-ville, permettant au passage de créer une trame urbaine plus cohérente au village. L'habitat insalubre fut progressivement éliminé et les personnes, souvent âgées, qui occupaient ces maisons furent relogées dans de petits logements sociaux. Un foyer de personnes âgées fut également créé dans le nouveau parc communal aménagé. Ces constructions imposaient de revoir totalement l'alimentation en eau potable du village : un nouveau forage fut alors effectué en 1978 et mis en fonctionnement l'année suivante, il rendit inutile le château d'eau érigé en 1901, qui fut alors démoli. L'assainissement des eaux usées posait lui-même également problème : la construction de l'aéroport et de nombreux bâtiments ne permettait plus l'absorption par les terres labourées des surplus de précipitations. En juillet 1977, un orage provoqua une importante inondation d'une partie du village, qui se vit contraint de trouver rapidement des solutions : les canalisations d'écoulement furent doublées et un bassin de retenue relié au Croult mis en chantier.",fra,fra,"[32832.0, 7515.0, 6924.0, 165099.0, 34759.0, 10219.0, 92218.0, 14044.0, 10191.0, 59180.0, 14226.0, 49631.0, 16378.0, 24773.0, 22272.0]"
"Les Mutations du livre et de l'édition dans le monde du XVIIIe siècle à l'an 2000 (actes du colloque international, Sherbrooke, 2000), Paris, l'Harmattan ; Saint-Nicolas (Québec), Presses de l'université Laval, 2001 (codir. avec Jacques Michon)",fra,fra,"[10685.0, 3476.0, 2216.0, 41250.0, 10063.0, 4754.0, 23120.0, 5678.0, 4376.0, 15669.0, 4811.0, 12673.0, 5734.0, 8381.0, 7495.0]"
"(4006) Sandler (1972 YR) est un astéroïde de la ceinture principale, découvert le 29 décembre 1972 par l'astronome soviétique Tamara Smirnova à l'Observatoire d'astrophysique de Crimée. Il a été nomme d'après le chef de chœur de la Radio et Télévision de Léningrad Grigori Sandler, à l'occasion de son soixantième anniversaire.",fra,fra,"[16730.0, 6438.0, 2936.0, 42478.0, 12712.0, 7658.0, 24299.0, 8187.0, 7387.0, 16484.0, 12103.0, 14211.0, 8855.0, 11869.0, 10834.0]"
"Ce « libéralisme » est à comprendre dans un pays où être libéral et jacobin n'est pas contradictoire. Le libéralisme français a historiquement hésité, ainsi que l'a montré par exemple Lucien Jaume, entre deux grandes tendances, l'une fondée sur l'individualisme dans la lignée de Benjamin Constant, qui échoue, et l'autre sur le recours à l'État et la primauté de l'intérêt général dans la lignée de François Guizot, un « libéralisme d'État » (Jaume), qui l'emporte. C'est dans cette dernière tendance que s'inscrit Debré.",fra,fra,"[16230.0, 4203.0, 3570.0, 79937.0, 17285.0, 5967.0, 43885.0, 7699.0, 5771.0, 28285.0, 7856.0, 23957.0, 8013.0, 12676.0, 11089.0]"
"En Angleterre, Laurent bénéfice de toute la confiance du manager Bobby Robson, qui fait de lui une pièce maitresse de son équipe type. Les saisons suivantes sont plus mitigées et l'arrivée de l'entraîneur Graeme Souness pousse Laurent Robert vers la sortie. Prêté à Portsmouth FC (où il côtoie l'entraîneur français Alain Perrin) durant l'été 2005, il est transféré en janvier 2006 au Benfica Lisbonne. À la fin de la saison 2005-2006 il quitte Benfica pour le club espagnol de Levante. Malgré un nombre important de français dans l'effectif du club espagnol, il ne parvient pas à s'intégrer et à s'imposer dans le onze type et suit même les matchs depuis les tribunes. En novembre 2007, d'un commun accord avec son club espagnol, il met fin à son contrat. Libre, il signe à Derby County (Premier League anglaise) le 8 janvier 2008. Mais quelques mois plus tard, il rejoint le club canadien de Toronto afin de participer à la saison 2008 de la Major League Soccer. Le 20 août 2008, le Toronto FC le libère de son contrat et il signe quelques jours après avec le club grec de Larissa.",fra,fra,"[34331.0, 9748.0, 7444.0, 148890.0, 33319.0, 13395.0, 85149.0, 16319.0, 13367.0, 56091.0, 15727.0, 48225.0, 18337.0, 27554.0, 23533.0]"
"Le 13 mars 1974, après des années de travaux, la commune vit l'inauguration et la mise en service de l'aéroport Charles-de-Gaulle - tel est son nom de baptême - le plus grand d'Europe en superficie. Sa construction au début des années 1970 a profondément modifié l'aspect et l'économie du village, dont plus de la moitié de la superficie est dorénavant occupée par ses installations. La perspective des nuisances acoustiques a provoqué un arrêt de toute construction de logements neufs ce qui menaçait l'existence même du village à moyen terme, les jeunes ménages devant quitter alors la commune pour se loger. De même, les propriétaires du village n'entretenaient pas toujours leurs biens face à la perspective du possible anéantissement du village.",fra,fra,"[21486.0, 4799.0, 4388.0, 102436.0, 22363.0, 6860.0, 57030.0, 9120.0, 6614.0, 35507.0, 9316.0, 30837.0, 10304.0, 15456.0, 14028.0]"
"Ilana Salama Ortar (née à Alexandrie, Égypte, en 1949) est une artiste visuelle interdisciplinaire qui vit à Tel Aviv, Francfort et Marseille. Son travail traite de l'immigration, du déracinement, de l'exil et de l'architecture d'urgence.",fra,fra,"[8917.0, 2695.0, 2030.0, 32058.0, 9335.0, 3744.0, 18014.0, 4415.0, 3495.0, 12207.0, 3983.0, 10482.0, 4593.0, 6949.0, 5887.0]"
"2017 : Daniel Prévost à la cérémonie de clôture de remise des prix du FIFIGROT 2017, Carnets filmés de Gérard Courant - un juré de festival de cinéma",fra,fra,"[5544.0, 2003.0, 1279.0, 21093.0, 5183.0, 2673.0, 12106.0, 3058.0, 2543.0, 8415.0, 2427.0, 6964.0, 3349.0, 4589.0, 4130.0]"
"par les réseaux sociaux existant, tels que les fichiers des anciens élèves d'universités (ou de grandes écoles en France), associations comme l’APEC en France, ou encore les médias sociaux, tels que Facebook et LinkedIn, sont une autre façon de rejoindre les candidats potentiels ;",fra,fra,"[6078.0, 1850.0, 1390.0, 33165.0, 6714.0, 2370.0, 17702.0, 3120.0, 2192.0, 12135.0, 2994.0, 10363.0, 3379.0, 4831.0, 4421.0]"
"En 2001, la Kirium Formula 1 est créée. Il s'agit d'une montre analogique alliant des fonctions de chronographe numérique à une précision au 1/100e de seconde. Cette même année, TAG Heuer devient chronométreur officiel des championnats du monde de ski alpin à Saint-Anton, en Autriche.",fra,fra,"[10141.0, 2881.0, 2114.0, 40687.0, 10819.0, 3839.0, 23960.0, 4882.0, 3747.0, 16261.0, 4829.0, 14755.0, 5385.0, 7710.0, 6887.0]"
"La FFR décide d'alléger la compétition en ne faisant disputer que les matchs aller du championnat et en supprimant la Coupe de France. Pour la seule fois dans l'histoire du championnat, les clubs non qualifiés (après la phase qualificative en poules de huit) disputent une épreuve de consolation appelée la Coupe Cyril Rutherford en l'honneur d'un ancien capitaine du XV de France au début des années 1900.",fra,fra,"[10982.0, 2713.0, 2270.0, 53463.0, 11269.0, 3507.0, 30507.0, 5029.0, 3764.0, 19350.0, 4740.0, 17297.0, 5593.0, 8587.0, 7565.0]"
"L'espace euclidien est un groupe de Lie. Son groupe des difféomorphismes a deux composantes connexes : les difféomorphismes qui préservent l'orientation et ceux qui la renversent. En fait, le groupe général linéaire est un rétract fort par déformation de Diff(ℝn ,0) (donc aussi de Diff(ℝn)), par l'application qui à tout réel t de [0,1] et tout difféomorphisme f fixant 0 associe le difféomorphisme ft défini par : ft(x) = f(tx)/t si t est non nul et f0 = f'(0).",fra,fra,"[18575.0, 7329.0, 3637.0, 73670.0, 18332.0, 8304.0, 38953.0, 10903.0, 8106.0, 24673.0, 8363.0, 20797.0, 10412.0, 14693.0, 12689.0]"
"Le volant est fixé sur la tige qui se déplace avec celui-ci, ou fileté avec la tige qui monte à l'intérieur du volant fixe, ou l'opercule se déplace sur le filet extérieur de la tige qui est fixe. L'on dira """"à tige montante"""".",fra,fra,"[8553.0, 2115.0, 1391.0, 34999.0, 7410.0, 2593.0, 19024.0, 3469.0, 2441.0, 12260.0, 5676.0, 10568.0, 3629.0, 5486.0, 4839.0]"
"Beaugrand est élu maire de Montréal. Le vote est très polarisé du point de vue linguistique. Les quartiers catholiques et français se sont rangés derrière Beaudry; les quartiers anglophones et protestants ont appuyé Beaugrand. Les conservateurs canadiens-français, opposés à lui, lui reprocheront d'être le «Maire des Anglais.»",fra,fra,"[9024.0, 2130.0, 2016.0, 45528.0, 9568.0, 3485.0, 23815.0, 4265.0, 3233.0, 16211.0, 3941.0, 13834.0, 4744.0, 7139.0, 6302.0]"
"Selon l'historien grec antique Polybe, Manius Curius Dentatus, vainqueur des Samnites et des Sabins en 290 av. J.-C., est immédiatement élu pour remplacer Lucius Caecilius Metellus comme praetor suffect ou consul suffect si la bataille se déroule en 284 av. J.-C. Le consul en exercice Publius Cornelius Dolabella prépare son armée pour gagner l'Étrurie. Pendant ce temps, Polybe présente Dentatus tentant de négocier la libération des prisonniers romains. Une autre version donnée par Appien prête à cette ambassade une toute autre mission. Les Romains, engagés dans une guerre en Étrurie, accusent les Sénons, alors techniquement considérés comme socii, d'avoir violer un traité en fournissant des mercenaires et en capturant des soldats romains. Toutefois, aucune demande de rançon ni aucun échange ne sont mentionnés par les auteurs antiques. Les Gaulois exécutent les émissaires romains (legati) ce qui a pour effet de décupler l'envie de combattre des soldats romains.",fra,fra,"[31317.0, 8677.0, 6408.0, 121597.0, 31535.0, 12188.0, 70378.0, 14294.0, 11343.0, 43555.0, 15061.0, 38158.0, 14870.0, 24019.0, 20314.0]"
"Le 28 janvier 1998, Noël Godin reçoit chez lui une enveloppe dans laquelle se trouve un message l'informant que Bill Gates sera à Bruxelles le 4 février et que « si le coup vous intéresse on peut vous aider ». Godin rencontre son informateur, qui s'avère être un employé de Microsoft Belgique et qui lui remet un horaire détaillé et le trajet qu'empruntera Bill Gates. Afin d'être au courant des derniers ajustements dans l'horaire de Gates, un des complices de Godin se fait passer pour un journaliste désirant effectuer un documentaire Vingt-quatre Heures avec Bill Gates ; il pourra ainsi suivre ce dernier toute la journée de sa visite qui sera finalement le 5 février. Godin et sa bande prévoient d'entarter Gates quand il donnera une conférence de presse à l'hôtel Méridien ; l'informateur de chez Microsoft leur a donné des laissez-passer. Le rendez-vous sera manqué. Plus tard, en face du Concert Noble se préparent plusieurs petits groupes de trois entarteurs. Au moment où Gates s'apprête à entrer dans l'édifice, les entarteurs se ruent vers Gates qui est entarté trois fois. Ce dernier cherche ensuite à s'abriter dans l'édifice mais à ce moment un quatrième entarteur, le cinéaste Rémy Belvaux, envoie une quatrième tarte à la figure de Gates. Les autres entarteurs s'exclament : « Entartons, entartons le polluant pognon ! »",fra,fra,"[36772.0, 9259.0, 8297.0, 192244.0, 42285.0, 13327.0, 102333.0, 17404.0, 12929.0, 66117.0, 16521.0, 57417.0, 18676.0, 29866.0, 24729.0]"
"En juin 1993, Noël Godin est l'un des invités de l'émission Durand la Nuit sur TF1. Il profite de la tribune qui lui est offerte pour entarter en direct un autre invité, le romancier Vladimir Volkoff, qu'il qualifie « d'infâme tsariste ». Sur le coup, la chaise de Volkoff bascule ; il déserte ensuite le plateau en titubant. Ce coup d'éclat forcera TF1 à annuler l'émission quelques mois plus tard par peur d'autres accrochages en direct.",fra,fra,"[15291.0, 3687.0, 3202.0, 70667.0, 15580.0, 5273.0, 39580.0, 6739.0, 5099.0, 25005.0, 7063.0, 21381.0, 7261.0, 11582.0, 9809.0]"
"Frédéric Rouvillois, « Se choisir un modèle : Michel Debré et le parlementarisme anglais en 1958 », Revue française d'histoire des idées politiques, no 12, août-décembre 2000, p. 347–366",fra,fra,"[9178.0, 3315.0, 1984.0, 31300.0, 8349.0, 4186.0, 18264.0, 4966.0, 4041.0, 12217.0, 4192.0, 9974.0, 5061.0, 7170.0, 6188.0]"
"Dans le discours pour la réception du Prix Nobel de littérature qu’il prononça à Stockholm en 1997, Dario Fo, rend hommage à un dramaturge vénitien du XVIe siècle, Angelo Beolco, dit Ruzzante, « un extraordinaire homme de théâtre de ma terre, peu connu… même en Italie. Mais qui est sans aucun doute le plus grand auteur de théâtre que l’Europe ait connu pendant la Renaissance avant l’arrivée de Shakespeare. » Il insiste sur la qualité du théâtre de Ruzzante, qu’il considère comme « le vrai père de la commedia dell’arte, qui inventa un langage original, un langage pour le théâtre, basé sur une variété de langues : les dialectes de la Vallée du Pô, des expressions en latin, en espagnol, même en allemand, le tout mélangé avec des onomatopées de sa propre invention. »",fra,fra,"[24587.0, 5595.0, 4958.0, 101369.0, 23679.0, 7815.0, 69844.0, 10217.0, 7406.0, 40137.0, 11037.0, 34744.0, 10641.0, 17406.0, 15209.0]"
"Après la Première Guerre mondiale, l'agriculture française manque de bras. Roissy-en-France, village agricole, n'échappera pas à la règle. À partir de 1922 et pratiquement pendant dix ans, une main d'œuvre polonaise vient s'installer et combler cette lacune.",fra,fra,"[8147.0, 2093.0, 1744.0, 38389.0, 8491.0, 2936.0, 20710.0, 3780.0, 2820.0, 13296.0, 3964.0, 11198.0, 3928.0, 6121.0, 5322.0]"
"Jules César affronte cette confédération en 58 av. J.-C. une première fois sur le territoire des Séquanes, puis à la bataille de Bibracte. La défaite les contraint à retourner sur leur territoire d’origine, à l’exception des Boïens qui s’installent chez les Éduens.",fra,fra,"[9609.0, 2658.0, 1785.0, 40077.0, 9471.0, 3792.0, 22085.0, 4289.0, 3400.0, 14530.0, 4197.0, 12503.0, 4888.0, 7323.0, 6501.0]"
"Le chien d'Artois est un chien d'ordre de taille moyenne, au corps charpenté et musclé, pas trop long. Forte et assez longue, la queue est épiée (ou espiée) et portée en faucille sans retomber vers l'avant. La tête est large et forte. Attachée à la hauteur de la ligne de l’œil, la large oreille est pratiquement plate ce qui différencie le chien d'Artois des autres races de chiens courants français. L'extrémité arrondie atteint la naissance de la truffe. Les yeux sont saillants, grands, très ouverts et de couleur brun foncé.",fra,fra,"[16578.0, 4225.0, 3157.0, 79600.0, 17105.0, 5912.0, 44037.0, 7554.0, 5098.0, 29368.0, 7862.0, 24513.0, 8581.0, 12238.0, 11884.0]"
"Considérant que la démographie de l'île est une menace pour son développement, Michel Debré organise durant les années 1960 le déplacement de Réunionnais vers la métropole. Il crée pour ce faire le BUMIDOM (Bureau pour le développement des migrations dans les départements d'outre-mer) et le CNARM (Comité national d'accueil et d'actions pour les Réunionnais en mobilité). Dans le même état d'esprit, il fait procéder à partir de 1963 au déplacement, vers la Métropole de plus de 1 600 enfants réunionnais (ces déplacements cesseront en 1982) en vue de repeupler certains départements métropolitains en cours de désertification, notamment la Creuse. Au professeur Denoix qui s'insurgeait contre ces pratiques, il répond dans une lettre : « L'entreprise doit être poursuivie avec d'autant plus de constance qu'elle peut être combinée avec un admirable mouvement d'adoption que nous n'arrivons pas toujours à satisfaire. ».",fra,fra,"[26950.0, 7102.0, 5887.0, 132765.0, 27805.0, 9811.0, 72297.0, 12489.0, 9356.0, 48077.0, 11971.0, 40554.0, 14015.0, 20890.0, 18773.0]"
"L'évolution du nombre d'habitants est connue à travers les recensements de la population effectués dans la commune depuis 1793. À partir de 2006, les populations légales des communes sont publiées annuellement par l'Insee. Le recensement repose désormais sur une collecte d'information annuelle, concernant successivement tous les territoires communaux au cours d'une période de cinq ans. Pour les communes de moins de 10 000 habitants, une enquête de recensement portant sur toute la population est réalisée tous les cinq ans, les populations légales des années intermédiaires étant quant à elles estimées par interpolation ou extrapolation. Pour la commune, le premier recensement exhaustif entrant dans le cadre du nouveau dispositif a été réalisé en 2006.",fra,fra,"[33289.0, 11445.0, 3890.0, 90870.0, 28160.0, 18441.0, 55506.0, 17582.0, 15160.0, 37445.0, 16105.0, 31466.0, 19830.0, 25638.0, 22988.0]"
"Les outils sécuritaires sont utilisés par les forces de l'ordre pour observer et mémoriser le plus d'actions possibles des individus, à titre préventif, y compris en temps de paix, ou de lutte contre le terrorisme.",fra,fra,"[5293.0, 1434.0, 1190.0, 28590.0, 5744.0, 2094.0, 15051.0, 2522.0, 1800.0, 10395.0, 2551.0, 9106.0, 2851.0, 4272.0, 3774.0]"
"Après une ultime démarche de Joseph-Adolphe Chapleau, Louis Riel est pendu le 16 novembre sur décision du conseil des ministres conservateurs d'Ottawa. L'indignation est générale au Québec. Le 22 novembre, se tient au Champ-de-Mars la plus importante assemblée publique réunissant 50 000 personnes venues entendre Honoré Mercier et Wilfrid Laurier. Des portraits de Louis Riel apparaissent aux vitrines des magasins de l'Est. Les ex-maires Jean-Louis Beaudry et Charles-Joseph Coursol répudient le gouvernement conservateur et appuient Honoré Mercier.",fra,fra,"[16897.0, 4532.0, 3486.0, 72843.0, 16070.0, 6982.0, 38762.0, 7632.0, 6174.0, 26356.0, 7277.0, 21499.0, 8979.0, 13490.0, 12060.0]"
"Les matchs se déroulent sur le terrain du premier club cité. En cas de match nul, les deux équipes sont départagées au nombre de coups de pied de coin obtenus, puis par tirage au sort à la pièce jetée.",fra,fra,"[6053.0, 1450.0, 1208.0, 29751.0, 6467.0, 2139.0, 16159.0, 2733.0, 2042.0, 10606.0, 2743.0, 8976.0, 3186.0, 5026.0, 4142.0]"
"Lorsque les troupes du 65e bataillon rentrent à Montréal après avoir vaincu les Cris qui sont les alliés des Métis, lors de la rébellion du Nord-Ouest, Beaugrand multiplie les hommages et préside un grand banquet en l'honneur des militaires. Les magasins anglais de la métropole exposent le portrait du général Middleton qui vient d'assiéger pendant 30 jours Batoche, le quartier-général de Louis Riel et Gabriel Dumont où une centaine de Métis insurgés ont été vaincus. La Ville de Montréal décrète le 25 juillet fête civique afin de rappeler cette «grande» victoire.",fra,fra,"[15685.0, 3937.0, 3383.0, 79534.0, 16425.0, 5944.0, 40992.0, 7133.0, 5315.0, 27638.0, 7104.0, 23445.0, 8165.0, 12788.0, 11266.0]"
"Il décède le 17 juillet 1855 et est inhumé dans l'église de Saint-Malo de Dinan, sauf son cœur qui sera déposé dans une des chapelles la cathédrale de Rennes, une plaque de marbre noir lui rendant hommage. Son portrait sur toile est exposé dans la sacristie de la cathédrale de Rennes, et une lithographie a été réalisée par la lithographie Oberthur en 1855, selon une publicité passée dans le Dinannais le 2 et le 9 septembre.",fra,fra,"[14320.0, 3816.0, 2842.0, 63106.0, 14004.0, 5380.0, 35441.0, 6324.0, 5240.0, 21935.0, 6246.0, 18594.0, 7363.0, 11639.0, 9937.0]"
"Entre 1892 et 1898, seuls quelques clubs parisiens s’affrontent entre eux. Mais l’ouverture du championnat aux clubs de province en 1899 nécessite la mise en place d’un mode de sélection pour les phases finales à peu près objectif. Jusqu’à la Première Guerre mondiale, les participants sont donc issus de championnats régionaux (entre trois et dix-sept suivant les années) et disputent des phases finales à élimination directe. Après 1919, le championnat devient réellement national, avec des poules géographiques, dont les vainqueurs disputaient une deuxième phase de poule, avant des phases finales. Le nombre de clubs varie alors en général entre 40 et 54.",fra,fra,"[17958.0, 4738.0, 3994.0, 89641.0, 19595.0, 6229.0, 50907.0, 8548.0, 6241.0, 34214.0, 8321.0, 29015.0, 9135.0, 13749.0, 12234.0]"
"C'est à nouveau un moteur badgé TAG Heuer qui équipe Red Bull Racing en 2017. Ricciardo s'impose en Azerbaïdjan, puis Verstappen en Malaisie et au Mexique.",fra,fra,"[5782.0, 1738.0, 1316.0, 22331.0, 5871.0, 2624.0, 13398.0, 3056.0, 2436.0, 8479.0, 2661.0, 7223.0, 3130.0, 4992.0, 4020.0]"
"Qualifier Michel Debré de « souverainiste » serait un anachronisme, mais le terme permet de montrer dans quelle famille politique se situeraient aujourd'hui ses idées. Il consacre dans ses mémoires de longs passages à la construction européenne, appelée la « supranationalité », qu'il rejette absolument dès lors qu'elle met en cause la souveraineté de la nation française. Il condamne en ces termes un amendement du Comité consultatif constitutionnel établissant la supériorité automatique des traités internationaux sur le droit interne :",fra,fra,"[13711.0, 3230.0, 2859.0, 66566.0, 14861.0, 4792.0, 36901.0, 6016.0, 4418.0, 23386.0, 6262.0, 20121.0, 6285.0, 10461.0, 8894.0]"
"Pour la saison 2015, Pascal Montrouge reste il est rejoint par Stéphanie Thazar, Prof. Jah Pinpin et Nicole Dambreville. Les 5 juges invités ont été : Dominique Barret, Phil Barney, Bernard Joron, Alain Ramanisum et Meddy Gerville",fra,fra,"[9415.0, 2469.0, 1939.0, 31852.0, 8863.0, 4305.0, 18001.0, 3965.0, 3580.0, 11821.0, 3791.0, 9554.0, 5172.0, 7580.0, 6759.0]"
"Les Latobices (ou Latobriges, latinisé en Latovici ou Latobrigi) étaient un peuple celte, voisins et probablement clients des Helvètes. Ils sont connus par quatre mentions de Jules César dans ses Commentaires sur la Guerre des Gaules (Livre I, 5, 25, 28 & 29).",fra,fra,"[11436.0, 3483.0, 2049.0, 39011.0, 10769.0, 4763.0, 23842.0, 5366.0, 4361.0, 16633.0, 5646.0, 13238.0, 5688.0, 8588.0, 7321.0]"
"Les Lectures du peuple en Europe et dans les Amériques (XVIIe – XXe siècles), Bruxelles, Complexe, 2003 (codirection avec Hans-Jürgen Lüsebrink, York-Gothart Mix et Patricia Sorel)",fra,fra,"[8605.0, 2605.0, 1645.0, 25080.0, 10196.0, 3954.0, 14947.0, 4179.0, 3460.0, 10110.0, 3582.0, 8540.0, 4144.0, 6806.0, 5526.0]"
"La fabrication en Suisse est majoritairement effectuée avec des mouvements suisses ETA en provenance du Swatch Group, d'autres venant des usines Sellita. Depuis 2010, TAG Heuer produit le Calibre 1887, un mouvement développé à partir d'un Seiko, Swiss made dans son usine dédiée à Chevenez. La marque reste la plus rentable du pôle horlogerie-joaillerie de LVMH, suivie par Bulgari et Hublot, avec plus de 700 000 exemplaires de montres vendus par an dans les années 2000.",fra,fra,"[15883.0, 4551.0, 3579.0, 68707.0, 19511.0, 6106.0, 40205.0, 7444.0, 5612.0, 24872.0, 7188.0, 21793.0, 8483.0, 11984.0, 11247.0]"
"Le monument aux morts fut inauguré le 20 août 1920. À partir de 1935, les égouts furent installés. En 1936, la municipalité issue du Front populaire aida les familles de grévistes, contrairement à la situation de 1911.",fra,fra,"[8431.0, 2246.0, 1831.0, 36750.0, 8129.0, 3154.0, 22219.0, 3990.0, 3058.0, 14329.0, 3709.0, 12247.0, 4290.0, 6337.0, 5497.0]"
"Un éditeur WYSIWYG permet d'éditer une page Web à peu près telle qu'elle apparaît dans les navigateurs courants. Il propose les fonctions classiques des traitements de texte WYSIWYG. Ses deux principaux avantages sont la facilité d'utilisation et l'observation immédiate du rendu graphique. Ses deux principaux désavantages sont le manque de maîtrise sur la qualité du document HTML produit et les risques d'incompatibilité avec des navigateurs non prévus par l'éditeur (plus récents, plus anciens, ou moins courants).",fra,fra,"[12677.0, 3532.0, 2757.0, 61630.0, 13580.0, 4695.0, 33861.0, 5979.0, 4139.0, 22470.0, 6229.0, 19341.0, 6740.0, 9535.0, 8907.0]"
"La commedia dell'arte est un genre de théâtre populaire italien, né au XVIe siècle, où des acteurs masqués improvisent des comédies marquées par la naïveté, la ruse et l'ingéniosité. Ce genre est apparu avec les premières troupes de comédie avec masques, en 1528.",fra,fra,"[9836.0, 2175.0, 1869.0, 37477.0, 8566.0, 2880.0, 29742.0, 4053.0, 2874.0, 15805.0, 4146.0, 14120.0, 4182.0, 6616.0, 5928.0]"
"Dès août 1914, des observatoires furent créés, et un poste de défense anti-aérienne installé sur la route de Louvres. En septembre, les Uhlans furent signalés à Senlis ce qui provoqua la panique, le maire reçut l'ordre d'évacuer la population ; un convoi de cent-dix personnes quitta ainsi le village le jeudi 3 septembre, laissé à neuf personnes qui choisirent de ne pas le quitter dont le curé, le père Fréauville. Les habitants qui avaient trouvé refuge à Monnerville au sud de la Seine-et-Oise revinrent peu à peu dès le 12 septembre et trouvèrent un spectacle de désolation : les maisons avaient été pillées, les environs saccagés, les arbres coupés, les routes jonchés de détritus. Le village est occupé par les troupes du 143° et 144° régiment d'infanterie. L'église jonchée de paille devait servir d'hôpital de campagne En octobre, le général Gallieni établi son poste de commandement dans la propriété de madame Gonnet. En 1915 et 1916, soixante-dix Roisséens étaient mobilisés.",fra,fra,"[31747.0, 7831.0, 6647.0, 149496.0, 32331.0, 11409.0, 80638.0, 14180.0, 10915.0, 51753.0, 14051.0, 44097.0, 15689.0, 24948.0, 21582.0]"
"Le chien d'Artois est décrit dans le standard FCI comme un chien vigoureux et rustique, équilibré et affectueux. Très intelligent, le chien d'Artois peut entrer en meute dès l'âge de six mois. C'est un chien considéré comme obéissant et d'une grande gentillesse, bien que certains sujets trop dominateurs demandent une éducation ferme. Il se montre particulièrement tendre envers les enfants[réf. nécessaire].",fra,fra,"[11876.0, 3083.0, 2355.0, 55442.0, 12449.0, 4056.0, 30139.0, 5325.0, 3813.0, 19646.0, 5868.0, 16598.0, 6011.0, 8840.0, 8346.0]"
"Cette formule est en vigueur jusqu'en 2009. À partir de la saison 2009-2010, les équipes classées aux deux premières places sont directement qualifiées pour les demi-finales. Les deux places restantes sont disputées par les équipes classées de la troisième à la sixième place au cours de deux matchs de barrage : l'équipe classée troisième reçoit la sixième et la quatrième reçoit la cinquième (avantage du terrain pour l'équipe la mieux classée). Mais les demi-finales se jouent toujours en terrain neutre.",fra,fra,"[14063.0, 3966.0, 2893.0, 69942.0, 15007.0, 4829.0, 38310.0, 6852.0, 5073.0, 25485.0, 6744.0, 21893.0, 7360.0, 11065.0, 9610.0]"
"En mars 1968, le projet définitif réalisé dans le cadre d'une ZAC, ne présente plus qu'un immeuble, une pyramide dont la tour compte 28 étages et dont la base est longue de 425 mètres. En mai 1970, les travaux débutent. En 1971, les premiers habitants s'installent. En 1974, les derniers appartements sont livrés. Parmi les premiers locataires, Jean-Marc Ayrault, jeune professeur d'allemand dans un établissement voisin, le collège Gutenberg, devenu maire de Saint-Herblain en 1977. Les famille Ayrault y vivra pendant six ans.",fra,fra,"[18433.0, 4997.0, 3979.0, 83402.0, 18965.0, 6538.0, 46827.0, 8470.0, 6390.0, 30164.0, 7884.0, 25833.0, 9077.0, 13838.0, 12255.0]"
"Au troisième son de la trompe, le SBS ramènera les tribus perdues et la Terre sera comme un paradis. L'arbre de vie sera de nouveau accessible.",fra,fra,"[4537.0, 1199.0, 853.0, 19777.0, 4213.0, 1565.0, 11393.0, 2027.0, 1477.0, 7130.0, 1906.0, 6469.0, 2147.0, 3357.0, 2860.0]"
"À partir de 1904, la suprématie des équipes de la moitié Sud de la France devient écrasante. Le SBUC dispute toutes les finales entre 1904 et 1911 et n'en perd que deux. Le rugby s’enracine profondément dans un rectangle Lyon-La Rochelle-Biarritz-Toulon : la vallée du Rhône, le Languedoc, le Roussillon, le Béarn, le Pays basque, la vallée de la Garonne et les Pyrénées succombent au charme du ballon ovale. Naturellement, de grands clubs apparaissent. L'Aviron bayonnais, en 1913, apporte dans le sillage du Gallois Owen Roe, partisan d'un jeu très ouvert, le premier titre à une """"petite ville"""" de Province.",fra,fra,"[20988.0, 5639.0, 4417.0, 95131.0, 21244.0, 7722.0, 53751.0, 9909.0, 7647.0, 35474.0, 9191.0, 29984.0, 10706.0, 16246.0, 14554.0]"
"En juin 1870, il s’enrôle dans la marine américaine et est stationné à la base navale de Pensacola, au nord-ouest de la Floride, pas très loin de Mobile et de La Nouvelle-Orléans. En août 1870, il obtient le grade de caporal et, le 13 décembre de la même année, il est promu sergent. La mission des compagnies d’infanterie et d’artillerie dont il est fait partie est de maintenir l’ordre parmi la population civile autour des bases navales de Pensacola, Key West et Dry Tortugas. Cette affection routinière ne le satisfaisant pas, Beaugrand quitte la marine vers avril 1871, soit moins d'un après s'être engagé.",fra,fra,"[19553.0, 5477.0, 4325.0, 85881.0, 19612.0, 7537.0, 46545.0, 9302.0, 7301.0, 30834.0, 9230.0, 26637.0, 9776.0, 15344.0, 13194.0]"
"Les Trois Gorges, en mandarin 三峡 ; pinyin : Sān Xiá , ou gorges du Yangzi Jiang sont un ensemble de gorges de Chine située sur le cours moyen du Yangzi Jiang, en aval de la ville Chongqing, au sud des monts Daba. Elles commencent dans le Sichuan pour se terminer dans le Hubei. À leur sortie est construit l'immense barrage des Trois-Gorges dont la retenue les a partiellement noyées.",fra,fra,"[14983.0, 9275.0, 2381.0, 49804.0, 12104.0, 6053.0, 26940.0, 7268.0, 6890.0, 18519.0, 5857.0, 15449.0, 9662.0, 10476.0, 12137.0]"
"Parmi les personnages glorieux qui virent le jour à Roissy, l'on compte Aubin Olivier, graveur des Monnaies ; inventeur et conducteur des engins du moulin de la monnaie, en l'Isle du Palais de Paris, mort à Paris en 1581.",fra,fra,"[7833.0, 2232.0, 1578.0, 34332.0, 7891.0, 3176.0, 18492.0, 3678.0, 2968.0, 11990.0, 3652.0, 9994.0, 4044.0, 6460.0, 5507.0]"
"À la suite de l'offensive allemande du printemps 1918, un terrain agricole au nord du village, en bordure de la nationale no 2 fut construit le premier aérodrome. La première escadre de Combat s'y installait. Elle allait soutenir activement l'armée du Général Mangin dont le succès sur le front de Villers-Cotterêts allait marquer le début de la contre-offensive. Il disparut dès l'offensive franco-américaine de juillet-août 1918. Un détachement fut alors abrité à proximité dans des hangars.",fra,fra,"[17629.0, 4434.0, 3144.0, 67748.0, 17932.0, 5777.0, 37719.0, 6922.0, 5536.0, 23905.0, 7547.0, 20592.0, 8134.0, 11857.0, 11323.0]"
"En 1957, Michel Debré est accusé par René Kovacs dans l'Affaire du Bazooka où il est cité comme commanditaire direct (avec Alain Griotteray et Pascal Arrighi entre autres) de la tentative d'assassinat sur le général Raoul Salan à Alger le 16 janvier 1957,; en dehors du témoignage des accusés aucune preuve n'est apportée et le procès est rapidement classé. Selon le contre-terroriste de l'ORAF, Philippe Castille, exécutant principal de l'attentat, Michel Debré est à la tête du secret comité des Six comprenant le député Jacques Soustelle (branche parlementaire) et le général René Cogny (branche militaire). Lors de son procès, le général Salan (arrêté en avril 1962 pour avoir participé au putsch des généraux puis avoir été le chef de l'OAS) met également Michel Debré en cause déclarant: « Aucun témoignage n'a été recueilli, pas même celui de M. Michel Debré. Or il est impossible de comprendre les événements et d'expliquer ma position comme le mobile de mes actes si l'attentat du bazooka n'est pas éclairci. Quand le pouvoir refuse à un inculpé une justice complète, c'est qu'il y a le plus grand intérêt ».",fra,fra,"[36245.0, 8857.0, 7383.0, 162999.0, 35446.0, 13199.0, 90583.0, 16025.0, 12024.0, 58328.0, 16125.0, 50683.0, 17630.0, 28304.0, 24066.0]"
"A. Lievyns, Jean Maurice Verdot, Pierre Bégat, Fastes de la Légion-d'honneur, biographie de tous les décorés accompagnée de l'histoire législative et réglementaire de l'ordre, Tome 3, Bureau de l’administration, 1844, 529 p. (lire en ligne), p. 450.",fra,fra,"[16170.0, 6326.0, 2748.0, 39303.0, 12987.0, 8364.0, 23968.0, 8156.0, 7439.0, 16115.0, 7423.0, 12659.0, 9163.0, 13046.0, 11494.0]"
"Notice historique sur Naigeon (Jean), membre de la Legion-d'Honneur, peintre d'histoire, ancien conservateur du Musée du Luxembourg, Paris, 1848 ; p. 7 Texte",fra,fra,"[5910.0, 1951.0, 1265.0, 23007.0, 5501.0, 2698.0, 12946.0, 3079.0, 2457.0, 8654.0, 2595.0, 7252.0, 3174.0, 4874.0, 4182.0]"
"Le nombre de clubs participants augmente régulièrement, passant de 95 en 1942-43 à 154 en 1945-46. Après la guerre, le nombre de clubs de l'élite est réduit à 64 clubs pour la saison 1946-47 et varie par la suite entre 40 et 80 jusqu'à la saison 1991-92.",fra,fra,"[11539.0, 4181.0, 2594.0, 45407.0, 14354.0, 5326.0, 26716.0, 6751.0, 5193.0, 16990.0, 6257.0, 15313.0, 6343.0, 8941.0, 7680.0]"
"Aux huit clubs qualifiés à la suite du deuxième tour se joignent les clubs professionnels éliminés en huitièmes de finale de la Coupe de France : Cherbourg, Nancy, Reims, Sochaux, Strasbourg et Toulon.",fra,fra,"[7009.0, 1622.0, 1200.0, 26409.0, 6049.0, 2313.0, 14608.0, 2739.0, 2318.0, 9466.0, 2582.0, 8130.0, 3192.0, 5110.0, 4396.0]"
"Il existe en France une Charte de la diversité en entreprise qui recommande une Traçabilité des process RH et managériaux, en tant que « Possibilité de retrouver, pour un candidat ou un salarié, la trace de toutes les étapes de sa sélection et de son évolution de carrière. Dans le cadre d'une plainte pour discrimination, cette traçabilité est particulièrement utile pour l'employeur qui doit prouver qu'aucune des décisions concernant le collaborateur n'a été prise sur la base de motifs discriminatoires ».",fra,fra,"[12176.0, 2813.0, 2583.0, 64456.0, 13258.0, 4056.0, 35116.0, 5507.0, 3863.0, 22273.0, 5522.0, 19275.0, 6380.0, 9249.0, 8607.0]"
"Beaugrand aura été affecté tout au long de sa vie par de sérieux problèmes de santé (asthme), qui l'ont forcé à chercher refuge sous des cieux plus cléments et des climats plus favorables. Il est décédé le 7 octobre 1906 à Montréal. En conformité avec ses volontés, il a été incinéré, sans cérémonie religieuse, et ses cendres ont été enterrées près de celles de sa femme protestante, au cimetière Mont-Royal à Montréal dans la section F3.",fra,fra,"[12863.0, 3132.0, 2723.0, 62052.0, 12695.0, 4769.0, 33331.0, 5695.0, 4284.0, 22184.0, 5962.0, 18754.0, 6482.0, 9822.0, 8789.0]"
"Il évolue par la suite durant le siècle de la Renaissance pour atteindre les proportions qu'on lui connaît aujourd'hui. La standardisation de la race est faite lors de son incorporation aux meutes royales, dans la première moitié du XVIIe siècle. Pour le distinguer de l'ancienne forme dite « grand chien d'Artois », il est alors dénommé « briquet d'Artois », puis finalement « chien d'Artois ».",fra,fra,"[11858.0, 2905.0, 2331.0, 55050.0, 12230.0, 3918.0, 32550.0, 5350.0, 3923.0, 20867.0, 5249.0, 17221.0, 5796.0, 8821.0, 8131.0]"
"Honoré Beaugrand, fils de Louis Beaugrand, dit Champagne, navigateur, et de Marie-Josephte (Joséphine) Marion, est l’aîné des fils d’une famille qui comptera six enfants (3 garçons et 3 filles).",fra,fra,"[7339.0, 2189.0, 1590.0, 28539.0, 6721.0, 3145.0, 15464.0, 3549.0, 2838.0, 10917.0, 3104.0, 8860.0, 3677.0, 5825.0, 4973.0]"
"Le yarn bombing investit la rue en utilisant et en recouvrant le mobilier urbain d'ouvrages à base de fil : bancs, escaliers, ponts, mais aussi des éléments de paysage naturel comme les troncs d'arbre, ainsi que les sculptures dans les places ou les jardins.",fra,fra,"[7145.0, 1639.0, 1526.0, 35410.0, 7327.0, 2421.0, 20372.0, 3169.0, 2203.0, 13210.0, 3154.0, 11090.0, 3606.0, 5520.0, 4914.0]"
"Face à des Sochaliens qui remonteront en première division à l'issue de la saison, l'US Forbach ne pèse pas lourd lors de cette finale, disputée qui plus est au Stade Auguste-Bonal. Deux buts par mi-temps, dont un coup du chapeau de Ginès Liron, et le FC Sochaux s'impose par 4 buts à 0. Parmi l'équipe victorieuse, seuls trois joueurs n'avaient pas disputé la finale de l'année précédente : Bosquier, Andrieux et Leclerc.",fra,fra,"[15704.0, 4057.0, 3024.0, 66283.0, 16181.0, 5944.0, 36096.0, 6582.0, 5596.0, 23461.0, 6585.0, 19477.0, 7953.0, 12173.0, 10655.0]"
(en) Cet article est partiellement ou en totalité issu de l’article de Wikipédia en anglais intitulé « Kaho Kōda » (voir la liste des auteurs).,fra,fra,"[6599.0, 2778.0, 1005.0, 16166.0, 5785.0, 4023.0, 9855.0, 4194.0, 3480.0, 6849.0, 3122.0, 5636.0, 3816.0, 5663.0, 4329.0]"
"L'évolution du nombre d'habitants est connue à travers les recensements de la population effectués dans la commune depuis 1793. À partir de 2006, les populations légales des communes sont publiées annuellement par l'Insee. Le recensement repose désormais sur une collecte d'information annuelle, concernant successivement tous les territoires communaux au cours d'une période de cinq ans. Pour les communes de moins de 10 000 habitants, une enquête de recensement portant sur toute la population est réalisée tous les cinq ans, les populations légales des années intermédiaires étant quant à elles estimées par interpolation ou extrapolation. Pour la commune, le premier recensement exhaustif entrant dans le cadre du nouveau dispositif a été réalisé en 2007.",fra,fra,"[33291.0, 11451.0, 3889.0, 90865.0, 28162.0, 18443.0, 55501.0, 17589.0, 15174.0, 37430.0, 16112.0, 31461.0, 19843.0, 25642.0, 22992.0]"
"Le 9 octobre 1904, elle épouse Gabriel Bustros et donne naissance, un an plus tard, à Fadi, qui demeure son fils unique. Se consacrant à l’éducation de son fils, elle dirige ses études primaires avec des précepteurs à domicile. Les vacances ont lieu dans les propriétés familiales d’Égypte et de Palestine.",fra,fra,"[9612.0, 2452.0, 1957.0, 42811.0, 9445.0, 3771.0, 24844.0, 4310.0, 3370.0, 16531.0, 4423.0, 13984.0, 4706.0, 7527.0, 6370.0]"
"Politiquement, Roissy-en-France est une commune très ancrée à droite, les électeurs ayant continuellement voté majoritairement à droite à toutes les consultations électorales depuis plusieurs années. On notera le vote fort pour le Front national qui dépasse les tendances régionales et nationales à chaque élection de quatre à huit points.",fra,fra,"[9326.0, 2055.0, 1808.0, 41133.0, 9348.0, 3357.0, 22616.0, 4134.0, 3149.0, 14648.0, 4122.0, 12350.0, 4707.0, 7114.0, 6174.0]"
"Le traitement post-opératoire à base d'une chimiothérapie, complétée parfois par une radiothérapie dans les cas d'histologie défavorable (dite à haut risque de récidive).",fra,fra,"[5890.0, 1556.0, 1054.0, 25867.0, 5867.0, 2150.0, 14917.0, 2632.0, 1882.0, 9510.0, 2466.0, 8110.0, 2945.0, 4227.0, 3988.0]"
"La commune est limitrophe de Gonesse, Le Thillay, Vaudherland, Goussainville, Louvres et Épiais-lès-Louvres dans le département du Val-d'Oise, du Tremblay-en-France dans le département de la Seine-Saint-Denis et de Mauregard dans le département de Seine-et-Marne.",fra,fra,"[14293.0, 4182.0, 2195.0, 41554.0, 11385.0, 6137.0, 23265.0, 6215.0, 5512.0, 14872.0, 5423.0, 12026.0, 7327.0, 10303.0, 8978.0]"
"Les Trois Gorges offrent un spectacle qui attire de nombreux touristes et a permis le développement d'une véritable industrie touristique fructueuse avec de nombreux bateaux naviguant entre Chongqing et Yichang. Ces gorges offrent une atmosphère mystérieuse lorsque la brume et les nuages emplissent les gorges et enveloppent les falaises et les pitons rocheux. Au moment des crues en été, le niveau de l'eau s'élève de plus de cent mètres et la navigation devient alors très dangereuse et très risquée.",fra,fra,"[12707.0, 6118.0, 2718.0, 59791.0, 13370.0, 4628.0, 31624.0, 6283.0, 4844.0, 20824.0, 5990.0, 18373.0, 8316.0, 9732.0, 9982.0]"
"Elle fait partie depuis 1801 du canton d'Auxi-le-Château. Dans le cadre du redécoupage cantonal de 2014 en France, la commune est intégrée au canton de Saint-Pol-sur-Ternoise.",fra,fra,"[9429.0, 2855.0, 1377.0, 29941.0, 8829.0, 4142.0, 17467.0, 4333.0, 3678.0, 11038.0, 3924.0, 9065.0, 5110.0, 7327.0, 6475.0]"
Action analgésique périphérique et action antipyrétique de type aspirine. Inhibition de la synthèse des prostaglandines et de la libération de la bradykinine.,fra,fra,"[5067.0, 1343.0, 889.0, 17616.0, 4461.0, 2030.0, 10103.0, 2217.0, 1722.0, 7190.0, 2725.0, 5899.0, 2481.0, 3733.0, 3339.0]"
"La chanson de la saison interprété par l'ensemble du groupe est la même que celle de la Saison 3 à savoir une reprise de la chanson des Enfoirés, Attention au départ",fra,fra,"[4847.0, 1328.0, 981.0, 22909.0, 4735.0, 1927.0, 12781.0, 2356.0, 1807.0, 8066.0, 2456.0, 7275.0, 2647.0, 3772.0, 3500.0]"
"Le Musée Faina est un musée fondé en 1864, hébergé, avec le Museo civico, dans le palazzo Faina de la ville d'Orvieto en province de Terni (Ombrie).",fra,fra,"[7465.0, 1819.0, 1292.0, 22897.0, 6076.0, 2618.0, 17991.0, 3140.0, 2526.0, 10092.0, 3536.0, 8971.0, 3505.0, 5303.0, 4534.0]"
"Le cas des variétés de dimension 4 (en) est encore plus pathologique. C'est au début des années 1980, en combinant des résultats de Simon Donaldson et Michael Freedman, que furent découverts les ℝ4 exotiques (en) : il existe une famille non dénombrable d'ouverts de ℝ4, tous homéomorphes à ℝ4 mais deux à deux non difféomorphes, et il existe aussi une famille non dénombrable de variétés homéomorphes à ℝ4, deux à deux non difféomorphes, dont aucune n'est difféomorphe à un ouvert de ℝ4.",fra,fra,"[18981.0, 6343.0, 3506.0, 76537.0, 18925.0, 8478.0, 41439.0, 10530.0, 7869.0, 27210.0, 8932.0, 22796.0, 10597.0, 14982.0, 13018.0]"
"Mais c'est bien entendu l'aéroport qui offre un nombre considérable d'emplois, environ 85 000 estimés début 2007. La plate-forme aéroportuaire possède pas moins de vingt hôtels de toutes catégories totalisant 4 200 chambres. Ces hôtels font tous partie de grandes chaînes hôtelières internationales. Une importante partie du parc d'activités Paris-Nord II se situe par ailleurs sur le territoire communal. Le parc comptait au total en 2003 : 500 entreprises totalisant 16 000 emplois, 135 commerces regroupés dans un centre commercial, et 10 hôtels totalisant 1 800 chambres, pour un chiffre d'affaires global de 4,5 milliards d'euros.",fra,fra,"[20468.0, 6004.0, 4315.0, 92093.0, 22313.0, 7403.0, 51542.0, 9745.0, 7072.0, 34448.0, 9580.0, 28381.0, 10952.0, 15133.0, 14227.0]"
"En septembre, 30 personnes par jour succombent à la maladie; le conseil municipal décrète la vaccination obligatoire. Des médecins vont de porte en porte pour vacciner mais le public refuse de les recevoir. Le conseil municipal hésite à prendre d'autres mesures. C'est alors que le propriétaire-éditeur de The Gazette, Richard White, et l'éditeur du Montreal Star, Hugh Graham, multiplient les provocations et attaquent les autorités municipales. Appuyés par les hommes d'affaires, White et Graham conduisent des délégations à l'hôtel de ville. Finalement Graham est nommé à la tête d'un comité d'isolement des malades et White devient le responsable d'un comité de vaccination.",fra,fra,"[16926.0, 4011.0, 3842.0, 86494.0, 18029.0, 5948.0, 45490.0, 7788.0, 5668.0, 30528.0, 7355.0, 26460.0, 8241.0, 13012.0, 11380.0]"
(en) Cet article est partiellement ou en totalité issu de l’article de Wikipédia en anglais intitulé « Diffeomorphism » (voir la liste des auteurs).,fra,fra,"[6248.0, 2609.0, 976.0, 16497.0, 5665.0, 3493.0, 10004.0, 3806.0, 3128.0, 6880.0, 3016.0, 5736.0, 3509.0, 5263.0, 4058.0]"
"Mel Carnahan naît dans la région des Monts Ozarks de parents enseignants. Son père Albert est élu pendant 14 ans au Congrès et devient ambassadeur au Sierra Leone sous John Fitzgerald Kennedy. Après un diplôme de l'université George Washington, Carnahan rejoint la United States Air Force mais échoue aux tests physiques pour devenir pilote.",fra,fra,"[9742.0, 2749.0, 2089.0, 34262.0, 8796.0, 3776.0, 19244.0, 4477.0, 3758.0, 13391.0, 4039.0, 11450.0, 5022.0, 7489.0, 6725.0]"
Les divers servises de police et de renseignements sont mis à contribution. Des divisions spéciales sont créées dans le seul but de collecter et de gérer les informations enregistrées.,fra,fra,"[3981.0, 874.0, 872.0, 20162.0, 4608.0, 1377.0, 10933.0, 1782.0, 1224.0, 7139.0, 1907.0, 6480.0, 1885.0, 3133.0, 2539.0]"
"En 2016, LVMH est accusé de condamner l’entreprise Logo de Morez (172 personnes) à la fermeture en refusant de renouveler les licences des marques Fred et TAG Heuer,,. Cet abandon du savoir-faire lunetier français est d’autant plus difficile à comprendre lorsqu’on connaît les origines de LVMH (Louis Vuitton est né dans le Jura en 1821).",fra,fra,"[11829.0, 2933.0, 2568.0, 49032.0, 11530.0, 4222.0, 28300.0, 5049.0, 3848.0, 18993.0, 5018.0, 16766.0, 5649.0, 8568.0, 7262.0]"
"Après un apprentissage en décoration d'intérieur, il étudie en 1920-1921 à l'École des Arts et Métiers de Dresde auprès de Max Frey. Il étudie ensuite à l'Académie de Dresde de 1922 à 1923. Durant les années 1920, ses peintures, principalement des portraits de la classe ouvrière, ont été influencés par les œuvres d'Otto Dix. Comme son ami Gert Heinrich Wollheim, il se représente souvent lui-même dans des attitudes théâtrales, comme dans son Autoportrait pendant la Saison du Carnaval (1930). Il réalise ses premières gravures en 1933.",fra,fra,"[20170.0, 6400.0, 4317.0, 76666.0, 29117.0, 8609.0, 42987.0, 10610.0, 8210.0, 27354.0, 9586.0, 23479.0, 10172.0, 15486.0, 13322.0]"
"L'évolution du nombre d'habitants est connue à travers les recensements de la population effectués dans la commune depuis 1793. À partir de 2006, les populations légales des communes sont publiées annuellement par l'Insee. Le recensement repose désormais sur une collecte d'information annuelle, concernant successivement tous les territoires communaux au cours d'une période de cinq ans. Pour les communes de moins de 10 000 habitants, une enquête de recensement portant sur toute la population est réalisée tous les cinq ans, les populations légales des années intermédiaires étant quant à elles estimées par interpolation ou extrapolation. Pour la commune, le premier recensement exhaustif entrant dans le cadre du nouveau dispositif a été réalisé en 2006.",fra,fra,"[33289.0, 11445.0, 3890.0, 90870.0, 28160.0, 18441.0, 55506.0, 17582.0, 15160.0, 37445.0, 16105.0, 31466.0, 19830.0, 25638.0, 22988.0]"
"Le château des princes Skibniewski, des szlachta (nobles polonais) qui possédaient la majeure partie des terres de la commune. C'est aujourd'hui l'hôpital pour enfants du raïon.",fra,fra,"[9049.0, 1739.0, 1234.0, 24066.0, 7206.0, 2770.0, 14996.0, 3001.0, 2476.0, 9175.0, 5768.0, 7596.0, 3431.0, 5287.0, 4673.0]"
"En mai 1996, deux employées de Daniel Toscan du Plantier contactent Noël Godin, qui se trouve à Cannes, en lui suggérant d'entarter Plantier parce que, selon elles, ce dernier devenait de plus en plus imbuvable. Godin rejoint Plantier au palais des Festivals et lui envoie sa tarte à la figure en s'écriant : « Entartons, Entartons les pontifiants croûtons ! ». Quelques secondes plus tard, un complice de Noël Godin, le cinéaste Jan Bucquoy, envoie une seconde tarte à la figure de Plantier. Le lendemain, Daniel Toscan du Plantier accuse Cannes TV, qui a filmé l'entartage, d'avoir été complice de l'événement et exige des excuses.",fra,fra,"[21699.0, 5223.0, 4588.0, 96160.0, 22141.0, 7697.0, 52725.0, 9258.0, 7208.0, 34409.0, 9136.0, 29326.0, 10086.0, 16624.0, 13677.0]"
"À partir de la saison 2007-08, le point de bonus défensif est octroyé à une équipe battue avec un écart inférieur ou égale à cinq points et le point de bonus offensif est accordé à une équipe qui inscrit trois essais de plus que son adversaire. Auparavant, il suffisait de marquer au moins quatre essais dans un match. Si bien que deux équipes ne peuvent plus marquer un point de bonus offensif dans le même match, ni obtenir les deux points de bonus.",fra,fra,"[11908.0, 3172.0, 2565.0, 61804.0, 12828.0, 4470.0, 32852.0, 5774.0, 4139.0, 22084.0, 5485.0, 18747.0, 6189.0, 9465.0, 8295.0]"
"La même année 1957, Michel Debré fonde Le Courrier de la colère (plus tard renommé Courrier de la Nation), mensuel défendant l'Algérie française et appelant au retour au pouvoir du général de Gaulle. Dans le numéro du 20 décembre 1957, il écrit : « le combat pour l'Algérie française est le combat légal, l'insurrection pour l'Algérie française est l'insurrection légale » ainsi que la célèbre déclaration : « Que les Algériens sachent surtout que l'abandon de la souveraineté française en Algérie est un acte illégitime ; ceux qui y consentiraient se rendraient complices des hors la loi et ceux qui s'y opposeraient par quelque moyen que ce soit, seraient en état de légitime défense »,.",fra,fra,"[21032.0, 5435.0, 4228.0, 97785.0, 21394.0, 7585.0, 54593.0, 9779.0, 7320.0, 34466.0, 9873.0, 29934.0, 10496.0, 16423.0, 14428.0]"
"88,2 % des logements étaient des résidences principales, réparties à 50,3 % en maisons individuelles et 49,7 % en appartements (respectivement 26,9 % et 73,1 % dans la région). 43,3 % des habitants sont propriétaires de leur logement, contre 46,6 % qui ne sont que locataires (respectivement 44,3 % et 51,1 % dans la région),.",fra,fra,"[16818.0, 6495.0, 2829.0, 50366.0, 19283.0, 8005.0, 29978.0, 9244.0, 7676.0, 20190.0, 8132.0, 16654.0, 9095.0, 12679.0, 11051.0]"
"Durant l'été 1999, plusieurs cas de paludisme ont été signalés autour de la plate-forme. D'un diagnostic difficile et détecté auprès de personnes n'ayant jamais voyagé en zone endémique, il est probablement provoqué par l'arrivée de moustiques voyageant accidentellement dans les avions. Depuis la première description du paludisme d’aéroport en 1977, 71 cas ont été publiés en Europe, dont 24 en France métropolitaine. Dans 18 cas, l’aéroport incriminé était Paris-Charles-de-Gaulle,.",fra,fra,"[15662.0, 4507.0, 3403.0, 74388.0, 15537.0, 5771.0, 40669.0, 7483.0, 5283.0, 26501.0, 6821.0, 22608.0, 8264.0, 11700.0, 10562.0]"
"Le cinéaste Jean Delannoy fut entarté par Noël Godin le 25 septembre 1988 à l'auditorium Shell de Bruxelles, où il était venu présenter son film Bernadette. Dans le communiqué de presse envoyé par Godin aux médias après l'entartage, on peut lire : « Georges Le Gloupier aurait trouvé cornichon que son courroux pâtissier ne s'abatte pas aussi sur l'arrière-garde artistique des punaises de sacristie ». Il y eut peu d’échos médiatiques de cet entartage.",fra,fra,"[15631.0, 3752.0, 3206.0, 68978.0, 15781.0, 5588.0, 38221.0, 6698.0, 5209.0, 24355.0, 6648.0, 20518.0, 7589.0, 12141.0, 10348.0]"
"Dans le cadre des dispositions de la loi portant nouvelle organisation territoriale de la République (Loi NOTRe) du 7 août 2015, qui prévoit que les établissements publics de coopération intercommunale (EPCI) à fiscalité propre doivent avoir un minimum de 15 000 habitants, le préfet du Pas-de-Calais a publié le 12 octobre 2015 un projet de schéma départemental de coopération intercommunale qui prévoyait diverses fusion d'intercommunalité.",fra,fra,"[16354.0, 4622.0, 2624.0, 59894.0, 14672.0, 6166.0, 34242.0, 7158.0, 5643.0, 22169.0, 6886.0, 18791.0, 8781.0, 11753.0, 11231.0]"
"Le jury du prix littéraire Élisabeth Langgässer, qui lui a été attribué le 26 février 2012, a justifié son choix en disant que l’auteur aborde le judaïsme d'une manière chaleureuse et va chercher ce qui y est caché. Elle montre que le pouvoir du Mal n’a pas pu tout détruire, dit Irina Wittmer, qui voit en outre un parallèle avec l’histoire de la vie et de la famille d'Élisabeth Langgässer, marquée elle aussi par les irrationalités et les illusions du XXe siècle. Le critique culturel Thomas Koch, lui aussi membre du jury, a beaucoup apprécié les relations constantes avec la biographie de l’auteur et a qualifié son travail de prose sans fioriture, allégée, mais qui n’en reste pas moins très poétique.",fra,fra,"[22334.0, 5312.0, 4622.0, 97155.0, 35134.0, 8126.0, 53603.0, 10014.0, 7501.0, 33559.0, 11748.0, 29224.0, 9789.0, 16506.0, 13791.0]"
"Les années 1995-2008 voient une nette domination du championnat par trois clubs qui remportent les quatorze titres de champion de France décernés après le passage au professionnalisme. Si le Stade toulousain remporte quatre titres consécutifs de 1994 à 1997, la fin des années 1990 voit le retour au premier plan du Stade français qui, sous l'impulsion de son président Max Guazzini, remporte le bouclier de Brennus en 1998 et met fin à l'hégémonie toulousaine. Quatre autres titres suivront jusqu’en 2007. Le club parisien partage cette suprématie du début des années 2000 avec le Biarritz olympique, vainqueur à deux reprises du championnat en 1935 et 1939, mais qui en remporte trois en 2002, 2005 et 2006. Le Stade toulousain reste néanmoins au premier plan en étant champion en 2001 et en remportant la Coupe d'Europe en 2003, en 2005 et en 2010 (victoires obtenues lors de finales 100 % françaises contre l'USA Perpignan, le Stade français et le Biarritz olympique).",fra,fra,"[37436.0, 10844.0, 7964.0, 157839.0, 36329.0, 14612.0, 89710.0, 17964.0, 14764.0, 56989.0, 16591.0, 47907.0, 20215.0, 29156.0, 26411.0]"
"Initialement connu par son surnom Marto, l'animateur adopte le pseudonyme Marto Napoli en 2003 après avoir piégé Jean Gravel, le chroniqueur de la page mondaine du Journal de Québec, qui publie un canular dans lequel Marto annonce une prétendue « conférence explicative latino tropicale » et une « initation » à la « dégustation de kiwis ».",fra,fra,"[10545.0, 2322.0, 2260.0, 48829.0, 10259.0, 3580.0, 27814.0, 4410.0, 3391.0, 17917.0, 4421.0, 15253.0, 5489.0, 7981.0, 7221.0]"
"Il est nommé par le comité d'instruction publique et le ministre de l'Intérieur Jules François Paré, le 28 août 1793, comme membre de la Commission pour la conservation des monuments des arts et des sciences crée en 1792 par la Convention qui comprend Monge, Berthollet, Vauquelin, Vicq-d'Azir, Barbier. Cette commission va sauver des monuments et des œuvres. À Paris et dans les environs, il va, avec ses collaborateurs, s'opposer au vandalisme dans la basilique de Saint-Denis, le château de Praslin, le château d'Écouen, le château de Marly, avec toutes les œuvres qu'ils contiennent et un grand nombre de collections privées.",fra,fra,"[20813.0, 5650.0, 4233.0, 88467.0, 20755.0, 7983.0, 49274.0, 9195.0, 7384.0, 31352.0, 9346.0, 26502.0, 10411.0, 16245.0, 14607.0]"
"On peut remarquer que les hypothèses sont légèrement redondantes. En effet, d'après le théorème de l'invariance du domaine, si U est un ouvert non vide de ℝn et f : U → ℝm une injection continue, et si m ≤ n, alors m = n, f(U) est ouvert, et f est un homéomorphisme entre U et f(U).",fra,fra,"[12117.0, 4357.0, 2339.0, 49346.0, 12007.0, 5349.0, 26058.0, 6869.0, 5022.0, 17069.0, 5827.0, 14499.0, 6442.0, 9185.0, 7768.0]"
"La datation de la bataille reste problématique. Polybe qualifie Lucius Caecilius Metellus Denter de Στρατηγός / strategos, ce qui pourrait correspondre au consul romain, fonction que Metellus occupe en 284 av. J.-C. Toutefois, il n'est fait aucune mention sur des documents telles que les Fasti Capitolini du fait qu'un consul en exercice ait trouvé la mort au combat, comme c'est le cas pour le consul Caius Flaminius en 217 av. J.-C. D'autres sources qualifient Metellus de praetor, ce qui placerait la bataille en 283 av. J.-C. Selon une dernière hypothèse, l'expédition quitte Rome durant le consulat de Lucius Caecilius mais la saison de campagne s'achève sans que les négociations aient abouti. Le général romain prend ses quartiers d'hiver en Étrurie. L'offensive gauloise n'interviendrait qu'après l'hiver, à la fin du mandat de consul de Metellus. Ce dernier étant le mieux placé pour repousser l'attaque, il aurait été nommé proconsul ou élu praetor in absentia afin de mener à bien la campagne militaire. Metellus aurait alors affronté les Gaulois dans les premiers mois de 283 av. J.-C.",fra,fra,"[40503.0, 11490.0, 7847.0, 152266.0, 38956.0, 16181.0, 89153.0, 18929.0, 14938.0, 56054.0, 18750.0, 48228.0, 20011.0, 31270.0, 26004.0]"
"Il est également possible de motoriser une vanne manuelle avec un actionneur portable pour améliorer le confort de manœuvre des opérateurs mais également en cas d'absence d'énergie disponible (vannes isolées). Dans ce cas, il existe des actionneurs portables pneumatique, électrique sur batterie ou thermique (à essence).",fra,fra,"[7621.0, 1890.0, 1531.0, 37202.0, 8707.0, 2513.0, 22096.0, 3364.0, 2324.0, 13528.0, 3454.0, 11647.0, 3912.0, 5680.0, 5206.0]"
"En 1817, les cultivateurs du village se cotisèrent afin d'acheter une pompe à incendie et un local dédié, première marque de l'existence d'un corps de sapeur-pompiers à Roissy. Le nouveau maire élu en 1819, Poiret, gendre du maire précédent Ducrocq, fit restituer à la commune par un long rapport une section du cadastre de soixante-six hectares dénommée « Canton retranché », injustement attribuée à la commune voisine du Tremblay. Cette restitution fut prononcée par l'ordonnance royale du 13 mars 1822. En 1822, la municipalité fit replanter 310 ormes pour remplacer les bois abattus durant le rigoureux hiver 1794.",fra,fra,"[21846.0, 5762.0, 4590.0, 97402.0, 21588.0, 7850.0, 54917.0, 9670.0, 7583.0, 35913.0, 9267.0, 30747.0, 11207.0, 16971.0, 14973.0]"
La tumeur de Wilms ou néphroblastome représente plus de 90 % des tumeurs du rein chez l'enfant. Cette maladie cancéreuse est responsable de 5 à 14 % des cancers de l'enfant. Il est très différent du cancer du rein chez l'adulte.,fra,fra,"[8775.0, 2487.0, 1594.0, 34822.0, 8213.0, 3444.0, 19745.0, 4101.0, 3107.0, 13654.0, 3745.0, 11399.0, 4599.0, 6293.0, 5879.0]"
"À la fin des années 1950, les responsables d'Aéroports de Paris prévoyaient à juste titre une expansion considérable du trafic aérien et la rapide saturation des plates-formes du Bourget et d'Orly. Le gouvernement de l'époque voyait également l'agglomération parisienne atteindre les quinze millions d'habitants en l'an 2000, compte tenu des taux de croissance démographiques d'alors. La construction d'un nouvel aéroport s'imposait. Cette infrastructure se devait d'être située suffisamment loin de Paris et des communes urbaines au vu des nuisances acoustiques engendrées, surtout avec la vision des années 1960 d'un important trafic supersonique, mais en même temps rester assez accessible afin de limiter la longueur des réseaux routiers et ferroviaires de desserte. À fortiori, il devait se situer dans un secteur où les coûts d'expropriation restaient compatibles avec le budget alloué.",fra,fra,"[24076.0, 6228.0, 5221.0, 120241.0, 26050.0, 8457.0, 64434.0, 11159.0, 8187.0, 41610.0, 11154.0, 35848.0, 12640.0, 18144.0, 17176.0]"
"La formule change sensiblement pour le championnat 1987-1988 avec 80 clubs groupés en seize poules de cinq. Les deux premiers de chaque poule, soit 32 clubs, participent ensuite à une deuxième phase de qualification (appelée Groupe A) comprenant quatre poules de huit dont les quatre premiers (soit seize clubs) participent à des huitièmes de finale disputés par matchs aller - retour. Les tours suivants sont disputés par élimination directe sur un match. Cette formule n'est conservée que jusqu'à la saison 1989-1990.",fra,fra,"[15940.0, 4303.0, 3359.0, 73698.0, 16461.0, 5415.0, 42355.0, 7730.0, 5738.0, 27411.0, 7170.0, 23662.0, 8160.0, 12373.0, 10844.0]"
Notices dans des bases relatives au sport : All-Athletics.com • Association européenne d'athlétisme • Association internationale des fédérations d'athlétisme • Ligue de diamant,fra,fra,"[4893.0, 1573.0, 1020.0, 18544.0, 5310.0, 2105.0, 10530.0, 2456.0, 1992.0, 7031.0, 2257.0, 5757.0, 2665.0, 3833.0, 3439.0]"
"Fontaine, avenue Charles-de-Gaulle, à proximité de l'église : Aménagée en 1987, elle s'appuie sur un mur de moellons d'une quinzaine de mètres de longueur et représente la gourde et les coquilles, symbolisant les pèlerins de Saint-Jacques-de-Compostelle. Néanmoins, le village ne figure sur aucun itinéraire connu de ce pèlerinage.",fra,fra,"[12148.0, 3165.0, 2470.0, 53144.0, 12002.0, 4566.0, 28932.0, 5377.0, 4117.0, 18931.0, 5079.0, 15528.0, 6230.0, 9688.0, 8458.0]"
"Au moins la moitié des patients atteints de la tumeur de Wilms et porteurs d'une mutation sur le gène WT1 sont également porteurs de mutations de CTNNB1, le gène codant la bêta-caténine.",fra,fra,"[7184.0, 1934.0, 1395.0, 27963.0, 6957.0, 2816.0, 15310.0, 3390.0, 2464.0, 9970.0, 2932.0, 8636.0, 3866.0, 5430.0, 4858.0]"
"Le chien d'Artois est avant tout un chien de chasse utilisé comme chien courant ou comme chien d'arrêt. Il s'agit d'un excellent compagnon du chasseur à tir ou à courre. Le chien d'Artois est réputé pour la chasse au lièvre, mais il peut chasser le chevreuil, le sanglier et le lapin. Chassant à vitesse moyenne mais très endurant, le chien d'Artois est doté d'un excellent odorat et d'une belle voix aigüe qui porte loin.",fra,fra,"[13456.0, 3247.0, 2819.0, 66860.0, 14233.0, 4287.0, 36263.0, 5675.0, 4078.0, 23253.0, 6307.0, 19397.0, 6761.0, 10299.0, 9804.0]"
"Pour la saison de Formule 1 2016, le moteur hybride RE16 fourni par Renault à l'écurie Red Bull pour sa RB12 est badgé « TAG Heuer ». Le moteur TAG Heuer signe sa première victoire avec le Néerlandais Max Verstappen au Grand Prix d'Espagne. L'Australien Daniel Ricciardo remportera également le Grand Prix de Malaisie. L'équipe Red Bull-TAG Heuer termine deuxième du championnat du monde des constructeurs, derrière Mercedes Grand Prix.",fra,fra,"[13225.0, 4009.0, 2941.0, 54661.0, 14630.0, 5601.0, 30567.0, 6829.0, 5401.0, 19468.0, 6047.0, 16619.0, 7335.0, 10790.0, 9358.0]"
"Roissy comptait 164 logements HLM soit 18,6 % du parc en 1999 (23,4 % dans la région), valeur qui avait plus que doublé depuis le recensement de 1990. En outre le nombre de logements vacants était plus faible en 1999 que dans la région avec 7,5 % du parc contre 8,1 % en Île-de-France.",fra,fra,"[11264.0, 3418.0, 2522.0, 51084.0, 11444.0, 4246.0, 28454.0, 5716.0, 4196.0, 18495.0, 5163.0, 15691.0, 6163.0, 8422.0, 7873.0]"
"En 2002, le Micrograph F1, descendant du Mikrograph de 1916, remporte le prix de la Montre design au Grand Prix d’Horlogerie de Genève. Le Micrograph F1 est le premier chronographe poignet, automatique mécanique qui mesure les temps au 1/100e de seconde. Cette même année, la société sponsorise l’équipe Oracle BMW, avec Chris Dickson et Peter Holmberg, pour la Coupe de l'America. Pour commémorer ce partenariat, TAG Heuer offre aux fervents de courses nautiques une édition limitée du chronographe Link Searacer Oracle porté par les membres de l’équipe.",fra,fra,"[19084.0, 5179.0, 3964.0, 71974.0, 19793.0, 6935.0, 41384.0, 8348.0, 6632.0, 26869.0, 8132.0, 23810.0, 9504.0, 13982.0, 12572.0]"
"En 2007, le projet de construction d'un vaste centre commercial, au sud de la plate-forme aéroportuaire sur la zone de fret, divise et provoque la polémique parmi les habitants et les élus locaux. Baptisé « Aéroville », ce centre commercial géant de près de cinq hectares de surface (49 986 m2) dessiné par l'architecte Christian de Portzamparc, doit sortir de terre en 2008 pour une ouverture en 2013. D'un coût estimé à 270 millions d'euros, il devrait accueillir une grande surface Auchan « nouveau concept », des boutiques haut de gamme, mais également des services non marchands comme une antenne postale, une garderie ou une salle de sport, ainsi qu'un parking de 4 700 places. L'ensemble sera dissimulé par une toiture « ondulante comme un manteau » selon l'architecte et encadré d'un jardin paysager et d'une coulée verte. D'après son concepteur, Unibail, il est conçu pour attirer les touristes dans des boutiques de luxe et les employés de la plate-forme, qui souffrent d'un déficit commercial et de services. Cependant, vu la saturation actuelle des voies d'accès routières à l'aéroport, le risque d'accroissement exponentiel des problèmes de circulation est dénoncé. De plus les petits commerçants estiment que le projet « transformera les centres-villes des environs en ghettos », le commerce local ne pouvant survivre à cette nouvelle offre. En effet, celle-ci s'additionne à une sur-représentation dans le secteur des grandes surfaces, en particulier au nord de la Seine-Saint-Denis (Parinor, Paris-Nord II au sud, centre commercial de Claye-Souilly à l'est),.",fra,fra,"[47230.0, 11676.0, 9672.0, 229537.0, 49316.0, 15395.0, 127056.0, 20385.0, 15062.0, 81268.0, 20572.0, 69761.0, 24167.0, 35125.0, 32402.0]"
"L’EuroVelo 4 (EV 4), également dénommée « la route de l'Europe centrale », est une véloroute EuroVelo faisant partie d’un programme d’aménagement de voie cyclable à l’échelle européenne. Longue de 4 000 km elle relie Roscoff en France à Kiev en Ukraine, l’itinéraire traverse ainsi l'Europe en passant par successivement sept pays, la France, la Belgique, les Pays-Bas, l'Allemagne, la République tchèque, la Pologne et l'Ukraine.",fra,fra,"[16295.0, 4603.0, 2964.0, 61498.0, 17478.0, 5925.0, 37217.0, 7281.0, 5733.0, 22705.0, 7350.0, 19015.0, 7947.0, 11282.0, 10202.0]"
"Aux quatre clubs qualifiés à la suite du quatrième tour se joignent les clubs professionnels éliminés en quarts de finale de la Coupe de France : Lens, Nice, le Red Star et Rouen.",fra,fra,"[5345.0, 1227.0, 1009.0, 22740.0, 5111.0, 1796.0, 12617.0, 2242.0, 1833.0, 8230.0, 2117.0, 7145.0, 2505.0, 4103.0, 3499.0]"
"Pendant la Seconde Guerre mondiale, Joan Aiken travaille successivement à la BBC et à la bibliothèque du centre d'information des Nations unies.",fra,fra,"[3493.0, 1013.0, 746.0, 15034.0, 3618.0, 1391.0, 8259.0, 1725.0, 1347.0, 5332.0, 1611.0, 4744.0, 1897.0, 2739.0, 2426.0]"
"Mais loin de calmer les esprits, la contestation grandit et devint nationale, les médias se répartissant entre « pro » et « anti », souvent selon leur appartenance politique. Le plus grand reproche fait à l'État était le manque de transparence et l'absence d'information. Ainsi au début des années 1970, l'administration imposait des contraintes architecturales strictes au nom de la préservation du site et laissait se vendre des terrains à bâtir, pour refuser ensuite les permis de construire, alors que la construction de l'aéroport était déjà prévue depuis une dizaine d'années.",fra,fra,"[14363.0, 3529.0, 3216.0, 76160.0, 15674.0, 4860.0, 40894.0, 6373.0, 4534.0, 27449.0, 7252.0, 23021.0, 7095.0, 10627.0, 9531.0]"
"L'entartage d'Hélène Rollès en février 1995 ne sera pas réalisé par Noël Godin mais par des complices féminines. Lors d'un concert, deux entarteuses réussissent à se cacher sous la scène. Au moment où Hélène commence sa première chanson, une entarteuse se glisse vers elle et lui envoie sa tarte à la figure en s'écriant : « Entartons, entartons Hélène et les Garçons ! ». Les entarteuses affirmeront avoir ensuite été battues par l'équipe technique.",fra,fra,"[14721.0, 3416.0, 3049.0, 68448.0, 15581.0, 5079.0, 38251.0, 6436.0, 4706.0, 23691.0, 5976.0, 20737.0, 6881.0, 11378.0, 9185.0]"
"Michel Debré s'est attaché à moderniser l'État et les institutions lorsque le besoin s'en faisait sentir. Mécontent du système de recrutement de la haute fonction publique, où chaque ministère organisait son propre concours, il élabore ainsi en 1945 le projet d'École nationale d'administration, qu'il crée et dont il contribue à recruter la première promotion. Il réforme également la Justice en 1958.",fra,fra,"[11548.0, 2935.0, 2539.0, 54883.0, 11412.0, 4115.0, 29676.0, 5337.0, 3878.0, 19453.0, 5312.0, 16219.0, 5300.0, 8691.0, 7437.0]"
(ru) Cet article est partiellement ou en totalité issu de l’article de Wikipédia en russe intitulé « Шорский национальный парк » (voir la liste des auteurs).,fra,fra,"[8562.0, 3038.0, 863.0, 15614.0, 6129.0, 4369.0, 9616.0, 4376.0, 3754.0, 6780.0, 7490.0, 5487.0, 4065.0, 5960.0, 4334.0]"
"En 1836, une nouvelle mairie fut édifiée, comprenant les écoles et les logements des instituteurs. En 1852, les enfants du village furent inscrits pour recevoir l'éducation primaire gratuite : 81 garçons et 12 filles en bénéficient. La même année, l'ancien cimetière paroissial entourant l'église fut désaffecté et remplacé par l'actuel cimetière.",fra,fra,"[10468.0, 2881.0, 2332.0, 49618.0, 10554.0, 3722.0, 28297.0, 5011.0, 3662.0, 19447.0, 4769.0, 17052.0, 5412.0, 8021.0, 7161.0]"
"En 1989, TAG Heuer devient le chronométreur officiel de la coupe du monde de ski alpin aux États-Unis et au Canada. Dans les années 1990, le chiffre d'affaires est multiplié par cinq en quelque temps.",fra,fra,"[7370.0, 2063.0, 1475.0, 28682.0, 7597.0, 2821.0, 16499.0, 3415.0, 2660.0, 11557.0, 3329.0, 10761.0, 3695.0, 5345.0, 4710.0]"
"Cependant, le plan masse et le profil de l'édifice est fortement remanié afin que ce dernier soit plus monumental. Il double sa hauteur, devenant par conséquent un immeuble de grande hauteur et accroit de 50 % la population attendue. Les autres tours sont supprimées. Il constitue le « signal urbain » du Nord-Loire, répondant à la Cité Radieuse édifiée par Le Corbusier sur la commune de Rezé sur l'autre rive du fleuve.",fra,fra,"[12255.0, 2862.0, 2433.0, 62054.0, 13136.0, 4094.0, 34085.0, 5367.0, 3840.0, 21790.0, 5403.0, 19062.0, 5978.0, 9088.0, 8303.0]"
"Le Sillon de Bretagne est un immeuble de grande hauteur situé à Saint-Herblain, commune limitrophe de Nantes, en France. Cet immeuble est la plus grande HLM de l'ouest de la France, constituant un quartier à lui seul. Construit de 1970 à 1974 à la suite d'une initiative d'associations et ceci malgré l'avis défavorable du maire Michel Chauty (maire de Saint-Herblain de 1959 à 1977), il a fait l'objet d'importants travaux de réhabilitation qui ont pris fin en 2014.",fra,fra,"[17030.0, 4821.0, 3567.0, 76695.0, 16990.0, 6184.0, 43625.0, 8090.0, 6231.0, 27882.0, 7317.0, 23482.0, 9334.0, 12573.0, 12140.0]"
"Cette popularité se voit par les délocalisations à l'étranger : en 2011, pour un quart de finale de H-Cup opposant l'USAP au RC Toulon, le match fut joué à Barcelone, au stade olympique de Montjuic. Ce fut une réussite populaire et sportive, le stade étant complet, les 55 000 spectateurs ayant pu voir l'Usap s'imposer 29-25 et se qualifier pour les demi-finales de l'épreuve.",fra,fra,"[13578.0, 3618.0, 2877.0, 61586.0, 13859.0, 4880.0, 35087.0, 6417.0, 4899.0, 22680.0, 6218.0, 19952.0, 7050.0, 10443.0, 9136.0]"
"Des raisons de santé, le contraignent à cesser son épiscopat et à se retirer en 1841 dans l'hôtel Lanjamet-Vaucouleurs à Dinan, avec ses sœurs Constance et Anne.",fra,fra,"[6754.0, 1792.0, 1327.0, 27194.0, 6644.0, 2723.0, 14842.0, 2988.0, 2412.0, 10171.0, 2917.0, 8355.0, 3341.0, 5380.0, 4533.0]"
"Environ 200 appartements ont été supprimés afin d'être : soit transformés sous formes de bureaux ou d'équipements publics, soit tout simplement détruits afin de permettre notamment la création entre l'avenue de l'Angevinière et le parc du Sillon, d'un passage bordé de deux bâtiments abritant un « pôle petite enfance » et une médiathèque.",fra,fra,"[9720.0, 2571.0, 2077.0, 48410.0, 10273.0, 3336.0, 26284.0, 4438.0, 3274.0, 16946.0, 4116.0, 14211.0, 5062.0, 7661.0, 6806.0]"
"Après le passage au parlant, il apparaît encore dans quelques films, dont Le Club des trois de Jack Conway (1930, avec Lon Chaney et Lila Lee) et Le Signe de la croix de Cecil B. DeMille (1932, avec Fredric March et Charles Laughton), son dernier tournage.",fra,fra,"[10043.0, 2941.0, 2183.0, 32876.0, 8360.0, 4223.0, 18975.0, 4512.0, 3816.0, 12872.0, 4284.0, 10778.0, 4982.0, 7513.0, 6824.0]"
"Il suit les cours de l'École de peinture ouverte à Dijon par le statuaire François Devosge. En 1778, il gagne le premier prix et est couronné par le prince de Condé. En 1779, n'ayant pu remporter le prix de Rome fondé par l'école, il va à Paris avec ses condisciples et amis Pierre-Paul Prud'hon et Claude Ramey avec une recommandation de M. de Joursauvault au graveur Jean-Georges Wille.",fra,fra,"[15454.0, 4396.0, 2968.0, 60014.0, 14486.0, 6273.0, 34627.0, 6879.0, 5920.0, 21227.0, 6985.0, 17567.0, 7886.0, 12494.0, 10862.0]"
"« Les Dix signes, qui précèdent l’arrivée du messie, se rattachent par leur genre littéraire au livre de Zorobabel, et sont également écrits dans le style apocalyptique. Ils reposent sur de très anciens récits de la nation juive, qui revivent périodiquement en temps de nécessité et de misère. Armitus est ici explicitement identifié à l’Antichrist, ce qui n’est pas encore le cas dans le Livre de Zorobabel ni dans le Midrash wa-Yosha. Notre recension est empruntée à l’ancienne collection d’opuscules Avkat Rôkhel, éd. Amsterdam, p. 2 ss. La collection de petites hagadot éditée d’après le Constantin. 1519 contient également un texte appelé Signes du messie (en note : Je n’ai cependant pas vu ce texte. – D’autre part dans le codex 17 de la Bibliothèque communale de Leipzig se trouve une recension plus courte des Signes du messie, avec le sous-titre : J’ai copié les Signes du messie depuis les midrash de Rav Hay Gaon. Cf. Kerem Chemed, VIII 101.) »",fra,fra,"[37629.0, 10002.0, 7097.0, 134119.0, 46788.0, 16602.0, 74118.0, 16700.0, 13583.0, 47569.0, 21008.0, 41065.0, 18036.0, 30202.0, 24387.0]"
"Les principaux partenaires officiels pour le Top 14 sont : Orange, Société générale, Canal+, PMU, GMF, Mercure, Les opticiens mutualistes, La Poste, L'Équipe et Midi olympique.",fra,fra,"[6421.0, 1517.0, 1224.0, 24131.0, 5660.0, 2397.0, 13678.0, 2648.0, 2184.0, 8999.0, 2445.0, 7528.0, 3305.0, 4912.0, 4369.0]"
"(en) Jeffrey S Dome, Vicki Huff, Wilms Tumor Overview In GeneTests: Medical Genetics Information Resource (database online). Copyright, University of Washington, Seattle. 1993-2006 [2]",bul,fra,"[9919.0, 4286.0, 2729.0, 7334.0, 6397.0, 5829.0, 6973.0, 5495.0, 5033.0, 5623.0, 3904.0, 4379.0, 5399.0, 7662.0, 6409.0]"
"Le tunnel de Meyssiez est un tunnel ferroviaire français de la LGV Rhône-Alpes, situé sur le territoire des communes de Meyssiez et de Cour-et-Buis dans le département de l'Isère.",fra,fra,"[7708.0, 2127.0, 1238.0, 25860.0, 6886.0, 3235.0, 14907.0, 3364.0, 2855.0, 9318.0, 2863.0, 7672.0, 4140.0, 6125.0, 5385.0]"
"Dès sa réalisation, le Sillon de Bretagne souffre de sa démesure. Les problèmes sociaux, les relations difficiles entre locataires et bailleur issues notamment des fortes charges d'entretien de l'immeuble engendrent dès 1983 l'intervention de l'État au titre de sa politique """"Habitat et vie sociale"""". L'immeuble est alors dédensifié, en consacrant les étages 16 à 28 (inclus) à des bureaux. De même, l'immeuble est équipé de nouveaux ascenseurs extérieurs modifiant notablement le profil de l'immeuble afin d'assurer de meilleures circulations.",fra,fra,"[15423.0, 3810.0, 3322.0, 79579.0, 16640.0, 4857.0, 43689.0, 7082.0, 4884.0, 28194.0, 6599.0, 23934.0, 7804.0, 11406.0, 10587.0]"
"La commune est limitée par Habřina, Holohlavy et Černožice au nord, par Vlkov et Smržov à l'est, par Skalice et Lochenice au sud, et par Sendražice et Račice nad Trotinou à l'ouest.",fra,fra,"[16156.0, 3765.0, 1729.0, 22410.0, 12030.0, 6309.0, 15079.0, 5801.0, 5229.0, 9550.0, 9656.0, 7979.0, 6411.0, 10320.0, 7974.0]"
"La personnalité jouit d'une grande validité perçue (50 % des cadres en France ont subi un test de personnalité lors de leur dernier recrutement), mais la validité réelle de la personnalité comme prédicteur de la réussite est nulle ou faible.",fra,fra,"[6610.0, 1524.0, 1300.0, 31704.0, 6333.0, 2037.0, 18189.0, 2876.0, 1874.0, 12016.0, 2710.0, 10839.0, 3160.0, 4891.0, 4274.0]"
"En 1996, la société réintroduit la TAG Heuer Carrera, en 1998, la Monaco et, en 2001, la Monza. En 1999, elle présente sa série Link, une évolution du design S/el,. En 2003, ce sera le tour de l'Autavia – portée dans les années 1960 par le pilote suisse de Formule 1 Jo Siffert. Revues et modernisées par l’ajout de nouvelles fonctions, ces montres restent fidèles à l’esprit des pièces originales et à l’héritage de la marque.",fra,fra,"[17048.0, 5086.0, 3784.0, 67403.0, 18250.0, 6380.0, 40745.0, 8097.0, 6107.0, 26618.0, 7690.0, 23855.0, 8412.0, 12314.0, 11206.0]"
(en) Cet article est partiellement ou en totalité issu de l’article de Wikipédia en anglais intitulé « NASA Astrobiology Institute » (voir la liste des auteurs).,fra,fra,"[6320.0, 2691.0, 1036.0, 15864.0, 5599.0, 3657.0, 9733.0, 3956.0, 3273.0, 6792.0, 3076.0, 5680.0, 3584.0, 5332.0, 4148.0]"
"Il découvrit ou codécouvrit quelques comètes, dont les comètes périodiques 23P/Brorsen-Metcalf et 97P/Metcalf-Brewington. Il découvrit également plusieurs astéroïdes.",fra,fra,"[8701.0, 3086.0, 1571.0, 23536.0, 7399.0, 3844.0, 14155.0, 4134.0, 3487.0, 9654.0, 3709.0, 7624.0, 4423.0, 6772.0, 5676.0]"
"2014 : La Parade du Président Salengro à Toulouse pour célébrer l'annexion de l'Occitanie à Groland, Carnets filmés de Gérard Courant - un participant de la parade.",fra,fra,"[5629.0, 1908.0, 1312.0, 23287.0, 5656.0, 2653.0, 12882.0, 3031.0, 2533.0, 8479.0, 2538.0, 7225.0, 3339.0, 4773.0, 4188.0]"
"En moyenne, il gèle sous abri 48 jours par an avec 6 jours sans dégel. Le nombre moyen de jours où la température dépasse 25 °C est de 40, dont 8 au-delà de 30 °C. Le brouillard, c'est-à-dire une visibilité inférieure à 1 kilomètre, est constaté en moyenne 41,3 fois par an depuis 1974. Enfin, la vitesse maximale du vent s'établit à 148 km/h, relevée le 3 février 1990 à Roissy-en-France, mois qui fut par ailleurs le plus venteux,. Les vents dominants sont de secteurs ouest à 60 % et est à 40 %. À noter que cette donnée est particulièrement importante pour le fonctionnement de l'aéroport et pour la propagation des nuisances aériennes subies par les riverains, notamment car elle détermine le sens de décollage et d'atterrissage des avions, toujours effectués face au vent dominant pour assurer un maximum de portance.",fra,fra,"[27778.0, 8619.0, 5602.0, 130622.0, 29555.0, 11070.0, 73143.0, 13925.0, 10278.0, 47584.0, 13276.0, 40425.0, 15232.0, 21867.0, 19476.0]"
"La scène fut filmée et diffusée, notamment par Coluche et Pierre Desproges, qui fit un commentaire acerbe de la réaction de BHL, déclarant qu'il y illustrait « la vraie nature des cuistres ».",fra,fra,"[6418.0, 1485.0, 1362.0, 30007.0, 6369.0, 2308.0, 16935.0, 2880.0, 2114.0, 10600.0, 2704.0, 9604.0, 3088.0, 4997.0, 4090.0]"
"Musée d'art contemporain de Ashdod (2016), Musée d'art de Tel Aviv (2013-2014), Musée d'art contemporain de Marseille et le Festival des arts éphémères, Marseille Capitale culturelle européenne (MP13), 2013, École des Beaux Arts de Marseille, 2012, Galerie d'Architecture ZeZeZe a Tel Aviv (2008), École supérieure des Beaux Arts de Montpellier (2007), Maison des Artistes à Tel Aviv (2006), Musée d'Art Contemporain d'Herzliya (2005), CRAC (Centre Régional d'Art Contemporain) de Montbéliard (2003), Centre Culturel Juif-Arabe Beit HaGefen à Haïfa (2000), École Nationale des Beaux Arts de Lyon (2000), Cittadellarte (en)/Fondation Pistoletto à Biella (1999, 1998), MAC Marseille (2013, 1998-1999).",fra,fra,"[35775.0, 12789.0, 7533.0, 107898.0, 32855.0, 16400.0, 66010.0, 18215.0, 15755.0, 43247.0, 16088.0, 35491.0, 20692.0, 27162.0, 25373.0]"
"Plus tard, la comédie italienne reprit à la France, en le perfectionnant, ce que celle-ci lui avait emprunté, et les pièces de Molière passèrent pour la plupart, réduites à leur canevas, dans le répertoire mobile de la commedia dell’arte.",fra,fra,"[7688.0, 1878.0, 1487.0, 33433.0, 7048.0, 2666.0, 20709.0, 3245.0, 2470.0, 12065.0, 3430.0, 10320.0, 3387.0, 5645.0, 4874.0]"
"En 2015, la commune comptait 2 877 habitants, en augmentation de 4,62 % par rapport à 2010 (Val-d'Oise : +3,14 %, France hors Mayotte : +2,44 %).",fra,fra,"[11526.0, 4143.0, 1711.0, 29646.0, 9462.0, 5346.0, 19208.0, 5870.0, 4825.0, 13393.0, 4636.0, 11948.0, 6172.0, 8379.0, 7289.0]"
"En mai 1993, le journaliste du journal de 20 heures de TF1 Alain Bévérini est entarté pendant l'interview de l'actrice américaine Holly Hunter. Noël Godin est arrêté mais relâché quelques heures plus tard, bien que Bévérini ait porté plainte pour voie de fait. En avril 2004, l'événement fut nommé par TF1 numéro 2 des « 100 plus grands scandales de la TV »,.",fra,fra,"[13807.0, 3538.0, 2749.0, 55953.0, 12697.0, 5019.0, 32088.0, 6138.0, 4736.0, 21125.0, 5678.0, 18103.0, 6848.0, 10557.0, 8898.0]"
"Le village est également évoqué dans l'œuvre de Jean Roba, dans le 19e album de la bande dessinée Boule et Bill intitulée « Globe-trotters », où certains personnages citent Roissy-en-France dans les dernières pages, évoquant sous ce seul nom l'aéroport international.",fra,fra,"[9248.0, 2316.0, 1770.0, 37593.0, 8866.0, 3434.0, 21272.0, 3946.0, 3066.0, 13505.0, 3802.0, 11345.0, 4626.0, 6857.0, 6090.0]"
"Les coûts étant de plus en plus élevés pour les états, les vigiles privés sont déployés, les entreprises de communications (fournisseurs d'accès internet ...) sont invitées à effectuer le prélèvement, et le stockage de l'information.",fra,fra,"[5766.0, 1401.0, 1257.0, 29983.0, 6587.0, 1953.0, 16197.0, 2596.0, 1795.0, 10643.0, 2615.0, 9464.0, 2904.0, 4454.0, 3866.0]"
"Entre 1919 et 1930, après un séjour de quelques mois à Beyrouth, elle s’installe à Paris, pour elle « patrie des lettres et des arts »[réf. nécessaire], afin que son fils y poursuive des études modernes. La famille ne revient au Liban, pendant ces onze années, que pour passer quelques étés entre Aley et Souk el-Gharb.",fra,fra,"[11216.0, 3247.0, 2369.0, 49892.0, 11239.0, 4782.0, 27288.0, 5457.0, 4161.0, 19927.0, 5133.0, 16972.0, 5901.0, 9431.0, 7738.0]"
"La formation de son nom provient d'une particularité au bord de la mer, ce sont des sources d'eau douce. Les Phéniciens, les Carthaginois et les Romains se sont installés à côté de ces sources d'eau douce. Ils ont pratiqué la pêche et le commerce du poisson dans toute la côte de l'Algarve.",fra,fra,"[8770.0, 2186.0, 1819.0, 43127.0, 8875.0, 2907.0, 24429.0, 3973.0, 2847.0, 15906.0, 3970.0, 14518.0, 4467.0, 6778.0, 5789.0]"
"Les Goncourt dans leur siècle : un siècle de « Goncourt », Villeneuve d'Ascq, Presses du septentrion, 2005 (codir. avec Jean-Louis Cabanès, Pierre-Jean Dufief et Robert Kopp)",fra,fra,"[7741.0, 2321.0, 1497.0, 27819.0, 7054.0, 3576.0, 15272.0, 3986.0, 3235.0, 10122.0, 3226.0, 8222.0, 4105.0, 6375.0, 5422.0]"
"Dans ce contexte de guerre ethnique et précisément au moment où l'agitation en faveur de Louis Riel s'amplifie, ces nominations ne sont pas très heureuses. Quand Mgr Taché obtient un sursis d'un mois pour permettre aux avocats de Louis Riel de porter sa cause en appel au Conseil privé, des émeutes contre la vaccination et la quarantaine éclatent. Les 28 et 29 septembre, la foule assiège le Bureau de santé du faubourg de l'Est et y met le feu. La foule va chahuter le Montreal Herald. On y brise les vitres et on va menacer les maisons des médecins vaccinateurs dont celle de l'ex-maire Hingston. Le chef de police est blessé; c'est le propriétaire du journal The Gazette, Richard White, qui demande l'intervention des troupes. Le maire Honoré Beaugrand, alité, souffrant d'asthme, court à son bureau et consigne 600 militaires. Dans une déclaration, il invite les citoyens à ne pas sortir le soir et à ne pas gêner l'action de la police.",fra,fra,"[28166.0, 6856.0, 5823.0, 134626.0, 28109.0, 10498.0, 70073.0, 12409.0, 9466.0, 46477.0, 12406.0, 40030.0, 13658.0, 21815.0, 18848.0]"
"La création de l'aéroport a profondément modifié la démographie et la sociologie de la commune : d'un village agricole, Roissy s'est transformé en commune de résidence d'employés aéroportuaires, ce qui explique cet important rajeunissement en parallèle à la mutation sociologique connue depuis les années 1970,.",fra,fra,"[9321.0, 2266.0, 1831.0, 41686.0, 8577.0, 3004.0, 23022.0, 3995.0, 2959.0, 14637.0, 4062.0, 12626.0, 4511.0, 6468.0, 6214.0]"
"Il joue pour les Reds de Cincinnati de 2001 à 2004. Par la suite, il s'aligne pour les Twins du Minnesota (2005), les Red Sox de Boston (2006), les Braves d'Atlanta (2007 et 2008) et les White Sox de Chicago (2009). Le 29 juin 2009, les White Sox l'échangent à Cincinnati en retour de Norris Hopper, un voltigeur. Miller conclut la saison avec son ancienne équipe, les Reds, et termine l'année avec 15 points produits, ce qui égale son plus haut total en une seule saison, établi en 2002. Aligné dans 32 matchs des Reds en 2010, il frappe pour ,243 avec 2 circuits.",fra,fra,"[21636.0, 8370.0, 5311.0, 86440.0, 20774.0, 10249.0, 48409.0, 12850.0, 10569.0, 32668.0, 9593.0, 28872.0, 12789.0, 18422.0, 16269.0]"
"Suivent notamment plusieurs réalisations de Cecil B. DeMille, dont L'Admirable Crichton (1919, avec Thomas Meighan et Gloria Swanson), Les Dix Commandements (1923, avec Theodore Roberts et Charles de Rochefort) et Le Roi des rois (1927, avec H. B. Warner et Dorothy Cumming).",fra,fra,"[12705.0, 3965.0, 2697.0, 33473.0, 9906.0, 5792.0, 20671.0, 5967.0, 5049.0, 14321.0, 5099.0, 11905.0, 6446.0, 9872.0, 8544.0]"
"Le saison 5 marque le changement le nom mais aussi de formule, fini les longues files d'attentes,le jury a au préalable choisit 10 candidats sur qui avait proposé leurs candidature sur internet. Cette saison 5 marque aussi la fin des directs, à la fin de chaque prime c'est le juges invités (cf. plus bas) qui doit sauver un candidat parmi les deux candidats ayant les plus mauvaises notes. L'after mis en place dans la saison 4 reste toujours en direct. Pour la finale, l'avis du jury est suggestif et ne compte pas ce sont les télespectateurs via SMS qui sont amenés à voté pour le gagnant qui sera révélé dans la dernière partie de l'émission qui sera en direct.",fra,fra,"[16201.0, 4072.0, 3796.0, 93916.0, 18199.0, 5454.0, 51392.0, 7340.0, 5182.0, 32006.0, 7307.0, 27511.0, 8941.0, 12724.0, 11513.0]"
"Corky Miller signe comme agent libre avec les Reds de Cincinnati en 1998. Il joue son tout premier match dans les majeures avec eux le 4 septembre 2001. Il réussit son premier coup sûr en carrière à Pittsburgh le 7 septembre face au lanceur des Pirates, Tony McKnight. Le 28 septembre, il frappe son premier circuit dans les majeures, aux dépens de Mike Thurman des Expos de Montréal. Le 3 octobre au Wrigley Field de Chicago, il connaît un match de deux coups de circuit contre les Cubs.",fra,fra,"[14433.0, 4626.0, 3174.0, 56676.0, 13341.0, 6033.0, 30657.0, 7442.0, 6308.0, 21410.0, 6105.0, 18847.0, 7973.0, 11629.0, 10546.0]"
"Par arrêté du 13 janvier 1964, le gouvernement décida la construction d'un nouvel aéroport. Celui-ci serait aménagé sur les terres agricoles du Pays de France, à 25 kilomètres au nord-est de la capitale. Du 10 juillet au 10 août de la même année eu lieu l'enquête d'utilité publique. La commission d'enquête émit un avis favorable le 30 octobre. L'aéroport occuperait une surface de 2 915 hectares pris sur le territoire de sept communes.",fra,fra,"[15415.0, 4426.0, 2948.0, 65355.0, 15116.0, 5694.0, 37292.0, 7352.0, 5580.0, 24050.0, 6947.0, 20354.0, 8025.0, 11795.0, 10612.0]"
"Une vanne peut être automatisée, par le biais d'un servomoteur (un élément assurant la conversion d'un signal de commande en mouvement de la vanne).",fra,fra,"[5040.0, 1262.0, 870.0, 21845.0, 4727.0, 1602.0, 11622.0, 2076.0, 1407.0, 7912.0, 2269.0, 6879.0, 2354.0, 3511.0, 3167.0]"
"Noël Godin affirme ne pas vouloir entarter les leaders de l'extrême droite comme Jörg Haider ou Jean-Marie Le Pen car il croit que cela pourrait rendre ces derniers plus sympathiques aux yeux de la population. Cependant, en avril 2002, Godin reçoit un coup de téléphone d'un de ses amis qui se trouve au Parlement européen de Bruxelles, et qui lui affirme que Jean-Marie Le Pen y sera à 17 heures ce jour-là pour y présenter les grands axes de son programme ; il affirme aussi qu'il peut faire entrer six entarteurs dans le bâtiment. Noël accepte l'idée d'entarter Le Pen mais refuse de le faire lui-même car il croit qu'il est trop connu et serait probablement démasqué. Finalement, six complices de Godin tentent d'entrer dans l'immeuble ; seulement deux réussissent, les autres étant arrêtés par les policiers. Peu avant le discours de Le Pen, une des entarteuses entrées téléphone à Godin et lui demande d'envoyer du renfort. Godin réussit à rassembler un groupe d'environ mille personnes ; un complice distribue aux cent premiers des bombes chantilly et des fonds de tartes (qui devaient servir à un précédent entartage). Le groupe, Noël Godin en tête, commence à marcher vers le Parlement européen. À un moment donné, Godin, qui ne se souvient plus de la route à prendre pour se rendre au Parlement, se perd. Personne dans le groupe ne connaissant le chemin, ils n'arriveront pas à temps au Parlement pour le discours de Le Pen. Godin et son groupe n'auront finalement rien manqué puisque Jean-Marie Le Pen, ayant appris que des entarteurs se trouvaient dans l'édifice, a annulé son discours. Les deux entarteurs déjà présents dans l'édifice réussiront quand même à entarter Jean-Claude Martinez, le porte-parole du Front National, en s'exclamant : « Entartons, entartons les xénophobes cochons ! ». Ils entartent aussi Karel Dillen, fondateur du Vlaams Blok belge.",fra,fra,"[52092.0, 12752.0, 11549.0, 263920.0, 59339.0, 18589.0, 140261.0, 24296.0, 17990.0, 90610.0, 23205.0, 80103.0, 25386.0, 42033.0, 33664.0]"
"La finale du championnat 1948-1949 présente la particularité d'avoir été disputée deux fois, le premier match s'étant terminé sur une égalité 3 partout , finalement c'est le Castres olympique qui remporte le titre aux dépens du Stade montois.",fra,fra,"[7896.0, 2105.0, 1586.0, 35171.0, 7873.0, 2785.0, 21152.0, 3816.0, 2834.0, 12794.0, 3568.0, 11159.0, 4091.0, 6239.0, 5256.0]"
"Depuis l'avènement du rugby professionnel et la création de la Ligue Nationale de Rugby en 1998, seuls trois clubs ont réussi à conserver leur titre : le Stade français en 2003-2004, le Biarritz olympique en 2005-2006 et le Stade toulousain en 2011-2012.",fra,fra,"[10475.0, 3463.0, 2305.0, 42270.0, 9922.0, 4356.0, 24222.0, 5333.0, 4370.0, 15315.0, 4598.0, 12868.0, 5767.0, 8207.0, 7417.0]"
"En 2009, Roissy possède deux écoles : l'école maternelle Saint-Exupéry - cinq classes (11, rue Dorval) et l'école primaire Jean-Mermoz - neuf classes (42, rue Houdart).",fra,fra,"[7122.0, 2226.0, 1456.0, 28402.0, 7009.0, 2912.0, 16433.0, 3478.0, 2785.0, 11832.0, 3073.0, 10229.0, 3961.0, 5685.0, 5122.0]"
"Le rugby se développe particulièrement en Aquitaine sous l'influence des échanges commerciaux avec l'Angleterre friande des vins de Bordeaux, les négociants en vin britanniques formant dans cette région une colonie vinicole et rugbystique. Le rugby s'y diffuse par la suite par l'arrivée d'étudiants et de fonctionnaires de la région parisienne, par l'influence de Philippe Tissié (1852-1935), promoteur du rugby dans l'éducation scolaire de la Ligue girondine d'éducation physique. Son enracinement dans le Sud-Ouest s'explique aussi grâce aux stations climatiques et sportives (Pau, Biarritz) où les aristocrates anglais font des cures hivernales. Les clubs de province sont autorisés à disputer le titre en 1899. Le championnat se joue alors entre le champion de Paris et celui des départements. Le Stade bordelais (SBUC) en profite aussitôt pour remporter son premier titre. En 1901, le SBUC gagne la finale à la régulière sur le score de 3 à 0. Mais l'USFSA annule le résultat et décide que la finale doit être rejouée à Paris, le Stade bordelais ayant en effet fait jouer trois joueurs irrégulièrement. Le SBUC refusant cette décision, le Stade français est déclaré vainqueur.",fra,fra,"[33106.0, 8728.0, 7452.0, 167194.0, 35238.0, 12023.0, 92917.0, 15335.0, 11761.0, 58917.0, 14943.0, 50520.0, 17011.0, 26255.0, 22980.0]"
"Joan Aiken, née le 4 septembre 1924 à Rye dans le comté du Sussex de l'Est en Angleterre et morte le 4 janvier 2004 à Petworth dans le comté du Sussex de l'Ouest, est une écrivaine anglaise célèbre pour ses nombreux écrits pour l'enfance et la jeunesse. Elle est la fille du poète américain Conrad Aiken et a comme sœur la romancière Jane Aiken Hodge (en).",fra,fra,"[13029.0, 4061.0, 2741.0, 42891.0, 11102.0, 5968.0, 24258.0, 6515.0, 5318.0, 15769.0, 5703.0, 13240.0, 6910.0, 10320.0, 8898.0]"
"En mai 1995, Noël Godin et son ami le cinéaste Jan Bucquoy se trouvent au festival de Cannes, et décident d'entarter le nouveau ministre de la Culture de France, Philippe Douste-Blazy. Godin et vingt complices décident de s'introduire dans l'Hôtel Carlton Cannes où Douste-Blazy doit conduire un bal. Mais, Douste-Blazy sort de l'hôtel. Godin et ses complices courent en direction du ministre, qui se trouve maintenant dans sa voiture. Deux complices (dont Jan Bucquoy) réussissent à entarter le ministre, en s'exclamant : « Entartons, entartons les ministres bouffons ! ». La voiture part ensuite en trombe toutes sirènes hurlantes oubliant la femme du ministre sur le trottoir. Jan Bucquoy sera arrêté et poursuivi pour l'entartage du ministre mais ultimement acquitté. Puisque aucune vidéo n'existe de cet entartage, certains médias français mettront plus tard en doute le fait même qu'il soit arrivé.",fra,fra,"[30932.0, 7231.0, 6276.0, 133340.0, 30147.0, 10882.0, 71911.0, 12968.0, 9915.0, 46752.0, 12410.0, 40284.0, 14190.0, 23008.0, 18902.0]"
"Après avoir échoué par trois fois en finale, le Stade montois remporte le titre pour la première (et seule) fois de son histoire en 1963. Cette victoire est acquise aux dépens de l'US Dax. C’est la première fois depuis 1934 qu’une finale oppose deux équipes du même département (les Landes). C’est aussi la troisième des cinq finales perdues de Dax.",fra,fra,"[10257.0, 2721.0, 2220.0, 51738.0, 11412.0, 3798.0, 28108.0, 4856.0, 3771.0, 17775.0, 4767.0, 15217.0, 5410.0, 8144.0, 7165.0]"
Le kumite individuel féminin moins de 55 kg est une épreuve sportive individuelle opposant dans un combat des karatékas féminines seniors pesant moins de 55 kg. Cette épreuve proposée en compétition officielle à compter de 2009 est inscrite au programme des championnats du monde de karaté depuis la vingtième édition disputée en 2010 à Belgrade.,fra,fra,"[10332.0, 3102.0, 2120.0, 43824.0, 10430.0, 3933.0, 25419.0, 5335.0, 4030.0, 16541.0, 4640.0, 14160.0, 5616.0, 8236.0, 7089.0]"
"Ce village, dont il ne reste que la ferme de Saint-André, à un kilomètre de Faverois, ne doit pas être confondu avec la ville d'Essert, près de Belfort, bien que l'origine du nom soit sans doute la même : une terre cultivable conquise sur la forêt. Au XVIIe siècle Saint-André possédait une église qui aurait existé déjà en 1274 et au minimum en 1466, date à laquelle y officiait un curé. Elle fut restaurée en 1606 mais menaçait ruine en 1749. À la fin du XVIIIe siècle il restait quatre familles d'anabaptistes et l'église avait disparu. Le hameau fait partie de la paroisse de Faverois. Dans les textes rédigés en allemand, Essert est germanisé en Schert",fra,fra,"[24922.0, 6184.0, 4930.0, 107014.0, 25728.0, 9097.0, 59789.0, 10856.0, 8510.0, 37006.0, 10858.0, 31392.0, 12091.0, 19177.0, 16403.0]"
"De retour en Amérique en décembre 1867, il choisit de s'établir aux États-Unis plutôt qu'au Québec. Il aurait habité très peu de temps New York, où il aurait été employé comme commis. Ensuite, en 1868 et 1869, il séjourne quelques mois à La Nouvelle-Orléans. Il affirme y avoir exercé le métier de pelleteur de charbon, « mais un grand nombre de sources soutiennent qu’il tâte aussi en ces années du journalisme et que c’est dans cette ville qu’il apprend les rudiments du métier ». Il aurait, selon les sources, été employé à La Renaissance louisianaise ou à L’Abeille, deux publications francophones de la Nouvelle-Orléans.",fra,fra,"[17607.0, 4876.0, 4051.0, 89601.0, 18747.0, 6888.0, 46612.0, 8923.0, 6623.0, 31843.0, 8431.0, 27372.0, 9182.0, 14537.0, 12242.0]"
"Anderson est un cratère d'impact sur la face cachée de la Lune. Le nom fut officiellement adopté par l'Union astronomique internationale (UAI) en 1970,,, en référence à John August Anderson (1876 - 1959),,. Il ne doit pas être confondu avec le cratère Andersson.",fra,fra,"[11686.0, 4178.0, 2057.0, 33977.0, 9259.0, 5075.0, 19963.0, 5606.0, 4824.0, 13904.0, 5145.0, 11970.0, 6352.0, 8645.0, 7949.0]"
"Le lundi 11 décembre 1969, Noël Godin et trois complices réussissent leur premier entartage. Godin, muni d'une fausse barbe et de lunettes (le nœud papillon et le smoking viendront plus tard), fait les cent pas dans la salle d'attente de l'université de Louvain où l'on va projeter le film de Marguerite Duras : Détruire, dit-elle. Cette dernière est entourée des organisateurs de l'événement et de quelques admirateurs. Au signal de son caméraman, Noël Godin déballe sa tarte à la crème et l'écrase sur le visage de Marguerite Duras. Cette dernière et les nombreux spectateurs de la scène restent stupéfaits ; cela permettra aux entarteurs de s'enfuir sans être rattrapés. Dans la tarte se trouvait un carton avec l'inscription : « Avec les compliments de Georges Le Gloupier. » Ne retrouvant pas ses esprits, l'écrivaine-cinéaste annulera la conférence-débat prévue à l'issue du film. Le lendemain, plusieurs médias rapporteront l'événement en première page, à la surprise de Noël Godin et sa bande. Aucune vidéo n'existe de cet entartage puisque le caméraman du groupe a raté les prises de vue.",fra,fra,"[32973.0, 7829.0, 7081.0, 161740.0, 35232.0, 11342.0, 87705.0, 14685.0, 10928.0, 56419.0, 14103.0, 48173.0, 16084.0, 25529.0, 21803.0]"
"Politica, Naçao et Ediçao. O lugar dos impressos na construçao da vida politica. Brasil, Europa e Americas nos seculos XVIII-XX, Sao Paulo, Annablume Editora, 2006 (codir. avec Eliana de Freitas Dutra)",por,fra,"[9132.0, 2651.0, 1503.0, 14016.0, 6038.0, 3984.0, 19042.0, 4082.0, 3122.0, 28121.0, 3986.0, 17238.0, 4392.0, 7019.0, 5287.0]"
"Passeurs culturels dans le monde des médias et de l'édition en Europe (XIXe et XXe siècles), Villeurbanne, Presses de l'ENSSIB, 2005 (codirection avec Diana Cooper-Richet et Ahmed Silem)",fra,fra,"[8268.0, 2373.0, 1607.0, 29521.0, 7829.0, 3427.0, 16707.0, 3992.0, 3080.0, 11013.0, 3550.0, 9152.0, 4105.0, 6467.0, 5391.0]"
"Le groupe Diff+(S1) des difféomorphismes orientés du cercle (i.e. les f qui préservent l'orientation) est connexe par arcs, puisqu'ils se relèvent en les difféomorphismes orientés g de ℝ tels que g(x + 1) = g(x) + 1 et que ces derniers forment un ensemble convexe. Un chemin lisse de f à l'identité, constant au voisinage de 1, donne un autre moyen de prolonger f en un difféomorphisme du disque unité ouvert (c'est un cas particulier de l'astuce d'Alexander (en)). De plus, le groupe des difféomorphismes du cercle a le type d'homotopie du groupe orthogonal O2.",fra,fra,"[21400.0, 6996.0, 4037.0, 85870.0, 20884.0, 8662.0, 46111.0, 11180.0, 7833.0, 29422.0, 9594.0, 25541.0, 10991.0, 16216.0, 14073.0]"
"Avant son décès, dans une ultime réunion chez elle, la Médaille d’Or du mérite libanais lui est remise en 1971, et le Président du Conseil municipal de la ville de Beyrouth, Amine Beyhum, lui communique la proposition de la municipalité de donner son nom au jardin public qui venait d’être créé à Ramlet al-Baida (en). C’est son vieil ami Takieddine el Solh, alors Président du Conseil, qui devait, en 1973, consacrer le jardin et entériner la décision.",fra,fra,"[16462.0, 4036.0, 3190.0, 66787.0, 14754.0, 7048.0, 36178.0, 6923.0, 5648.0, 23622.0, 6801.0, 20199.0, 8329.0, 14444.0, 10957.0]"
"En parallèle, dès 1953, elle compose des livres pour enfants ainsi que des romans policiers pour adultes. Elle devient ensuite écrivain à plein temps. Plusieurs de ses œuvres sont adaptés à la télévision, la rendant populaire comme auteur d'ouvrages à destination de la jeunesse. En 1972, la parution de Mort un dimanche de pluie la consacre comme une de ces reines du suspense anglaises qui savent distiller l'angoisse avec délectation.",fra,fra,"[11829.0, 2905.0, 2616.0, 57777.0, 12860.0, 3917.0, 32529.0, 5512.0, 3825.0, 21271.0, 5619.0, 18544.0, 6072.0, 9160.0, 8078.0]"
"Clarence (Forrest) Burton, né le 10 mai 1882 à Fort Lyons (Missouri) et mort le 2 décembre 1933 à Los Angeles (quartier d'Hollywood, Californie), est un acteur américain.",fra,fra,"[6576.0, 2628.0, 1747.0, 20681.0, 5946.0, 3199.0, 12713.0, 3801.0, 3211.0, 8808.0, 3032.0, 7148.0, 3792.0, 5213.0, 4799.0]"
Les années 1960 seront vécues par les Roisséens comme un véritable cauchemar. Le village se dépeuplait. Son agriculture assumait mal sa reconversion. Pendant plusieurs années les habitants vont vivre dans l'incertitude la plus totale. Très peu de personnes imaginaient que la future construction de l'aéroport allait-être une formidable révolution économique locale et régionale.,fra,fra,"[9631.0, 2078.0, 2080.0, 48522.0, 10245.0, 3179.0, 27111.0, 4270.0, 3000.0, 17233.0, 4268.0, 15140.0, 4747.0, 7281.0, 6245.0]"
"Afin de compenser la démolition ou la réhabilitation des appartements de l'immeuble (livraison entre 2014 et 2020), le reste du projet prévoit également la construction d'un millier de logements, ainsi qui d'un parking aérien le long des parcs du Sillon et de Bagatelle.",fra,fra,"[8834.0, 2229.0, 1755.0, 40536.0, 9999.0, 2801.0, 22823.0, 3849.0, 2839.0, 14818.0, 4094.0, 13193.0, 4508.0, 6574.0, 6040.0]"
"Avec l’attrait du genre, la réputation de quelques troupes passa les monts. Henri III fit venir en France, en 1576, pour se rendre favorables les États de Blois, celle des Gelosi (jaloux de plaire), dirigée par Flaminio Scala dit Flavio, auteur de nombreux scénarios, troupe qui comptait dans ses sociétaires Francesco Andreini et sa femme, la célèbre Isabelle, elle-même auteur. Elle créa la situation de """"dépit amoureux""""* (publiée dans la revue """"Bouffonneries""""). Cette situation fut reprise plus tard par Molière dans """"Le dépit amoureux"""" et dans """"Tartuffe"""".",fra,fra,"[19977.0, 4944.0, 3752.0, 80184.0, 18026.0, 6884.0, 49938.0, 8239.0, 6202.0, 30240.0, 8712.0, 25392.0, 8692.0, 14487.0, 12421.0]"
"Les mura di Reggio Emilia sont les fortifications militaires de forme hexagonale qui protégeaient la ville de Reggio d'Émilie, détruites à la fin du XIXe siècle pour l'aménagement urbanistique des viali di circonvallazione (boulevards périphériques).",fra,fra,"[8460.0, 2078.0, 1482.0, 29686.0, 7111.0, 2708.0, 24764.0, 3571.0, 2710.0, 12705.0, 3192.0, 11080.0, 3848.0, 5989.0, 5150.0]"
"En 1997, Noël Godin est très connu en Belgique. Ayant peur d'être reconnu, il ne participera pas à l'entartage de Nicolas Sarkozy, qui sera commis par des complices. Un jour de février 1997, Sarkozy arrive au palais des congrès de Bruxelles pour y faire un exposé aux """"Grandes conférences catholiques"""". Après qu'il est entré dans le hall d'accueil, une complice de Godin lui demande un autographe ; au moment où Sarkozy le signe, elle lui envoie une tarte à la figure. Sarkozy a alors le réflexe de se réfugier dans un ascenseur. Il se rend au deuxième étage et lorsque la porte s'ouvre, il voit une autre complice de Godin avec une tarte ; il referme la porte et se rend au rez-de-chaussée où l'attend une autre entarteuse qui ne réussit pas non plus à l'entarter. Après plusieurs voyages, Sarkozy s'arrête de nouveau au rez-de-chaussée où il est accueilli par ses agents accompagnateurs ; ils l'accompagnent aux toilettes pour qu'il puisse se nettoyer. Au moment où il en sort tout propre, une vingtaine d'entarteurs situés plus haut le bombardent de crème chantilly puis s'enfuient, poursuivis par tous les agents de sécurité du centre. Sarkozy retourne dans les toilettes pour se nettoyer de nouveau. Il est en train de retraverser le hall d'accueil quand un complice de Godin supposé filmer les entartages le voit arriver. Il met sa caméra en bandoulière, sort une tarte et l'envoie à la figure de Sarkozy en s'exclamant : « Entartons, entartons les arrogants étrons ! ». En s'enfuyant après son coup, le caméraman donne sa dernière tarte à une religieuse qu'il croise dans le hall d'accueil, les gardes de sécurité croiront qu'elle était complice.",fra,fra,"[48016.0, 11798.0, 10318.0, 247881.0, 53791.0, 16743.0, 134891.0, 21481.0, 15928.0, 86190.0, 20567.0, 75536.0, 23179.0, 37887.0, 30899.0]"
"Kasimir Malevitch expose pour la première fois trente-neuf œuvres suprématistes, dont le Quadrangle, en 1915, à la galerie Dobychina, lors de la « Dernière exposition futuriste de tableaux 0.10 (zéro - dix) ».",fra,fra,"[11954.0, 2716.0, 1635.0, 28736.0, 8903.0, 4100.0, 16580.0, 4172.0, 3548.0, 10941.0, 9852.0, 9097.0, 4522.0, 7196.0, 5789.0]"
"Fin 2010, un billet de Ted Dziuba a introduit le concept de (en) Taco Bell Programming, sur la base du raisonnement suivant : Chaque recette dans le menu à Taco Bell n'est en réalité qu'une configuration différente de huit ingrédients de base. Le propos de Ted Dziuba est d'appliquer le même raisonnement à la programmation informatique.",fra,fra,"[9271.0, 2551.0, 2160.0, 36859.0, 8596.0, 3237.0, 20843.0, 4310.0, 3152.0, 13704.0, 4229.0, 12478.0, 4557.0, 6645.0, 5829.0]"
"Le décret royal du 8 mai 1825 lui confie la succession de Monseigneur Charles Mannay à Rennes. « Extrêmement humble, il ne voulut point faire d'entrée solennelle dans la ville »",fra,fra,"[6706.0, 1741.0, 1248.0, 26405.0, 6328.0, 2514.0, 16141.0, 2856.0, 2350.0, 9977.0, 2845.0, 8276.0, 3189.0, 5080.0, 4338.0]"
"Si f : M → N est un difféomorphisme local alors, pour tout point m de M, l'application linéaire Tmf : TmM → Tf(m)N (différentielle de f au point m) est un isomorphisme (ceci implique que M et N ont même dimension, et revient alors, en coordonnées locales, à dire que le jacobien de f en m est non nul, ou encore, que les parties linéaires des approximations affines des différentes composantes de f sont linéairement indépendantes). D'après le théorème d'inversion locale, la réciproque est vraie dès que f est de classe C1.",fra,fra,"[18996.0, 6364.0, 3469.0, 79065.0, 17508.0, 7648.0, 42244.0, 9782.0, 7248.0, 28349.0, 8272.0, 24174.0, 10258.0, 14568.0, 12797.0]"
"La Révolution le contraint à émigrer. Le 15 janvier 1792, il rejoint l'armée des Princes à Worms où se trouve son frère Victor-Claude. Après la bataille de Valmy, il passe dans la 10e compagnie de l'armée du Prince de Condé. Le 13 août 1796, il est blessé au combat d'Oberkammlach. Il est fait lieutenant le 15 janvier 1797 et reçoit la Croix de l'ordre de Saint-Louis le 15 septembre 1800.",fra,fra,"[16842.0, 5652.0, 3357.0, 62919.0, 18708.0, 7142.0, 35334.0, 7992.0, 6675.0, 23454.0, 8312.0, 19260.0, 8648.0, 13343.0, 11908.0]"
"une phase de qualification, regroupant les clubs en poules, en général géographiques ; il y eut certaines années une deuxième phase de poules intégrant les meilleurs de la première phase",fra,fra,"[4406.0, 1045.0, 906.0, 21950.0, 4519.0, 1393.0, 12129.0, 1957.0, 1374.0, 8294.0, 1975.0, 7151.0, 2130.0, 3341.0, 2892.0]"
"La phénazone, ou antipyrine, fut créée en 1883 par Ludwig Knorr comme substitut de la quinine (d'ailleurs Knorr rattacha de manière erronée l'antipyrine à la famille chimique de la quinine). Knorr soumit sa découverte au Pr Wilhelm Filehne de l'Université d'Erlangen, qui confirma ses propriétés antipyrétiques ; l'Antipyrine fut utilisée en thérapeutique dès 1884. Dès 1885, on remarqua son action antalgique dans les cas de rhumatisme articulaire aigu ; en 1887, le British Medical Journal rapportait son action apaisante sur les maux de tête. Sa renommée fut établie à la suite de son large usage lors de l'épidémie de grippe qui affecta l'Europe en 1889. Ce fut le premier médicament de synthèse (si l'on excepte le Kairin, dont elle découle, qui ne fut guère utilisé à cause de sa toxicité). L'Antipyrine connut un succès immédiat, notamment aux États-Unis. L’Antipyrine demeura le médicament le plus utilisé au monde jusqu'à ce que l'aspirine la détrône dans les premières années du vingtième siècle. Knorr avait déposé un brevet sur l'Antipyrine - ce qui dérogeait aux usages de l'époque - et il avait négocié une licence à un modeste producteur de colorant, Farbwerke Meister,Lucius und Brüning qui deviendra la firme Hoechst...",fra,fra,"[45748.0, 11983.0, 9148.0, 180452.0, 52700.0, 17219.0, 101827.0, 20229.0, 15617.0, 66439.0, 21307.0, 56775.0, 21890.0, 34403.0, 29732.0]"
"En 2015, la commune comptait 457 habitants, en augmentation de 6,28 % par rapport à 2010 (Territoire de Belfort : +1,31 %, France hors Mayotte : +2,44 %).",fra,fra,"[11192.0, 3841.0, 1628.0, 28870.0, 9107.0, 5039.0, 18762.0, 5457.0, 4546.0, 13170.0, 4350.0, 11737.0, 5887.0, 8039.0, 7054.0]"
Il a consacré sa thèse de doctorat de littérature française à Noël Parfait (1978) et sa thèse de doctorat d'État en histoire (doctorat ès lettres et sciences humaines) à l'« Histoire politique et histoire culturelle au cœur du XIXe siècle français » (1986).,fra,fra,"[8689.0, 2554.0, 1750.0, 35176.0, 8168.0, 3335.0, 20854.0, 4170.0, 3062.0, 13679.0, 3814.0, 11305.0, 4454.0, 6580.0, 6031.0]"
"La Production de l'immatériel : théories, représentations et pratiques de la culture au XIXe siècle, Saint-Étienne, Presses de l'université de Saint-Étienne, 2008 (codir. avec Philippe Régnier et Alain Vaillant)",fra,fra,"[8328.0, 2444.0, 1591.0, 30788.0, 7458.0, 3409.0, 17511.0, 4193.0, 3197.0, 11686.0, 3408.0, 10013.0, 4259.0, 6464.0, 5689.0]"
"Laurent Robert commence sa carrière au club de l'US Bénédictine dans sa ville natale de Saint-Benoît (île de La Réunion). Faisant partie de la sélection des jeunes cadets de l'ile de la Réunion, il se fait repérer par le club de Brest Armorique FC lors du championnat de France cadets. Il quitte donc son île natale pour intégrer le centre de formation brestois puis rejoint le Montpellier HSC lors de la faillite du club breton. Évoluant au poste d'attaquant ou de milieu offensif, il se met régulièrement en évidence par sa redoutable frappe du pied gauche.",fra,fra,"[16839.0, 4288.0, 3202.0, 75904.0, 16757.0, 5748.0, 40896.0, 7031.0, 5933.0, 26274.0, 6809.0, 22072.0, 8751.0, 13295.0, 11664.0]"
"Elle est la fille de Gérios Tuéni et Katbé Sursock, et fait ses études en pensionnaire chez les Dames de Nazareth. Puis, en 1899, elle séjourne en France chez son frère Jean, diplomate de la Sublime Porte. En 1900, elle suit des cours de peinture à Paris et visite l’Exposition universelle qui s’y tient.",fra,fra,"[10093.0, 2641.0, 2188.0, 44483.0, 10265.0, 4366.0, 24225.0, 4694.0, 3765.0, 16736.0, 4761.0, 13893.0, 5180.0, 9067.0, 6863.0]"
"Le pays de France a connu une occupation humaine dès le paléolithique inférieur, les chasseurs-cueilleurs ont laissé quelques traces, essentiellement des bifaces et racloirs, retrouvés dans les communes voisines de Gonesse ou Louvres. Les cultures néolithiques ont occupé le site comme l'attestent deux haches polies, une hache taillée ainsi que quelques perçoirs ou grattoirs retrouvés sur le territoire de la commune dans les années 1950. Des fragments de céramique gauloise datés du Ier siècle av. J.-C. au début du Ve siècle ont également été trouvés attestant d'une occupation du lieu durant l'Antiquité et la probable présence d'au moins un établissement antique. Plus de vingt exploitations agricoles et trois petites agglomérations ainsi que trois places fortifiées et un cimetière antique ont été mis au jour dans le pays de France dans son ensemble.",fra,fra,"[25003.0, 5763.0, 4829.0, 117636.0, 24991.0, 8675.0, 65660.0, 10720.0, 8000.0, 42256.0, 10607.0, 35598.0, 12823.0, 18834.0, 17318.0]"
"Résistant et gaulliste, il est garde des Sceaux dans le gouvernement de Gaulle III, à partir de 1958 ; il dirige le groupe de travail chargé de la rédaction de la Constitution de la Ve République. Premier ministre de la République française à partir de janvier 1959, il démissionne en avril 1962, à la suite d'un désaccord avec le président Charles de Gaulle concernant une révision constitutionnelle : celle de l'élection du président de la République au suffrage universel direct. De Gaulle voulait faire passer cette révision constitutionnelle par voie référendaire, ainsi réviser la constitution avec l'article 11 de la constitution alors que l'article prévu à cet effet est l'article 89 (Titre XVI de la Constitution : De la Révision).",fra,fra,"[20408.0, 5494.0, 4256.0, 96937.0, 20323.0, 7206.0, 53742.0, 9151.0, 7160.0, 34334.0, 9609.0, 29029.0, 10521.0, 15807.0, 14449.0]"
Notices dans des bases relatives au sport : Association internationale des fédérations d'athlétisme • Comité international olympique • Sports Reference • Track and Field Statistics,fra,fra,"[4295.0, 1508.0, 942.0, 15588.0, 4462.0, 2092.0, 8678.0, 2237.0, 1922.0, 6000.0, 1964.0, 4981.0, 2462.0, 3502.0, 3084.0]"
"Le village est une station familiale de sports d'hiver, reliée avec Torgon en Suisse : ski alpin (50 km), ski nordique (35 km - Domaine nordique de la vallée d'Abondance), raquettes, surf et télémark, et aussi une station de sports et de loisirs d'été : randonnées entre la Suisse et la France, VTT (175 km), rafting.",fra,fra,"[11196.0, 2742.0, 2214.0, 49641.0, 12952.0, 3833.0, 28623.0, 4660.0, 3698.0, 18111.0, 4872.0, 15024.0, 5873.0, 8324.0, 7845.0]"
"Hors du terrain, les années 1920 et 30 sont des années de crise pour le championnat. Le titre de champion de France attise les convoitises et entraîne des dérives : violence sur les terrains et accusations d’amateurisme marron rythment de plus en plus souvent les saisons. En décembre 1930, quelques clubs dénoncent le professionnalisme déguisé pratiqué par certaines équipes (un patron peut salarier ses joueurs dans son entreprise comme celui de l’US Quillan, trois fois finaliste entre 1928 et 1930, et champion en 1929, dans une ville de trois mille habitants) et font sécession. Dix clubs fondent l’UFRA (Union française de rugby amateur), qui se targue de rester fidèle aux idéaux de fair play et d’amateurisme du rugby, et demande à la Fédération française de remettre de l’ordre dans la maison. Sept d’entre eux sont d’anciens champions de France, mais ils sont exclus du championnat. Au total, quatorze clubs font sécession dont sept anciens champions de France : le FC Grenoble, l'USA Perpignan, le Stade toulousain, le Stade français, la Section paloise, le Stade nantais, le Biarritz olympique, le SC Lyon, l'AS Carcassonne, le SAU Limoges, l'Aviron bayonnais le 2 novembre 1930 suivis du RC Narbonne et du Stadoceste tarbais le 24 janvier 1931.",fra,fra,"[39941.0, 10419.0, 8662.0, 185833.0, 41065.0, 14473.0, 103313.0, 18206.0, 14767.0, 66300.0, 16804.0, 56100.0, 21197.0, 31322.0, 27813.0]"
