sentences,predictions,labels,"results (['Bulgarian', 'Chinese', 'English', 'French', 'German', 'Hindi', 'Italian', 'Japanese', 'Korean', 'Portuguese', 'Russian', 'Spanish', 'Thai', 'Turkish', 'Vietnamese'])"
"Osogovo Dağları’nın güneybatı köşesinde bulunur. Coğrafya olarak bölge, maden bakımından zengindir. Romalılardan beri Probiştip’te madencilik yapılır.",tur,tur,"[12227.0, 5963.0, 740.0, 4042.0, 6657.0, 12890.0, 5472.0, 12102.0, 12118.0, 4817.0, 5725.0, 3686.0, 6352.0, 35862.0, 7313.0]"
"Comodo Group, Inc., Amerika Birleşik Devletleri Clifton, New Jersey merkezli bilgisayar yazılımı ve SSL sayısal sertifikalar sağlayan özel bir şirket. İngiltere, Türkiye, Ukrayna, Romanya, Çin, Hindistan ve ABD'de yerleşkeleri bulunmaktadır.",tur,tur,"[14436.0, 8816.0, 1117.0, 5890.0, 8659.0, 18348.0, 7871.0, 16496.0, 17296.0, 6031.0, 5178.0, 5053.0, 9675.0, 48496.0, 10890.0]"
"Britanya Kolumbiyası Atabaskları (İngilizce: British Columbian Athabascans): Kanada'da Britanya Kolumbiyası'nda yaşarlar. Dil temelinde 4 ayrı halka ayrılırlar: Nadoten-Vetsuvetenler, Dakeller, Çilkotinler, Nikolalar.",tur,tur,"[15725.0, 8709.0, 1579.0, 6331.0, 9661.0, 17769.0, 7219.0, 16267.0, 16456.0, 6217.0, 5720.0, 4962.0, 9392.0, 46243.0, 10750.0]"
"Prion parçalarının sindirimi hastalığa yol açabilmesine rağmen, yüksek derecede bir bulaşma sadece prion parçaları derialtı dokuya eriştiğinde oluşuyordu. Avustralya'nın sömürgesine hukuki yaptırımları ve yerel Hristiyan misyonerlerin çabaları sayesinde yamyamlıktan kurtulunmasından sonra Alpers'in araştırmaları Kuru hastalığının 1960'ların ortalarına doğru Fore halkı arasında çoktan azalmaya başladığını gösterdi. Hastalığın ortalama kuluçka süresi 14 yıl olmasına rağmen ve genetik olarak daha dayanıklı olanlar arasında 40 yıla kadar uzayan durumlardan dolayı hastalık bir süre daha ortaya çıkmaya devam etti. Son hasta 2005 yılında öldü.",tur,tur,"[38006.0, 23937.0, 2404.0, 13937.0, 23335.0, 53010.0, 16874.0, 49498.0, 49615.0, 14406.0, 13975.0, 12718.0, 25708.0, 144355.0, 29441.0]"
"Kuruluşun manevi babaları olarak Danimarkalı parlamenter Fredrik Bajer, Fransız gazeteci ve felsefe profesörü Charles Lemonier ve İngiliz pasifist Hodgson Pratt kabul edilirler. Temel amaçları uluslararası barış kongreleri düzenlemek, barış ve halkla ilişkiler konularında propaganda yapmak ve pasifist gruplari kuruluşlar ve kişiler arasında koordinasyonu sağlamaktı. Büro uluslararası hukuk çerçevesinde 7 temel prensip formüle etti.",tur,tur,"[23612.0, 14439.0, 1568.0, 10907.0, 15908.0, 31770.0, 12128.0, 29386.0, 29458.0, 9382.0, 9286.0, 7975.0, 15171.0, 86986.0, 17359.0]"
"Müşteri haklarına dair hükümlerde öngörülen sözleşmelerin şekil ve içeriklerine ilişkin usul ve esaslar ile tip sözleşmelerin uygulanacağı işlemleri, Kurulun uygun görüşünü alarak belirlemek,",tur,tur,"[12504.0, 7498.0, 720.0, 4842.0, 7993.0, 16644.0, 6053.0, 15661.0, 15299.0, 4692.0, 4564.0, 4111.0, 8095.0, 45088.0, 9361.0]"
"2011'de şef Burak Tüzün yönetimindeki Cumhurbaşkanlığı Senfoni Orkestrası ile solist olarak Çaykovski'nin Keman Konçertosu'nu seslendirdi. 2011'de şef Ramiz Melik Aslanov yönetiminde İstanbul Devlet Konservatuvarı Senfoni Orkestrası ile solist olarak Mendelssohn'un Keman Konçertosu'nu seslendirdi. Ardından Fransa'da Belfort Uluslaratası Müzik Festivali kapsamında tura çıkıp Mendelssohn Keman Konçertosu'nu üç kez de bu festivalde seslendirdi. Aynı yıl Cihat Aşkın'la beraber İtalya, Hırvatistan ve Slovenya'da solo ve oda müziği konserleri verdi.",tur,tur,"[39400.0, 23024.0, 2656.0, 17174.0, 24971.0, 49716.0, 20590.0, 47179.0, 47113.0, 15769.0, 14681.0, 12917.0, 24222.0, 140207.0, 27795.0]"
"Uluslararası Olimpiyat Komitesi tarafından Yunanistan adına yarıştığı belirtilen Tomprof, Bill Mallon tarafından, o dönem Osmanlı İmparatorluğu'na bağlı İzmir'den katıldığı için Smyrna (şehrin o dönemdeki adı) adına yarışmış olarak gösterilmektedir.",tur,tur,"[14009.0, 8931.0, 895.0, 5321.0, 8558.0, 18548.0, 6701.0, 17590.0, 17859.0, 5490.0, 5105.0, 4568.0, 9035.0, 50242.0, 10247.0]"
1990 yılının Haziran ayında Özbekler ve Kırgızlar arasındaki etnik gerginlikler Özbeklerin olduğu Oş İli'ni kaplamıştı. Şiddetli karşılaşmalar birbirini izledi ve bir emniyet ve sokağa çıkma yasağı durumu hasıl oldu. 1990 yılının Ağustos ayına kadar düzen eski haline getirilemedi.,tur,tur,"[18798.0, 11577.0, 1223.0, 7071.0, 11356.0, 24820.0, 8363.0, 23029.0, 23006.0, 7239.0, 8705.0, 5958.0, 12019.0, 67859.0, 13760.0]"
"Avio tarafından geliştirilmiş olan AVUM (Attitude Vernier Upper Module- İnce-ayar Konumlama Yukarı Modülü) yukarı aşaması (upper stage), görev-yükünü gereken yörüngeye yerleştirmek ve yuvarlanma/yatma (roll) ile konumlama (attitude) işlevlerini gerçekleştirmek üzere tasarlanmıştır. AVUM iki adet modülden oluşmaktadır: APM (AVUM Propulsion Module - AVUM Sevk Modülü) ve AAM (AVUM Avionics Module - AVUM Aviyonik Modülü). Sevk modülü bir adet RD-843 roket motoru içeren sıvı yakıtlı roket kullanmaktadır. Yakıt olaraksa, basınç-beslemeli bir şekilde kullanılan, son derece zehirli olan UDMH ve nitrojen tetroksit kullanılmaktadır. AVUM aviyonik modülü aracın aviyonik alt-sisteminin ana bileşenlerini muhafaza etmektedir.",tur,tur,"[44639.0, 25957.0, 3889.0, 18603.0, 27895.0, 55147.0, 21941.0, 52517.0, 51784.0, 17480.0, 16845.0, 15516.0, 27889.0, 155677.0, 31561.0]"
"20 yıl sonra Azur önceden dadısından duyduğu cin perisini bulup evlenmek için denizin diğer tarafına, dadısının geldiği tarafa doğru yola koyulur. Deniz üstünde ilerlerken sert bir dalga onu gemiden aşağı atar ve sabah uyandığında kendisini, sadece dadısının konuştuğu dili konuşanların yaşadığı, bir kara parçasında bulur. Orada şans eseri bulduğu, kendi dilini konuşan, Crapoux ile güzel cin perisinie ulaşmak için gerekli olan 3 anahtarı bulmaya çalışırlar...",tur,tur,"[25138.0, 17011.0, 1635.0, 10928.0, 16339.0, 38668.0, 13135.0, 36373.0, 35629.0, 11036.0, 9738.0, 9974.0, 17707.0, 106904.0, 20085.0]"
"Mirney Maden Ocağı (Yakutça: Мирнэй (Mirney), Rusça: Кимберлитовая алмазная трубка «Мир»}} Kimberlitovaya Almaznaya Trubka """"Mir""""; Türkçe: kimberlite elmas """"Dünya"""" veya """"Barış"""") anlamına gelen Mir elmas madeni Mirney, Doğu Sibirya, Rusya Federasyonu içinde yer alır.",tur,tur,"[26891.0, 11222.0, 1749.0, 8055.0, 13777.0, 24118.0, 10037.0, 20810.0, 21245.0, 9476.0, 22115.0, 7366.0, 13103.0, 57627.0, 14051.0]"
"Spora, babası ve aynı zamanda antrenörü olan Özer Tüzün'ün teşvikiyle 15 yaşında başlayan Oğuzhan Tüzün, ilk madalyasını 1999'da Dünya Şampiyonu olarak aldı.",tur,tur,"[12565.0, 7292.0, 959.0, 5057.0, 7994.0, 16024.0, 6519.0, 14567.0, 14587.0, 5052.0, 5283.0, 4155.0, 7652.0, 43110.0, 8678.0]"
"1990'ların ilk yarısında da çalışmaları bulunan Holloway, 1991'de Marky Mark and the Funky Bunch adlı hip hop grubuyla """"Good Vibrations"""" adlı şarkıda düet yaparak Amerikan müzik listesinde zirveye oturdu. 1990'ların sonlarında çalışmalarını yavaşlatan sanatçı, 1996'da bir derleme albüm yayımladı. Ardından dokuz yıl boyunca müzikten uzak kaldı. 2005'te tekrar bir derleme albümü piyasaya sürdü.",tur,tur,"[24087.0, 16201.0, 2283.0, 10568.0, 15848.0, 33594.0, 12425.0, 32029.0, 32129.0, 10371.0, 9521.0, 8457.0, 16598.0, 86520.0, 18527.0]"
"Yumuşak damak ya da velum (Latince: palatum molle, velum palatinum) memelilerde ağzın tavanını oluşturan damağın arkasını oluşturan yumuşak dokulu kısımdır. Ağzın önünde bulunan sert damağın aksine yumuşak damak kemik içermez.",tur,tur,"[15633.0, 9251.0, 1121.0, 6616.0, 9552.0, 20129.0, 8501.0, 19048.0, 18538.0, 6964.0, 5690.0, 5896.0, 10394.0, 53198.0, 12011.0]"
"15 Mart 2010 tarihinde yapılan bir nüfus sayımına göre şehirde 4,873 kişi, 1,848 ev ve 1,367 aile bulunmaktadır. Şehrin nüfus dağılımı ise 79.0% Beyaz, 11.3% Afrikan Amerikan, 0.3% Yerli Amerikan, 5.2% Asyalı, 0.1% Pasifik Islander, 1.1%'i ise diğer gruplardandır.",tur,tur,"[24851.0, 16449.0, 2222.0, 9337.0, 15631.0, 31459.0, 11783.0, 29343.0, 29639.0, 9667.0, 9859.0, 7574.0, 17496.0, 76007.0, 18556.0]"
"Şehir, 1914'ten 1918'e kadar çok önemli ünlü mahkûmları misafir etti. Bunlardan biri Avusturya Arşidükü Franz Ferdinand ve eşine suikast düzenleyen Gavrilo Princip idi. Princip, 28 Nisan 1918'de verem hastalığından ötürü hücresinde öldü.",tur,tur,"[20009.0, 11172.0, 1403.0, 7815.0, 12158.0, 23226.0, 8792.0, 21446.0, 21769.0, 6965.0, 7913.0, 5931.0, 11601.0, 61921.0, 13304.0]"
"Total Annihilation, 1997 yıllında Chris Taylor ve Cavedog Entertainment tarafından yaratılan, döneminin en önemli gerçek zamanlı strateji (RTS) bilgisayar oyunudur.",tur,tur,"[7661.0, 4752.0, 1090.0, 3597.0, 4828.0, 9014.0, 4171.0, 8342.0, 8462.0, 3406.0, 2973.0, 2919.0, 5021.0, 21449.0, 5599.0]"
"Çok yakın zamana kadar bu kemençe formu standart kemençe formu ile beraber İç Karadeniz Bölgesinde Suşehri, Şebinkarahisar, Akıncılar, İmranlı, Çamoluk, Koyulhisar ve Gölova çevresindeki ilçelerde kullanılmaktaydı ve gelenek olarak icra edilmekteydi.Bugün ise yörede standart kemençe formuna geçiş başlamıştır.Her iki formunda kullanıldığı Kelkit Vadi bölgesin de, Karadenizin sahil tarafında çalınan standart kemençeye göre bu bölgedeki kemençe form olarak değişim yaşamamıştır.Zamanla farklılaşan burgular ve kemençenin kafa kısmı ilk formuna en yakın şekilde kalmıştır.Yöredeki kemençe en çok erik ağacından yapılıp, kapak kısmında borçka ladinin yerine daha sert olan gürgen ağacı kullanılırdı.Yayı ise aygır kılından yapılırdı.İnce tel sahildeki formdan farklı olarak bam telinin yerine takılır, bam teli ise ince sesli telin takıldığı sol tarafa takılırdı.Ses olarak bölge genellikle ince sesli olan zil kemençeyi tercih etmekteyse de orta sesli ve pes kemençelere de eğilim vardır.Bu kemençe formunun son icracılarından ve temsilcilerinden Kemençeci Fahri Duyandır.Bölgedeki ilçelerden hala kemençe icracıları çıkmakta olup, özellikle Alevi kökenli köylerde bu bir gelenek olarak devam etmekteydi.Kemençeci Suşehrili Mehmet, Kemençeci Karahisarlı İlhami GÜRSOY, Kemençeci Suşehrili Ali ŞAHİN, Kemençeci Çamoluklu Fahri DUYAN ve İnce MÜNÜKLÜ, Kemençeci İmranlılı Nuri YILDIZAY, Kemençeci Dursun ve Kemençeci Suşehrili Aziz Köylü Süleymangiller, Kemençeci Mesudiyeli Ayhan YALÇIN ve Ali Osman KARACA gibi pek çok mahalli kemençe sanatçısı bu bölgeden çıkmıştır.Yörede bugün en bilinen Kemençe icracıları, Ali ŞAHİN, Uğur SUNAR, Sabit MÜNÜKLÜ, Gürsel EKİNCİ, Emre GÜRSOY gibi isimlerdir.",tur,tur,"[113485.0, 69122.0, 7734.0, 43515.0, 73465.0, 157275.0, 53976.0, 147052.0, 142679.0, 44772.0, 39078.0, 37316.0, 75852.0, 449228.0, 85814.0]"
"Minho dizide, Silla Krallığının aristokrat bir ailesinden gelen Soo-Ho karakterini canlandırmaktadır. Onun karakteri, cesur bir savaşçıdır ve pozitif bir kişiliğe sahiptir. Ayrıca, kendine olan güveni ile herhangi bir engelin üstesinden kolaylıkla gelmektedir. Müthiş kılıç yeteneği sayesinde Silla’nın """"mükemmel adamı” haline gelmiştir. Çapkın birisi olarak bilinmesine karşın aslında tutkuyla sevdiği biri olan """"Hwarang"""" grubunun romantik bir üyesidir.",tur,tur,"[24743.0, 17597.0, 1776.0, 9687.0, 15079.0, 35021.0, 11888.0, 34249.0, 35070.0, 11745.0, 9393.0, 9234.0, 18593.0, 93683.0, 20480.0]"
"1988 NBA All-Star Maçı; Chicago'da bulunan Chicago Stadium'da oynandı ve maçı Doğu Batı'ya karşı 138-133'lik skorla kazandı. Yerel yıldız Michael Jordan tüm organizasyonun yıldızı oldu ve önce smaç yarışmasını kazandı, daha son All-Star maçında MVP ödülünün sahibi oldu.",tur,tur,"[16316.0, 10998.0, 1671.0, 6892.0, 10128.0, 21229.0, 8110.0, 20702.0, 20724.0, 6839.0, 6159.0, 5714.0, 10847.0, 55456.0, 12266.0]"
"Birlik, Dış Ekonomik İlişkiler Kurulu (DEİK)'in kurucu kuruluşu olup ayrıca İstanbul Kalkınma Ajansı (İKA) üyesidir. Yönetim merkezi İstanbul olan birlik Kısıklı Cd. No: 22 Altunizade, Üsküdar İstanbul adresinde konuşludur. Ayrıca yurt içinde de gerekli teşkilatlanma yetkisine sahiptir.",tur,tur,"[19681.0, 11674.0, 1259.0, 7279.0, 12933.0, 25220.0, 8890.0, 24080.0, 23473.0, 7213.0, 6956.0, 6061.0, 12184.0, 71927.0, 13769.0]"
"Protestolar; film yönetmeni Dusan Makavejev, sahne sanatçısı Stevo Zigon, şair Desanka Maksimoviç ve üniversite öğretim üyeleri dahil olmak üzere önde gelen kamu çalışanları tarafından desteklendi. Üst düzey kamu çalışanlarının protesto gösterilerine destek vermesi ve sempati duyması nedeniyle kariyerleri tehlikeye girmişti. Gösteriler ülkenin başkenti Belgrad ile sınırlı kalmamış, Yugoslav Cumhuriyetlerinin diğer başkentlerinde (Saraybosna, Zagreb ve Ljubljana) protestolar patlak vermişti. Ancak Belgrad'daki gösteriler kadar etkili olmamış ve daha kısa sürmüştü.",tur,tur,"[37134.0, 18894.0, 2211.0, 12784.0, 20708.0, 41489.0, 16069.0, 39041.0, 38787.0, 12989.0, 14324.0, 10998.0, 20367.0, 115231.0, 23279.0]"
"Prens (sonradan kral) Milan ile (1868-1889) eşi Natalie'nin tek çocuğu olan Aleksandar, 6 Mart 1889'da babasının tahttan çekilerek çocuk yaştaki oğlu için bir naipler kurulu oluştumasıyla tahta çıktı. 13 Nisan 1893'te naipler kurulunu feshederek hükümetin denetimini kendi üzerine aldı.",tur,tur,"[24343.0, 13137.0, 1641.0, 9227.0, 13710.0, 28167.0, 11846.0, 25881.0, 26241.0, 9269.0, 9622.0, 7791.0, 13532.0, 71964.0, 15639.0]"
Yüksek basınçla çalıştığından o günün teknolojisine göre bu tip bir buharı güvenli biçimde kullanacak düzeyde değildi. Ayrıca gerekli buharı oluşturmak için suyu ısıtmada çok fazla yakıt gerekliydi. Bu tip makinaların öncülü olan Savery’nin makinası verimi düşük olduğundan fazla kullanılmadı fakat kendinden sonra gelen makinalar için temel teşkil etti.Makinenin çalışma şeması,tur,tur,"[21481.0, 13599.0, 1217.0, 8362.0, 13278.0, 31338.0, 10284.0, 29802.0, 28637.0, 8793.0, 8088.0, 8072.0, 14933.0, 86793.0, 16842.0]"
"Daivari, Temmuz 2017'de Yarıağırsiklet Şampiyonluğu kemerinin peşine düştü. Akira Tozawa'yı sakatlık dolayısıyla hakem kararıyla yendikten sonra Tozawa, 24 Temmuz Raw bölümünde rövanş maçı istedi. Neville, Tozawa ile yüz yüze geldikten sonra Daivari, Tozawa ve Neville'a saldırdı. Ertesi gece 205 Live programında Neville ile karşılaştı ve count-out yoluyla maçı kazandı.",tur,tur,"[23978.0, 14954.0, 2017.0, 9730.0, 15002.0, 33737.0, 12304.0, 30845.0, 30947.0, 9896.0, 8354.0, 8611.0, 16077.0, 87811.0, 18365.0]"
"Lisede tekvando ve amatör güreş yapan Ariya, profesyonel güreşte Shawn Daivari ve güreşçi arkadaşı Arik Cannon ile çalıştı. Ayrıca WWE'de güreşmiş olan Shelton Benjamin ve Ken Anderson ile de antrenmanlar yaptı. İlk maçına 26 Eylül 2006 tarihindeki Midwest Pro Wrestling Academy etkinliğinde çıktı. 2016 yılındaki WWE'de debut'una kadar Ring of Honor, Global Force Wrestling ve Total Nonstop Action'ın Hint projesi gibi Ring Ka King Amerika Birleşik Devletleri şirketlerinde çalıştı.,",tur,tur,"[26582.0, 16682.0, 2554.0, 11165.0, 16642.0, 36284.0, 13335.0, 33300.0, 33512.0, 11397.0, 9219.0, 9675.0, 17109.0, 95871.0, 19727.0]"
"Bu yağ, yanıklardan ileri gelen yaralarda ağrı dindirici olarak kullanılır. Bitki tohumları su veya süt ile kaynatılarak lapa yapılır ve haricen ilaç şeklinde kullanılır.",tur,tur,"[10523.0, 5938.0, 535.0, 3543.0, 5997.0, 13448.0, 4530.0, 12387.0, 12144.0, 3839.0, 4075.0, 3357.0, 6215.0, 36321.0, 7255.0]"
"3 Şubat 2017 tarihi itibarıyla, Comodo tüm internet alanlarının %13,9 üzerinde %44 pazar payı ile SSL sertifikalarının en büyük sağlayıcısı konumundadır.",tur,tur,"[9388.0, 6227.0, 705.0, 3816.0, 6015.0, 13558.0, 4938.0, 12777.0, 12654.0, 4125.0, 3812.0, 3492.0, 6721.0, 35276.0, 7206.0]"
"Köyde, ilköğretim okulu vardır ancak kullanılamamasının yanı sıra taşımalı eğitimden yararlanılmaktadır. Köyün içme suyu şebekesi ve kanalizasyon şebekesi vardır. PTT şubesi ve PTT acentesi yoktur. Sağlık ocağı ve sağlık evi yoktur. Köye ulaşımı sağlayan yol asfalt olup köyde elektrik ve sabit telefon vardır.",tur,tur,"[20074.0, 11848.0, 1103.0, 7055.0, 12425.0, 26610.0, 9002.0, 24509.0, 23837.0, 7467.0, 6852.0, 6737.0, 12659.0, 71644.0, 14246.0]"
"Osmanlı yönetimindeki Girit adasında doğmuş olan Yunan filozof, şair ve yazar Nikos Kazancakis'in 1951 yılında yazdığı """"Günaha Son Çağrı"""" (Yunanca: Ο Τελευταίος Πειρασμός- O Telefteos Pirasmos) adlı tartışmalı romanından senaryosunu Paul Schrader'in uyarlayıp yazdığı filmi Martin Scorsese yönetmiş, başlıca rollerinde Willem Dafoe (İsa rolünde), Harvey Keitel (Yahuda rolünde), Barbara Hershey (Mecdelli Meryem rolünde), Irvin Kershner, Harry Dean Stanton ve David Bowie oynamışlardır.",tur,tur,"[34267.0, 18634.0, 2812.0, 14119.0, 21021.0, 38783.0, 18147.0, 35425.0, 35592.0, 15270.0, 13104.0, 12393.0, 20791.0, 100387.0, 23378.0]"
"WEP (Wired Equivalent Privacy), kablosuz ağ bağlantılarında (Wi-Fi) Veri bağ tabakasında çalışan şifreleme yöntemidir. Kabloya Eşdeğer Mahremiyet (KEM) olarak Türkçeye çevirilebilir.",tur,tur,"[11782.0, 7154.0, 1068.0, 4639.0, 7415.0, 14737.0, 5531.0, 13676.0, 13674.0, 4607.0, 4005.0, 3695.0, 7700.0, 37981.0, 8460.0]"
"Hercules and Love Affair, New York merkezli DJ Andy Butler'ın müzikal bir projesi. Butler, Kim Ann Foxman, Mark Pistel, Aérea Negrot, Shaun Wright ve Nellyphant üyelerindendir.",tur,tur,"[9779.0, 5091.0, 1586.0, 4451.0, 6336.0, 10447.0, 5438.0, 9383.0, 9699.0, 4640.0, 3587.0, 3800.0, 5793.0, 25594.0, 6895.0]"
"Soket H2 olarak da bilinen LGA 1155, Intel Sandy Bridge mikroişlemcilerini destekleyen Intel mikroişlemci soketidir. LGA Land Grid Array kelimelerinin kısaltılmış halidir.",tur,tur,"[9536.0, 6056.0, 870.0, 3664.0, 6175.0, 11610.0, 4740.0, 11065.0, 11381.0, 3783.0, 3719.0, 3102.0, 6939.0, 30375.0, 7484.0]"
"Baicheng (Çince: 白城市; pinyin: Báichéng shì; """"Beyaz Şehir""""), Çin'in Jilin eyaletinde bulunan bir il düzeyi şehirdir. Şehir, güneydoğuda Songyuan il düzeyi şehri ile kuzeybatıda İç Moğolistan Özerk Bölgesi ile komşudur. Yüzölçümü 25,696 km² olan şehrin nüfusu 2010 yılı itibarı ile 2,032,356'dır.",tur,tur,"[31570.0, 26551.0, 2401.0, 12234.0, 18640.0, 35999.0, 15329.0, 34149.0, 35631.0, 12385.0, 11616.0, 9211.0, 23578.0, 88895.0, 26761.0]"
"1 Nisan 2000 tarihinde yapılan nüfus sayımına göre şehrin nüfusunun 35,791 kişi 7,104 ev ve 5,793 aileden oluştuğu belirlenmiştir. Şehrin nüfus dağılımın 98% Beyaz, 2.1% Afrikan Amerikan, 0.4% Yerli Amerikan, 0.7% Asyalı ve 0.2%'sinin ise de diğer gruplardan oluştuğu belirlenmiştir.",tur,tur,"[25395.0, 16812.0, 1885.0, 9497.0, 15918.0, 33341.0, 12029.0, 31027.0, 31267.0, 9811.0, 9712.0, 7761.0, 17842.0, 82979.0, 19284.0]"
"Bu bitkisel yağda yüksek oranda tekli ve çoklu doymamış yağ asitleri, çok düşük oranda doymuş yağ asiti, yüksek oranda lifle birlikte bol miktarda potasyum, az miktarlarda ise magnezyum, demir, bakır, çinko ve çeşitli vitaminler içerir.",tur,tur,"[16692.0, 9419.0, 824.0, 5579.0, 9702.0, 20934.0, 7314.0, 19314.0, 19021.0, 5974.0, 6464.0, 5222.0, 10441.0, 57197.0, 11951.0]"
"The Back To Jerusalem hareketi (Kudüs'e Dönüş)(Çince: 传回耶路撒冷运动), Çin'deki ev kiliselerinin büyük idealidir, amaçları dünyadaki Budist, Hindu ve İslam dinine mensup insanlara İncil'i öğretmektir. Bu hareket, 1920'lerde kuruldu, on yıllar boyunca ortadan kaldırılması için zorlanıldılar. The Back To Jerusalem hareketi, Çin'den Akdeniz'e kadar 100.000 misyoneri yollayarak elli bir ülkede Hıristiyanlığı yaygınlaştırmayı hedefler.",tur,tur,"[27243.0, 24041.0, 2527.0, 10236.0, 16867.0, 38392.0, 11985.0, 36949.0, 38217.0, 9481.0, 10113.0, 8188.0, 21709.0, 100280.0, 23488.0]"
X takımı Şampiyonlar Ligi ön elemeleri 3. turunda 1 galibiyet 1 mağlubiyet alarak Avrupa Ligi 4. ön eleme turuna düşsün. Bu turda da 1 beraberlik 1 mağlubiyet alarak elensin.,tur,tur,"[14292.0, 9073.0, 814.0, 5279.0, 8768.0, 19230.0, 6989.0, 18015.0, 17967.0, 5689.0, 5251.0, 5026.0, 9333.0, 51415.0, 10634.0]"
"Luft, R (November 1966). """"[Nobel prize in physiology and medicine 1966. Charles Brenton Huggins]"""". Nordisk medicin 76 (44): 1269–71. PMID 5337055.",bul,tur,"[14033.0, 6435.0, 3524.0, 6330.0, 12310.0, 8361.0, 7522.0, 7896.0, 7490.0, 5224.0, 5310.0, 3966.0, 6891.0, 9911.0, 7640.0]"
"Bunun dışında şarkı 2001 ve 2004'teki video-klip kolkeksiyonlarına dahil edilmiştir. Şarkının videosu, İsviçre’nin Graubünden kantonundaki Vals kasabasında yer alan ve o zaman yeni açılmış olan Therme Vals hotel/kaplıca binasında çekildi.",tur,tur,"[15768.0, 9469.0, 1151.0, 6544.0, 10916.0, 20508.0, 7744.0, 18940.0, 19181.0, 5950.0, 5806.0, 4904.0, 9968.0, 55368.0, 11349.0]"
"Adını 1740-1780 yılları arasında hüküm sürmüş imparatorun annesi olan Maria Theresa'dan alan şehir, özellikle 19. yüzyılda askeri ve siyasi tutukluların yerleştirilmesi için kullanıldı.",tur,tur,"[13289.0, 8576.0, 949.0, 5587.0, 8935.0, 17672.0, 6770.0, 16852.0, 16841.0, 5273.0, 5515.0, 4307.0, 8759.0, 46292.0, 9720.0]"
"1943 yılı ile beraber Yugoslavya Krallığı ortadan kalkmış, yerine Yugoslavya Sosyalist Federal Cumhuriyeti kurulmuştur. Probiştip’in de dâhil olduğu bölge, bu kez de sosyalist Yugoslavya idaresine girmiştir.",tur,tur,"[14044.0, 7977.0, 943.0, 5020.0, 8438.0, 16776.0, 6244.0, 15982.0, 15662.0, 4929.0, 5510.0, 4476.0, 8219.0, 44717.0, 9203.0]"
"Web uygulamalarına yönelik güvenlik duvarları, web sunucu korsanlarının daha çok dikkat çekmeye başladığı o on yılın sonunda piyasaya girmiştir.",tur,tur,"[7441.0, 4881.0, 471.0, 2769.0, 4500.0, 10686.0, 3410.0, 10274.0, 10065.0, 3073.0, 2715.0, 2763.0, 5148.0, 29089.0, 5768.0]"
"Ak balık (Leuciscus cephalus), Tatlısu kefali, Ak kefal, Kepenez ya da Kasna olarak da bilinir, sazangiller (Cyprinidae) familyasına ait bir balık türü.",tur,tur,"[12038.0, 6210.0, 907.0, 4757.0, 6803.0, 12980.0, 5769.0, 11742.0, 11821.0, 4584.0, 4059.0, 3537.0, 6700.0, 34369.0, 7871.0]"
İtalya tarihi Antik Roma döneminde ilk altın çağını yaşamıştır. MÖ 9. yüzyılda İtalya Yarımadası'nda kurulan Roma şehir devletinden doğan bu uygarlık zamanla tüm Akdeniz'i çevreleyen muazzam bir imparatorluk haline gelmiştir. Yaklaşık 12 yüzyıl boyunca varlığını sürdürmüş olan Roma uygarlığı bir monarşiden oligarşi ve cumhuriyetin bileşimi bir demokrasiye ve daha sonra da otokratik bir imparatorluğa dönüşmüştür.,tur,tur,"[26408.0, 16879.0, 1579.0, 10307.0, 16621.0, 35536.0, 13808.0, 34089.0, 33696.0, 9737.0, 9843.0, 8364.0, 17462.0, 97551.0, 19879.0]"
"2008 Ekim ayında, o zaman için İtalyan Uzay Ajansı'nın (ISA) başı olan Enrico Saggese, """"Başka bir programımız olana kadar beklemeyi isteyip istemediğimize kara vermeliyiz"""" diyerek Almanya'nın üçüncü ve dördüncü aşamaların geliştirilmesi sürecine katılmasına dair planlara gönderme yapmış ve VEGA'nın uçuşunun ertelenebileceğini belirtmiştir.",tur,tur,"[21194.0, 13470.0, 1480.0, 8982.0, 14050.0, 28903.0, 12238.0, 27792.0, 27533.0, 8982.0, 8422.0, 7802.0, 14052.0, 80501.0, 16033.0]"
"Bu dört katılım bankasının tek bir çatı altında toplanabilmesi amacıyla Bankalar Kanunu uyarınca birlik statüsünde Özel Finans Kurumları Birliği adıyla birleşmişler ve birliğe 2001 yılında bağlanmışlardır. 2005 yılına kadar özel finans kurumları adı altında faaliyet gösteren bu bankalar, bu tarihten sonra Katılım Bankaları adını almışlar ve bu nedenle birliğin adı da; Türkiye Katılım Bankaları Birliği olarak değiştirilmiştir.",tur,tur,"[24750.0, 15892.0, 1439.0, 9694.0, 16014.0, 35855.0, 11816.0, 32984.0, 32828.0, 9646.0, 9687.0, 7662.0, 16693.0, 97533.0, 18487.0]"
"Hikâye; anadolunun ücra bir köyünde (Eski Kahta) sinema filmi çekmek için gelen film ekibi ile köylüler arasında geçen gelişmeleri anlatan kurgu üzerine yazılmıştır. Köylü genç Mazlumun (İlyas Salman) Filim aktrisi Müjdeye (Müjde Ar) duyduğu saf ve temiz duyguyu anlatmaya çalışmaktadır. Filimcilerin işi bitip, ekip İstanbula döndükten sonra Mazlumun Müjdeye duyduğu özlemi nedeniyle peşinden İstanbula gelişi ve yaşanan ilginç gelişmeleri içermektedir.",tur,tur,"[28332.0, 17700.0, 1817.0, 10935.0, 18428.0, 40595.0, 13371.0, 36815.0, 35926.0, 11092.0, 10320.0, 9458.0, 18736.0, 111236.0, 21282.0]"
"İlk Hidden Wiki yalnız Tor ya da Tor ağ geçidi kullanılarak ulaşılabilen PTLD'lerden dolayı kullanıldı. Ana sayfasında kara para aklama, sözleşmeli öldürme, kiralık siber-saldırılar, kaçak kimyasallar ve bomba yapımı gibi iddialı bağlantılar da dahil olmak üzere diğer gizli servislerin bulunduğu bir bağlantı dizini sağlandı. Geri kalan Wiki'de ise sansürsüz çocuk pornografisi ve istismarı görüntülerinin bağlantıları barındırılıyordu.",tur,tur,"[23430.0, 14695.0, 1536.0, 8210.0, 14459.0, 32728.0, 10055.0, 30394.0, 30523.0, 8400.0, 8408.0, 7918.0, 16230.0, 90658.0, 18426.0]"
"Yeni Ay, Türk şarkıcı Sıla'nın beşinci stüdyo albümü. Sony Music Entertainment ve Columbia Records tarafından 18 Şubat 2014'te yayımlandı. """"Karanlık ve içe dönük temalar kullanarak hazırladığı"""" dördüncü stüdyo albümü Vaveyla'yı Ekim 2012'de yayımladıktan sonra Sıla, """"kendini iyi hissettiği bir dönemde"""" Yeni Ay'ı ortaya çıkardı. Neredeyse tüm şarkıların sözlerini tek başına yazdı ve pek çoğunu daha önceki albümlerini de birlikte hazırladığı Efe Bahadır ile besteledi. Ayrıca albümün yapımcılığını da Bahadır ile birlikte üstlendi. İskender Paydaş, Can Baydar, Bedük ve Fatih Ahıskalı da albümün yapımında görev aldı. 2013'ün sonunda başlayıp 2014'ün başlarında tamamlanan kayıtlar, İstanbul'daki Babajim Studios ile Atina'daki Sierra Studios'ta yapıldı.",tur,tur,"[48470.0, 31480.0, 3307.0, 19125.0, 30769.0, 69422.0, 23755.0, 63651.0, 63909.0, 20162.0, 17594.0, 16522.0, 32834.0, 187934.0, 37533.0]"
"Mean"""", Amerikalı şarkıcı ve söz yazarı Taylor Swift'in üçüncü stüdyo albümü Speak Now 'da yer alan country pop tarzındaki şarkı. Şarkının sözleri Swift'te ait olup yapımcılığını da Nathan Chapman ve Swift üstlenmiştir. 17 Ekim 2010'da Big Machine etiketiyle, albümün tanıtımı amaçlı yayınlandı. Şarkı içerisinde yoğun olarak keman ve banjo ezgileri içermesi nedeniyle, eleştirmenler tarafından albümün en """"country"""" şarkısı olarak nitelendirildi. Swift bu şarkısını, şarkıları ve yetenekleri hakkında sürekli olumsuz yorum yapan insanlar için yazdığını söyledi.",tur,tur,"[29943.0, 20128.0, 2313.0, 11496.0, 18719.0, 43127.0, 14186.0, 39921.0, 40642.0, 12056.0, 11095.0, 10006.0, 21137.0, 114348.0, 24064.0]"
"Bilinen en eski yaylı enstruman olan rebap (Arapça rababah) Avrupa’ya, 9. yüzyılda Bizans üzerinden (lyra adıyla) ve MS 11. yüzyılda Müslüman Arapların kontrolü altında olduğu dönemde İspanya üzerinden Rebec adıyla iki koldan yayılmış, Orta Çağ ve Erken Rönesans dönemi boyunca yoğun olarak kullanılmıştır. Çok sayıda farklı teoriye karşın Karadeniz kemençesinin Rumlar tarafından Kapadokya kemanesi olarak da adlandırılan Kabak kemaneden form olarak ne zaman farklılaştığı kesin olarak bilinmemektedir.",tur,tur,"[31078.0, 19387.0, 1967.0, 12732.0, 20392.0, 42232.0, 15939.0, 39809.0, 39646.0, 12562.0, 11402.0, 10862.0, 20511.0, 115772.0, 23580.0]"
"Ayrıca, 1995-96 sezonu UEFA Fair Play puanı en yüksek olan ülke ve puanı 8 üzerinde olan ülkelerden kura ile belirlenen 2 ülke olmak üzere toplam üç ülke federasyonu UEFA Kupası'na fazladan birer takım daha gönderir. (İsveç, Rusya ve Finlandiya)",tur,tur,"[16135.0, 10921.0, 1004.0, 6359.0, 10337.0, 22567.0, 7923.0, 21890.0, 21688.0, 6211.0, 6751.0, 5282.0, 11030.0, 61840.0, 12090.0]"
"Güney Çin’de Liu Song (劉宋 liú sòng; 420-479), Nan Qi (南齊 nán qí; 479-502), Nan Liang (南梁 nán liáng; 502-557) ve Nan Chen (南陳 nán chén; 557-589) başta olmak üzere dört hanedanı kurulup yıkılmıştır.",tur,tur,"[22604.0, 23128.0, 2862.0, 9338.0, 12542.0, 21841.0, 9825.0, 22267.0, 23920.0, 7793.0, 8279.0, 6263.0, 19246.0, 43214.0, 21434.0]"
"EXO 90:2014, EXO ve S.M. Rookies üyelerinin yer aldığı Güney Koreli realite TV programıdır. Program Mnet'te yayınlandı. İlk bölüm 15 Ağustos 2015'te yayınlandı. Program Jun Hyun-moo tarafından sunuldu.",tur,tur,"[13202.0, 10850.0, 1483.0, 5492.0, 8142.0, 17596.0, 6449.0, 18404.0, 19546.0, 5482.0, 5211.0, 4549.0, 11694.0, 41968.0, 11902.0]"
Bu tür aşınmada makine elemanı üç aşamada aşınır ve normal çalışma ömrünü tamamlar. Zamanla gelişen aşınma tipinin kademeleri aşağıda verilmiştir.,tur,tur,"[9832.0, 5786.0, 480.0, 3412.0, 6047.0, 12672.0, 4017.0, 11689.0, 11581.0, 3589.0, 4760.0, 3352.0, 5990.0, 34778.0, 6803.0]"
Orijinal protokol maksimum 32 MB lık dosyaya sahip olabilir. 1998'de bu limit RFC 2347 nin tanıttığı seçenek müzakeresi ve RFC 2348 in tanıttığı blok-uzunluğu müzakeresi tarafından 4GB a çıkarılmıştır.,tur,tur,"[13765.0, 8799.0, 1283.0, 5571.0, 8866.0, 18019.0, 6529.0, 16957.0, 16892.0, 5911.0, 5406.0, 4734.0, 9190.0, 45512.0, 10058.0]"
"Takayuki Yoshida (d. 14 Mart 1977), Japon eski futbolcudur. Profesyonel kariyerine 1995 yılında Yokohama Flügels kulübünde başladı. Daha sonra sırasıyla Yokohama F. Marinos, Oita Trinita, Vissel Kobe kulüplerinde oynadı.",tur,tur,"[14854.0, 9512.0, 1710.0, 6694.0, 10244.0, 16905.0, 8584.0, 18744.0, 17937.0, 6828.0, 6050.0, 5575.0, 10748.0, 40980.0, 11276.0]"
"Savaştan sonra kurum barış politikaları konusunda belirleyici bir rol oynayamadı. 1924'te kuruluşun sekreterliği Cenevre'ye taşındı, konferanslara katılım azaldı, diğer gruplarla birlikte çalışma eğilimi zayıfladı ve İkinci Dünya Savaşı sırasında da bir toparlanma olmadı. Golay 1950'de öldü ve aynı yıl Büro dağıldı ve ancak 1964 yılında yeniden kuruldu.",tur,tur,"[22626.0, 13885.0, 1610.0, 9761.0, 15337.0, 30660.0, 10799.0, 28914.0, 29007.0, 8512.0, 9041.0, 7519.0, 14484.0, 84917.0, 16553.0]"
Türkiye'de 1984 yılında faizsiz bir bankacılık sistemi olan katılım bankalarının ilki Albaraka Türk faaliyete başlamıştır. Hemen ardından 1985 yılında Faysal Finans ve 1989 yılında ise yine diğerleri gibi körfez menşeli Kuveyt Türk Katılım Bankası Türkiye Vakıflar Bankası'nın ortaklığı ile birlikte Türk Katılım Bankacılığı sektöründe yerlerini almışlardır. 1996 yılında açılan Asya Finans ise bu bankalar arasına katılmış ve 2013 yılı itibarıyla Türkiye'de Katılım Bankacılığı sektöründe hizmet veren dört adet banka olmuştur. Yalnızca bu bankalardan Faysal Finans'ın adı daha sonra Family Finans olarak değiştirilmiştir. 1995 yılında kurulan İhlas Finans ise 2001 yılında parasal yönden sorunlar ile karşılaştığından dolayı 1999 yılı Haziran ayında kurulan ve 2000 yılı Ağustos ayında görevlerine başlayan BDDK tarafından faaliyetleri durdurulmuştur.,tur,tur,"[52113.0, 33458.0, 3430.0, 20786.0, 33059.0, 75491.0, 25302.0, 67539.0, 68059.0, 20625.0, 18765.0, 16692.0, 36066.0, 200862.0, 39310.0]"
"Güney Kuzey Hanedanı dönemi (Çince: 南北朝 pinyin: nán běi cháo, 420 - 589 ya da 439 - 589), Çin tarihinde 420'de Çin'in güneyinde Liu Song (劉宋 liú sòng; 420-479) hanedanının Doğu Jin Hanedanı (東晉 dōng jìn; 317 - 420)'nın yerini almasıyla başlayarak 589’de Siyenpilerin (Sien-pi) Puliuru boyuna (普六茹 pǔliùrú) mensup olan Yang Jian (楊堅 yáng jiān)'nın Sui’yi kurmasına kadarki bir dönem. Güney ve kuzey kesimlerinde ayrı hanedanların bulunduğu için bu ad verilmiştir.",tur,tur,"[42252.0, 42919.0, 4279.0, 17224.0, 24787.0, 49392.0, 18742.0, 50162.0, 52603.0, 15344.0, 16239.0, 12550.0, 37040.0, 116079.0, 41227.0]"
"2007 yılında Brad Pitt'in Jesse James rolünde yer aldığı The Assassination of Jesse James by the Coward Robert Ford filminde Robert Ford'u canlandırmıştır. Bu filmdeki rolü ile Satellite Ödülleri'ne, Altın Küre'ye ve Oscar'a En İyi Yardımcı Aktör dalında aday gösterilmiştir.",tur,tur,"[15884.0, 10022.0, 1688.0, 6684.0, 10017.0, 20792.0, 8176.0, 18894.0, 19415.0, 6641.0, 6205.0, 5372.0, 10696.0, 52711.0, 12229.0]"
Köyün adı kurtdededen gelmektedir eski yıllarda kurt çok olduğundan dolayı hayvanları ve köy insanını koruyarak köy ismini almıştır.Kurt yavrularını besleyerek çoban köpeği yapmıştır. Kurt dede ve eşrafının Erzurum taraflarından gediği tahmin edilmektedir.,tur,tur,"[14896.0, 9565.0, 905.0, 5323.0, 9407.0, 22008.0, 6529.0, 19999.0, 19439.0, 5709.0, 5010.0, 4845.0, 10178.0, 59178.0, 11081.0]"
John Stamos'un yapılması için önayak olduğu gösteriye Washington DC belediye başkanı gibi politik figürler ve Kevin Spacey gibi ünlüler de katılım sağlamıştır.,tur,tur,"[8266.0, 5099.0, 806.0, 3249.0, 5217.0, 11290.0, 4120.0, 10554.0, 10583.0, 3486.0, 3086.0, 2929.0, 5496.0, 29711.0, 6381.0]"
Amerika Birleşik Devletleri'nde aile içi şiddette mağdur %35 oranında erkektir; ancak büyük bir çoğunluğu şikayette bulunmazlar. İngiltere'de ise bu rakam %16.6 civarındadır. Amerika'da mahkemeye intikal etmiş şiddet eylemlerinin %95'i kadınlara karşıdır.,tur,tur,"[18026.0, 11618.0, 1114.0, 6952.0, 11558.0, 25306.0, 8608.0, 23976.0, 23600.0, 7095.0, 6450.0, 5858.0, 12369.0, 70260.0, 13695.0]"
"Meceió, Mundaú Lagünü ve Atlantik Okyanusu arasında yer almakta olup önemli bir turizm merkezidir. Tropikal iklimi nedeniyle şehrin ortalama sıcaklığı 25 °C olup yıl boyunca sıcaklık farkı çok azdır. Yeni Zumbi dos Palmares Uluslararası Havalimanı, Maceió'yu birçok Brezilya şehrine bağlamakta ve aynı zamanda bazı uluslararası uçuşlarda gerçekleştirmektedir.",tur,tur,"[21674.0, 12615.0, 1550.0, 11102.0, 13463.0, 26844.0, 14172.0, 25243.0, 25199.0, 16803.0, 8295.0, 12480.0, 13965.0, 73661.0, 15807.0]"
"Aşağı Tananaca ya da Aşağı Tanana dili [kendilerince Benhti Kokht’ana Kenaga’; İngilizce Lower Tanana, Tanana, Minto], ABD'nin Alaska eyaletinde içbölgelerdeki Tanana ırmağının (Tthʼituʼ) aşağı kısımlarında Minto (Menhti) ile Nenana yörelerinde yaşayan Aşağı Tananalar tarafından konuşulan Atabask dillerinin Tanana dilleri grubundan yok olma tehlikesindeki Kızılderili dilidir. Alaska Yerli Dil Merkezine göre 400 kişilik nüfustan 25 kadarı anadillerini konuşabiliyor.",tur,tur,"[33296.0, 19490.0, 2627.0, 12605.0, 19103.0, 39935.0, 15230.0, 38345.0, 38183.0, 13107.0, 12649.0, 11604.0, 20903.0, 107932.0, 23641.0]"
"Üyelerin ilan ve reklamlarında uyacakları esas ve şartları tür, şekil, nitelik ve miktarları itibarıyla Kurumun uygun görüşünü alarak tespit etmek,",tur,tur,"[9404.0, 6016.0, 534.0, 3655.0, 6710.0, 13350.0, 4566.0, 12297.0, 12126.0, 3773.0, 3872.0, 3109.0, 6348.0, 36575.0, 7178.0]"
"Fiziksel istismar ve çocuk istismarı; aile içi şiddetinin de bir parçası olabilir. Ancak çocuklara karşı yapılan şiddet eylemleri, çocuk istismarı altında incelenir. Her ne kadar göz ardı edilse de; fiziksel ve cinsel şiddet istismarlarının %90'ı aile bireyleri tarafından yapılmaktadır.",tur,tur,"[17779.0, 11350.0, 1067.0, 6768.0, 10930.0, 25484.0, 8504.0, 23319.0, 23103.0, 7658.0, 6297.0, 5890.0, 12409.0, 69938.0, 13895.0]"
"Noble, Amerika Birleşik Devletleri'nin Oklahoma eyaletinde yer alan ve Cleveland ilçesinde yer alan bir şehirdir. Şehrin nüfusu 26 Kasım 2009 tarihinde toplam nüfusu 6,481'dir.",tur,tur,"[13292.0, 9013.0, 1054.0, 5706.0, 8537.0, 17148.0, 6731.0, 16129.0, 16073.0, 5426.0, 4897.0, 4497.0, 9217.0, 42201.0, 9975.0]"
"Albümün ilk klibi """"Vaziyetler"""" şarkısına Emre Akay yönetmenliğinde çekilerek albüm çıkmadan bir hafta önce, 11 Şubat 2014'te, yayımlandı. Sıla, klipte """"sevdiği adamdan öfkesini çıkarmak için çıldırmış kıskanç bir kadını"""" oynayarak erkek arkadaşına saldırdı. Hürriyet'ten Onur Baştürk klibi beğenmeyerek eleştirdi. Sıla'nın erkek arkadaşını dövmeye çalışırken takındığı ifadelerin mi yoksa Sıla'nın saç modelinin mi daha kötü olduğu konusunda kararsız kaldı. Şarkı, 27 Şubat 2014'te MusicTopTR Resmî Listesi'nin zirvesine çıktı ve aralıksız on bir hafta boyunca bir numaradan inmedi. İkinci klip, albümün açılış şarkısı olan """"Yabancı""""ya çekilerek 3 Haziran 2014'te yayımlandı. Klibi Ergin Turunç yönetti ve çekimler İstanbul Teknik Üniversitesi Taşkışla Kampüsü'nde tamamlandı. """"Yabancı"""" da, """"Vaziyetler"""" gibi MusicTopTR Resmî Listesi'nde zirveye yerleşti ve burada bir hafta kaldı.",tur,tur,"[59603.0, 37628.0, 3874.0, 23243.0, 38544.0, 84438.0, 29230.0, 78666.0, 76941.0, 23679.0, 21473.0, 20165.0, 39477.0, 231451.0, 44648.0]"
"Oyuncu olarak, Amerikan dizisi One Tree Hill'de canlandırdığı Haley James Scott rolüyle tanınmaktadır. 1998 ve 2000 yılları arasında Guilding Light adlı yapımda canlandırdığı Michelle Bauer Santos rolünün de oyunculuk kariyerinde önemli yeri vardır. One Tree Hill'deki rolü 2003 yılından bu yana devam etmektedir.",tur,tur,"[17261.0, 11569.0, 1693.0, 7503.0, 11315.0, 23878.0, 9071.0, 22111.0, 22598.0, 8063.0, 6727.0, 6355.0, 11766.0, 61435.0, 13495.0]"
"CA/Browser Forum (Sertifika Yetkilileri/Tarayıcı Forumu): 2005 yılında, Comodo Internet Güvenliği için endüstri standartları ve temel gereksinimlerin teşvikine adanmış Sertifika Yetkilileri ve internet tarayıcısı satıcıları ile yeni bir konsorsiyumun kurucu üyesi oldu.",tur,tur,"[16034.0, 9819.0, 1333.0, 6091.0, 10008.0, 21244.0, 7606.0, 19637.0, 19758.0, 6023.0, 5730.0, 5308.0, 10756.0, 57112.0, 12223.0]"
Tahsilini İstanbul'da Mekteb-i Tıbbiye-i Mülkiyeyi (Sivil tıp fakültesini) bitirdikten sonra Paris Sorbonne ve Institut Pasteur'de tamamlamıştır.,tur,tur,"[11141.0, 6376.0, 736.0, 5480.0, 7078.0, 14632.0, 5972.0, 12601.0, 12754.0, 4706.0, 3663.0, 3837.0, 7176.0, 38163.0, 7992.0]"
"Emir Habibullah Han'ın oğluydu. Babasının 1919'da öldürülmesinden bir hafta sonra amcasını tahttan indirip, müebbet hapse mahkum ettirerek 28 Şubat 1919'da tahta çıktı. Tahta çıkma töreninde yaptığı konuşmada Afganistan'ın bağımsızlığını ilan etti. İngilizler duruma müdahale etmelerine rağmen, I. Dünya Savaşı'ndan yıpranmış olarak çıkan İngiliz-Hint ordusu ile fazla etkili olamayan Afgan ordusu arasında ufak çaplı birkaç çatışma dışında bir olay yaşanmadı. 8 Ağustos 1919'da Ravalpindi'de Afganistan'ın bağımsızlığını tanıyan bir antlaşma imzalandı.",tur,tur,"[37282.0, 23542.0, 2529.0, 14950.0, 23532.0, 54693.0, 17427.0, 47725.0, 47794.0, 14215.0, 14344.0, 11933.0, 24842.0, 137608.0, 28198.0]"
"Kavramsal modeldeki kavramlar - niteliklerine göre - sınıflara, API'lerin soyut arayüzlerine ve nesnelerin değişik durumlarda gerçekleştirecekleri rollere yansıtılır:",tur,tur,"[9929.0, 5945.0, 582.0, 3432.0, 5982.0, 13887.0, 4173.0, 12273.0, 12255.0, 3508.0, 4179.0, 2784.0, 6421.0, 37373.0, 7305.0]"
"Derginin yaratıcısı ve editörü yazar Celil Memmedguluzade idi. Devrin Tiflis’teki önemli yazar, şair ve ressamları derginin çatısı altında toplanmış ve Azerbaycan edebiyatında ve basınında yeni bir ekolün başlatmışlardır (Molla Nasreddin Edebi Ekolü). 1906-1917 arasında Tiflis'te çıkarılan dergi, 1921'de Tebriz'de, 1922'den itibaren Bakü'de yayın hayatını sürdürmüştür.",tur,tur,"[30837.0, 17028.0, 1949.0, 10908.0, 18539.0, 37016.0, 12427.0, 32734.0, 33575.0, 10024.0, 18683.0, 7866.0, 17655.0, 97867.0, 20207.0]"
Yerşekilleri bakımdan baktığımızda tipik karadeniz bölgesi yerşekillerini andırmaktadır. Düzlük alanlar az olmakla birlikte mahallenin büyük bölümünde fındık bahçeleri dikilidir.,tur,tur,"[11247.0, 6781.0, 659.0, 4194.0, 7331.0, 15471.0, 5207.0, 14604.0, 14095.0, 4457.0, 4188.0, 3792.0, 7473.0, 42880.0, 8385.0]"
"Avrupa'ya ilk gelişi, 1969 yılında Formula Ford yarışları ile gerçekleşmiştir. Jochen Rindt'in Monza'nın antrenman turlarında yaşamını kaybetmesiyle; Team Lotus adına 1970 yılında İtalya Grand Prix'de yarışmıştır. 1980’de F1 pistlerinden emekli olana dek 144 yarışa katılan Fittipaldi, bunların 14’ünde zafere ulaşmıştır. 1972’de Lotus takımıyla ve 1974’te McLaren takımıyla şampiyonluk yaşayan Emerson, 1997'de ciddi sakatlık yaşamıştır. Fittipaldi’nin yarış kariyeri Brezilya’da kendisinin sahip olduğu mevye tarlasının yakınlarında sürüş yaparken hafif uçağa çarpması sonucu bitmiştir.",tur,tur,"[38311.0, 24802.0, 3093.0, 17563.0, 26235.0, 52650.0, 23034.0, 49492.0, 49652.0, 17896.0, 14743.0, 14244.0, 25408.0, 136117.0, 28418.0]"
"Köyde, ilköğretim okulu vardır ancak kullanılamamasının yanı sıra taşımalı eğitimden yararlanılmaktadır. Köyün içme suyu şebekesi ve kanalizasyon şebekesi yoktur. PTT şubesi ve PTT acentesi yoktur. Sağlık ocağı ve sağlık evi yoktur. Köye ulaşımı sağlayan yol asfalt olup köyde elektrik ve sabit telefon vardır.",tur,tur,"[19937.0, 11805.0, 1108.0, 7046.0, 12378.0, 26574.0, 9001.0, 24481.0, 23802.0, 7434.0, 6798.0, 6718.0, 12606.0, 71709.0, 14169.0]"
"Bursa Yenişehir Şemaki Evi Müzesi, İran'ın Şemaki kasabasından Anadolu'ya gelerek Yenişehir'e yerleşen Şemaki ailesi tarafından 18. yüzyılda yaptırılmıştır. Konak olarak adlandırılabilecek ev iki katlıdır. Zemin katta taşlık ve sağ tarafında mutfak ve kiler, sol tarafında iki oda yer alır. Mutfak duvarına bitişik ahşap merdivenle üst kata çıkılır. Burada eyvanlı bir sofa, sofaya açılan bir """"başoda"""" ile biri küçük diğeri büyük iki oda daha yer alır.",tur,tur,"[29065.0, 19064.0, 1813.0, 11090.0, 17627.0, 41708.0, 13930.0, 38786.0, 38100.0, 11374.0, 10356.0, 9571.0, 19672.0, 114920.0, 21979.0]"
"Öykü anlatıcının oğlu Harry'nin orduya yazıldığını söylemesi ile başlar. Harry'nin askerliğin ilk günlerindeki bocalaması babasına bir başka eri Bobby Pettit'i anımsatmıştır. Bobby de 1917'de orduya girdiğinde işinde çok başarısızdır. Onu eğitmekle sorumlu olan Çavuş Grogan bu başarısızlığını sürekli Bobby'nin yüzüne vurur. Bobby'nin çavuşa verdiği cevap hep aynıdır: """"askerliğe alışacağım"""". Harry, mesleğini o kadar çok sevmektedir ki Çavuş'un tüm hakaretlerine rağmen inancını kaybetmez ve adama sadece her seferinde aynı yanıtı vermeye devam eder. Harry bir gün albay olmayı hedeflemiştir ve bu gayesini de çavuşla paylaşır.",tur,tur,"[38473.0, 24980.0, 2409.0, 15411.0, 25135.0, 58077.0, 18580.0, 53260.0, 52281.0, 15925.0, 14634.0, 14137.0, 26594.0, 158747.0, 30141.0]"
"Goldberg ve Brock Lesnar aralarında geçen ilk ve tek maç, 2004 yılında WrestleMania XX'de gerçekleşmiş ve bu maçı Goldberg kazanmıştı. Bu etkinlikten sonra ikisi de WWE'den ayrılmıştı. Lesnar, 2012'de tekrar şirkete döndü. WWE'ye hiç dönme niyeti olmayan Goldberg'ün Ocak 2016'da WWE ile tekrar çalışma ilişkisi başladı. 30 Mayıs Raw bölümünde Goldberg'ün WWE 2K17 video oyununun ön sipariş sürümünde olacağı ve Lesnar'ın da oyun kapağında yer alacağı belli oldu. 2016 SummerSlam'in olduğu hafta sonu Almanya'daki 2K etkinliğinde Goldberg, Lesnar'a bir maç için meydan okudu. İlerleyen haftalarda Lesnar ve Goldberg, birbirleri arasında iğneleyici sözler söylemeye devam ettiler. Sosyal medyada ve WWE 2K17 basın etkinliğinde birbirlerini aşağıladılar. 3 Ekim'de Goldberg, Jonathan Coachman ile beraber ESPN'in SportsCenter programında WWE 2K17 oyununda görünüşü hakkında yer aldı. Goldberg, WWE'ye geri dönmesinin mümkün olabileceğini söyledi ve eğer dönerse Lesnar ile karşılaşmak istediğini de açıkladı. 10 Ekim Raw bölümünde Paul Heyman, Lesnar adına Goldberg'e meydan okudu. Goldberg'ün, Lesnar'ın WWE kariyerinde kara bir leke olduğunu söyledi. 17 Ekim Raw bölümünde Goldberg, 12 yıl sonra WWE'ye dönüşünü gerçekleştirdi ve meydan okumayı kabul etti. Ertesi hafta Raw bölümünde Goldberg'ün konuşmalarına hitaben Lesnar göründü. 25 Ekim'de WWE, Twitter'dan bu maçın Survivor Series'de gerçekleşeceğini duyurdu. 31 Ekim Raw bölümünde, Lesnar'ın yorumlarına cevap vermek için Goldberg ringe geldi. Ancak, Heyman onun sözünü kesti. Heyman, Lesnar'ın kavgaya geleceğini söyledi ama onunla alay etti. Sonrasında Rusev geldi ve Goldberg'le karşı karşıya geldi. Goldberg, Rusev'e Jackhammer yaptı; ardından Heyman'a Spear yaptı. 7 Kasım Raw bölümünde gösterilen videoda, bir sonraki hafta Goldberg ve Lesnar'ın Survivor Series öncesinde yüzleşeceği açıklandı. Survivor Series öncesi yapılan son Raw gecesinde Goldberg ve Lesnar aralarında güvenlik memurları varken yüz yüze geldi. Lesnar, birkaç memuru Goldberg'e doğru ittikten sonra Goldberg, tüm memurları dışarı attı. Goldberg kavga istese de Lesnar geri çekildi.",tur,tur,"[104748.0, 73232.0, 8473.0, 42661.0, 67750.0, 162390.0, 51874.0, 150843.0, 151228.0, 42713.0, 39417.0, 38454.0, 75510.0, 422621.0, 84437.0]"
"26 Mart 2011 tarihinde, kullanıcı adı """"ComodoHacker"""" olan bir kişi Pastebin.com saldırılarıyla ilgili birkaç gönderide bir İranlının sorumlu olduğunu iddia etti.",tur,tur,"[8506.0, 5810.0, 820.0, 3500.0, 5365.0, 12325.0, 4294.0, 11537.0, 11478.0, 3705.0, 3741.0, 3189.0, 5989.0, 31988.0, 6450.0]"
"1698 yılında, İngiliz mühendis Thomas Savery (1650-1715), ilk ticari olarak satılan buhar makinesini yapmıştır. Bu makine maden ocağından suyu dışarı atmak amacıyla kullanılmıştır. Madencinin Arkadaşı olarak tanınmaktaydı.",tur,tur,"[14198.0, 9299.0, 1210.0, 5988.0, 8890.0, 18888.0, 6902.0, 17691.0, 17621.0, 5664.0, 5844.0, 4838.0, 9843.0, 49050.0, 10796.0]"
Sanayide Monoklorasetik asit (MCA) olarak bilinen kloroasetik asit formülü ClCH2CO2H olan organik klorlu bileşiktir. Bu karboksilik asit organik sentezlerde kullanılan temel bir yapıtaşıdır.,tur,tur,"[13272.0, 7394.0, 1044.0, 5132.0, 8025.0, 16084.0, 6527.0, 15001.0, 14830.0, 5209.0, 4437.0, 4554.0, 8265.0, 42185.0, 9112.0]"
"Karadeniz kemençesi genellikle beş yarım sesten oluşan aralıklarla örneğin G [sol] –D [re] –A ([la]) veya E [mi] –A [la] –D [re)formunda akort edilmekle birlikte, nadiren de olsa tulum ezgileri çalınmak istendiğinde (özellikle Trabzon Maçka ) da (A [la] – A [la] – D [re] formu kullanılmaktadır. Mübadeleye kadar Rumlar tarafından Trabzon da yoğun olarak kullanılan tulum 1970'lere kadar Trabzon'un Holo ve Maçka bölgelerinde de Müslümanlar tarafından kullanılmıştır. Geçmişte yaygın olarak yapılan küçükbaş hayvancılığın terkedilmesi tulum ve şimşir kavalın yerini kemençeye bırakması sonucu getirmiş olmalıdır.",tur,tur,"[44642.0, 25880.0, 2991.0, 18567.0, 28652.0, 55974.0, 22633.0, 52918.0, 51502.0, 18404.0, 16656.0, 15357.0, 27996.0, 153763.0, 31878.0]"
"Alex bunları öğrendikten sonra Bloodtox adlı bir silah geliştirdiklerinide öğrenir. Bu silahı Karen, Alex' in kendi tedavisi için bulduğu örneklerden geliştirir. Ve Karen' da gerçek yüzünü gösterir. Ama Alex onun içinde gelecektir.* Alex, bu silahla Greene' i yer altından çıkarıp onunla savaşır. Onu yendikten sonra yaratıktan Greene' in insan formu düşer. Greene' le karşılaşan Alex onun özelliklerini ele geçirir. Greene' in anılarında bütün bunların General Randall' la başladığını öğrenen Alex, gözünü ona ve Blackwatch' a diker. Randall bir nükleer silahla Manhattan' ı yok etmek ister. Albay Taggard' ı ele geçirdikten sonra Cross ile birlikte General Randall' a doğru yola çıkarlar. Randall' a gemide karşılaşırlar. Alex, Randall' ı ele geçirir. Anılarını gören Alex, Randall' ın bu olayları yıllar önce hiç başlamadan durdurabileceğini öğrenir. Ama artık çok geçtir. Alex' in bir bağlantısı olan Cross önceden bir Supreme Hunter tarafından ele geçirilmiştir. Cross, Supreme Hunter' a dönüşür. Alex, Hunter' ı öldürdükten sonra Randall' ın fırlatmaya zamanladığı nükleer silahı Atlantik Okyanusu' na helikopterle bırakır. Okyanusta patlayan nükleer silah yeterince uzaklaşamayan Alex' in helikopterinide düşürür. Ama Alex ölmez. Geri kalan parçaları bir kargayı ele geçirdikten sonra Alex' in bedenini tekrar tümler.",tur,tur,"[65021.0, 44047.0, 4605.0, 26158.0, 42978.0, 100981.0, 31798.0, 94029.0, 94313.0, 26739.0, 25008.0, 23393.0, 46082.0, 277138.0, 52373.0]"
"3. François Fillon Hükümeti'nde görev alması üzerine 15 Kasım 2010 tarihinde, RS sözcülüğü görevinden ayrılmıştır. 2012 seçimlerinde Fransa dışında yaşan Fransızları temsilen oluşturulmuş 4. seçim çevresinde (Benelüks) aday olmuş ancak seçimleri kaybetmiştir.",tur,tur,"[15271.0, 9829.0, 1305.0, 13254.0, 10577.0, 19803.0, 10531.0, 19201.0, 19470.0, 7730.0, 5799.0, 6440.0, 10046.0, 51415.0, 11231.0]"
"Fetih ve asimilasyon yollarıyla Batı Avrupa ve Akdeniz'i çevreleyen bölgede egemen olan Roma İmparatorluğu zaman içinde düşüşe geçmiş ve çökmüştür. Hispanya, Galya ve İtalya'yı içine alan batı imparatorluğu 5. yüzyılda bağımsız krallıklara bölündü. Batı imparatorluğunun 476 yılında sona ermesi Roma'nın yıkılışı ve Orta Çağ'ın başlangıç tarihi kabul edilir. Öte yandan İstanbul'dan yönetilen doğu imparatorluğu, 1453 yılına kadar varlığını sürdürmüştür.",tur,tur,"[32297.0, 20719.0, 1947.0, 12865.0, 20276.0, 43739.0, 15845.0, 41339.0, 41419.0, 12447.0, 11904.0, 10555.0, 21533.0, 119383.0, 24655.0]"
"Son DATA paketinin sonuncu olduğunu belirtmek için bu DATA paketi tam boyutlu blok veriden daha az içermelidir.Transfer dosya boyutu blok boyutunun tam katı ise,kaynak 0 byte veri içeren son DATA paketi gönderir.",tur,tur,"[11226.0, 7205.0, 709.0, 4677.0, 7170.0, 15966.0, 5667.0, 15501.0, 14928.0, 4677.0, 3974.0, 4471.0, 7759.0, 44487.0, 8592.0]"
"Infected (Türkçe: Enfekte olan), kıyamet sonrası korku televizyon dizisi The Walking Dead 'in dördüncü sezonunun ikinci bölümüdür. İlk olarak Birleşik Devletler'de 20 Ekim 2013 (2013-10-20)'te AMC'de yayımlanmış olup, Angela Kang tarafından yazılmış ve Guy Ferland tarafından yönetilmiştir.",tur,tur,"[19352.0, 12357.0, 1846.0, 8333.0, 12676.0, 24165.0, 9384.0, 22519.0, 22847.0, 8151.0, 6867.0, 6734.0, 12864.0, 63063.0, 14674.0]"
"Çalışma modları için verilen isimler değişse de, WAF'lar temelde üç farklı şekilde kullanılmaktadır. NSS Labs'a göre, kullanım seçenekleri şeffaf köprü, şeffaf ters vekil sunucu ve ters vekil sunucudur. 'Şeffaf' HTTP trafiğinin doğrudan web uygulamasına gönderildiğini ifade etmektedir, bu yüzden WAF istemci ile sunucu arasında şeffaftır. Bu durum, WAF'ın ters vekil sunucu olarak çalıştığı ve istemci trafiğinin doğrudan WAF'a gönderildiği ters vekil sunucu kullanıma aykırıdır. WAF sonrasında filtrelenmiş trafiği ayrı bir şekilde web uygulamalarına göndermektedir. Bu IP maskeleme gibi ilave faydalar sağlayabilir, ancak performans gecikmesi gibi dezavantajlar da getirebilmektedir.",tur,tur,"[37635.0, 24189.0, 2379.0, 14019.0, 23752.0, 55576.0, 16687.0, 51078.0, 50978.0, 13795.0, 13252.0, 12225.0, 26503.0, 152444.0, 29760.0]"
Seo Ye-Ji dizide Prenses Sookmyung karakterini canlandırmaktadır. Onun karakteri korumacı kraliyet yetiştirmeciliğinden dolayı yalnız ve mutsuz birisidir.,tur,tur,"[9062.0, 6146.0, 790.0, 3396.0, 4981.0, 11520.0, 4163.0, 11027.0, 11848.0, 4473.0, 3035.0, 2957.0, 6782.0, 28102.0, 7475.0]"
"Stratocaster modeli temel alınarak geliştirilen ve popülerliği gün geçtikçe artan bu süperstrat modellerinin etkisiyle, Stratocaster modelinin sahibi ve tek yasal üreticisi olan Fender firması da 1980'li yıllardan itibaren kendi süperstrat modellerini oluşturmaya başlamıştır.",tur,tur,"[15073.0, 9218.0, 1174.0, 5983.0, 10143.0, 20095.0, 8216.0, 19668.0, 19073.0, 6235.0, 5936.0, 5404.0, 9627.0, 53759.0, 10831.0]"
"Comodo Security Solutions, Inc: Clifton, NJ yerleşkeli, ticari ve tüketici kullanımı için güvenlik yazılımlarını geliştirir ve pazarlar. İnternet sitesi güvenlik açığı ve etkisi, kurumsal ve bireysel bilgisayar güvenlik sistemleri ve diğer ağlar için güvenlik ürünlerini içerir. Comodo Antivirüs Laboratuvarları kendi güvenlik sistemlerinin tüm sürümlerini destekler.",tur,tur,"[18018.0, 11101.0, 1657.0, 7180.0, 10919.0, 24414.0, 9319.0, 22436.0, 23007.0, 7559.0, 6706.0, 6879.0, 12157.0, 66814.0, 13940.0]"
"1908 - 1921 seneleri arasında """"Ilm-i Ensaç adı altında anabilim dalında İstanbul ve Ankara Üniversitelerinde Histoloji ve Embriyoloji dersleri vermiştir.",tur,tur,"[11403.0, 6285.0, 966.0, 4895.0, 7412.0, 13044.0, 5915.0, 11944.0, 11856.0, 4674.0, 5025.0, 3872.0, 6754.0, 32611.0, 7466.0]"
Buhar gücünün Heron tarafından uygulamasından sonra 1679 yılında ilk faydalı uygulama Fransız fizikçi Denis Papin ‘den (1647-1712) geldi. İçinde suyun kaynadığı ve biriken buharın suyun kaynama noktasını yükselttiği sıkıca kapanan bir kapağı olan düdüklü tencere icat edilmişti. Papin’in dikkat ettiği şey daha yüksek ısıda kemikler yumuşuyor ve et daha çabuk pişiyordu. Tencereye buhar basıncının çok yükselmesine karşın bir de güvenlik vanası eklenmişti.,tur,tur,"[29136.0, 18134.0, 1904.0, 13004.0, 17989.0, 40780.0, 13866.0, 37345.0, 37167.0, 11192.0, 11443.0, 9925.0, 19386.0, 110121.0, 22050.0]"
Köyün ekonomisi tarım ve hayvancılığa dayalıdır. 90 lı yıllardan sonra sınır ticareti ile ilgilenmeye başlayan köylüler şu anda geçimlerinin önemli bir kısmını yolcu taşımacılığı ve sınır ticareti üzerinden yapmaktadırlar.,tur,tur,"[14683.0, 8425.0, 778.0, 5091.0, 8795.0, 18879.0, 6356.0, 17612.0, 17216.0, 5408.0, 5373.0, 4663.0, 8881.0, 51752.0, 10024.0]"
"Carol yeniden Lizzie ve Mika'yı tel örgülerin orada aylaklara bakarken bulur. Carol, Lizzie'yi aylakları tanımlamaması, bunun yerine babasının yasını tutması ve ardından olanları unutması gerektiği konusunda uyarır. Lizzie Carol'ın Lizzie'nin babasını öldürmek için kullandığı bıçağı alır ve kendi kemerine sıkıştırır. Carl, Carol'ın çocuklara nasıl silah kullanacaklarını öğrettiğini babasına söyler ancak ondan Carol'a bunu yapmaya izin vermesini ister. Rick bunu kabul eder. Rick, Carl'ın silahını kendisine geri verir ve bir kez daha kendi silahını taşımaya başlar. Tyreese (Chad L. Coleman) yanına bir demet çiçek alır ve Karen'ın yer aldığı izole edilmiş hücre bloğunu ziyaret eder ancak hücre bloğunda ve Karen'ın yatağında kan izleri vardır ve görünüşe göre Karen'ın bedeni hapishane dışına sürüklenmiştir. Kan izlerini takip eden Tyreese, Karen ve David'in yanmış cesetleri ile karşılaşır.",tur,tur,"[43239.0, 29242.0, 3239.0, 16881.0, 27932.0, 66799.0, 19774.0, 62025.0, 62557.0, 16971.0, 15920.0, 16014.0, 31651.0, 186116.0, 36514.0]"
"İstatistiklere göre makine elemanlarının ortalama %70'inin hurdaya ayrılma sebebi aşınmadır. Aşınmanın sonucu olarak meydana gelen malzeme kayıpları, aşınan parçaların yenileriyle değiştirilmesi zorunluluğu, makinelerin bakım - onarım faaliyetleri için harcanan zaman ve emek ve bu faaliyetler için istihdam edilen teknik personel göz önüne alındığında her yıl milli sermayeye oldukça büyük yükler getirmektedir. Mühendisler her türlü makine konstrüksiyonunda aşınmanın etkilerini dikkate almak zorundadırlar.",tur,tur,"[29482.0, 19043.0, 1621.0, 11028.0, 19175.0, 41817.0, 14026.0, 39708.0, 38697.0, 11455.0, 12829.0, 9933.0, 20099.0, 115994.0, 22849.0]"
"Üçüncü maçta, takımlar düzeyindeki Team Raw ve Team SmackDown 10'a 10 Survivor Series eleme maçında karşılaştı. Maçın başlarında The New Day, Fandango'ya Midnight Hour hareketini yaptıktan sonra onu tuşladı ve Breezango elendi. Sonrasında Jey, Kingston'a Superkick yaptı ve onu tuşladı. The Usos, The New Day'i elemiş oldu. Gallows ve Anderson, Ryder'a Magic Killer yaptı ve The Hype Bros elendi. American Alpha'nın Primo'ya Electric Chair/Diving Bulldog karışımından sonra onu tuşlamasıyla The Shining Stars, elenmiş oldu. Gallows ve Anderson, Jordan'a Magic Killer yaptıktan sonra American Alpha'yı eledi. Ryhno, Gallows'a Gore yaptı ve sonrasında onu tuşlamasıyla Gallows ve Anderson'ın takımı elendi. Rhyno'ya Bada-Boom-Shakalaka yapan Enzo, Heath Slater ve Rhyno'yu elemiş oldu. Uso'lar Enzo'ya Samoen Splash yaptı ve Enzo and Cass takımı da elendi. Kalan süresi The Usos ile Sheamus ve Cesaro arasında geçen maçın galibi Sheamus ve Cesaro oldu. Cesaro, Jey'i Sharpshooter ile pes ettirirken Sheamus, Jimmy'yi engelledi ve tuş sonrası maçı kazandılar.",tur,tur,"[56576.0, 33625.0, 6693.0, 23483.0, 35607.0, 76001.0, 28736.0, 69998.0, 70022.0, 23475.0, 20767.0, 20069.0, 36377.0, 201252.0, 42833.0]"
"Akira Kurosawa'nın başyapıtlarından biri olan """"Raşomon"""" aynı zamanda da Japon yönetmeni batı dünyasına tanıtan film olmuştur. Zaten batıda da filmin bazı yeniden çevrimleri yapılmıştır. Bunlardan en bilineni 1964 yılında Martin Ritt'in yönettiği Amerikan filmi The Outrage (Haydut)'dir. Paul Newman, Laurence Harvey gibi ünlülerin rol aldığı bu Western filmi konuyu Japonya'dan vahşi batıya taşımıştı.",tur,tur,"[22596.0, 14575.0, 1999.0, 9537.0, 14473.0, 30786.0, 11842.0, 30210.0, 28917.0, 9479.0, 8828.0, 8124.0, 15567.0, 81032.0, 17155.0]"
"Erkekler maçı: 31 Ekim Raw bölümünde Genel Müdür Mick Foley, Tem Raw kaptanlığını Chris Jericho ve WWE Evrensel Şampiyonu Kevin Owens'ın ortak olarak yapacağını açıkladı, ayrıca Birleşik Devletler Şampiyonu Roman Reigns'i de takıma ekledi. 12 kişilik battle royal maçını kazanan Braun Strowman da takımda olmaya hak kazandı. Sonraki gece SmackDown bölümünde yapılan Miz TV programında Bryan, SmackDown takımının kadrosunda WWE Dünya Şampiyonu AJ Styles (kaptan), Dean Ambrose, Randy Orton, Bray Wyatt ve Baron Corbin'in olduğunu söyledi. 7 Kasım Raw bölümünde Seth Rollins, Team Raw'ın son üyesi olarak açıklandı. Sonrasında takımın farklılıkları ortadan kaldırmak üzere Stephanie, beş kişiyi de ölümcül beş yönlü maçta karşılaştırdı. Maçı Owens kazandı. 8 Kasım SmackDown bölümünde Shane, James Ellsworth'ün takımın """"maskot1u olduğunu açıkladı. Sonra altısını beraber altı kişilik takım maçına koydu. Ambrose, Ellsworth ve Corbin, The New Wyatt Family (Bray, Orton ve Luke Harper) ile karşılaştı. Ancak Corbin, Ambrose ve Ellsworth ile aynı takımda olmayı reddetti ve onun yerine Kane alındı. Bray, Orton ve Harper; Ambrose, Ellsworth ve Kane'i yendi. Sonrasında Kalisto ile karşılaşan Corbin, maç sırasında sakatlandı ve Survivor Series'de olma hakkını kaybetti. Olanların sonucunda Bryan, Survivor Series'de Corbin'in yerine Shane McMahon'u takıma koydu ve Shane bunu kabul etti. PPV öncesi son SmackDown bölümünde SmackDown takımını Edge'in Cutting Edge programına konuk oldu. Daha sonra The Undertaker ringe geldi ve Raw takımının """"huzur içinde yatması"""" gerektiğini söyledi.",tur,tur,"[71729.0, 48096.0, 6597.0, 28637.0, 46366.0, 108058.0, 35256.0, 98841.0, 99664.0, 29439.0, 26745.0, 25405.0, 49937.0, 283528.0, 57409.0]"
Makine elemanı önceden belirlenen bir aşınma sınırına kadar aşındığı zaman normal çalışma ömrünü tamamlamış demektir. Bu aşınma safhasında aşınma hızı oldukça artmıştır. Aşınma bu sınıra dayandığında makine elemanı değiştirilmelidir. Aksi takdirde makine elemanı makinede çok büyük hasarlara sebebiyet verebilir.,tur,tur,"[19301.0, 12155.0, 1030.0, 7377.0, 12439.0, 28091.0, 9175.0, 25759.0, 25173.0, 7697.0, 7202.0, 7109.0, 13264.0, 75013.0, 14936.0]"
"II. Philippos MÖ 60'lı yıllarda Suriye'nin bazı bölgelerinde hüküm sürmüş, Pompey koruması altında olan müvekkil bir kraldı. İkinci dereceden kuzeni Antiokus XIII Asiatikus ile büyük Romalı general Pompeus'un çıkarlarına olacak bir taht kavgasına girişmiştir; ama Pompeus ikisini de istemiyordu. Bu bağlamda Antiokus'u öldürttü. Tahttan indirilen II. Philippos'un hayatta kalıp kalmadığı hakkında elimizde fazla bir bilgi yoktur; ama o dönemdeki kaynaklar bir Seleukos prensi Philippos'un MÖ 56'da VII. Kleopatra'nın kardeşi Mısırlı IV. Berenis'e damat olarak gittiği bilgisini verir. Bunlara rağmen bölgenin yeni hakimi ,ve muhtemelen II. Philippos'u da öldüren, Romalı Suriye valisi Aulius Gabinius olmuştur.",tur,tur,"[45386.0, 27415.0, 3261.0, 18561.0, 31178.0, 59783.0, 22955.0, 56723.0, 55972.0, 17474.0, 17332.0, 14895.0, 28968.0, 164733.0, 33339.0]"
"Arctic Athabaskan Council (AAC), Arctic Council'in daimi katılımcı sekiz üye kuruluşundan biri olup Arktik Kuzey Amerika'daki Atabaskların temsilcisidir ve merkezi Kanada Yukon'dadır.",tur,tur,"[10067.0, 6150.0, 1289.0, 3930.0, 6236.0, 12191.0, 4594.0, 11570.0, 11752.0, 3727.0, 3705.0, 3062.0, 6263.0, 31929.0, 7176.0]"
"Swift şarkısı için: """"Kaç yaşında olursan ol, her ne yapıyorsan yap, hangi işte çalışıyorsan çalış, nerede yaşıyorsan yaşa her zaman seni iğneleyecek insanlar olur. Seni her fırsatta yerin dibine sokmaya çalışırlar. Sana bu muameliyi yapanlara karşı her zaman sağlam durmalısın, kendini kontrol altında tutabilmeyi öğrenmelisin. Ben bu şarkıda onlara karşı tutumumdan bahsediyorum."""" demiştir.",tur,tur,"[21646.0, 13555.0, 1311.0, 8209.0, 13626.0, 32603.0, 10366.0, 29148.0, 28357.0, 8995.0, 8189.0, 8066.0, 15355.0, 86641.0, 17037.0]"
"Limasol kazası, Kıbrıs Cumhuriyetinin altı kazasından biridir. Kıbrıs Cumhuriyeti'ın liman şehirlerinden biri olan Limasol buradadır. Birleşik Krallık'ın Agrotur ve Dikelya adlı askeri üstü bu bölgede yer alır.",tur,tur,"[16105.0, 9384.0, 1062.0, 5793.0, 9371.0, 19361.0, 7115.0, 18678.0, 18549.0, 5978.0, 6168.0, 5366.0, 9973.0, 54643.0, 11166.0]"
"Yeni Ay, yayımlandığı hafta Türkiye'de 70 bin kopya sattı ve böylece D&R'ın Çok Satan Albümler Listesi'ne bir numaradan dâhil oldu. Ardından haftalarca bu listenin zirvesinden inmedi. iTunes Store'da da satışa sunulduğu günden itibaren aylarca bir numarada kalarak iTunes Store'un Türkiye'deki hizmet tarihinin en uzun süre bir numarada kalan albümü olma rekorunu ele geçirdi. MÜ-YAP verilerine göre 2014 yılı içinde toplamda 158 binden fazla kopya sattı. Böylece 2014 yılında Türkiye'nin dijital ve fiziki olarak en çok satan albümü oldu. Aynı yıl Sıla, Spotify'ın Türkiye mağazasında da en çok dinlenen şarkıcı oldu. """"Saki"""", """"Yeter"""" ve """"Yabancı"""" sırasıyla Spotify'ın en çok dinlenen şarkıları oldu. Albüm, Deezer'da ise Mayıs 2014'ün en çok dinlenen albümü olarak kayıtlara geçti.",tur,tur,"[50996.0, 32533.0, 3024.0, 20068.0, 32402.0, 73180.0, 25444.0, 69120.0, 67176.0, 20744.0, 18372.0, 17988.0, 33938.0, 200701.0, 37981.0]"
"Mahallede ilköğretim okulu yoktur, taşımalı eğitimden yararlanılmaktadır. Sağlık evi ve sağlık ocağı yoktur. PTT şubesi ve PTT acentesi yoktur. İçme suyu şebekesi ve kanalizasyonu yoktur.",tur,tur,"[11882.0, 7231.0, 728.0, 4610.0, 7733.0, 16612.0, 5862.0, 14847.0, 14570.0, 4433.0, 4066.0, 3959.0, 7744.0, 43292.0, 8631.0]"
"Rus Çarlığı, İran Şahlığı ve Osmanlı Devleti’nin son zamanlarını mizahî bir dil ve anlatımla yermiş; sıklıkla anadil, özgürlük, din, eğitim, köylü ve işçi hakları konularını işlemiş; Azerbaycan’ın dışında Fas’tan İran’a kadar geniş alanda okuyuculara ulaşmış; doğu ülkelerinde demokratik düşüncenin gelişmesinde etkisi görülmüştür.",tur,tur,"[22969.0, 14677.0, 1330.0, 8563.0, 14137.0, 32527.0, 10584.0, 29957.0, 30034.0, 8737.0, 9508.0, 7007.0, 15572.0, 90003.0, 17711.0]"
"Takım maçı: 25 Ekim SmackDown bölümünde SmackDown Takım Şampiyonu Heath Slater ve Rhyno, şampiyon oldukları için doğrudan SmackDown takımının kaptanı oldu. Aynı gece yapılan eleme maçında The Ascension'ı yenen The Hype Bros takımda olmaya hak kazandı. Slater ve Rhyno, hazırlıksız yapılan kemer maçında The Spirit Squad'ı yenip kemerlerini korudu. Eğer The Spirit Squad kazansaydı, Slater ve Rhyno'nun yerine onlar Survivor Series'de olacaktı. 31 Ekim Raw bölümünde Raw Takım Şampiyonu The New Day'ın Raw takımının kaptanı olduğu belli oldu. 1 Kasım SmackDown bölümünde American Alpha, The Spirit Squad'ı; The Usos, The Headbangers'ı yenerek takıma girdiler. Sonraki hafta Raw'da takımın geri kalanı açıklandı: Sheamus ve Cesaro, Luke Gallows ve Karl Anderson, Enzo Amore ve Big Cass ile The Golden Truth. The New Day, takımlar hakkında konuştuktan sonra; Big E ve Kofi Kingston, Gallows ve Anderson ile normal maçta karşılaştı. Maçı Gallows ve Anderson kazandı. 8 Kasım SmackDown bölümünde The Vaudevillains'ı mağlup eden Breezango, Team SmackDown'un açıklanan son takımı oldu. 14 Kasım Raw bölümünde Enzo, Cass, Gallows ve Anderson takım olup The Shining Stars ve The Golden Truth ile karşılaştı ve maçı kazandılar.",tur,tur,"[60651.0, 37285.0, 6943.0, 24772.0, 37454.0, 81310.0, 31059.0, 76453.0, 76042.0, 24944.0, 22055.0, 20934.0, 40459.0, 217050.0, 47402.0]"
"Comodo System Utilities - PC Magazine ürün sonuçlandırma incelenmiş """"ödemeli uygulamalar gibi, bazı durumlarda daha çok değilse bile güçlü etkili bir sistem arttırıcı araçtır"""".",tur,tur,"[8743.0, 4853.0, 828.0, 3681.0, 5410.0, 11255.0, 4743.0, 10163.0, 10219.0, 4035.0, 3418.0, 3640.0, 5622.0, 29424.0, 6352.0]"
"Yenilikçi bir romancı olan Mirbeau’nun kaleme aldığı romanları şunlardır: Le Calvaire (1886), L'Abbé Jules (1888), Sébastien Roch (1890), Dans le ciel (1892-1893), İşkenceler bahçesi (1899), Bir hizmetçi kızın hatıraları (1900), La 628-E8 (1907) ve Dingo (1913). Tiyatroya geç el atmasına karşın bir karakter ve gelenek komedisi olan İş Adamı (1903) adlı yapıtıyla tüm dünya sahnelerinde büyük bir başarıya imza atmış ve Farces et Moralités adlı yapıtıyla da modern düşüncelere öncülük etmiştir.",tur,tur,"[36614.0, 20650.0, 4030.0, 37751.0, 24507.0, 42062.0, 29062.0, 39535.0, 39115.0, 20777.0, 14380.0, 17025.0, 22924.0, 112426.0, 27369.0]"
"5 kez millî takımlara çağrılan Zeynel Soyuer, 4 kez Türkiye U-18 ve 1 kez de Türkiye A Millî forması olmak üzere toplam 5 kez millî formayı giymiştir ve müsabakalarda 1 gol kaydetmiştir.",tur,tur,"[13539.0, 8250.0, 957.0, 5523.0, 8606.0, 17138.0, 6902.0, 15937.0, 15887.0, 5373.0, 4675.0, 4326.0, 8608.0, 46033.0, 9691.0]"
Kavramlar ve kavramların ilişkilerini (kavramsal modeller) kullanarak gerçekleştirilen nesne yönelimli analizin çıktısı kurulacak sistemi tanımlar.,tur,tur,"[8672.0, 5214.0, 486.0, 3128.0, 5122.0, 11538.0, 3857.0, 10425.0, 10421.0, 3577.0, 3698.0, 2561.0, 5487.0, 31279.0, 6276.0]"
"Son derece eksiksiz örnekler olan Aucasaurus, Carnotaurus ve Majungasaurus’u da içeren, çok sayıda abelisaurid dinozor fosilleri bulunmuştur. Bazı bilimadamları, Abelisaurus’u, Carnotaurinae alttakımının dışında temel bir abelisaurid olarak sınıflandırırlar. Diğerleri bu pozisyon hakkında çok emin değillerdir. Abelisauridlerin, ilişkili olmayan carcharodontosauridler ile birlikte, bazı belirleyici kafatası özellikleri vardır ve şu an Abelisaurus sadece bir kafatasından bilinse de, gelecek keşifler, bu cinsin, aslında bir carcharodontosaurid olduğunu gösterebilir. Yine de, bu, olasısız düşünülür.",tur,tur,"[34751.0, 21201.0, 2884.0, 13694.0, 21599.0, 45366.0, 17041.0, 43163.0, 42704.0, 15263.0, 12341.0, 13534.0, 22694.0, 125945.0, 26323.0]"
"Şarkı, Swift'in şarkıları ve yetenekleriyle ilgili sürekli kötü yorum yapan kişi/kişiler için yazıldı. Billboard dergisinden Jill Serjeant şarkı için Swift'in 2010 Grammy Ödülleri'nde detone olan sesini ağır eleştiren kişilere bir cevap olduğunu söyledi. Los Angeles Times yazarlarından Ann Powers da """"Mean"""" nin Swift'in şarkı söyleyemediği eleştirilerinde bulunan kişiler için yazıldığını belirtti ve şarkının sözlerine atıfta bulunarak """"Ben şahidim, o (Swift) bir gün büyük ve gösterişli bir şehirde yaşayacak ve diğerleri de ucuz bir barda kendi kendine söyleniyor olacaklar."""" dedi. Matt Bjorke şarkının zorbalıkla ilgili olduğunu söyledi ve """"Taylor pek çok insanın zorbalar tarafından ezildiğini, dışlandığını biliyor ve bu konuyla ilgili ilginç bir şarkı yazdı. Bence bu şarkı gerçekten de okullarda anti-zorbalar için kampanya şarkısı olabilir."""" yorumunda bulundu. About.com'dan Bill Lamb'te şarkının zorbalara karşı bir tepki olduğunu yazdı.",tur,tur,"[48015.0, 32240.0, 3652.0, 18258.0, 29882.0, 71327.0, 22214.0, 66977.0, 67285.0, 18159.0, 17462.0, 16423.0, 34447.0, 198530.0, 39496.0]"
Daha sonraki yıllarda birçok gitarist Van Halen'ın yolundan giderek gitarlarını özelleştirmiştir. Gitar yapımcıları arasında ise Jackson Gitarları'nın sahibi Grover Jackson'un 1981 yılında bile gitaristler için süperstratlar ürettiği birçok kaynakta belirtilmiştir . Daha sonraları Jackson tarafından gitaristler için elde yapılan bu gitarların ortak özellikleri birleştirilerek ilk seri (fabrika) üretimi süperstrat modellerinden biri olan Jackson Soloist serisi yaratılmıştır.,tur,tur,"[20866.0, 13794.0, 1663.0, 8577.0, 13598.0, 31092.0, 10431.0, 30148.0, 29518.0, 8412.0, 8064.0, 7468.0, 14571.0, 86272.0, 16381.0]"
"Alaska Atabaskları (İngilizce: Alaskan Athabascans): Amerika Birleşik Devletlerine bağlı Alaska eyaletinde dil temelinde 11 ayrı halka ayrılırlar ve bunlardan yalnızca üçü Kanada'da da yaşar: Guçinler, Hanlar ve Yukarı Tananalar.",tur,tur,"[14665.0, 8733.0, 1354.0, 5640.0, 8721.0, 17557.0, 6646.0, 16467.0, 16681.0, 5683.0, 5956.0, 4726.0, 9161.0, 46274.0, 10227.0]"
"Vega ve Ariane 5 bileşenlerine dayalı, orta-ölçekli bir fırlatıcı için tasarımsal bir çalışma vardı. Bu fırlatıcı Ariane 5 P230'u ilk aşama olarak, Vega P80'i ikinci aşama olarak ve Ariane 5'i ise üçüncü aşama olarak, depolanabilir ya da kriyojenik yakıt ile birlikte, kullanacaktı. Soyuz'un (Soyuz at GSC), Arianespace fırlatma aracı listesine dahil edilmesi ile bu çalışma geri plana bırakılmıştır.",tur,tur,"[24206.0, 14619.0, 1823.0, 12761.0, 15493.0, 32247.0, 12894.0, 30520.0, 30763.0, 10209.0, 9614.0, 9115.0, 15645.0, 89535.0, 18159.0]"
"1514'te Amerika'ya gidip, Francisco Pizarro'nun 1524-25'te Güney Amerika'nın batı kıyısında yaptığı başarısız sefere katılan Diego de Almagro, 1526-28'de yapılan seferde ve 1533'te Peru'nun alınmasında Pizarro kardeşlerin yanında yer aldı. Yerlilerle girdiği çatışmalarda sol gözünü kaybetti. Pizarro kardeşlerin, ele geçirdikleri topraklarda büyük bir bölümü kendilerine ayırmaları üstüne, onlarla bozuşup, tek başına, yanında 500 kadar İspanyol ve çok sayıda yerliyle günümüzün Şili topraklarındaki Copiapo Vadisi'ne kadar ilerledi. Araukanyalılarla birçok kez kapıştı. Umduğu değerli madenleri bulamayınca 1537'de Peru'ya dönüp, patlak veren yerli ayaklanmasını bastırdı. Pizarro'ya ve Cusco'yu denetim altında tutan kardeşlerine savaş açıp, başlangıçta birkaç başarı kazandıysa da, Las Salinas'ta yenildi ve 8 Temmuz 1538'de Cuzco'da başı kesilerek idam edildi. Oğlu II. Diego de Almagro Pizarrolar'la savaşmayı 1542'ye kadar sürdürdü.",tur,tur,"[59565.0, 41573.0, 4905.0, 26948.0, 39427.0, 84839.0, 34142.0, 81334.0, 81615.0, 31408.0, 23923.0, 29397.0, 40807.0, 225415.0, 46499.0]"
"TSYD Ege Ligi, 2011-12 sezonu öncesi 1. Lig'den Bucaspor, Denizlispor ve Akhisar Belediyespor, 2. Lig'den Turgutluspor ve Altınordu'un katılımıyla düzenlenecek bir hazırlık turnuvasıdır. Turnuva, 17 Ağustos'ta başlayıp, 4 Eylül'de sona erecektir. Turnuvadaki maçlar tek devreli lig ve 3 puan statüsünde oynanacaktır. Ayrıca turnuvayı 1. sırada bitiren takım TSYD Ege Ligi kupasını alacaktır. Ve TSYD Ege Ligi'ni 10 puan ile 1.sırada bitiren Akhisar Belediyespor TSYD Ege Ligi Kupası nı kazanmıştır.",tur,tur,"[39621.0, 25120.0, 2729.0, 15199.0, 25869.0, 52252.0, 19524.0, 49961.0, 49743.0, 15890.0, 14471.0, 13388.0, 24941.0, 144505.0, 27881.0]"
"Yapışma, ovalanma ve kavrama olarak da bilinen adhezyon aşınması, birbirine temas eden cisimlerin temas yüzeylerinin, bir normal kuvvet etkisi altında izafi hareket yapmaları sırasında görülen, cisimlerin gerçek temas yüzeylerinin yüzey pürüzlüğü sebebiyle aslında çok çok küçük olduğundan, bu noktalardaki gerilmeler çok küçük yük durumlarında dahi akma gerilmesi sınırına erişirler ve akarak plastik deformasyona uğrarlar ve cisimler birbirine mikro kaynaklar ile bağlanırlar. Bu sırada iki cisim arasında devam eden izafi hareket sebebiyle kaynak bağı kopar. Bu kopma sonucu diğer cisme göre yumuşak olan malzemeden imal edilmiş cismin yüzeyinde boşluklar oluşur, diğer yüzeydeyse çıkıntılar meydana gelir ve iki yüzey arasına adhezif parçacıklar dökülür.",tur,tur,"[41909.0, 28540.0, 2332.0, 16556.0, 26397.0, 62395.0, 19934.0, 59154.0, 57681.0, 16821.0, 15598.0, 14609.0, 29681.0, 171535.0, 33295.0]"
"Theresienstadt'da şartlar çok zordu ve soykırımda ölen 80,000 Çek Yahudinin birçoğu burada yaşamını yitirdi. 7,000 kişinin yaşadığı yere 50,000'in üstünde Yahudi getirilmişti. Yiyecek kıtlığı yaşanıyordu ve bu yüzden 1942'de yaklaşık 16,000 kişi öldü. Ölenlerden biri de Sigmund Freud'un kızkardeşi olan Esther Adolphine idi. Kampta ilaç ve tütün bulundurmak kesinlikle yasaktı ve cezası ağır işçilik veya ölümdü. Bekar erkek ve kadınları görüşmesi veya cinsel ilişkiye girmesi Almanların iznine bağlıydı. Ancak evli çiftler birlikte kalabiliyordu.",tur,tur,"[36317.0, 22075.0, 2801.0, 13925.0, 26373.0, 48499.0, 17116.0, 45035.0, 44547.0, 13454.0, 14033.0, 11656.0, 23469.0, 128913.0, 26579.0]"
"1995 UEFA ülkeler sıralaması, ülkelerden 1996-97 UEFA Şampiyonlar Ligi, 1996-97 UEFA Kupa Galipleri Kupası ve 1996-97 UEFA Kupası'na katılacak takımların sayısını ve bu takımların maçlara başlayacağı turları belirlemekte kullanılmıştır.",tur,tur,"[19814.0, 12743.0, 1542.0, 7527.0, 12509.0, 23658.0, 8815.0, 22301.0, 22990.0, 7143.0, 8141.0, 5803.0, 13055.0, 60948.0, 14312.0]"
"NGC 793, Yeni Genel Katalog'da yer alan bir çift yıldızdır. Gökyüzünde Üçgen takımyıldızı yönünde bulunur. Alman astronom Gerhard Lohse tarafından 1886 yılında 39,37 cm (15,5 inç) çaplı mercekli tip bir teleskopla keşfedilmiştir.",tur,tur,"[18783.0, 12002.0, 1465.0, 7895.0, 13246.0, 21930.0, 9768.0, 20423.0, 20692.0, 7694.0, 8214.0, 6424.0, 12622.0, 50069.0, 13755.0]"
"Artık orijinal olarak sadece tek bir Hidden Wiki bulunduğu için Hidden Wiki'ye alternatif olarak çok az .onion site vardır. Birçok alternatif orijinal Hidden Wiki'nin sık kesinti ve istikrarsızlığından dolayı, diğerleri ise çocuk pornografisini filtrelemek amacıyla kullanılır.",tur,tur,"[12622.0, 7972.0, 1029.0, 4627.0, 7914.0, 18119.0, 5442.0, 16734.0, 16653.0, 4454.0, 4876.0, 4157.0, 8750.0, 49722.0, 9926.0]"
"27 Şubat 2010'da Reloaded, Battlefield: Bad Company 2'nin kırılmış sürümünü çıkış tarihinden üç gün önce piyasaya sürdü, fakat oyuncular oyunun kontrolleriyle ilgili sorunlar yaşadıklarını bildirdiler.",tur,tur,"[12364.0, 7743.0, 1087.0, 5010.0, 7750.0, 16695.0, 5848.0, 15755.0, 15640.0, 4568.0, 4571.0, 4307.0, 8030.0, 43646.0, 8919.0]"
"CGE, 1898 yılında Fransız mühendis Pierre Azaria tarafından Alsas bölgesinde kuruldu ve daha sonra Almanya, elektrik, ulaşım, elektronik ve telekomünikasyon gibi endüstrilerde faaliyet gösteren bir holding oldu. CGE, dijital iletişimde lider olacak ve Fransa'daki TGV (tren à grande vitesse) hızlı trenlerini üretmek için de biliniyor.",tur,tur,"[18155.0, 11157.0, 1565.0, 13250.0, 12482.0, 23195.0, 12258.0, 22247.0, 22427.0, 9749.0, 6894.0, 8349.0, 11751.0, 65520.0, 13272.0]"
"Molla Nasreddin, yayın hayatına 1906’da Tiflis’te başladı. 1905 yılında “Şarki-Rus” gazetesinin kapatılmasıyla boş kalan Gayret Matbaası'nı satın alan Celil Memmedguluzade ve Ömer Faik Nemanzade, farklı gazete ve dergiler çıkarmak için çeşitli teşebbüslerde bulunmuşlardı ancak Azerbaycan’da mizah dergisinin yokluğu onları Molla Nasreddin’i çıkarmaya itti. Molla Nasreddin, Azerbaycan Türkçesi ile yayımlanmasına izin verilen birkaç dergi ve gazeteden birisi oldu. Merkezin belirlediği bir program dahilinde çıkmasına izin verilmişti. İzin verilen yayın programına göre dergi şunları içerebilirdi: “Sohbetler, Atmacalar, Eleştiriler, Mizahi Şiirler, Mizahi Telgraflar, Komik Hikâyeler, Şakalar, Posta Kutusu, Komik İlanlar, Kişisel İlanlar, Karikatür ve resimler”",tur,tur,"[55244.0, 32327.0, 3513.0, 20213.0, 33151.0, 72989.0, 24402.0, 64663.0, 64790.0, 19759.0, 27666.0, 16445.0, 34537.0, 197455.0, 39340.0]"
"Salinger, Alışmak'ta daha önce yayınlanan iki öyküsündeki gibi üst sınıf gençlerin sığ problemlerini anlatmadı. Bunun yerine ABD halkının o günlerde çok ilgilendiği bir konu olan askerliği işledi.",tur,tur,"[10437.0, 6900.0, 831.0, 4272.0, 6997.0, 14881.0, 5266.0, 14369.0, 14089.0, 4274.0, 3986.0, 4089.0, 7143.0, 41062.0, 8062.0]"
"Taşköprülü ailesi, Osmanlılar zamanında birçok alim yetiştiren aile. Moğol istilaşarı sebebiyle İran taraflarından gelip Kastamonu'nun Taşköprü kasabasına yerleşen bu aile, Taşköprülüzadeler adıyla tanınmaktadır. Taşköprülüzade adı, Candaroğulları zamanında Taşköprü'de müderrislik yapan Hayrettin Halil Efendi dolayısıyla tanınmaya başlamıştır.",tur,tur,"[25991.0, 15293.0, 1630.0, 9454.0, 15483.0, 33618.0, 11483.0, 30841.0, 30600.0, 9306.0, 8684.0, 7807.0, 15612.0, 91470.0, 17823.0]"
"Bu çelişki yüzünden yargıç cesedin tekrar incelenmesini istedi. İncelemede Terrence Steadman'nın diş kayıtlarından yararlanılacak, mezardan çıkan dişlerle karşılaştırılacak. İnceleme sonunda Terrence Steadman'nın dişleriyle uyumlu olduğu öğrenildi.",tur,tur,"[13645.0, 8421.0, 899.0, 5215.0, 8830.0, 18902.0, 6481.0, 17656.0, 17590.0, 5596.0, 5149.0, 4985.0, 8959.0, 51776.0, 10230.0]"
"Yeü-çiler Hiung-nular tarafından yenilerek Pamir Dağları istikametine kaymışlardır. Kilian dağ Çaovu kalesi (祁連山昭武城 (qí lián shān zhāo wǔ chéng: bugünkü 甘粛省 張掖市 臨沢県 Kansu eyaleti Zhangye kenti Linze ili)'nden göç eden Yueç soyundan gelen kral ailesi nereye yerleştiyse hep """"Çaovu"""" soyadını kullandıklari için """"Çaovu dokuz soyu"""" denildi.",tur,tur,"[28964.0, 27259.0, 2405.0, 11305.0, 16138.0, 35410.0, 12516.0, 35528.0, 36224.0, 10436.0, 10777.0, 8082.0, 23474.0, 86145.0, 25863.0]"
"26 Mayıs 2006'da Reloaded, StarForce korumalı Tom Clancy's Splinter Cell: Chaos Theory'i piyasaya sürdü. Kırılmış olan bu sürüm, oyunun çıkış tarihinden tam 424 gün sonra yayınlandı.",tur,tur,"[12634.0, 7518.0, 1231.0, 5172.0, 7707.0, 16207.0, 6023.0, 14925.0, 15221.0, 4828.0, 5022.0, 4108.0, 8042.0, 40822.0, 9063.0]"
"1920'ler boyunca Kırgızistan, kültür, eğitim ve sosyal yaşam açısından epeyce geliştirildi. Okur yazarlık büyük ölçüde gelişti ve standart bir edebi dil ortaya çıkarıldı. Ekonomik ve sosyal gelişme de dikkate değerdi. Sovyet açıklık ve dürüstlük politikasının ilk yılları, Kırgızistan'da politik iklim üzerinde küçük bir etki yapmıştır. Bununla birlikte Cumhuriyet'in basın mensuplarına daha fazla liberal bakış edinmeleri ve Yazarlar Birliği'nce yeni bir yayın olan Literaturniy Kirghizstan'ı kurmaları için izin verilmişti. Gayriresmi politik gruplar yasaklanmıştı fakat 1989'da derin iskân krizi ile uğraşmak için ortaya çıkan birkaç grubun faaliyetlerine izin verilmişti.",tur,tur,"[41808.0, 23476.0, 2611.0, 14367.0, 24587.0, 52384.0, 16407.0, 48109.0, 48428.0, 13252.0, 26160.0, 11737.0, 25101.0, 144730.0, 28982.0]"
"Tanrı Horus’un lütfuna mazhar olan ve Güneş’in oğlu unvanını taşıyan Aşağı ve Yukarı Mısır’ın hükümdarı olan firavun, kudret ve adaletle bütün ufuklara nur saçtı. Ordusunun önüne geçti. Akdeniz’de dolaştı, bütün dünyayı mağlup etti. Sınırlarını Naharin’e kadar yaydı. Mezopotamya’ya azimle gitti, büyük savaşlar yaptı"""".",tur,tur,"[22846.0, 13882.0, 1361.0, 9115.0, 14571.0, 31968.0, 11087.0, 29349.0, 29198.0, 9222.0, 8913.0, 7560.0, 14878.0, 88389.0, 17447.0]"
"Mahallenin gelenek, görenek ve yemekleri hakkında fazla bilgi yoktur.Ege bölgesi kültürü hakimdir. Gelenek ve görenekleri hakkında köy'de düğünler için perşembe günü ekmek yapılır.ekmek yapımın da köy halkı düğün sahibine yardım eder. cuma günü düğün helvası köy halkı cuma namazından sonra düğün evine giderek düğün için helva hazırlarlar, düğünler cuma ikindiden sonra başalar. cumartesi günü kına gecesi düzenlenir. pazar günüde ikindiden sonra düğün biter.",tur,tur,"[24794.0, 16007.0, 1525.0, 8991.0, 15486.0, 38291.0, 12005.0, 34315.0, 33366.0, 10023.0, 10249.0, 8155.0, 17098.0, 102870.0, 18762.0]"
"Etrüsklerin kökeni hakkında birçok değişik hipotez mevcuttur. Konuştukları dilin bir Hint-Avrupa dili olmadığı bilinmektedir. Roma kentinin kendisi Etrüsk topraklarına dahildi. MÖ 396 yılında Etrüsklerin en büyük kenti olan Veio kentinin Romalılar tarafından istila edilmesiyle sona eren bu uygarlık Roma kültürüne damgasını vurmuş, Roma kültürü, mimarisi ve sanatına çok büyük bir etki yapmıştır.",tur,tur,"[23355.0, 14340.0, 1515.0, 9460.0, 15569.0, 31477.0, 12394.0, 29939.0, 29300.0, 9140.0, 9715.0, 7968.0, 15091.0, 85585.0, 17063.0]"
"Osman Nuri Eralp bakteriyoloji ve viroloji üzerine önemli araştırmalar yapmış bir bilim adamıdır. Çalışmalarını özellikle: tüberküloz, tüberkülin, şarbon, sığır vebası, kolera, gonokok, frengi, sütte yaşayan ve sütle bulaşan bütün mikroorganizmalar ve diğer konular kapsamaktadir.",tur,tur,"[20083.0, 11371.0, 1281.0, 7682.0, 12470.0, 25246.0, 10244.0, 22996.0, 23090.0, 8927.0, 7422.0, 6688.0, 12364.0, 69081.0, 14310.0]"
"Eser, Halide Edib’in yazdığı Mukaddime’nin hemen ardından “Romancı Niçin Yazar?” adlı bölümle başlar. Eserin romancı kahramanı ve anlatıcısı olan Feridun Hikmet’in ağzından yazılan bölümün ilk cümlesi “Otuz yedi yaşındayım ve romancıyım”dır Hikâye her ne kadar erkek bir anlatıcının ağzından dile getiriliyor olsa da asıl hikâyesi anlatılmak istenen kadın kahramandır.",tur,tur,"[24445.0, 15793.0, 1648.0, 10311.0, 16570.0, 36837.0, 13084.0, 33047.0, 32507.0, 11036.0, 8979.0, 9124.0, 16916.0, 98328.0, 19163.0]"
"19 Ağustos 1991'de Olağanüstü Hal Komitesi, Moskova'da Gorbaçov'u devirme girişiminde bulundu. Ancak darbe girişiminin başarısızlığı ve Moskova'nın otoritesini yitirmesinin ardından Akayev ve İkinci Başkan German Kuznetsov Sovyetler Birliği Komünist Partisi'nden istifalarını açıkladılar ve tüm daire ve sekreterya istifa etti. Bunu 31 Ağustos 1991'de Sovyet Sosyalist Cumhuriyetler Birliği'nden bağımsızlığı sağlayan Yüksek Sovyet oylaması takip etti.",tur,tur,"[32146.0, 19163.0, 1963.0, 12065.0, 19443.0, 40374.0, 14129.0, 38046.0, 38522.0, 11197.0, 19129.0, 9581.0, 19775.0, 112352.0, 22716.0]"
Buhar kazanından gelen buhar odacığa dolar. Odacık buhar ile doluyken üzerine soğuk su döküldüğünde suya dönüşen buhar vakum yaratır; böylece odacıktaki su seviyesi yükselir. Vana yardımıyla odaya buhar dolduğunda iş yapılmış olur yani madenden su çekilmiş olur. Bu makinede vanalar insan gücüyle sırayla kapatılıp açılması gerekmektedir.,tur,tur,"[22454.0, 13707.0, 1185.0, 8212.0, 13294.0, 32520.0, 10277.0, 29317.0, 28306.0, 8707.0, 8052.0, 7523.0, 15182.0, 87024.0, 16984.0]"
"Getaway, çekimleri Bulgaristan'da yapılmış olan 2013 yapımı, yönetmenliğini ve yapımcılığının büyük çoğunluğunu Courtney Solomon'un yaptığı ABD aksiyon-gerilim filmidir. Filmin ilk başta 1972 yapımı The Getaway isimli filmin yeniden çekimi olacağı açıklanmıştı. Ancak, çekilen film özgün ve farklı bir senaryoya sahiptir.",tur,tur,"[19333.0, 12547.0, 1573.0, 7821.0, 12199.0, 26117.0, 9374.0, 24213.0, 24198.0, 7554.0, 7838.0, 6378.0, 12955.0, 67632.0, 14572.0]"
"Çin Halk Bankası, merkez bankası işlevini 1979 yılında, ülkenin piyasa ekonomisine girişiyle almış ve 1989 yılında bu işlevi, en azından ihracat bakımından genellikle kapitalist bir yaklaşımda olması dolayısıyla bu işlevi artmıştır. 2000 yılında Çin Halk Bankası tüm yönleriyle çağdaş bir merkez bankasıydı ve kısmen Avrupa Merkez Bankası'na karşılık ortaya çıkmıştı.",tur,tur,"[22986.0, 16273.0, 1409.0, 8822.0, 14338.0, 31367.0, 10477.0, 29152.0, 30025.0, 8562.0, 8772.0, 7086.0, 15744.0, 84399.0, 17930.0]"
"Finlandiya telekomünikasyon şirketi Nokia, 15 Nisan 2015'te, Alcatel-Lucent'i 15.6 milyar dolarlık hisse anlaşması ile satın alma niyetini açıkladı. Satın alma, Nokia ve Alcatel-Lucent'ın toplam gelirler açısından 2014 yılında üst üste kaldıkları rakip firmalara Ericsson ve Huawei için daha güçlü bir rakip yaratmayı amaçlıyordu. Satın alımın 2016 yılının başında tamamlanacağı ve düzenleyici ve pay sahiplerinin onayına tabi olduğu düşünülüyor. Düzenleyici onay Ekim 2015'te alındı ve hissedar onayı 4 Ocak 2016'da ilan edildi. Bell Labs bölümü devam edecek, ancak Alcatel-Lucent markasının yerini Nokia alacak. 14 Ocak 2016'da Alcatel-Lucent, Nokia Group'un bir parçası olarak faaliyete geçti.",tur,tur,"[45406.0, 28882.0, 3496.0, 19921.0, 27708.0, 62582.0, 22103.0, 56735.0, 57899.0, 17040.0, 17739.0, 14908.0, 30335.0, 162170.0, 33958.0]"
"Ragnar Klavan (d. 30 Ekim 1985), Estonyalı futbolcudur. İngiltere Ligi ekiplerinden Liverpool takımında forma giymektedir. 84 kez Estonya millî futbol takımı formasını giyme başarısı göstermiştir. 2007 yılında Bundesliga'da boy gösteren doping iddiaları ile futbola 3 aylık ara vermiştir. Daha sonra temiz bulununca Ausgburg takımında futbola kaldığı yerden devam etti.",tur,tur,"[23295.0, 14518.0, 1804.0, 9898.0, 16744.0, 29598.0, 12286.0, 27816.0, 27993.0, 9974.0, 9354.0, 8692.0, 15226.0, 76060.0, 17067.0]"
A Partisi'ne 1. olduğu için bir milletvekili verilir. A Partisi'nin oyu 2'ye bölünür. A Partisi'nin oyu hala en çok olduğu için A Partisi'nin oyu bu sefer 3'e bölünür.(60000/3=20000) Bu işlemden sonra en çok oy B Partisi'nde olduğu için B'ye bir milletvekili verilir ve oyu 2'ye bölünür. (25000/2=12500) Kalan sayılar arasında en büyük A olduğu için bir milletvekili daha verilir ve A'nın oyu bu defa 4'e bölünür. (60000/4=15000) Ortaya çıkan sayılar arasında en büyük oy yine A'nın oyu olduğundan yine bir milletvekili verilir ve bu kez de oyları 5'e bölünür (60000/5=12000). Bu işlemden sonra en büyük oy C'ye aittir ve C'nin hanesine 1 milletvekili eklenir; C'nin oyları 2'ye bölünür (14000/2=7000). Bu 7. ve son işlem sonucunda en büyük sayı B'ye ait olduğu için son milletvekilliğini B Partisi alır.,tur,tur,"[61681.0, 41965.0, 5414.0, 26912.0, 39142.0, 90517.0, 33846.0, 83329.0, 80515.0, 26598.0, 22697.0, 22577.0, 43654.0, 236181.0, 48009.0]"
"19. yüzyılın ilk yıllarında İtalya I. Napolyon tarafından işgal edilerek Fransız etkisi altına girdi. Viyana Kongresi İtalya'nın Fransız işgalinden önce yöneten hanedanlara geri verilmesini öngörüyordu. Böylece Papalık Devleti, Sardinya-Piemonte Krallığı, Toskana Grandüklüğü, Modena Düklüğü ve Lombardiya-Venedik Krallığı tekrar kuruldu. Ancak Carbonari adı verilen gizli dernekler İtalya'nın birleşmesi için çalışmaya başladılar. Giuseppe Mazzini ve Giuseppe Garibaldi birleşme hareketinin öncüleri arasında yer alıyorlardı. Ayrıca Sardinya kralı II. Victor Emmanuel de bu birleşme hareketini destekleyenler arasındaydı.",tur,tur,"[36109.0, 23488.0, 2530.0, 16103.0, 23972.0, 48899.0, 22531.0, 47291.0, 46947.0, 15027.0, 13635.0, 12498.0, 24168.0, 135881.0, 27429.0]"
İstanbul Barosu Kadın Hakları Uygulama Merkezi; mevcut kadınların aile içi şiddeti mağdurlarını korumadığını; aksine ölümlerine sebebiyet verecek şekilde uluslararası standartlardan uzak olduğunu iletmiş; birçok kez kanunun geliştirilmesi ve değişmesi için başvurularda bulunmuştur.[1],tur,tur,"[15766.0, 10133.0, 977.0, 6261.0, 10302.0, 22310.0, 8013.0, 21446.0, 20824.0, 6626.0, 5906.0, 5397.0, 10870.0, 62516.0, 12311.0]"
1884 yılında İngiliz mühendis Charles Algernon Parsons (1854-1931) ilk başarılı buhar türbinini yapmıştır. Bu sayede yüksek hızlı gemi yapımı kolaylaşmış. Jeneratörlerin de kullanılması kolaylaşmıştır.,tur,tur,"[12155.0, 7927.0, 1156.0, 5287.0, 7916.0, 15920.0, 6007.0, 14412.0, 14510.0, 4874.0, 4958.0, 4113.0, 8398.0, 38955.0, 9191.0]"
NGC 784 Üçgen takımyıldızı yönünde bulunan bir çubuklu sarmal galaksi. Heinrich Louis d'Arrest tarafından 20 Eylül 1865 tarihinde keşfedilmiştir.,tur,tur,"[10088.0, 6390.0, 998.0, 4664.0, 7244.0, 11801.0, 5191.0, 11305.0, 11378.0, 4160.0, 4041.0, 3440.0, 6618.0, 28862.0, 7346.0]"
Köyde ilköğretim okulu kapalıdır. Köyün içme suyu şebekesi vardır ancak kanalizasyon şebekesi yoktur. PTT şubesi ve PTT acentesi yoktur. Sağlık ocağı ve sağlık evi vardır ancak personel yoktur. Köye ulaşımı sağlayan yol stablize olup köyde elektrik ve sabit telefon vardır.,tur,tur,"[18412.0, 10655.0, 992.0, 6559.0, 11086.0, 23864.0, 8229.0, 21851.0, 21304.0, 6700.0, 6130.0, 5984.0, 11420.0, 64772.0, 12879.0]"
"1998'de Alcatel Alsthom, şirketin adını Alcatel olarak değiştirerek telekomünikasyon endüstrisine odakladı. AT & T, Nisan 1996'da Nisan 1997'de bir halka arz ile Lucent Technologies'ten ayrıldı. Nisan 2004'te TCL Corporation ve Alcatel, bir cep telefonu üretim ortak girişiminin kurulmasını duyurdu: Alcatel Cep Telefonları. Alcatel ve Lucent Technologies, telekomünikasyon endüstrisindeki yoğun rekabete karşın 30 Kasım 2006'da birleşti.",tur,tur,"[27679.0, 17738.0, 2608.0, 14161.0, 17726.0, 35657.0, 14411.0, 33209.0, 34021.0, 10969.0, 10464.0, 9201.0, 18171.0, 93113.0, 20514.0]"
"2010 yılında 4. Ulusal Gülden Turalı Keman Yarışması'nda birincilik ödülü aldı. İsrail'deki Uluslararası Keshet Elion Keman Festivali'ne ve Eliat Festival'e katılarak Shlomo Mintz, Cihat Aşkın, Hagai Shaham, Cloe Hanslip, Haim Taub, ltzhak Rashkovsky gibi solistlerle çalıştı.",tur,tur,"[21310.0, 11627.0, 2025.0, 8861.0, 13507.0, 23078.0, 10960.0, 22189.0, 22065.0, 8330.0, 7971.0, 6964.0, 12275.0, 64436.0, 14499.0]"
"Vaqueiros Portekiz'de Santarém belediyesine bağlı olan, 3,54 km2 yüzölçümüne sahip, 317 nüfuslu (2001) bir bucaktır (Portekizce: freguesia).",tur,tur,"[13166.0, 7911.0, 1011.0, 8040.0, 8336.0, 15154.0, 10108.0, 14089.0, 14475.0, 12568.0, 5089.0, 8283.0, 8416.0, 36412.0, 9593.0]"
"Bundan sonra, kredi kartı sahteciliğindeki artışla daha da büyüyen ticaret endüstrisi ile piyasa büyümeye ve gelişmeye devam etmiştir. Şirketlerin kart sahiplerinin verileri üzerindeki kontrolü artırması için oluşan için Kartlı Ödeme Sistemi Veri Güvenliği Standardı'nın (PCI DSS) gelişmesiyle, güvenlik tarafı daha çok düzenlenmiş ve endüstride daha geniş bir ilgi toplamıştır. Forrester'a göre, 2010 itibarıyla WAF piyasası 200 milyon doları aşmıştır.",tur,tur,"[26470.0, 17001.0, 1663.0, 10004.0, 16612.0, 38219.0, 11665.0, 35007.0, 35165.0, 9393.0, 10452.0, 8191.0, 18122.0, 104416.0, 20130.0]"
Avrupa Birliği ile uyum süreci içerisinde; Birleşmiş Milletler Nüfus Fonu yardımı ile aile içi şiddeti hakkında niteliksel ve niceliksel araştırmalar yapılacaktır ve Ulusal Eylem Planı geliştirilecektir. Bu proje; Birleşmiş Milletler Nüfus Fonu ile yapılacak ve Kasım 2006'da başlaması öngörülmektedir. 4320 sayılı kanun ile sonuçlanan son Başbakanlık araştırması 1995 yılında yapılmıştır.,tur,tur,"[26395.0, 15907.0, 1466.0, 9963.0, 16209.0, 34745.0, 12120.0, 32564.0, 32462.0, 9846.0, 9439.0, 8027.0, 16813.0, 96995.0, 18996.0]"
"James Worthy NBA finali yedinci maçında 36 sayı, 11 rebound ve 10 asist ile triple double yaparak, takımının şampiyonluğunda önemli rol oynamadı ve bu başarıya ulaşan tek oyuncu oldu.",tur,tur,"[10741.0, 7089.0, 1031.0, 4317.0, 6371.0, 14266.0, 5663.0, 13644.0, 13650.0, 4664.0, 4193.0, 4062.0, 7013.0, 36297.0, 7865.0]"
"Köyde, ilköğretim okulu vardır. Köyün içme suyu şebekesi ve kanalizasyon şebekesi vardır PTT şubesi yoktur ancak PTT acentesi vardır. sağlık evi vardır. Köye ulaşımı sağlayan yol asfalt olup köyde elektrik ve sabit telefon vardır .",tur,tur,"[15840.0, 8981.0, 879.0, 5377.0, 9716.0, 20545.0, 6806.0, 18909.0, 18337.0, 5656.0, 5311.0, 5071.0, 9616.0, 56063.0, 10788.0]"
"Profesyonel futbolculuk kariyerine 1991 yılında Žalgiris Vilnius kulübünde başladı. Daha sonra sırasıyla CSKA Moscow, Torpedo Moscow, Club Brugge, Real Sociedad, Benfica, Porto, Nice, FBK Kaunas, Hearts, AEK Larnaca, Belenenses, Skonto Riga, New England Revolution ve Fakel Voronezh kulüplerinde oynadı.",tur,tur,"[21967.0, 10136.0, 2215.0, 8965.0, 13105.0, 19923.0, 11365.0, 18398.0, 18877.0, 9476.0, 12474.0, 7437.0, 10855.0, 51825.0, 12668.0]"
"Go Ara dizide, yarı aristokrat tabakasından yarı halk tabakasından gelen A-Ro karakterini canlandırmaktadır. Onun karakteri, neşeli bir enerjiye ve güçlü bir iş ahlakına sahip olan onurlu bir genç kızdır. O, Moo-Myung (Park Seo-Joon) ve Sam Maek-Jong (Park Hyung-Sik) bir aşk üçgeni içerisindedir.",tur,tur,"[18264.0, 13703.0, 1752.0, 6986.0, 10803.0, 24783.0, 8505.0, 25562.0, 26560.0, 8211.0, 6664.0, 6501.0, 15125.0, 65681.0, 16319.0]"
"Katolik Ansiklopedisi 1913 """"Pope Pius VII"""" Maddesi Catholic Encyclopedia (1913)/Pope Pius VII - Wikisource, the free online library (İngilizce)",tur,tur,"[9358.0, 5229.0, 1393.0, 4550.0, 6095.0, 9023.0, 5773.0, 8225.0, 8668.0, 4053.0, 3694.0, 2982.0, 5973.0, 19760.0, 6406.0]"
"Anaç Köyü'nün Kuzeyinde İstabul Boğazı Köyü, Doğusunda Şenyurt ve Saray Köyü, Güneyinde Sakarat Tepe'si ve Batısında Ortatepe Köyleri ile çevrilidir. Köyümüzün yüzölçümü 4500 dekardır.",tur,tur,"[17348.0, 10167.0, 1025.0, 6308.0, 11063.0, 21833.0, 7561.0, 20348.0, 20288.0, 6595.0, 5417.0, 5473.0, 10510.0, 61591.0, 11795.0]"
"Beş veya daha fazla boyutlarda sadece üç düzenli politop görülür. Beş boyutta; 1. Simplex grubundan 5 simplex; 6 köşe, 15 kenar, 20 yüz( her biri eşkenar üçgen olmak üzere), 15 hücre(her biri düzenli dört yüzlü şekil olmak üzere), 5 hiperhücre( her biri 5 hücre) ile birlikte. 2. Hiperküpler grubundan 5 küp; 32 köşe, 80 kenar, 80 yüz(her biri kare olmak üzere), 40 hücre(her biri küp olmak üzere) ve 10 hiperhücre (her biri 5 hücre) ile birlikte. 3. Cross politop grubundan 5 ortoplex; 10 köşe, 40 kenar, 80 yüz(her biri üçgen olmak üzere), 80 hücre(her biri 4 yüzlü şekil olmak üzere) ve 32 hiperhücre( her biri 5 hücre) ile birlikte. Dördüncü politop olan demihypercube, 5 kübe alternatif olarak sunulabilir ve yarım köşe(16), alternafif 5 hücre ile sınırlandırılmış ve 16 hiperhücre ile birlikte 5- demicube olarak adlandırılır.",tur,tur,"[65289.0, 40310.0, 5078.0, 23497.0, 40371.0, 79682.0, 28153.0, 74735.0, 74540.0, 22916.0, 24640.0, 19382.0, 42759.0, 205491.0, 47527.0]"
"Kırklar Kilisesi'ndeki Süryani Kadim Okulu 1919 yılında kapatılınca, bu manastır 1928'e kadar okul olarak eğitim vermiştir. Fakat şehrin dışında bulunuşu ve ulaşım zorluğu yüzünden okul kapatılıp yeniden kilise olarak hizmet vermeye başlamıştır.",tur,tur,"[15909.0, 10096.0, 1028.0, 6198.0, 10183.0, 22522.0, 7836.0, 20657.0, 20450.0, 6272.0, 5653.0, 4936.0, 10617.0, 60120.0, 11721.0]"
"Türkiye milli takımı, 1963 yılında kurulan ve bayan tenisçilerin yer aldığı Fed Kupası'na ilk kez 1991 yılında katıldı. Bayan milli takımı,bu turnuvaya Duygu Akşit Oal-Gülberk Gültekin-Esra Bayburt'tan oluşan kadroyla katıldı.Bayan milli tenis takımı, 19 Temmuz 1991 tarihinde gerçekleşen ilk maçında Uruguay'a 3-0 yenildi. Bir gün sonra gerçekleşen ikinci maçında ise Kenya'yı 3-0 mağlup ederek ilk galibiyetini aldı.2004 yılında 14 yaşında olan Çağla Büyükakçay bu turnuvaya katılan en genç Türk bayan tenisçi olurken, 2011 yılında 31 yaşında olan İpek Şenoğlu turnuvaya katılan en yaşlı Türk bayan tenisçi oldu.",tur,tur,"[42029.0, 26222.0, 3048.0, 16659.0, 26862.0, 55566.0, 21484.0, 52355.0, 51459.0, 16991.0, 15995.0, 14474.0, 26769.0, 151135.0, 30612.0]"
"Diyarbakır Kültür Sanat Vakfı (DKSV) Diyarbakır'da uluslararası kültür sanat etkinlikleri düzenlemek amacıyla Bejan Matur başkanlığında, Diyarbakır'dan pek çok sivil toplum kuruluşunun desteği ile 2008 yılında kurulmuştur. DKSV'nin kuruluş amacı, kültür ve sanatın seçkin örneklerini Diyarbakır'da sergilemek, Diyarbakır'ı kültür ve sanatın önemli bir merkezi haline getirmektedir. DKSV ilk etkinlik olarak Dünyaca ünlü etnik caz sanatçısı Azam Ali ve Niyaz Grubunu, Diyarbakır'ın tarihi mekanlarından biri olan Kervansaray'da, Diyarbakırlı sanatseverlerle buluşturmuştur.",tur,tur,"[35735.0, 23399.0, 2527.0, 14749.0, 23965.0, 51146.0, 18615.0, 47583.0, 47150.0, 14395.0, 13325.0, 11880.0, 24508.0, 142845.0, 27918.0]"
"Yakın zamana kadar tarım ve hayvancılık ilçenin başlıca gelir kaynağı olmuştur. Yeşil fasulyesi çok meşhurdur. Çevresinde çok sayıda baraj gölü ve mesire alanı mevcuttur. 1990'lı yılların başında başlayan sanayi yatırımları günümüzde ilçe ekonomisine yön vermektedir. Bugün ilçede 93 hektarlık alanda kurulu olan organize sanayi bölgesi mevcuttur. Bu bölgede şu an, elektrikli ev aletleri sanayii, ofis mobilya fabrikaları, PVC tesisi, ambalaj sanayi tesisi, un ve yem sanayi tesisi, dünyanın en büyük spor markalarına çorap üreten bir sanayi kuruluşu, medikal sanayi, poşet fabrikası ,yapı elemanları işletmeleri faaliyette olup yeni tesislerin yapımı devam etmektedir. Ayrıca küçük ölçekli silah sanayi bölgesi olarak adlandırılan başka bir bölgede av fişeği ve havai fişek fabrikaları bulunmaktadır.",tur,tur,"[50042.0, 31519.0, 2915.0, 19415.0, 30934.0, 71952.0, 24316.0, 66435.0, 64768.0, 20045.0, 18707.0, 16948.0, 34133.0, 199038.0, 38086.0]"
"Görele kemençesinin özellikleri: Kemençe ardıç, erik, dut, kiraz ağacından yapılır. Kapağı ladin ağacındandır. Kapak kalınsa ince ses, kapak inceyse kalın ses verir. Kemençeyle her ezgi çalınabilir. Perdesizdir.",tur,tur,"[15363.0, 8794.0, 895.0, 5623.0, 9493.0, 20384.0, 6929.0, 18518.0, 18280.0, 5853.0, 6422.0, 5027.0, 9602.0, 57130.0, 10960.0]"
"Carol (Melissa McBride), saldırısı sırasında ısırılan Ryan Samuels (Victor McCay) ile ilgilenmektedir. Ölmek üzere olduğunu anladıktan sonra Ryan, Carol'dan kızları Lizzie ve Mika ile sanki kendi kızlarıymışçasına ilgilenmesini ister ve Carol ona söz verir. Lizzie ve Mika babasına elveda der ve Lizzie, Ryan'ı başından bıçaklayarak yeniden bir aylak olarak canlanmasını engellemeye gönüllü olur ancak bunu yapamaz ve Carol, Ryan'ı başından bıçaklayarak öldürür.",tur,tur,"[21375.0, 14449.0, 1836.0, 8728.0, 13985.0, 33095.0, 10543.0, 30024.0, 30464.0, 9777.0, 8109.0, 8290.0, 15770.0, 86887.0, 18065.0]"
"Flyover ile bazı yerlerde - özellikle büyük şehirler ve yer işaretleri - kuş gözü perspektifinden görülebilir. Üç boyutlu görünümler foto-gerçekçi ve kullanıcılar perspektifi değiştirebilir. Flyover, Apple Haritaların ilk sürümünden bu yana kullanıma sunuldu. Flyovers olan şehirlerin birçoğunda """"City Tours"""" da var. Bu özellik sayesinde, kullanıcı, O bölgedeki yer işaretleri boyunca Flyover görünümünde yönlendirilir. iOS 8'de (17 Eylül 2014'de yayınlandı) ve OS X Yosemite'de (16 Ekim 2014'te yayımlanan) """"Şehir Turları"""" Apple Haritalar'a eklendi. Flyovers'a ek olarak, elli şehir de 3D haritalar sunuyor. Bu özellik, kullanıcının harita görünümünde üç boyutlu yapı modellerini görmesini sağlar. Fotoğraf gerçekçi olmayan bu modeller, adım adım gezinme aracını kullanırken de görülebilir.",tur,tur,"[43558.0, 27797.0, 3362.0, 16569.0, 28589.0, 62017.0, 19550.0, 58323.0, 58462.0, 15583.0, 17167.0, 13862.0, 29187.0, 171312.0, 33442.0]"
"Pist yüzeyinde yatay yönde ve iniş istikametinin aksi yönden yayın yapmakta olan teçhizattır. Uçağı pist ekseni istikametine doğru yönlendirir. Pist sonundan itibaren 1000 feet (300 metre) mesafededir. Localizer vericileri 25 nm'ye kadar sinyal yayınlar. Yani uçak, pist uzantısından 25 nm'den itibaren sinyali almaya başlar. Uçağa sadece pist istikameti bilgisini verir.",tur,tur,"[25477.0, 16096.0, 1589.0, 10194.0, 15969.0, 36023.0, 12786.0, 33913.0, 32990.0, 10439.0, 8960.0, 9660.0, 17150.0, 97211.0, 19015.0]"
"Bölümün sonuna doğru Dr. Tancredi hemşire Katie'ye Michael'ın vücudundan operasyonla çıkardığı kumaş parçasını gösterir ve bunun gardiyan üniformasından geldiğini anlar. Michael hücresine geri döner, aynadan dövmesinin yanan bölümüne bakar. Psikiyatri koğusundan geçerken kullanacakları yolu gösteren bölüm silinmişti, kaçış tehlikedeydi.",tur,tur,"[19891.0, 12328.0, 1293.0, 8096.0, 13396.0, 28419.0, 9727.0, 26101.0, 25941.0, 8271.0, 7031.0, 7755.0, 13012.0, 78426.0, 15120.0]"
"1960 NBA Playoffları 1959-60 NBA normal sezonun sonunda başlamıştır. Doğu grubu şampiyonu Boston Celtics, batı grubu şampiyonu St. Louis Hawks'ı final serisinde 4-3 ile yenerek üst üste ikinci toplamda üçüncü NBA şampiyonluğunu elde etmiştir.",tur,tur,"[15579.0, 10372.0, 1430.0, 6476.0, 9809.0, 20498.0, 7728.0, 19240.0, 19740.0, 6385.0, 5930.0, 5580.0, 10598.0, 52245.0, 11824.0]"
"TFTP’ de herhangi bir transfer bir dosya okuma veya yazma isteği ile başlar.Sunucu isteği onaylarsa,bağlantı açılır ve dosya 512 byte sabit uzunluklu bloklar halinde gönderilir.Her veri paketi bir blok veri içerir ve sonraki paket gönderilmeden önce bir bildirim paketi tarafından kabul edilmelidir.Eğer bir paket ağ içinde kaybolursa,alıcının zaman aşımı ve onun son paketi yeniden iletilebilir olacaktır.Diğer eski paketlerden alındı bilgisi gelinceye kadar gönderen yeniden iletim için sadece bir paket tutmalıdır.",tur,tur,"[28138.0, 17723.0, 1824.0, 10283.0, 16908.0, 40078.0, 11923.0, 37162.0, 36977.0, 10061.0, 10127.0, 9146.0, 18856.0, 111024.0, 21471.0]"
"594 kilometrekare yüz ölçümlüdür. Deniz seviyesinden yüksekliği 1.100 metredir. İlçe, volkanik kayalardan Aglomera Bazalt andezitten oluşan yamaçlarda ve Sanı deresinde kurulmuştur. Kurşunlu, Çerkeş, ılgaz deprem kuşağı içinde bulunur. 1943 depreminde hasar görmüştür.Saha, iç Anadolu´nun yüksek platolarından Kuzey-Anadolu sıra dağlarına geçiş bölgesinde yer almaktadır. Kuzeybatıda Dumanlı ve Elden, batıda Yıldırım ve Aydos, doğuda Eldivan, kuzeydoğuda Sanı en önemli yükselti ve dağlarıdır. Yükseltileri 1800-1950 metre arasındadır. Çankırı ile irtibatı sağlayan Arapboğazı geçidi ise başlıca geçit olarak sayılır. Önceki yıllarda yaylalarda büyük çapta yaz süresince kalınabilecek yayla evlerinin ve hayvan barınaklarının bulunduğu bilinmektedir. Ancak göç nedeniyle nüfusun hızla azalması ile birlikte yaylacılık ta yok denecek kadar azalmıştır.Tatlı meyilli hafif dalgalı yamaçları arasındaki vadilerde oluşan akarsulardan, Çubuk istikametine akan ve ilçenin Kamış Köyü yakınlarındaki Sanı Dağı eteklerinden doğan Sanı Çayı ilçenin ortasından geçer. Gündoğmuş Köyü yakınlarından kaynaklanan Terme Çayı, Sanı Çayı ile birleşerek ileride Ana Terme Çayı´na katılır. Çankırı´dan gelen Acı Su ile birleşerek Kızılırmak´a dökülür.",tur,tur,"[84186.0, 53233.0, 5272.0, 33312.0, 54421.0, 113667.0, 41290.0, 107948.0, 106554.0, 34262.0, 30001.0, 28253.0, 55185.0, 318962.0, 62921.0]"
"Peugeot 104 üretime alındığında 4-kapılı salon gövdeliydi. Fakat sedan gövdeli bir şekilde üretilmemekteydi. Sedan ve SW kasa prototipi yapılmış, fakat üretime alınmamıştır. Gücünü 1 litrelik bir motordan alıyordu. Ekonomik olarak iyiydi, kontrol edilebilirliği de yüksek seviyelerdeydi, fakat bir Peugeot 106 kadar iyi kontrol edilmiyordu.",tur,tur,"[21135.0, 12212.0, 1407.0, 10586.0, 13690.0, 28264.0, 11416.0, 26867.0, 26135.0, 8997.0, 8566.0, 7963.0, 13737.0, 77485.0, 15173.0]"
"Dolph Ziggler, No Mercy'de The Miz'i kariyere karşılık kemer maçında yenerek WWE Kıtalararası Şampiyonu olmuştu. Ziggler, The Miz'e rövanş maçı teklif etti, ama Miz bunu reddetti. 1 Kasım SmackDown bölümünde Curt Hawkins'e karşı kemerini başarıyla korudu. Ziggler, açık bir meydan okuma başlattı ve Raw brandından herhangi birine Survivor Series'de kemer maçı teklifi yaptı. 7 Kasım Raw bölümünde Mick Foley, Sami Zayn'in Ziggler ile Kıtalararası Şampiyonluğu maçına çıkmasını istiyordu, ama Stephanie'nin istediği Rusev'di. Bunun üzerine Stephanie, Zayn ile Rusev'in yüzleşeceğini ve kazananın Ziggler ile kemer maçına çıkacağını söyledi. Zayn, Rusev'i yenerek Survivor Series'de Ziggler ile kemer maçına çıkmaya hak kazandı. 8 Kasım SmackDown gecesi Bryan, gelecek hafta Survivor Series öncesi The Miz'den Kıtalarası şampiyonluğu kemeri için meydan okumasını istedi. Maryse, Miz adına bu teklifi kabul etti. 15 Kasım SmackDown bölümünde Miz, Maryse'in yardımıyla Ziggler'ı yendi ve Survivor Series'de Zayn'e karşı kemerini korumaya hak kazandı.",tur,tur,"[54926.0, 35529.0, 5081.0, 22499.0, 34508.0, 79975.0, 27592.0, 74171.0, 74467.0, 22235.0, 19861.0, 19894.0, 37722.0, 214675.0, 43199.0]"
"Yeni Ay, müzik eleştirmenlerinden karışık geri dönüşler aldı. Albümdeki şarkı sözleri beğeni topladı ancak Sıla'nın tarzını tekrarlayıp tekrarlamadığı hakkında farklı görüşler ortaya sunuldu. Radikal'den Sarp Dakni, Konuşmadığımız Şeyler Var'ın kusursuz yapımıyla beklentileri yukarı çekmesinden sonra, Vaveyla'yı istediğini bulamayarak kucakladı ve bu yüzden Yeni Ay'ı da gergin bir şekilde bekledi. Bu gergin bekleyişin sonunda albümden memnun kalarak şunları yazdı: """"Yeni Ay, tıpkı Vaveyla'da olduğu gibi yeni ve farklı bir kulvara yönelmiyor. Sıla yine güvenli sularda. Ancak bu kez biz pes ediyoruz. Zira onu bu hâliyle dinlemekten fazlasıyla mutluymuşuz meğer."""" Milliyet Sanat'ta yazan Yavuz Hakan Tok'a göre Sıla bu albümde de sürekli çalıştığı ekiple iş birliğine gitmesine rağmen tekrara düşmekten kendini kurtardı. Tok, albümü Vaveyla ile kıyaslayarak şunları söyledi: """"Önceki albümün neredeyse bütününe hâkim olan içine kapanık, depresif ruh hâli bu albümde ferah ve neşeli şarkılarla dengeli bir dağılım gösteriyor."""" Milliyet'ten Asu Maro'ya göre Yeni Ay ile birlikte Sıla, """"hem şarkıcı hem de besteci olarak yerini iyice sağlamlaştırdı"""".",tur,tur,"[69496.0, 43492.0, 4101.0, 27895.0, 44849.0, 102531.0, 34914.0, 94089.0, 92283.0, 29291.0, 25776.0, 25328.0, 48057.0, 282715.0, 54151.0]"
"Daivari'nin WWE ile ilk tecrübesi 2013 yılında Target Center'da yapılan WWE SmackDown programının televizyonda gösterilmeyen kısmında güreşmek oldu. Sonraki yıl WWE Performance Center ile denemelere alındı. 13 Haziran 2016 tarihinde WWE Cruiserweight Classic'e katılımcı olarak duyuruldu. 23 Haziran 2016 tarihinde turnuvanın ilk turunda Ho Ho Lun'a elendi. 10 Ekim 2016 Raw programında ana kadroya yarıağırsiklet liginde debut yaptı ve Yarıağırsiklet Şampiyonu T.J. Perkins ile yaptığı maçı kaybetti. Hell in a Cell gösteri öncesinde Tony Nese ve Drew Gulak ile takım olduğu altı kişilik takım maçında Cedric Alexander, Lince Dorado ve Sin Cara'ya yenildi. Survivor Series gösteri öncesinde yine takım olan Daivari, Nese ve Gulak; TJ Perkins, Rich Swann ve Noam Dar'a yenildi. Daha sonra Gentleman Jack Gallagher'le rekabete girdi. """"I Forfeit"""" maçında yenildi ve rekabetleri sona erdi.",tur,tur,"[51015.0, 32223.0, 5258.0, 20894.0, 31717.0, 69999.0, 26207.0, 63762.0, 64333.0, 21273.0, 18381.0, 18322.0, 33916.0, 181734.0, 39740.0]"
Köyün eski adı Gindebol'dur. Bereketli köyünün mazisi 150 seneye dayanır. Köyün civar köylerden daha elverişli olması yanında köyde yaylacılık da gelişmiştir. Köyün süt ürünleri kaliteli olup köyde arıcılık da icra edilir. Köyün orman bakımından zenginliği köy halkının hayvanlarının rahat otlatmasından bu bereketten aldığı sanılmaktadır,tur,tur,"[21617.0, 13251.0, 1228.0, 7743.0, 14208.0, 29812.0, 9542.0, 27604.0, 26907.0, 7837.0, 8477.0, 6424.0, 13766.0, 79913.0, 15477.0]"
"Gresham Yasası'na ilişkin tipik örnek altın ve gümüş sikkelerin birlikte dolaşımda bulunması durumudur. Buna göre gümüş (kötü para), altını (iyi parayı) dolaşımdan çıkarmıştır.",tur,tur,"[10969.0, 6348.0, 753.0, 4328.0, 6743.0, 14609.0, 5211.0, 13243.0, 13064.0, 4472.0, 3826.0, 3765.0, 7072.0, 38793.0, 7861.0]"
"Haziran 2013'te WWDC sırasında Apple, iOS 7'de Apple Haritalar'ın yeni sürümünü duyurdu. Bu yeni sürüm yeni bir görünüm ve simge içeriyordu. Tam ekran modu, gece modu, gerçek zamanlı trafik bilgileri, yayalar için navigasyon ve Sık Kullanılan Mekanlar özelliği de dahil olmak üzere bir dizi yeni işlev de uygulandı. Açılıp kapatılabilir ikinci özellik, Apple Haritalar'ı iyileştirmek için kullanıcıların en sık ziyaret ettiği hedefleri kaydetmek için sunuldu. Buna ek olarak, yeni uydu görüntüleri bir kez daha eklendi. 18 Eylül 2013'te, Apple iOS 7'yi piyasaya sürdü. O sırada yeni iPhone 5S, navigasyon modunu ayarlamak için kullanıcının yürüyüp dolaşmadığını belirleyebilen yeni bir hareketli işlemci olan Apple M7'yi içeriyor.",tur,tur,"[40699.0, 26436.0, 2801.0, 15555.0, 24942.0, 58351.0, 18479.0, 53760.0, 54492.0, 14579.0, 16304.0, 13669.0, 27525.0, 157467.0, 31660.0]"
"Ağrı iline 125 km, Doğubayazıt ilçesine 28 km uzaklıktadır. Köyün sınırları içinde suyun az olmasından kaynaklı, nadir denecek kadar ağaç bulunmaktadır.",tur,tur,"[11015.0, 7284.0, 768.0, 4125.0, 6986.0, 15370.0, 5418.0, 14177.0, 14106.0, 4646.0, 4255.0, 3666.0, 7425.0, 39898.0, 8285.0]"
"Yukon Atabaskları (İngilizce: Yukon Athabascans): Kanada'da Yukon ile kuzey Britanya Kolumbiyası'nda yaşarlar. Dil temelinde 8 ayrı halka ayrılırlar: Kuzey Tuçonları, Güney Tuçonları, Tagişler, Kaskalar, Tahltanlar, Sekaniler, Danezalar ve 1927'de dilleri tükenen Tsetsautlar.",tur,tur,"[21176.0, 11756.0, 2030.0, 9014.0, 12888.0, 24116.0, 10108.0, 22358.0, 22352.0, 8549.0, 8087.0, 6943.0, 12853.0, 64021.0, 14753.0]"
Choi Won-Young dizide Mak-Moon (Lee Kwang-Soo) ve A-Ro’nın (Go Ara) babası olan An Ji-Gong karakterini canlandırmaktadır. Onun karakteri bir şifacıdır.,tur,tur,"[9704.0, 7249.0, 1140.0, 3831.0, 5806.0, 12236.0, 4752.0, 12643.0, 13709.0, 4487.0, 3623.0, 3308.0, 8605.0, 29449.0, 9251.0]"
"İzlenimci bir görüşe sahip olan sanatçı, kendisinin yarattığı özel bir teknikle eserlerini geliştirmiştir. Sulu boya da geliştirdiği bu özel teknik günümüzde """"Pura Tekniği"""" olarak adlandırılmaktadır.",tur,tur,"[11783.0, 7644.0, 725.0, 4903.0, 7469.0, 17028.0, 6064.0, 15813.0, 15518.0, 5002.0, 4623.0, 4240.0, 8103.0, 46139.0, 8924.0]"
"Apple Haritalar Apple Inc. tarafından geliştirilen bir web haritalama servisidir. Bu, iOS, macOS ve watchOS'un varsayılan harita sistemidir. Otomobil, yaya ve toplu taşıma navigasyonu için yol tarifi ve tahmini varış saatlerini sağlar. Apple Haritalar ayrıca, kullanıcının binaların ve yapıların modellerinden oluşan 3D bir manzara içinde yoğun nüfuslu şehir merkezlerini keşfetmesini sağlayan benzersiz Flyovers modunu da içeriyor.",tur,tur,"[21963.0, 13970.0, 1601.0, 8052.0, 13336.0, 30932.0, 9852.0, 28462.0, 28891.0, 7890.0, 8208.0, 7529.0, 14799.0, 82526.0, 16829.0]"
Mahallede ilköğretim okulu vardır. Mahallenin hem içme suyu şebekesi hem kanalizasyon şebekesi vardır. PTT şubesi ve PTT acentesi yoktur. Sağlık ocağı ve sağlık evi yoktur. Mahalleye ulaşımı sağlayan yol asfalt olup mahallede elektrik ve sabit telefon vardır.,tur,tur,"[16024.0, 9766.0, 984.0, 5995.0, 10107.0, 22159.0, 7620.0, 19998.0, 19540.0, 5863.0, 5643.0, 5070.0, 10335.0, 59510.0, 11625.0]"
"Şirket, icra kurulu başkanı Melih Abdülhayoğlu tarafından Birleşik Krallık'ta 1998 yılında kurulmuştur. 2004 yılında şirket Amerika Birleşik Devletleri'ne taşınmıştır. Comodo bilgisayar ve internet güvenliği üzerine odaklanmıştır. Şirket, SSL sertifikalarını veren bir Sertifika Yetkilisi olarak etkinlik göstermektedir. Şahılar ve kurumlar için uç nokta, network ve sınırı koruyan siber güvenlik güvenlik çözümleri sunmaktadır.",tur,tur,"[26047.0, 16280.0, 1613.0, 9600.0, 16285.0, 35943.0, 11798.0, 32857.0, 33199.0, 9524.0, 9235.0, 7911.0, 17429.0, 98995.0, 19560.0]"
"Aile içi şiddet, başlıca üç başlık altında incelenir. Sosyal, Psikolojik ve Biyolojik olarak da incelenebilecek bu kategoriler; tam açıklaması ile Fakirlik (Sosyal), Güç ve Kontrol isteği(Psikolojik), ve Biyolojik (Alkol ve Uyuşturucu) başlıklarında incelenebilir.",tur,tur,"[19494.0, 11441.0, 1039.0, 7118.0, 11342.0, 25435.0, 9063.0, 23198.0, 22978.0, 7781.0, 6249.0, 6140.0, 12791.0, 71018.0, 14317.0]"
"Pek çok ticari WAF ürünü aynı özelliklere sahiptir, ancak aralarındaki en büyük farklılıklar kullanıcı arayüzleri, kullanım ve kurulum seçenekleri veya belirli bir ortam içerisindeki gereksinimleri olmaktadır.",tur,tur,"[10029.0, 6254.0, 630.0, 3700.0, 6130.0, 13974.0, 4541.0, 12793.0, 12860.0, 3640.0, 4220.0, 3252.0, 6783.0, 37759.0, 7428.0]"
"Forster, R E (June 1999). """"Charles Brenton Huggins (22 September 1901–12 January 1997)"""". Proceedings of the American Philosophical Society 143 (2): 325–31. PMID 11623829.",bul,tur,"[12110.0, 6927.0, 4525.0, 6400.0, 7881.0, 8624.0, 7443.0, 8036.0, 7456.0, 5757.0, 5008.0, 4343.0, 7279.0, 9671.0, 7864.0]"
Buradan da en son görevi olan Budin Beylerbeyliği'ne atandı. 1610'da vezirlikle emekli oldu. Ama 1611'de son defa Budin valisi olarak goevlendirildi ve yil sonunda bu gorevde iken Budin'de vefat etti.,tur,tur,"[16450.0, 9243.0, 1062.0, 6222.0, 9952.0, 20824.0, 7982.0, 19278.0, 19133.0, 6380.0, 6649.0, 5409.0, 9469.0, 56091.0, 10804.0]"
"İtalyan Uzay-Havacılık Araştırma Merkezi (CIRA), """"FTB-X"""" isimli test aracını VEGA ile fırlatmayı planlamaktadır ancak 2012 yılından beri proje ile ilgili herhangi bir gelişme olmamıştır.",tur,tur,"[12302.0, 7553.0, 936.0, 5233.0, 7724.0, 15576.0, 7711.0, 15158.0, 14897.0, 5474.0, 4722.0, 4598.0, 7897.0, 43169.0, 8803.0]"
"Süperstrat kelimesinin tam olarak açılımı bulunmamakla birlikte, bu kategoriye giren gitarların isimlendirilmesi gitarist müzisyenlerin ve gitar yapımı konusunda otorite sahibi kişi ve kurumların (örneğin gitar üreticilerinin) görüşüne bağlıdır. Genel olarak bir gitarın ana hatlarının Fender'in Stratocaster modeline benzemesi o gitarın süperstrat olarak tanımlanması için yeterlidir. Ancak gitarın yapısında kullanılan malzemelerin özellikleri ve manyetiklerinin yüksek ses çıkış gücüne sahip olması sebebiyle süperstrat gitarlar genelde heavy metal ve türevi müziklerde kullanılmaktadır.",tur,tur,"[28560.0, 18523.0, 1737.0, 11067.0, 18968.0, 41569.0, 14100.0, 40565.0, 39363.0, 11318.0, 11440.0, 9886.0, 19811.0, 117955.0, 22330.0]"
"Every Time, Amerikan R&B şarkıcısı Janet Jackson'ın 1997 çıkışlı The Velvet Rope adlı albümünden çıkan altıncı teklidir. Şarkı baştan sona, Again adlı parçası gibi piyano içerir. Şarkının videosunda sanatçı su dolu koridorlarda görünmektedir.",tur,tur,"[14869.0, 9247.0, 1475.0, 5977.0, 9100.0, 20482.0, 7169.0, 18269.0, 18680.0, 5877.0, 5456.0, 4800.0, 9933.0, 50625.0, 11361.0]"
"Lefkoşa’nın Girne caddesinde satın alıp restore ederek hayat verdiği merkez binası, 1998 yılı Mimarlar Odası Yapı Sahibi Mimari Ödülü, Restorasyon Yapı Dalı Ödülü ve Restorasyon Mimari Ödülü almıştır.",tur,tur,"[14859.0, 8880.0, 912.0, 5833.0, 9133.0, 19351.0, 7400.0, 18159.0, 18300.0, 5697.0, 5178.0, 4632.0, 9356.0, 54383.0, 10547.0]"
"Yeni Ay, 2014 Kral Türkiye Müzik Ödülleri'nden En İyi Albüm dalında ödül kazandı. Sıla ise albüm sayesinde aynı ödül töreninde En İyi Kadın Sanatçı ve Radyolarda Şarkıları En Çok Çalınan Sanatçı ödüllerini elde etti. Albüm, satışa sunulduğu ilk haftada 70 bin kopya satarak D&R'ın Çok Satan Albümler Listesi'ne bir numaradan girdi ve haftalarca bir numaradan inmedi. 2014'ün sonuna kadar Türkiye'de 158 binden fazla kopya sattı; dijital ve fiziki olarak ülkede yılın en çok satan albümü oldu. Sıla, albümü tanıtmak için Türkiye'nin ve Avrupa'nın birçok şehrinde konserler verdi.",tur,tur,"[40490.0, 25753.0, 2360.0, 15760.0, 25527.0, 56627.0, 19946.0, 53296.0, 52485.0, 16032.0, 14425.0, 14042.0, 26747.0, 157349.0, 30197.0]"
"2013 Kasım ayında Arianespace, ELV fırlatma sahasından 10 adet Vega fırlatma siparişi vermişti, ilki 2015 yılı sonuna hazır olacaktı. Bunlar toplamda 3 yıldan fazla bir iş takvimini kapsıyorlardı.",tur,tur,"[13896.0, 8876.0, 1150.0, 6513.0, 8579.0, 18282.0, 7544.0, 17115.0, 17344.0, 5827.0, 5326.0, 5009.0, 9279.0, 46540.0, 10266.0]"
"Marmara Bankası, 1987 yılında Netbank unvanıyla kurulmuş, 1991'de Marmara Bankası olarak değişmiştir. 24 Nisan 1994 tarihinde bankacılık işlemleri yapma izni kaldırılarak Türkiye İş Bankası tarafından tasfiye edilmiştir.",tur,tur,"[14144.0, 8880.0, 1100.0, 5635.0, 8982.0, 19498.0, 6853.0, 17723.0, 17898.0, 5645.0, 5181.0, 4525.0, 9065.0, 50934.0, 9944.0]"
İlk adı Muğla Fen Lisesi olmuş; Türkiye Cumhuriyeti'nin 75. Kuruluş Yıldönümünde eğitim-öğretime başladığından adı 1998'de Muğla 75. Yıl Fen Lisesi olarak değiştirilmiştir.,tur,tur,"[13713.0, 8805.0, 926.0, 5492.0, 8648.0, 18440.0, 6649.0, 16955.0, 17115.0, 5365.0, 4965.0, 4279.0, 8896.0, 48760.0, 9914.0]"
"Dış gerçeklikteki koşulların elverişsizliği, içgüdüsel isteklerin biliçdışındaki güçler tarafından, özellikle üstben tarafından doyuma kavuşturulmasının engellemesi. Bunların yanı sıra kişinin uğradığı haksızlıklar, küçük düşürülmeler, düş kırıklıkları da duyumsal yoksunluğa neden olabilir.",tur,tur,"[18258.0, 11078.0, 988.0, 6763.0, 11856.0, 24690.0, 8424.0, 23264.0, 22828.0, 7116.0, 8608.0, 6132.0, 11946.0, 68463.0, 13816.0]"
"1989'da Martin Scorsese'ye En İyi Yönetmen Akademi Ödülü adaylığı getiren bu film Altın Küre ve Grammy adaylıklarından başka Venedik Film Festivali'nde de özel bir ödül kazanmıştı. Bu arada Yahuda rolündeki Harvey Keitel'a da """"en kötü yardımcı aktör"""" Ahududu Ödülü verildi.",tur,tur,"[18890.0, 11424.0, 1328.0, 7768.0, 11748.0, 24240.0, 9581.0, 22935.0, 22994.0, 7353.0, 6893.0, 6651.0, 11918.0, 65231.0, 13729.0]"
"Fizikte, beşinci boyut var olan üç boyut ve göreceliliğin boyutu olan zamanın ötesinde ekstra farazi bir boyuttur. Kaluza- Klein teorisi yerçekimi ve elektromanyetik kuvveti birleştirmek için kullanılır. Örneğin, Mİnskowski uzayı ve Maxwell denklemleri, beş boyutlu Riemann eğrilik tensörünün içinde gömülü olabilir. Kaluza- Klein teorisi günümüzde temel olarak yerleştirilmiş bakım kuramı olarak görülür. M- teorisi yedi tanesin atom altı seviyesinin de altında olduğu 11 boyutlu uzay-zamanı ileri sürmektedir. Fizikçiler, yerçekiminin ağırlığı taşıyan bir parçacık olduğunu ve beşinci veya daha yüksek boyutlara ki yerçekiminin diğer üç temel kuvvetten daha zayıf olması kolayca açıklanabilen, sızıntı yapabileceğini iddia etmişlerdir. 1993 de, fizikçi Gerard’t Hooft holografi ilkesini ileri sürmüştür. Holografi ilkesi ekstra bir boyutun uzay zamanında daha küçük bir boyutla birlikte eğrilik olarak görülebileceği bilgisini vermektedir. Örneğin, hologramlar gözlemci hareket ettiği zaman eğriliğin resmini veren iki boyutlu alana yerleştirilmiş üç boyutlu resimlerdir. Benzer şekilde, dördüncü boyut hareket eden parçacığın eğrilik yolu olarak görünebilir üç boyutlu alana yerleştirilmiştir. Hooft beşinci boyutun gerçekten bir uzay zaman fabrikası olduğunu iddia etmiştir.",tur,tur,"[72259.0, 46366.0, 4315.0, 26645.0, 45383.0, 102127.0, 31332.0, 95525.0, 95870.0, 25595.0, 26668.0, 22126.0, 48937.0, 281299.0, 55817.0]"
"QAWUMAN Köyünün önemli tarihi yerleri arasında köyün üst tarafında bulunan; halk tarafından """"Keloşk"""" olarak adlandırılan kale ve köyün içinde olan göldür. Kaleden günümüze ulaşan kalıntıları hala mevcut durumdadır. Burada define arayıcıların yaptığı kaçak kazılardan dolayı tahribatlar yapılmış olmasına rağmen kalenin kurulduğu tepe heybetini korumakta ve gezip görülmeye değer bir yerdir. Halk her ne kadar köye gelen kaçakçıları ve onların araçlarını görmüşselerde bu duruma müdahele etmemiştir.Buda köydeki bir çok eserin çalınmasına neden olmuştur. Göl hakkında da herhangi bir araştırma yapılmadığından ne zaman ve kimler tarafından yapıldığı bilinmemektedir. Büyük emekle toprak kazılarak oluşturulan bu gölün amacının ne olduğu hala bilinmemektedir. Kazıda gölden çıkarılan toprak yakın tarafına """"Erdireş"""" denilen yere yığılmış ve burası daha sonra mezarlık olarak kullanılmıştır. Görselliği ve köye kattığı güzellikle görülmeye değer bir eserdir. Gölün önemli özellikleri; aşağıya doğru yapılmış basamaklarla suyun içine inilebilir, gölün en derin yeri tam olarak bilinmemektedir.Köyün ileri gelenleri tarafından suya taş atılarak ölçümler yapılmıştır fakat her ölçüm farklı bir sonuç vermiştir.Kimi ölçüm 24,kimi ölçüm 35,kimi ölçüm ise 60 metre olduğunu ileri sürmektedir. Gölün üzeri yarım metreye yakın kalınlıkta çimle kaplıdır.çim sahilden büyüyerek gelişmiştir. Çimin üzerinde ot bitiyor ve biçiliyor. Göle yönelik halk tarafından söylenen çeşitli efsaneler vardır. Gölün yakınına bir köylü tarafından bağlanan at ve tay otlanırken gölün içerisinden altın at şeklinde bir varlığın dışarı çıkıp tayı kaptığını ve içeri aldığı söylenmektedir. Gölün aldığı can bi hayli fazladır. 5 yaşındaki bir çocuktan 20 yaşındaki bir gence kadar çoğu kişi bu gölde boğularak ölmüştür. QAWUMAN köyü yeşilliğinin yanı sıra soğuk suları, iyi meyveleri ve hayvansal ürünleri ile ünlüdür. gezilip görülmeye değer şirin bir yerdir. Qawumanda belirtilen kale ve gölün dışında yoğun tarih izleri görülmektedir. Buranın tarihi gerçekliğinin açığa çıkarılarak bugünün ve gelecek nesillerin bu bilgilerden yararlanması için biran önce bilimsel bir şekilde arkeolojik çalışmaların başlatılması gerekmektedir.",tur,tur,"[123872.0, 83624.0, 7302.0, 45911.0, 77807.0, 189329.0, 58082.0, 174340.0, 168155.0, 48343.0, 44920.0, 41635.0, 89046.0, 505115.0, 97295.0]"
"Michael Clarke Duncan (d. 10 Aralık 1957; Illinois, Chicago - ö. 3 Eylül 2012; Los Angeles, Kaliforniya), Amerikalı aktör. 1999 yılı yapımı Yeşil Yol (film)'inde Akademi Ödülü ve Oscar Ödülüne aday gösterildi ama Saturn Ödülü En İyi Aktör (Film) ödülünü kazandı. Boyu 1.96 metre kilosu ise 127 kilogramdır.",tur,tur,"[23622.0, 14533.0, 2154.0, 9917.0, 14902.0, 28478.0, 12247.0, 26335.0, 26633.0, 9706.0, 8851.0, 8118.0, 15256.0, 71082.0, 17187.0]"
"NGC 505, Yeni Genel Katalog'da yer alan bir galaksidir. Gökyüzünde Balıklar takımyıldızı yönünde bulunur. S0 tipi bir merceksi galaksidir. Alman astronom Albert Marth tarafından 1864 yılında 121,92 cm (48 inç) çaplı aynalı tip bir teleskopla keşfedilmiştir.",tur,tur,"[20989.0, 13348.0, 1576.0, 8796.0, 14124.0, 24936.0, 11164.0, 23157.0, 23414.0, 8841.0, 9088.0, 7515.0, 13987.0, 57948.0, 15354.0]"
"Günümüze dek birlikte çalıştığı sanatçılar arasında Nicki Minaj, Hayley Williams, Eminem, Rihanna, Diddy, B.o.B, Lupe Fiasco ve Dr. Dre gibi başarılı isimler bulunmaktadır.",tur,tur,"[9397.0, 5365.0, 1208.0, 4097.0, 6374.0, 11570.0, 4861.0, 10829.0, 10589.0, 4520.0, 3475.0, 3651.0, 5826.0, 29579.0, 6856.0]"
"Dikilitaş ya da Theodosius Dikilitaşı, Sultanahmet Meydanı'nın güney tarafında, Yılanlı Sütun'un yanında bulunan bir Antik Mısır dikilitaşıdır. MS 390 yılında Roma imparatoru I. Theodosius tarafından Mısır'dan getirilerek şimdiki yerine dikilmiştir.",tur,tur,"[16859.0, 10320.0, 1130.0, 6499.0, 10178.0, 21405.0, 8074.0, 20125.0, 20088.0, 6383.0, 5984.0, 5260.0, 10432.0, 58980.0, 11992.0]"
"Şarkının müzik videosunun yönetmenliğini Declan Whitebloom yaptı ve videonun genel konseptini de Swift ile beraber oluşturdular. Müzik videosunun yayınlanmasının ardından, işlenen konu ve verilen mesajlar üzerine pek çok eleştirmenden farklı şekillerde yorumlar alındı. Taylor Swift """"Mean"""" şarkısıyla 46. Akademi Country Müzik Ödülleri'nde performans sergiledi. Şarkı Grammy Ödülleri'nde En İyi Country Şarkı ve En İyi Country Solo Performansı kategorilerinde ödül kazanmıştır.",tur,tur,"[27529.0, 16853.0, 1809.0, 10654.0, 16616.0, 37295.0, 12616.0, 34756.0, 34648.0, 10376.0, 9664.0, 8949.0, 18310.0, 102152.0, 20895.0]"
"Certificate Authority Security Council (CASC) (Sertifika Yetkilileri Güvenlik Kurulu): Şubat 2013 yılında, Comodo endüstri konularını ele alan ve internet güvenliği konusunda kamuoyunu eğitmeye adanmış bu endüstri savunma örgütünün kurucu üyesi olmuştur.",tur,tur,"[14478.0, 8683.0, 1553.0, 5951.0, 8979.0, 18577.0, 6950.0, 17248.0, 17229.0, 5596.0, 5285.0, 4864.0, 9402.0, 48862.0, 10690.0]"
"Köyün adının nereden geldiğiyle ilgili bilgi bulunmamaktadır. 16. yüzyıl sonlarına ait Osmanlı kayıtlarında Banaz nahiyesine bağlı, piyade çiftliğinin bulunduğu """"Kuştemur"""" adında bir köy bulunmaktadır. 1834 yılı Tevzi defterinde """"Kuşdemir"""" adıyla Banaz nahiyesine bağlı küçük bir köy olarak kaydedilen yerleşimde, 1898-1899 kayıtlarında 7 hane bulunmaktaydı.",tur,tur,"[25919.0, 16242.0, 1657.0, 10006.0, 15864.0, 34321.0, 11948.0, 32027.0, 31603.0, 9840.0, 8863.0, 7861.0, 16580.0, 91719.0, 18405.0]"
"François Achille Bazaine (13 Şubat 1811, Versay - 28 Eylül 1888, Madrid), İkinci İmparatorluk döneminde üstün hizmetler verdikten sonra, Fransız-Alman Savaşı sırasında, 27 Ekim 1870'te Metz'i Almanlara bırakarak 140 bin askeriyle birlikte teslim olduğu için idama mahkûm edilen Fransız mareşal.",tur,tur,"[20879.0, 12961.0, 1860.0, 15781.0, 14729.0, 25219.0, 13738.0, 23736.0, 24344.0, 10266.0, 8431.0, 8678.0, 13418.0, 65737.0, 15538.0]"
"2012 yılında Nobel Barış Ödülü Avrupa Birliğine verildiğinde kurum Nobel komitesine bir mektup göndererek ödülün AB'ye verilmesinin doğru olmadığını belirtti. Büro mektupta """"AB'nin uluslararası ilişkileri askerisizleştirme çabasının olmadığını, üye ülkelerin de askeri güce dayalı güvenliği öngördüğünü ve başka yaklaşım gerekliliği üzerinde durmak yerine savaşı desteklediğini"""" yazdı. Ancak Nobel komitesi bu eleştiriyi redderek ödülü AB'ye verdi.",tur,tur,"[26209.0, 16995.0, 1665.0, 10805.0, 17804.0, 37770.0, 13042.0, 36297.0, 35418.0, 10123.0, 10272.0, 8847.0, 17943.0, 104504.0, 20075.0]"
"Burada görev yaparken, Anadolu'da Celali İsyanları baş gösterdi. Bu isyanları (özelikle Çelâlî Canpuladoğlu isyanını) bastırmak için Tiryaki Hasan Paşa görevlendirildi.",tur,tur,"[11191.0, 7035.0, 802.0, 4515.0, 6989.0, 15819.0, 5356.0, 14697.0, 14391.0, 4817.0, 4149.0, 4045.0, 7382.0, 43909.0, 8297.0]"
"“Güneşin doğduğu sırada sahip olduğu altın renkleri dünyaya yayan Horus’un verdiği kuvveti, serveti, kuvvetli sevgi, saygıyı taşıyan ve Aşağı ve Yukarı Mısır’ın tacına sahip olan ve bizzat Güneş tarafından seçilmiş olan firavun, bu eseri babası Ra için yaptırdı.”",tur,tur,"[17042.0, 10610.0, 1030.0, 6668.0, 10502.0, 24053.0, 8591.0, 22555.0, 22123.0, 7129.0, 6186.0, 6283.0, 11305.0, 67167.0, 13262.0]"
"Stecher 1972 Münih ve 1976 Montreal Olimpiyatları'nda Doğu Almanya'yı temsil etti. Münih'te 100 ve 200 metreyi kazanarak duble yaptı; 4x100 metrede ise gümüş madalya kazandı. Montreal'de bu kez 4x100'ü kazanarak altın madalya sayısını üçe çıkaran sporcu, 100 metrede gümüş ve 200 metrede bronz madalyanın da sahibi olmuştu.",tur,tur,"[25403.0, 15368.0, 2239.0, 10796.0, 19472.0, 31286.0, 12789.0, 28909.0, 29914.0, 9904.0, 9631.0, 8243.0, 15351.0, 81081.0, 17917.0]"
"Günümüzde birçok zengin ülkenin, siyasî müdahaleleri engelleyen yasalarla çalışan, bağımsız merkez bankaları bulunmaktadır. Türkiye Cumhuriyet Merkez Bankası, Bank of England, Şili Merkez Bankası, Reserve Bank of Australia, Reserve Bank of India, Avrupa Merkez Bankası, Bank of Canada, Banco de la República de Colombia, Norveç Merkez Bankası ve Federal Reserve (FED) günümüz bağımsız merkez bankası örnekleridir. Bazı merkez bankalarının sahibi kamu iken, bazıları teoride, özel mülkiyettedir. Pratikte kamu mülkiyeti ve özel mülkiyet arasındaki fark çok küçüktür çünkü ikinci durumda bankanın elde ettiği kârın tamamına yakını hükûmete vergi olarak ödenmektedir.",tur,tur,"[37377.0, 22676.0, 2723.0, 15479.0, 24056.0, 51414.0, 18456.0, 45513.0, 45864.0, 16429.0, 13728.0, 13875.0, 25178.0, 137489.0, 28188.0]"
"Hidetaka Kanazono (d. 1 Eylül 1988), Japon futbolcudur. Profesyonel kariyerine 2011 yılında Júbilo Iwata kulübünde başladı. Daha sonra Vegalta Sendai kulübüne transfer oldu.",tur,tur,"[12261.0, 7710.0, 1452.0, 5470.0, 8067.0, 13688.0, 7075.0, 15429.0, 14490.0, 5937.0, 4828.0, 5276.0, 8463.0, 33248.0, 8921.0]"
"Merkez bankasının amaçları (bu işlevlerin tümü tüm merkez bankaları için geçerli değildir, amaçlardan bazıları birbirleriyle çelişkili olabilir) şunlardır:",tur,tur,"[8488.0, 4946.0, 463.0, 3185.0, 5177.0, 11346.0, 3816.0, 10563.0, 10442.0, 3187.0, 4074.0, 2824.0, 5388.0, 30422.0, 5942.0]"
"Park Hyung-Sik dizide, Üç Krallık döneminde Silla’yı yöneten Kral Jinheung olarak da bilinen ve tüm dünyaya adını duyurmak isteyen Sam Maek-Jong karakterini canlandırmaktadır. O, 15 yaşındayken tahta çıkar ve ülkesinin topraklarını genişletir. Tehditler aldığı için gerçek kimliğini gizleyerek meçhul bir kral olarak gençlik hayatını yaşar. Onun annesini """"Hwarang"""" grubunun kurcusuyken """"Hwarang""""a katılır. Uzun zamandır insanlardan uzak durmuş ve yalnız kalmış olduğundan çok hassas ve sinirli birisi birisidir. Ancak A-Ro’yı (Go Ara) yavaş yavaş tanıdıkça ve """"Hwarang"""" grubu sayesinde zayıf ve yaralı bir gençken halkına yarar sağlayacak bir kral haline gelir. O, ilk başlarda ilginç bulduğu için A-Ro’ya yaklaşmış olsa da yavaş yavaş ona aşık olur.",tur,tur,"[44217.0, 33676.0, 3400.0, 17135.0, 27711.0, 65329.0, 21007.0, 66356.0, 67313.0, 18103.0, 16333.0, 15260.0, 35880.0, 172884.0, 38445.0]"
"Aletli İniş Sistemi (ILS) (İng: Instrument Landing System), pist başına yerleştirilmiş vericiler vasıtasıyla uçakların inişine yardımcı olan bir hassas yaklaşma sistemi. ILS, uçağın pist başına kadar hassas yaklaşmasını sağlayan bir seyrüsefer yardımcı sistemidir. Bulut tavanının alçak, görüş faktörlerinin kötü olduğu hava koşullarında, uçağın alçak bir biçimde piste yaklaşmasını ve piste elektronik cihazlarla emniyetli iniş yapmasını sağlar. Pilota istikamet ve süzülüş hattı bilgisi verir.",tur,tur,"[27667.0, 17407.0, 1854.0, 10394.0, 17063.0, 38257.0, 13131.0, 36581.0, 36004.0, 11152.0, 9903.0, 9897.0, 18558.0, 106925.0, 21034.0]"
"Yaygın olarak kullanılan moderatörler normal (hafif) su (dünyadaki reaktörlerin %75'i), katı grafit (reaktörlerin %20'si) ve ağır sudur (reaktör %5'si). Bazı deney türlerinde berilyum kullanılmıştır ve hidrokarbonlar başka ihtimal olarak öne sürülmüştür.",tur,tur,"[18035.0, 10577.0, 1028.0, 6702.0, 11202.0, 23315.0, 8171.0, 21831.0, 21330.0, 6293.0, 6896.0, 5750.0, 11521.0, 64799.0, 12701.0]"
Bu obüs kendisinden önce üretilen 6 inç 25 ve 30 cwt obüslerin takipcisi olarak üretilmiştir. İlk olarak 1915 yılında ordu servisine alınan obüsün iki dünya savaşı arasında ahşap tekerlekleri yerine lastikli tekerlekler takılmıştır. II. Dünya Savaşı sırasında sınırlı olarak kullanılan obüs 1942 yılında yerini BL 5.5 inç orta topa bıraktı. Ancak 5.5 inçlik toplarda meydana gelen erken üretim sorunlarından ötürü Burma da tekrar kullanıldı. 1945 yılında tamimiyle ordu servisinden çıkartıldı.,tur,tur,"[31523.0, 20230.0, 2169.0, 12062.0, 19931.0, 41998.0, 13777.0, 39576.0, 39663.0, 11350.0, 11815.0, 9437.0, 20907.0, 112082.0, 23260.0]"
"Köyüm eski adı """"Sakarı""""dır. Mahallenin adının nereden geldiği ve geçmişi hakkında bilgi yoktur. Çamlı bir alanda olduğu için yeni adı ÇamalanI olarak değiştirilmiştir.",tur,tur,"[10421.0, 6440.0, 633.0, 3745.0, 6597.0, 14044.0, 4497.0, 13194.0, 12859.0, 3754.0, 4195.0, 3101.0, 6781.0, 38609.0, 7522.0]"
"Mahallede, ilköğretim okulu vardır ancak kullanılamamaktadır. Mahallenin hem içme suyu şebekesi hem kanalizasyon şebekesi vardır. PTT şubesi yoktur ancak PTT acentesi vardır. Sağlık ocağı ve sağlık evi yoktur. Mahalleye ulaşımı sağlayan yol asfalt olup mahallede elektrik ve sabit telefon vardır.",tur,tur,"[17004.0, 10504.0, 1060.0, 6583.0, 10757.0, 24155.0, 8398.0, 21868.0, 21231.0, 6579.0, 6077.0, 6090.0, 11243.0, 64475.0, 12553.0]"
"Düzce iline 15, Yığılca ilçesine 14 km uzaklıktadır. Akçaören Köyü, Yukarı Akçaören ve Aşağı Akçaören olarak ikiye ayrılmıştır. Yukarı Akçaören, muhtarlık olarak Kocaoğlu Köyüne bağlıdır.",tur,tur,"[14571.0, 9108.0, 1056.0, 5532.0, 9235.0, 19300.0, 6906.0, 17983.0, 17885.0, 5413.0, 4835.0, 4481.0, 9335.0, 52777.0, 10575.0]"
"Köyde, ilköğretim okulu yoktur fakat taşımalı eğitimden yararlanılmaktadır. Köyün içme suyu şebekesi ve kanalizasyon şebekesi yoktur. PTT şubesi yoktur ancak PTT acentesi vardır. Sağlık ocağı ve sağlık evi yoktur. Köye ulaşımı sağlayan yol asfalt olup köyde elektrik ve sabit telefon vardır.Ayrıca köyde Ali Efendi Türbesi vardır.Bu türbedeki Ali Efendi'nin mübarek bir zat olduğu bilinmektedir.",tur,tur,"[25903.0, 15419.0, 1466.0, 9221.0, 16469.0, 34916.0, 11825.0, 31798.0, 30889.0, 9480.0, 8528.0, 8326.0, 16444.0, 93553.0, 18352.0]"
"İstanbul Üniversitesi Hukuk Fakültesi'nden 1980 yılında mezun olmuştur. Balıkesir hâkim adayı olarak mesleğe başlamış ve çeşitli hakimlik görevlerinde bulunmuştur. Yargıtay tetkik hakimiyken 15 Nisan 2007 tarihinde Yargıtay Üyeliğine seçilmiş ve Yargıtay Büyük Genel Kurulu tarafından 11 Kasım 2013 tarihinde Yargıtay 5. Ceza Dairesi Başkanı seçilmiştir. Halen Yargıtay Yayın ve Tasnif Kurulu başkanıdır. İngilizce bilen Demirel, evli ve iki çocuk babasıdır.",tur,tur,"[31342.0, 19840.0, 2068.0, 12814.0, 20318.0, 42905.0, 15786.0, 40155.0, 40118.0, 12584.0, 10928.0, 9979.0, 20693.0, 118396.0, 23536.0]"
"İlçe İç Anadolu Bölgesi ile Kuzey Anadolu Bölgelerini birbirinden ayıran Köroğlu Dağ silsilesinin güneyinde yer almıştır. Bu nedenle Karadeniz´in ılıtıcı etkisine kapalıdır. Bu konumu nedeniyle iklimi karasaldır. Yörede kışlar soğuk, uzun ve karlıdır. İlkbahar kısa sürelidir ve hemen yaz başlar. İlçede yazın ısı 36 derece ile 28 derece, kışın ise 7 derece ile 11 derece arasındadır. Yıllık maksimum yağış 591 mm^3'dir. Yaz ve kış mevsimlerinde dağ ve vadi meltemleri sıkça görülür. Şiddetli rüzgarlara pek rastlanmaz.",tur,tur,"[37828.0, 24470.0, 2167.0, 14398.0, 24098.0, 52494.0, 18000.0, 49349.0, 47953.0, 14861.0, 13500.0, 12708.0, 25410.0, 142740.0, 28587.0]"
"Mu Orionis B, birbirine oldukça benzer olan iki yıldızdan (Ba ve Bb) oluşur. Her iki yıldız da F-tipi sarı-beyaz anakol yıldızlarıdır. Güneşten %40 daha fazla kütleye ve 1,3 kat daha fazla yarıçapa sahip olan yıldızlar, 3 kat daha fazla aydınlıktırlar. İki yıldız arasındaki mesafe Mu Orionis A ile benzerdir (0,078 AU) ve yörünge süreleri 4,78 gündür.",tur,tur,"[24216.0, 15031.0, 1725.0, 9746.0, 15068.0, 30686.0, 11587.0, 29455.0, 29370.0, 9790.0, 9301.0, 8229.0, 15857.0, 82458.0, 18000.0]"
"Localizer ve Glide-Path teçhizatlarının sinyallerinin belli mesafelerde dikine keserek yayın yapan teçhizatlarıdır. Alçalma yapan uçakların pilotlarına, pist başına ne kadar mesafede olduklarını bildirir. Dış, orta ve iç olmak üzere 3 marker vardır. Dış marker, pist başına yaklaşık 4 nm (7240 m) mesafededir. Orta marker, pist başına 3500 feet (1050 m) mesafededir. İç marker de, pist başından 50 feet (15 m) uzaklığa yerleştirilir.Ayrıca ILS 'ler kendi aralarında; uçağın 60 m'ye kadar alçalabildiği CAT1, 30 m'ye kadar alçalabildiği CAT2, ve sıfır seviyesindeki CAT3 olmak üzere üç kategoriye ayrılır.",tur,tur,"[39431.0, 25875.0, 3172.0, 16136.0, 24934.0, 55271.0, 19808.0, 51693.0, 51495.0, 17096.0, 14748.0, 14477.0, 27256.0, 146301.0, 30199.0]"
1712 ‘de İngiliz mühendis Thomas Newcomen (1663-1729) yeni bir tür buhar makinesi geliştirdi. Bu makinenin Savery Makinesinden en büyük avantajı pistonun bir zincir yardımıyla tahterevalli benzeri bir tür kaldıraca tutturulmuş olmasıydı. Bu kaldıracın diğer ucu ise bir tür tulumbaya bağlanmıştı. Piston silindirin en üst noktasında iken silindirin içine gönderilen soğuk su buharı yoğunlaştırıyordu. Böylece atmosferik basınç pistona aşağıya doğru kuvvet uyguladığı anda su madenden yükseliyordu. Buhar pistona dolunca bu çevrim tekrar ediyordu. Ayrıca daha az tehlikeliydi. Yine de makine istenilen verime ulaşamamış ve yakıt tüketimi azalmamıştı.,tur,tur,"[39002.0, 25252.0, 2618.0, 16272.0, 24987.0, 55380.0, 18926.0, 51304.0, 50382.0, 15695.0, 15273.0, 14258.0, 26749.0, 147643.0, 30256.0]"
"Bölümde saldırgan bir virüs hapishane sakinlerini öldürerek onların birer aylak olarak yeniden canlanmasına yol açar ve aylaklar hapishanedeki diğerlerine saldırır. Hapishanenin dışındaki aylakların hapishanenin tel örgülerine zarar vermeye başlamasıyla grup, durumun ciddiyetini anlar ve Rick Grimes (Andrew Lincoln) artık sakin olan hayat tarzını değiştirmeye zorlanır.",tur,tur,"[18292.0, 12197.0, 1306.0, 7303.0, 12732.0, 28090.0, 8745.0, 25754.0, 25740.0, 7662.0, 7201.0, 6570.0, 13012.0, 77418.0, 14978.0]"
"Bu vesile ile Türk Kadınlar Birliği, Türk Anneler Derneği, Çağdaş Eğitim Vakfı, AÇEV, Çağdaş Yaşamı Destekleme Derneği, Kadın Emeğini Değerlendirme Vakfı, Türkiye Aile Sağlığı ve Planlama Vakfı, Roteryenler, Lions ve Soroptimistler gibi dernekler Türkiye'de mağdur kadınlara yardım etmeye çalışmaktadırlar.",tur,tur,"[22186.0, 13189.0, 1385.0, 8716.0, 15025.0, 29329.0, 11051.0, 26568.0, 27005.0, 8733.0, 7900.0, 6632.0, 14334.0, 83431.0, 16545.0]"
"SurGate Labs - 2014 yılında Comodo Surgate Laboratuvarları, güvenli bir e-posta ve ileti sistemleri konusunda uzmanlaşmış bir Türk yazılım şirketini satın aldı. SurGate ancak son zamanlarda Türkiye ve Doğu Avrupa dışında ürünlerinin pazarlanmasına başladı.",tur,tur,"[11647.0, 7583.0, 1195.0, 5196.0, 7475.0, 16324.0, 6045.0, 14799.0, 15020.0, 4857.0, 4732.0, 4344.0, 7828.0, 42621.0, 8642.0]"
"Bardaktan boşanırcasına yağan yağmurdan kaçan bir yabancı (Kichijiro Ueda) koşarak yakınlardaki yıkıntı bir şehir kapısına sığınır. Burada kendisinden önce gelmiş iki kişi daha vardır. Birisi oduncu (Takashi Shimura) diğeri de bir budist rahibi (Minoru Chiaki) olan bu şahıslar son derece üzgün ve düşünceli bir şekilde oturmaktadırlar, sarsıcı bir olaydan etkilendikleri bellidir. Dönem 12. yüzyıl Japonyasıdır ve savaşlarla onun getirdiği yoksulluk ve yıkım bu şahısların kıyafetlerine de yansımıştır. Üstleri başları perişan gözüken bu adamlardan önce oduncu, avam yabancının ısrarı üzerine olanı biteni anlatmaya başlar.",tur,tur,"[40772.0, 26155.0, 2876.0, 15529.0, 24829.0, 56156.0, 19139.0, 55102.0, 52824.0, 16289.0, 15226.0, 14679.0, 28340.0, 153785.0, 31777.0]"
"Üçüncü aşamada kullanılan Zefiro 9, ilk tamamlanan motordu. İlk test ateşlemesi 20 Aralık 2005 tarihinde, Sardinya'nın güneydoğusundaki akdeniz kıyısında bulunan Salto di Quirra Test Sahasında gerçekleştirilmiştir. Test tamamen başarılı olmuştur.",tur,tur,"[14545.0, 8788.0, 1152.0, 7008.0, 9919.0, 17964.0, 10169.0, 17335.0, 17134.0, 7451.0, 5528.0, 6295.0, 9122.0, 49921.0, 10261.0]"
"Lincoln'nün infazı planlandığı gibi gitmez; elektirikli sandalyeye bağlanır ve her şey hazırdır, fakat müdür yargıçtan Lincoln'nün dosyasında değişiklik olduğu gerekçesiyle infazın iki hafta ertelendiği haberini alır. Birisi yargıçın ofisine otopsi raporunu gönderir, sözde Lincoln'nün öldürdüğü Terrence Steadman'ın cesedi tekrar incelenmek için mezardan çıkarılacaktır. İki ayrı otopsi raporu vardı birinde apandisinin sağlam olduğu belirtilmiş diğerinde ise apandisinin alındığı belirtilmiş.",tur,tur,"[29756.0, 18704.0, 1934.0, 11770.0, 19802.0, 43786.0, 14263.0, 40622.0, 39846.0, 12056.0, 11483.0, 10824.0, 19981.0, 121265.0, 22820.0]"
1959-60 Sezonu teknik direktör olarak Fenerbahçe'nin başında bulundu. 1961'de Vefa'yı çalıştırdı. 1992 yılındaki vefatının ardından Karacaahmet Mezarlığı'nda toprağa verildi.,tur,tur,"[14129.0, 8671.0, 1196.0, 6076.0, 9134.0, 17507.0, 7514.0, 16782.0, 16641.0, 5999.0, 5274.0, 5051.0, 8642.0, 45570.0, 9662.0]"
"Taylor Swift """"Mean"""" şarkısıyla ilk performansını 3 Nisan 2011'de yapılan 46. Akademi Country Müzik Ödülleri'nde gerçekleştirdi. Ayrıca, Swift 30 Mayıs 2011'de bu şarkısını The Ellen DeGeneres Show'da da seslendirmiştir. 12 Şubat 2012'de yapılan 54. Grammy Ödülleri'nde Mean şarkısıyla sahne almış ve son nakaratı """"Someday, I'll be singin' this at the Grammys"""" şeklinde değiştirerek söylemiştir.",tur,tur,"[24767.0, 15929.0, 3215.0, 10386.0, 15145.0, 32408.0, 12203.0, 29893.0, 30217.0, 9689.0, 8824.0, 8201.0, 16686.0, 81409.0, 19028.0]"
"Amida, Kara Amid, Arabi bir sesin Amid-i sevda dediği, önce gökyüzünde tasarlanmış. Öylece inmiş yere... Bir varlık olarak duran, hep olan... Diyarbakır, sen karanlığın girmeye korktuğu şehirsin. Gölgenin titrediği..."""" Bejan MATUR",tur,tur,"[15524.0, 9486.0, 1279.0, 6601.0, 9914.0, 22471.0, 8306.0, 19572.0, 19251.0, 6684.0, 5855.0, 5492.0, 10562.0, 58865.0, 11899.0]"
"Abelisaurus’un bilinen tek kafatası fosili, özellikle sağ tarafı olmak üzere, eksiktir. Damağın çoğu da kayıptır. Eksik parçalara rağmen, uzunluğu yaklaşık 85 cm kadardır. Carnotaurus gibi bazı diğer abelisauridlerde olan kemikli bir ibiği ya da boynuzları olmasa da, burun ve gözlerinin üzerinde olan kabaca hortum benzeri, keratinden olmayan ibikler, fosilleşme sürecinde yok olmuş olabilirler. Ayrıca, kafatasında, pek çok diğer dinozorda da bulunan ve kafasının ağırlığını azaltan çok büyük boşluklar vardı.",tur,tur,"[29530.0, 18169.0, 2046.0, 11195.0, 18794.0, 41167.0, 13847.0, 38959.0, 38200.0, 12299.0, 10714.0, 10493.0, 19719.0, 112849.0, 22269.0]"
"Uluslararası Barış Bürosu (Fransızca: Bureau International Permanent de la Paix İngilizce: International Peace Bureau) 1891 yılında kurulan dünyanın en eski barış örgütü. Barış konferansları için yapılan başvurular üzerinde çalışmak amacıyla, 13 Kasım 1891'de Roma'da yapılan 3. uluslararası Parlamentolar Arası Birlik konferansında kuruldu. Büronun yaptığı çalışmalar 1910 yılında Nobel Barış Ödülü ile ödüllendirildi.",tur,tur,"[23901.0, 14925.0, 1990.0, 14413.0, 16001.0, 30793.0, 14110.0, 28708.0, 29380.0, 10315.0, 9388.0, 8715.0, 15733.0, 80829.0, 17869.0]"
"Literatürde merkez bankasının bağımsızlığı; siyasî iktidardan bağımsızlık, başka bir deyişle,hükûmetin merkez bankası üzerinde etkinliğinin kalmaması olarak yorumlanmaktadır (Aktan, vd., 1998;111). Merkez bankasının bağımsızlığından söz edilebilmesi için, merkez bankasının paranın istikrarını sağlama görevini yerine getirirken siyasî otoriteden direktif almaması gerekmektedir. Bir başka deyişle, merkez bankasının bağımsızlığının birincil koşulu para politikasına ilişkin temel kriterleri belirleme ve uygulamada serbestlik içinde olmasıdır. Ancak bu bağımsızlık, merkez bankasının hükûmetin ekonomi politikalarına uygun para politikalarını belirleyip uygulamaları anlamındadır. Diğer bir deyişle, merkez bankasının bağımsızlığından ziyade, özerkliğinden bahsetmek yerinde olacaktır.",tur,tur,"[45902.0, 29407.0, 2566.0, 18573.0, 30600.0, 66284.0, 21926.0, 60230.0, 59686.0, 18765.0, 18223.0, 16152.0, 32139.0, 177177.0, 35993.0]"
"Ankara Üniversitesi Hukuk Fakültesi'nden 1971 yılında mezun olmuştur. 1973 yılında Danıştay Yardımcısı olarak mesleğe başlamış, 1981'de görev unvanı Danıştay Tetkik Hakimi olarak değişmiştir. Zonguldak ve Adana İdare Mahkemesi Başkanlığı, Bursa ve İstanbul Bölge İdare Mahkemesi (1992-1995) Başkanlıkları görevlerinde bulunmuştur. 19 Temmuz 1995'te Danıştay Üyeliğine seçilmiş ve 3 Şubat 2009 yılında emekli olmuştur.",tur,tur,"[30834.0, 19846.0, 2292.0, 13018.0, 20362.0, 41857.0, 15619.0, 39412.0, 39615.0, 12420.0, 11001.0, 9324.0, 20575.0, 112917.0, 22714.0]"
Hayvanlardaki glikozun fazlasının depo şeklidir. Suda çok az çözünür ve iyotla kahverengini alır. Glikojen genellikler karaciğer ve kas hücrelerinde depolanır. Bakteriler ve mantarlarda da glikoz glikojen şeklinde depo edilmektedir.,tur,tur,"[14549.0, 8558.0, 834.0, 5328.0, 8834.0, 19477.0, 7268.0, 17813.0, 17785.0, 6313.0, 5840.0, 5160.0, 9436.0, 53710.0, 10832.0]"
"19 Eylül 2012'de Apple, haritalama hizmetini iOS'da piyasaya sürdü ve Google Haritalar'in yerine Apple işletim sistemleri için varsayılan haritalama hizmeti olarak değiştirdi. İlk lansmanda, yanlış yönlendirmeler, toplu ulaşım kullanıcılarına verilen destek ve diğer çeşitli hatalar ve hatalar yüzünden kullanıcılar ve gazeteler tarafından büyük miktarda eleştiriler yapıldı. Girişinden bu yana, daha fazla yazılım geliştirme bu eleştirilerin birçoğuna değindi.",tur,tur,"[24865.0, 15650.0, 1654.0, 9111.0, 15255.0, 34953.0, 10867.0, 32711.0, 32719.0, 8628.0, 9386.0, 8439.0, 16743.0, 95723.0, 19038.0]"
"S, bir WRQ için ACK(onay) paketi ile RRQ için doğrudan DATA paketi ile yanıtlar.Paketler yeni tahsis edilmiş bir ephemeral porttan gönderilir ve S ye gidecek tüm paketler bu portta olmalıdır.",tur,tur,"[11222.0, 7160.0, 896.0, 4256.0, 6936.0, 15689.0, 5237.0, 14860.0, 14831.0, 4334.0, 3844.0, 3966.0, 7691.0, 42308.0, 8678.0]"
T.C. Başbakanlık Aile Araştırma Kurumu'nun 1995'de yaptığı araştırma doğrultunda; aile içi şiddete uğrayanların %80'i yapacak fazla bir şey olmayacağına inanır. İlkkaracan'ın 2000 yılında yaptığı araştırmaya göre de; Türkiye'nin doğu ve güneydoğu'sunda kadınların %50.8'sinin rızaları olmadan evlendirildiğini söylemiştir.,tur,tur,"[23195.0, 15046.0, 1485.0, 8898.0, 14396.0, 32304.0, 11603.0, 30431.0, 29859.0, 9610.0, 8122.0, 8152.0, 15762.0, 87201.0, 17702.0]"
"1071 Malazgirt zaferi ile Çankırı bölgesi de Karatekin Bey tarafından fethedilmiş ve bu bölge Danişment topraklarına katılmıştır. Daha sonraki dönemlerde sırasıyla, Çankırı ile birlikte, Şabanözü; Selçuklular, Çobanoğulları, Candaroğulları ve İsfendiyaroğulları beylikleri idaresine geçmiştir. Daha sonraları Osmanlı İmparatorluğu toprakları arasında kalan ve hiç düşman işgaline uğramayan Şabanözü, Cumhuriyetin ilanı ile bugünkü ülke sınırları içerisinde yer almıştır.",tur,tur,"[31429.0, 19005.0, 2168.0, 11832.0, 19642.0, 40619.0, 14414.0, 37297.0, 36943.0, 11931.0, 10802.0, 9627.0, 19754.0, 109481.0, 22216.0]"
"Mahallenin iklimi, Marmara iklimi etki alanı içerisindedir.Mahallenin havası çok temizdir adeta çam havası kokar.İçme suları boldur.Akpınar suyu içmesi çok güzeldir.Bu su böbrek taşalrını düşürmeye yardımcı olur",tur,tur,"[15129.0, 9360.0, 896.0, 5817.0, 9348.0, 21613.0, 7510.0, 19592.0, 19036.0, 5912.0, 5269.0, 4970.0, 10213.0, 56819.0, 11199.0]"
"Chiang Ching-kuo (Çince: 蔣經國, 27 Nisan 1910 - 13 Ocak 1988), 1972-1978 yılları arasında Çin Cumhuriyeti Başbakanı, 1975'den ölümüne kadar Çin Cumhuriyeti Devlet Başkanı olarak görev yapan ve eski devlet başkanı Çan Kay Şek'in oğlu Tayvanlı Kuomintanglı politikacı.",tur,tur,"[22129.0, 18500.0, 2288.0, 8950.0, 12826.0, 25173.0, 11062.0, 24746.0, 26044.0, 8274.0, 7974.0, 6711.0, 17653.0, 60624.0, 19146.0]"
"Köyün adı çok eski tarihte burada yapılan bir savaş sonrası konulmuştur. Bu savaşta köy halkının çoğunluğu öldüğü için o dönemde bölgeye hakim olan Gürcülerin dilinde """"Ölüm"""" veya 'Öldü' anlamına gelen MOKTA (Mokvda) adı konulmuştur. Artvin'in 1921 yılında Anavatana bağlanmasının ardından 1925 yılında il genelinde büyük kısmı Gürcüce olan yerleşim adları ‘Meclis- i Umûmiyye -i Vilâyet’ (İl Genel Meclisi) kararıyla 1925 yılında değiştirildi. Ad değiştirme işlemleri İçişleri Bakanlığı’nın 1940 yılı sonlarında hazırladığı 8589 sayılı genelgeyle resmileşti. Bu kapsamda köy isimleri güncellenirken MOKTA adı, köyün tarihine ve eski ismine uygunluğu dikkate alınarak SAVAŞ KÖYÜ olarak değiştirilmiştir.",tur,tur,"[49985.0, 31636.0, 3000.0, 18791.0, 30725.0, 68853.0, 22707.0, 63327.0, 62678.0, 18097.0, 20660.0, 15161.0, 32969.0, 181917.0, 35954.0]"
"Rory Williams yaralanınca Amy Pond ve Doktor onu sirenden uzak tutmaya çalışırlar. Ne var ki önce geminin kaptanı Avery'nin güvenini kazanıp, bu doğaüstü olayın arkasındaki gerçekleri ortaya çıkarması gerekmektedir.",tur,tur,"[10554.0, 6392.0, 843.0, 4024.0, 6657.0, 14679.0, 4859.0, 13561.0, 13419.0, 4155.0, 3944.0, 3835.0, 6936.0, 38935.0, 7856.0]"
"ComScore, anketleri kullanarak Birleşik Devletler'deki farklı web haritalama hizmetlerinin pazar paylarını araştırdı. Apple Haritalar'ın Eylül 2012'de piyasaya çıkmasından önce, 81 milyonu Google Haritalar'ı kullanan 103.0 milyondan fazla Amerikalı, iOS veya Android kullanıyordu. ComScore'a göre, bu rakam Apple Haritalar'ın yayınlanmasından bir yıl sonra Eylül 2013'te 58,7 milyona düştü. Aynı zamanda, Amerika Birleşik Devletleri'nde 35 milyon Amerikalı Apple Haritalar kullanıcısı ve iOS veya Android ile toplam 136,7 milyon kişi vardı.",tur,tur,"[32463.0, 21956.0, 2503.0, 12504.0, 20147.0, 45663.0, 15278.0, 43213.0, 43943.0, 12117.0, 12150.0, 10593.0, 22374.0, 122047.0, 25294.0]"
"Basit yapısından dolayı kullanılması esnasında çok az bellek tüketilmektedir. Bu özelliğinden dolayı, yeterli yığın bellek cihazı (mass storage device) olmayan yönlendirici (router) bilgisayarların önyüklemesinde kullanılırdı. Halen ağ üzerinde bulunan host makinalar arasında küçük dosyaların transferi için kullanılır. TFTP kısmen PUP protokol grubunun eski bir parçası olan EFTP protokolüne dayanır. TCP/IP protokol grubunun geliştirilmesinin ilk safhalarında TFTP basitliğinden dolayı genellikle yeni bir host tipinin üstünde çalıştırılan ilk protokoldü.",tur,tur,"[26473.0, 17961.0, 1847.0, 10204.0, 17350.0, 40370.0, 12582.0, 38047.0, 37303.0, 10727.0, 10282.0, 9231.0, 18942.0, 109262.0, 20964.0]"
"Strike the Gold (21 Mart, 1988 – 13 Aralık, 2011) ABD doğumlu, safkan yarış atı ve aygır. Katıldığı 31 yarışın 6 tanesinden birinci olarak ayrılmayı başaran aygır 1991 yılı Kentucky Derby galibidir. Belirli bir süre Amerika Birleşik Devletlerin'de aygırlık yapan Strike the Gold 1997 yılında Türkiye Jokey Kulübü tarafından satın alınarak aygırlık kariyerini Türkiye'de sürdürmüştür. Türkiye'deki en önemli yavruları arasında şampiyon safkan Sabırlı bulunmaktadır.",tur,tur,"[28918.0, 19109.0, 2667.0, 11559.0, 18357.0, 40099.0, 14148.0, 37146.0, 37459.0, 11284.0, 10621.0, 9672.0, 20280.0, 104038.0, 22498.0]"
"2016'da Apple Haritalar yeni bir geliştirme merkezi açtı ve watchOS ve iOS için güncellendi. Mart 2016'da watchOS 2.2 çıktığında uygulama geliştirildi. Apple Haritalar, işletim sisteminin yeni sürümünde yenilendi ve daha önce iOS'a özel olan """"Yakın"""" da dahil olmak üzere yeni özellikler aldı. Dört ay sonra, Apple CEO'su Tim Cook, Hint kenti Haydarabad, Hindistan'daki WaveRock kampüsünde IT şirketi RMSI ile ortak olarak yeni bir ofisi açtı. Geliştirme merkezi, Apple Haritalar'ın geliştirilmesine odaklanmakta ve 4000 kişiye istihdam sağlamaktadır. ZDNet'e göre, 23.000 metrekarelik 250.000 metrekarelik büro 25 milyon dolara maloldu.",tur,tur,"[39585.0, 27185.0, 3100.0, 15087.0, 24600.0, 60210.0, 17937.0, 52505.0, 53948.0, 13908.0, 15364.0, 12469.0, 27552.0, 149654.0, 30973.0]"
"Dünyanın en büyük çukurlarından biri olan Mirney Sibirya'nın doğusunda bulunmaktadır. Yaklaşık 525 metre ve 1,25 km çapındadır. Aslen bir elmas madenidir. Bingham Kanyonu Madeni'nden sonra dünyadaki en büyük ikinci çukurdur.",tur,tur,"[15934.0, 9481.0, 1015.0, 5867.0, 9747.0, 20515.0, 7054.0, 18798.0, 18754.0, 5904.0, 8460.0, 4886.0, 9872.0, 55668.0, 11187.0]"
"Katı malzemeler etkisi altında bulundukları gerilmelerin sürekli olarak peryodik bir şekilde artıp azalması sonucu olağan gerilme dirençlerinden daha az bir gerilme ortamında dahi zayıflayıp parçalanmaya başlayabilirler. Bu aşınma yöntemine """"yüzeysel yorgunluk"""" denir.",tur,tur,"[16729.0, 11200.0, 959.0, 6309.0, 10543.0, 24129.0, 7558.0, 22785.0, 22417.0, 6392.0, 6253.0, 5624.0, 11901.0, 66304.0, 13482.0]"
"Merkez Bankası bağımsızlığı ile, merkez bankasının para politikası ile ilgili kararların alınmasında ve uygulamasında doğrudan politik baskılardan uzak hareket edebilme yeteneği kastedilmektedir. Son yıllarda birçok ülkede merkez bankalarının bağımsızlığı büyük ilgi odağı haline gelmiştir ve siyasi iktidarlardan bağımsız, özerk bir merkez bankacılığı anlayışı giderek yaygınlaşmaktadır. Bağımsızlık kavramı, para ve banka sisteminin işleyiş ve denetiminde ortaya çıkan ve sürekli artış gösteren karmaşık problemlere çözüm olarak ortaya çıkmış; her ülkenin sosyal, politik, ekonomik ve kurumsal özelliklerine göre zamanla uygulanış aşamasında farklılık göstermiştir.",tur,tur,"[35506.0, 23631.0, 1979.0, 13881.0, 23102.0, 52691.0, 16988.0, 48507.0, 48404.0, 14636.0, 14042.0, 12404.0, 25283.0, 141573.0, 28401.0]"
"Filmde biri oduncu, diğeri avam, sonuncusu da Budist rahibi olan üç üzgün görünüşlü adam bardaktan boşanırcasına yağan yağmurdan kaçarak bu 'şehir kapısı'nın altına sığınırlar ve burada cinayet ve ırza geçme suçundan yargılananan namlı bir haydut hakkında konuşmaya başlarlar ve olaylar geriye dönüşlerle (flashback) anlatılır. Yağmurdan kaçan oduncu ve rahibin sığındıkları kapı altında, haydutun yargılanmasını aktarmaları flashbackle verilirken, yargılama sırasında haydutun, samurayın karısının ve bir medyum aracılığıyla olanları aktaran samurayın ruhunun anlattıkları da tekrar flashbacklerle verilir. Yani burada flashback içinde flashback vardır.",tur,tur,"[38280.0, 25682.0, 2426.0, 14521.0, 23925.0, 56758.0, 18142.0, 53407.0, 52577.0, 15506.0, 14531.0, 13829.0, 26762.0, 156006.0, 29986.0]"
Orijinal ismi The Buenos Ayres Herald idi. 1876 yılında İskoç William Cathcart tarafından kuruldu. Önceleri haftalık olarak sadece denizcilik konularında yayınlanan gazete bir yıl sonra günlük yayınlanmaya ve genel gazete konularını işlemeye başladı. Gazete 1998 yılında ABD merkezli Evening Post Publishing Company şirketine satıldı.,tur,tur,"[16747.0, 10373.0, 1513.0, 7327.0, 10636.0, 22095.0, 9175.0, 20768.0, 20909.0, 8466.0, 6416.0, 7813.0, 10786.0, 58522.0, 12113.0]"
An Shi isyanı çıkaran General An Lushan (安祿山 ān lùshān) babası Soğd annesi Göktürklü olan Semerkeandlı ve Shi Siming (史思明 shǐ sīmíng) ise Keşli idi. Tang Hanedanı'nın ünlü generali Ge Shuhan (哥舒翰 gē shūhàn)'nın babası Göktürk ve annesi Soğd idi.,tur,tur,"[21256.0, 21151.0, 2193.0, 8296.0, 11905.0, 25063.0, 9226.0, 24738.0, 25898.0, 7589.0, 7745.0, 5882.0, 18470.0, 59818.0, 20321.0]"
"11 Ekim SmackDown bölümünde Komisyon Üyesi Shane McMahon ve Genel Müdür Daniel Bryan, üç (erkekler, kadınlar ve takımlar düzeyinde maçlar) Survivor Series maçı için Raw'a meydan okudu. Sonraki hafta Raw Komisyon Üyesi Stephanie McMahon, meydan okumayı kabul etti. 7 Kasım Raw bölümünde Stephanie, Shane ve Bryan'ı sonraki haftalarda Raw'a promosyonlararası maçlar için davet etti. Ertesi gece SmackDown bölümünde Shane ve Bryan, bu daveti kabul etti. Survivor Series öncesi son Raw bölümünde Raw ve SmackDown'ın komisyonerleri ve genel müdürleri Survivor Series hakkında toplandı. Kendi aralarında brand'larının neden daha iyi olduğunu anlatmaya başladılar. Raw Komisyon Üyesi Stephanie McMahon ve Genel Müdürü Mick Foley, Raw'ın erkek takımını getirdikten sonra SmackDown Komisyon Üyesi Shane McMahon ve Genel Müdürü Daniel Bryan da SmackDown takımınınkileri getirmişti. Tüm takım üyeleri kavgaya girdikten sonra son ayakta kalan Team Raw'daki Roman Reigns ve Seth Rollins oldu.",tur,tur,"[44828.0, 29453.0, 3990.0, 17924.0, 28263.0, 65227.0, 21027.0, 61197.0, 62109.0, 17223.0, 16032.0, 15390.0, 31543.0, 181256.0, 36161.0]"
"Karadeniz kemençesi temel müzik aleti olduğu özellikle Ordu , Giresun, Gümüşhane , Trabzon, Rize,Artvin , Samsun,Bayburt, Sivas' ın iç Karadeniz bölgesinde kalan Suşehri , Akıncılar çevresinde ve , Cumhuriyet döneminde Karadenizlilerin topluca göç ettiği Adapazarı, İzmit Yalova Orhangazi köylerinde ve büyük şehirlerde, 1923 mübadelesiyle Yunanistan'a giden Rumlar tarafından başta Selanik olmak üzere Kuzey Yunanistan'da yer alan göçmen köylerinde kullanılmaktadır.Kemençe artık evrensel bir çalgı aleti olmak yolunda emin adımlarla ilerlemiştir.İç Anadolu ve Doğu Anadolu bölgelerinde de ilgisi görülmektedir.",tur,tur,"[40709.0, 25079.0, 2629.0, 14933.0, 25623.0, 53072.0, 18770.0, 50530.0, 49957.0, 15267.0, 13859.0, 13265.0, 25546.0, 151153.0, 29103.0]"
"Abrazyon aşınması, birbirine göre izafi hareket yapan iki cisim arasına çevre etkisiyle yabancı sert parçacıkların girmesi ve bu parçacıkların yumuşak yüzeye gömülerek sert yüzeyden sanki eğelercesine veya zımparalarcasına malzeme kaldırmasıyla kendini gösteren bir aşınma türüdür. Sert parçacıklar gömüldükleri yüzeyde de tahribat yaparlar ve yüzeyi hareket yönünde çizerler. Makine elemanlarının yüzeyleri ısıl işlem ile sertleştirilerek bu tür aşınmaya karşı önlem alınmaya çalışılır.",tur,tur,"[30202.0, 20481.0, 1783.0, 11857.0, 18800.0, 44158.0, 14211.0, 41668.0, 40636.0, 12644.0, 11577.0, 11055.0, 21197.0, 119586.0, 24295.0]"
"1990'lı yılların başlarından itibaren, hızlı çalınan ve çoğu zaman virtüöz becerikliliğinde sololar içeren heavy metal gitarların yerini, özellikle Nirvana ve Alice In Chains gibi grupların popülerlik kazandırdığı grunge müziğinin temel taşı olan ritim gitar ağırlıklı bir tarz almaya başlamıştır. Bu dönemde süperstrat gitarların da popülerliği ciddi biçimde azalmış ve sonuçta birçok süperstrat üreticisi ya iflas etmiş ya da başka ürünlere yönelmeye mecbur kalmışlardır.",tur,tur,"[26367.0, 16700.0, 1825.0, 10674.0, 16900.0, 36844.0, 13000.0, 35636.0, 34984.0, 10556.0, 10548.0, 9137.0, 17626.0, 102163.0, 19981.0]"
"Köyde ilköğretim okulu vardır ancak faal olmadığından eğitim taşımalı olarak yapılmaktadır. Ayrıca köyde içme suyu şebekesi vardır. Köyde kanalizasyon şebekesi, sağlık kuruluşu ve PTT acentesi bulunmamaktadır. Köyün ilçeyle ulaşımı asfalt yolla sağlanmaktadır. Köy içi yolları genel olarak bozuktur.",tur,tur,"[20370.0, 12192.0, 1145.0, 7227.0, 12511.0, 27608.0, 9216.0, 25202.0, 24565.0, 7592.0, 6863.0, 6599.0, 13159.0, 73592.0, 14679.0]"
18 Eylül 2010 tarihinde Symantec'in özgür antivirüs yazılımının etkinliği üzerindeki yorumuna yanıt olarak Comodo Grubu icra kurulu başkanı ürünlerin kötücül yazılımlara karşı tüketiciyi daha iyi savunabilir olduğunu görmek için Symantec'e meydan okudu. Symantec Comodo ile ilgilenen varsa onların ürünlerinin bağımsız yorumcular tarafından deneylerine dahil olması gerektiğini söyleyerek yanıt verdi.,tur,tur,"[20542.0, 13325.0, 1530.0, 8156.0, 12993.0, 29577.0, 9882.0, 28226.0, 27881.0, 7923.0, 7607.0, 7311.0, 14266.0, 79935.0, 16120.0]"
"Türkiye, Yenilenebilir Enerji Genel Müdürlüğü (eski adıyla T.C. Enerji ve Tabii Kaynaklar Bakanlığı Elektrik İşleri Etüd İdaresi Genel Müdürlüğü) hazırlanan çalışmalar sonrasında 26 adet büyük ölçekli hidrolojik havzaya ayrılmıştır. Havzaların ortalama yıllık toplam akışları 186 milyar m³'tür. Havza verimleri birbirlerinden farklı olup, Fırat ve Dicle havzalarının toplam ülke potansiyelinin yaklaşık % 28,5'ine sahip olduğu görülmektedir.",tur,tur,"[28493.0, 17849.0, 1594.0, 10806.0, 18093.0, 37801.0, 13647.0, 36053.0, 35258.0, 11119.0, 10009.0, 8901.0, 18338.0, 106407.0, 20510.0]"
"II. Philippos Philorōmaios (UFA, filipos filoromeos; Yunanca, Φίλιππος Β΄ ὁ Φιλορωμαῖος) """"Roma-sever"""" veya Barypos """"ağır ayak"""" lakaplarıyla tanınan Helenistik Seleukos krallığı yöneticisi. Bir başka Seleukos kralı olan I. Philippos Filadelfus'un oğludur.",tur,tur,"[24734.0, 11351.0, 2098.0, 9892.0, 14378.0, 22999.0, 13708.0, 20596.0, 21214.0, 9820.0, 9662.0, 8082.0, 13866.0, 52661.0, 15268.0]"
"Trivial File Transfer Protocol (TFTP) 1980 yılında tanımlanmış, FTP' nin temel fonksiyonel şekli olarak ifade edilen basit bir dosya transfer protokolüdür.",tur,tur,"[7523.0, 5118.0, 1106.0, 3438.0, 4909.0, 9484.0, 4067.0, 9151.0, 9134.0, 3371.0, 2800.0, 3028.0, 5254.0, 22568.0, 5626.0]"
"Kemal Tok (d. 1 Ocak 1940, Trabzon; ö. 26 Haziran 2010, İstanbul), Türk tiyatro, sinema ve dizi oyuncusu. Halk Evleri 'nde tiyatro oyuncusu olarak başladığı sanat yaşamında daha çok Tv filmlerinde ve dizilerinde ufak karakter rollerinde yer aldı. Kemalettin Tuğcu'nun ölümsüz eseri Üvey Baba 'nın 1999 yapımı Tv versiyonu dizisinde canlandırdığı rolle hatırlanan oyuncu Bücür Cadı ve Küçük Besleme adlı Tv dizilerinde de yer almıştır.",tur,tur,"[31119.0, 18955.0, 2111.0, 12676.0, 20214.0, 40664.0, 15504.0, 37457.0, 37409.0, 12709.0, 10865.0, 10511.0, 20132.0, 112681.0, 22778.0]"
"Konser öğleden sonra başlamış ve gece yarısına dek süren yarım günlük uzun gösteri olmuştur. Michael Jackson, Janet Jackson, James Brown, Al Green, Carole King, Rod Stewart, Bette Midler, America ve Huey Lewis gibi Amerikan klasiği haline gelmiş sanatçılar dışında Destiny's Child, P. Diddy, the Goo Goo Dolls, Train, Backstreet Boys, Usher, Mariah Carey, Pink ve 'N Sync gibi günümüz sanatçıları da gösteride performanslarını sergilemişlerdir. Kısa bir süre sahnede bulunan sanatçıların her biri ortalama beş şarkı söylemiştir.",tur,tur,"[26843.0, 15847.0, 3022.0, 11321.0, 17600.0, 34783.0, 13383.0, 31986.0, 32127.0, 11207.0, 10143.0, 8909.0, 17653.0, 89880.0, 20323.0]"
"Kainatta hiçbir şey ilk günkü gibi kalamaz, sürekli bir değişim içerisindedir. Bu değişime aşınma mekanizmalarının etkisi büyüktür. Deniz kenarında dalgalar sebebiyle oluşan kıyı erozyonu, çöllerde rüzgar nedeniyle olan rüzgar erozyonu tabiatın kendi mekanizmalarıyla oluşturduğu aşınmalara birer örnektir. Aşınmayı gündelik yaşamın her cephesinde de görmek mümkündür. Giydiğimiz giysi ve ayakkabıların zamanla yıpranmasında, kullandığımız eşya ve mobilyaların hızla eskimesinde ve bıçakların ve diğer kesici aletlerin körelmesinde aşınmayı gözlemleyebiliriz.",tur,tur,"[33296.0, 22303.0, 1980.0, 13090.0, 21690.0, 49777.0, 16366.0, 45927.0, 44903.0, 14035.0, 12624.0, 11730.0, 24304.0, 135779.0, 27137.0]"
"1937'de şiiri Boris Laskin (Борис Савельевич Ласкин / Boris Savelyevich Laskin) tarafından yazıldı ve müziği Pokrass Kardeş (Братья Покрасс / Bratya Pokrass; Samuil, Dmitri ve Daniyil)) tarafından bestelendi. II. Dünya Savaşı sırasında propaganda müziği olarak Kızıl Ordu askerleri tarafından okundu.",tur,tur,"[25413.0, 10756.0, 1901.0, 7415.0, 11739.0, 21739.0, 8647.0, 19195.0, 19779.0, 6865.0, 19462.0, 5665.0, 12018.0, 53260.0, 13199.0]"
"New York City'de geçen oyunda bir virüs insanlara bulaşmıştır ve ordu bunu sonlandırmak için girişimde bulunmuştur. Oyunun ana kahramanı Alex Mercer virüsten olumlu yönde etkilenmiş bir mutanttır. İnsanları emerek onların hafızalarını, tecrübelerini, biyokütlelerini alabilir; onların kılığına geçebilir.",tur,tur,"[17974.0, 10855.0, 1259.0, 6563.0, 10917.0, 25085.0, 8221.0, 23165.0, 22698.0, 6768.0, 7073.0, 6322.0, 11717.0, 69235.0, 13334.0]"
"Kuru sonunda ölüme yol açan fizyolojik ve nörolojik etkilere neden olur. Papua Yeni Gine'nin Fore kabilesine endemik olan hastalık Fore halkı ve evlendikleri yakındaki halklarla sınırlıdır. Trunkal ataksi öncesi baş ağrıları, eklem ağrıları ve uzuvların titremesi gibi semptomlar Kuru'ya karakterizedir. Bu bulaşıcı süngerimsi ensefalopatide titreme neredeyse bütün hastalarda bulunur, kuru ayrıca """"shiver"""" (""""titremek"""") olarak da bilinir.",tur,tur,"[26569.0, 15917.0, 1657.0, 9621.0, 16094.0, 35276.0, 11670.0, 33284.0, 33019.0, 9949.0, 9388.0, 8860.0, 17600.0, 99338.0, 19997.0]"
"Hamurkesen, Şanlıurfa ilinin Karaköprü ilçesine bağlı bir mahalledir. Bu köy halkını Türkmen aşireti olan """"Begdili"""" veya başka bir deyişle """"Badıllı"""" oluşturmaktadır . Merkeze 20 km uzaklıkta Hilvan yolu üzerindedir",tur,tur,"[15299.0, 9662.0, 1061.0, 6070.0, 9709.0, 20746.0, 7388.0, 18545.0, 18268.0, 5840.0, 5615.0, 4779.0, 10051.0, 53517.0, 10990.0]"
"Charles Brenton Huggins (22 Eylül 1901-12 Ocak 1997), Kanada doğumlu ABD'li hekim ve fizyolog. University of Chicago'da yaptığı, kanserler üzerine (özellikle prostat kanseri) çalışmalarıyla bilinir. Bu çalışmalarıyla 1966 yılında Nobel Fizyoloji veya Tıp Ödülü kazanmıştır. Hormonların bazı kanser türlerinin yayılmasını engellediğini keşfetmiştir. Bu keşfi kanserlerin bazı kimyasallarla kontrol edilebileceğini gösteren ilk buluştur.",tur,tur,"[25932.0, 16627.0, 2372.0, 10374.0, 16365.0, 33816.0, 12511.0, 31782.0, 31856.0, 10163.0, 9665.0, 8636.0, 17285.0, 89737.0, 19750.0]"
"Ve Recep Ve Zehra Ve Ayşe, yönetmenliğini Yusuf Kurçenli'nin yaptığı, başrollerinde Necla Nazır, Mahmut Cevher ve Pembe Mutlu'nun yer aldığı 1983 tarihli sinema filmi. Yusuf Kurçenli'nin yönetmenliğini yaptığı ilk sinema filmidir.",tur,tur,"[17271.0, 9734.0, 1293.0, 7027.0, 11192.0, 21451.0, 8728.0, 18906.0, 18972.0, 6948.0, 5931.0, 5673.0, 10148.0, 57122.0, 11795.0]"
"Gerek çevirilerinde, sunuşlarında, önsözlerinde, sempozyum konuşmalarında; gerekse arka kapak yorumlarında, kimi zaman bir kitap boylamındaki makalelerinde fenemonolojinin, psikanalizmin ve Marksist diyalektin uzamında dilin ve yazarının üstüne çıkarak, Türkiye'deki eleştirel teorinin Frankfurt Okulu, diğer adıyla Frankfurt Ekolü (Institut für Sozialforschung) doğru anlaşılmasını sağlamaya öncülük etmiştir. 2016 yılında """" yazarlık yaşamı boyunca edebiyat, özellikle son yıllarda şiir eleştirisi alanına yaptığı kapsamlı, tutarlı ve kuramsal derinliğe sahip katkıları, nitelikli dergicilik, çevirmenlik, yayıncılık etkinlikleriyle, günümüz Türkiye edebiyat dünyasında oynadığı öncü rol nedeniyle"""" Erdal Öz Edebiyat Ödülü'ne değer görülmüştür.",tur,tur,"[43267.0, 27092.0, 2554.0, 17923.0, 30550.0, 60015.0, 22216.0, 56778.0, 56106.0, 17810.0, 16737.0, 14422.0, 28662.0, 167854.0, 33119.0]"
Saray Janja Mihajlović Nikola Đorđević'in tasarımı ile Hadzi Nikola Zivkoviç tarafından inşa edilmiştir. Binanın orijinal tavan ve duvar dekorasyonu kısmen bu güne kadar muhafaza edilmiştir.,tur,tur,"[16800.0, 5902.0, 1062.0, 4734.0, 7747.0, 14255.0, 6699.0, 11895.0, 12085.0, 4939.0, 7207.0, 4289.0, 6977.0, 34514.0, 8169.0]"
"İki radyo vericisinden oluşan bu sistem, birbirleriyle küçük bir açı yaparak kesişen yayın konisi meydana getirir. Pistin uzak kısmındaki verici yatay düzlemde yayın yapar, yakında bulunan aygıt ise düşey düzlemde yayına geçerek sistemi çalıştırır. Kokpitte bulunan iniş sistemi gelen sinyalleri algılayarak inişin güvenli olmasını sağlar. ILS sisteminin piste yerleştirilebilmesi için havaalanı çevresinin radyo frekanslarını engellemeyecek düzeyde olması gerekmektedir.",tur,tur,"[26107.0, 16544.0, 1453.0, 9887.0, 16403.0, 37557.0, 12101.0, 35720.0, 34856.0, 10118.0, 9536.0, 9422.0, 17665.0, 104531.0, 19898.0]"
"Ayrıca, comScore, Birleşik Krallık'taki iPhone'larda Apple Haritaların pazar payını inceledi. Eylül 2013'te piyasaya sürülmesinden bir yıl sonra, 10.35 milyon İngiliz iPhone kullanıcısının 6.2 milyondan fazlası Apple Haritaları kullandı. Google Haritalar, 1.8 milyondan fazla İngiliz iPhone kullanıcısı ile İngiliz iPhone'larda ikinci büyük pazar payı aldı. 2013 yılının ikinci yarısında, İngiliz İnternet servis sağlayıcısı EE Limited, Apple Haritalar'ın İngiltere'de 4G ağ kullanıcılarının% 64'ünde ve 3G ağ kullanıcılarının% 57'sinde bir pazar payına sahip olduğuna karar verdi. Araştırma, internet sağlayıcının verilerini ve Taylor Nelson Sofres'in soruşturma sonuçlarını 4G şebekesinin 1.000 kullanıcısı arasında karşılaştırmasını içeriyordu.",tur,tur,"[43801.0, 30031.0, 3132.0, 16577.0, 27385.0, 63171.0, 20057.0, 59060.0, 60742.0, 15936.0, 17066.0, 13493.0, 30997.0, 166788.0, 34449.0]"
Villepin kulübünün üyesi olmuş ve eski başbakan Dominique de Villepin'in kurduğu République Solidaire'in (Dayanışmacı Cumhuriyet/ RS) kuruluşuna katılmış ayrıca parti sözcülüğü yapmıştır. Nicolas Sarkozy'nin reformları çerçevesinde UMP'ye sağcı UMP eleştirisini getirmiştir ve hiçbir gruba üye olmayan merkez çizgideki (özellikle MoDem) milletvekilleri ile RS'li milletvekillerinin oluşturduğu bir grup teklifinde bulunmuştur.,tur,tur,"[24820.0, 14786.0, 1737.0, 18714.0, 17041.0, 32751.0, 15945.0, 31601.0, 31491.0, 11655.0, 9011.0, 9655.0, 15952.0, 91675.0, 18325.0]"
"Audi V8 (Typ 4C), Audi tarafından 1988-1993 yılları arasında üretilen full-size lüks otomobil modelidir. Audi'nin V8 motor kullandığı ve aynı zamanda otomatik şanzıman ile quattro sistemini birleştiren ilk otomobilidir. Audi V8, 1994 yılında yerini A8'e bırakmıştır.",tur,tur,"[18534.0, 10850.0, 1796.0, 7852.0, 15275.0, 22611.0, 9065.0, 21319.0, 21306.0, 6891.0, 7678.0, 5896.0, 11374.0, 56650.0, 12663.0]"
"Fakirlik nedeniyle okulunu bitiremeyen bireyler bilinçsiz ve cahil kalabilmektedir bu nedenle yanlış yollara sapmaktadırlar, araştırmalar sonucu şiddetin en çok eğitimden yoksun kalmış aileler ve onlar tarafından yetiştirilmiş bireylerce sergilendiği saptanmıştır.",tur,tur,"[15921.0, 10181.0, 947.0, 6032.0, 9951.0, 23177.0, 7796.0, 20944.0, 20401.0, 6731.0, 5619.0, 5503.0, 11172.0, 61570.0, 12142.0]"
28 Şubat 2006 tarihli ve 26094 sayılı Resmî Gazete'de yayımlanmış olan 2006/10018 sayılı Bakanlar Kurulu kararı uyarınca yayımlanan kararnamenin dördüncü maddesi uyarınca aşağıdaki yetkilere sahiptir;,tur,tur,"[16418.0, 10486.0, 1068.0, 6697.0, 10504.0, 21476.0, 8061.0, 20017.0, 19867.0, 6592.0, 5854.0, 5397.0, 10694.0, 56005.0, 11831.0]"
"Rodajdan sonraki aşama, makine elemanının ömrünü belirleyen ve rodajın nasıl gerçekleştirildiğine sıkı sıkıya bağlı olan asıl aşınma safhasıdır. Bu safhada aşınma hızı çok azdır. Rodaj ne kadar uygun yapılmışsa bu aşama, dolayısıyla makine elemanı ömrü o kadar uzun olur.",tur,tur,"[20800.0, 10815.0, 1033.0, 6617.0, 11251.0, 24467.0, 8000.0, 22800.0, 22480.0, 6814.0, 12185.0, 5858.0, 11719.0, 67507.0, 13603.0]"
Bu kanuna göre; aile şiddetinde mağdur olanın Cumhuriyet Başsavcılığına bildirmesi ve Sulh Hukuk Hakimi'nin kabulu doğrultusunda kusurlu eş hakkında kanunumuza göre sırasıyla şu işlemlere başvurulur:,tur,tur,"[15212.0, 8764.0, 840.0, 5631.0, 9127.0, 19798.0, 7092.0, 18573.0, 17991.0, 5842.0, 5021.0, 4890.0, 9644.0, 54483.0, 11219.0]"
"Bell Telephone Laboratories, 1925 yılında Western Electric ve AT & T Ar-Ge organizasyonlarının konsolidasyonuyla kuruldu. Bell Labs, transistör, lazer, güneş pili, dijital sinyal işlemci çipi, Unix işletim sistemi ve cep telefonu hizmetinin hücresel konsepti de dahil olmak üzere önemli bilimsel gelişmeler yapacaktı. Bell Labs araştırmacıları 7 Nobel Ödülü kazandı.",tur,tur,"[18059.0, 11401.0, 1861.0, 6917.0, 11013.0, 23233.0, 8202.0, 21987.0, 22438.0, 6435.0, 6731.0, 5874.0, 11948.0, 62976.0, 13631.0]"
"Sovyetler Birliği Yahudi Kolonizasyon Örgütü veya ICOR, Kuzey Amerika'daki yeni toplu yerleşim yerlerinde Yahudilerin yerleşmesini desteklemeyi amaçlayan komünist görüşlere sahip kitle örgütü. İlk olarak Ukrayna Sovyet Sosyalist Cumhuriyeti ve güneybatı Rusya'da (Stavropol Krayı) ve daha sonra Yahudi Sovyet yerleşim yeri olan Birobican'da faaliyetlerine devam etti. Kuruluş 1924'te Amerika Birleşik Devletleri'nde kuruldu ve kısa zamanda Kanada'ya yayıldı.",tur,tur,"[30360.0, 17996.0, 2002.0, 10520.0, 18190.0, 37707.0, 11998.0, 35872.0, 36298.0, 9482.0, 16462.0, 8315.0, 19050.0, 105757.0, 21718.0]"
"2 Temmuz 1968 gecesi Belgrad'da gençlik protestoları patlak verdiğinde, gösterilerin ana merkezi olan Belgrad Üniversitesi öğrencileri yedi günlük bir grev yaptı. Polis öğrencilere şiddet uyguladı ve tüm toplantılar yasakladı. Öğrenciler daha sonra Felsefe Fakültesi'nde toplandılar, sosyal adalet konulu tartışmalar ve konuşmalar düzenlediler ve polisler tarafından yasaklanan derginin kopyalarını dağıttılar. Öğrenciler ayrıca, yüksek işsizliğe yol açan ekonomik reformlara karşı protesto gösterileri düzenlediler.",tur,tur,"[29725.0, 17121.0, 1798.0, 10595.0, 17835.0, 37800.0, 12734.0, 35944.0, 35945.0, 10362.0, 12419.0, 9159.0, 17728.0, 108604.0, 20526.0]"
"Yahudilik'te cenaze'ler özel bir değişim söz konusu olmasına rağmen oldukça belirli ayinler ile merhum uğurlanır. Musevilik'te cenaze törenleri İslam ile birçok özelliği paylaşır. Ölen kişi defin edilmeden önce banyo yaptırılır, ölen tabuta konularak üstü kapatılır ardından Tevrat'tan dualar ve okumalar eşliğinde defnedilir. Cesetler kremasyon Ortodoks Yahudilikte yasaktır, ancak Reformistler izin vermektedir.",tur,tur,"[24398.0, 14918.0, 1387.0, 8976.0, 15446.0, 35735.0, 10991.0, 31892.0, 31710.0, 8969.0, 8583.0, 7803.0, 16631.0, 96051.0, 18797.0]"
"Kuruluşundan 1907'ye kadar kurumun başkanlığını yapan Frederik Bajer, 1908 yılında Nobel Barış Ödülünü aldı. Élie Ducommun kurumun ilk genel sekreteri idi ve o da 1902'de Nobel Barış Ödülüne layık görüldü. Kurumun merkezi olarak İsviçrenin başkenti Bern seçildi ve en üst düzeydeki karar organı olan kongresi yıllık toplantılarını burda yaptı.",tur,tur,"[24499.0, 14828.0, 1714.0, 11634.0, 17149.0, 32178.0, 12766.0, 29764.0, 29966.0, 9777.0, 9353.0, 8057.0, 15599.0, 85674.0, 17823.0]"
"Battlefield 1942: Secret Weapons of WWII (kısaca BF 1942: SW), Battlefield 1942'nin ikinci genişleme paketidir. Battlefield 1942: The Road to Rome'dan sonra çıkmıştır. Bu genişleme paketinde Almanya, İngiltere ve ABD'nin kullandığı gizli silahlar vardır. II. Dünya Savaşı'nın sonlarına doğru Almanya üzerine yapılan saldırılar ve bu saldırılarda kullanılmış, tarihte pek gün yüzüne çıkmamış silahlar konu alınmıştır. Oyundaki bazı haritalarda Alman saflarında Waffen-SS birlikleri mücadele vermektedir. Sturmtiger, Schwimmwagen, Natter Roket Uçağı, Horton HO 229, Roket paketi, Harley-Davidson W, F-85 Goblin, Flakpanzer, AW-52, T-34 Calliope, T95/T28 Super Heavy Tank, V-2 füzesi ve komando teknesi gibi yeni araç ve askeri silahların yanı sıra yeni silahlar da eklenmiştir. Bu silahlar Bren LMG, Sten, FG42 ve Gewehr 43 gibi silahlardır. Oyuna 8 yeni harita eklenmiştir. Ayrıca bilgisayar botlarının yapay zekâsı yükseltilmiştir.",tur,tur,"[56956.0, 33951.0, 6667.0, 22438.0, 45209.0, 68807.0, 27067.0, 64599.0, 64108.0, 21549.0, 22505.0, 17682.0, 36054.0, 177637.0, 40669.0]"
"Evli ve dört çocuk annesidir. Çeşitli şirketlerde görevler üstlenmiştir. RPR ve ardından UMP'de siyaset yapmıştır. Kendisini Sosyal cumhuriyetçi veya sosyal gaullist olarak tanımlasa da, UMP'ye asosiye olan Réforme et Modernité (Reform ve Modernlik) adındaki liberal kulübün başkan yardımcılığını yapmıştır. 3. Jean-Pierre Raffarin Hükümeti'nde görev almıştır. 2008 yılında Nogent-sur-Marne belediye başkanlığı için partisinin adayının karşısında muhalif aday olarak seçime girmiştir ve bunun üzerine partiden 3 yıllığına ihrac edilmiştir ancak UMP meclis grubunda görev almaya devam etmiştir.",tur,tur,"[35343.0, 20763.0, 2446.0, 26493.0, 23819.0, 45414.0, 22849.0, 43158.0, 43295.0, 17279.0, 13179.0, 14256.0, 22439.0, 126258.0, 25727.0]"
"Sukjong, yetenekli bir politikacı olarak, hükümdarlığı boyunca çeşitli siyasi ittifak değişikliklerine yol açtı ve Güney, Batılı, Soron ve Noron politik grupları arasında geçiş yaptı.",tur,tur,"[11036.0, 7676.0, 821.0, 3937.0, 6368.0, 13958.0, 4503.0, 14035.0, 14936.0, 3718.0, 4200.0, 3057.0, 8250.0, 37518.0, 9144.0]"
"Aşıkların her ikisi de geriye son bir eser bırakır. Yaşadıkları aşk, her ikisinin de sanatlarında en önemli ilham kaynakları olmuştur. Feridun Hikmet’in eseri “Son Eseri” adlı romandır, Kamuran’ınki ise “Saadet Köşkü” adlı tablo.",tur,tur,"[15404.0, 9378.0, 1034.0, 6333.0, 9849.0, 22329.0, 7815.0, 19627.0, 19388.0, 6999.0, 5689.0, 5708.0, 10265.0, 60892.0, 11586.0]"
Her üç aşamanın motor türünün her biri için iki adet test-ateşlemesi ile birlikte sipariş verişmiştir - biri tasarım değerlendirmesi için diğeri ise son uçuş yapılandırması için.,tur,tur,"[10704.0, 6334.0, 619.0, 3884.0, 6600.0, 14797.0, 4572.0, 13805.0, 13615.0, 3758.0, 4692.0, 3427.0, 6830.0, 41235.0, 7711.0]"
"İlgili mevzuat hükümleri saklı kalmak kaydıyla, katılım bankalarının, müşterilere sundukları hizmetler karşılığında tahsil edecekleri komisyon, ücret ve masraflar, açtıkları krediler ve bunlarla ilgili diğer işlemler için uygulayacakları kar payı oranları, komisyon ve ücretler ile katılma hesaplarında kar ve zarara katılma oranının belirlenmesine ilişkin olarak üye katılım bankalarına yönelik tavsiye kararı almak,",tur,tur,"[24885.0, 16479.0, 1408.0, 9526.0, 16157.0, 36173.0, 12046.0, 34041.0, 33734.0, 9771.0, 9663.0, 7952.0, 17266.0, 99580.0, 19741.0]"
"Ama anayasaya aykırı bazı girişimlerde bulunmak amacıyla anayasayı birkaç saatliğine feshetmesi (1903), meşruti yönetime saygısızlığını ortaya koydu. Muhalefetin giderek büyümesi sonucunda askerler tarafından düzenlenen darbe, halkın büyük çoğunluğunca hoşnutlukla karşılandı. Darbeciler kraliyet sarayını basarak Aleksandar'ı, Draga'yı ve bazı saray mensuplarını öldürdüler.",tur,tur,"[23585.0, 14706.0, 1472.0, 9577.0, 14929.0, 33157.0, 11803.0, 31182.0, 30568.0, 9846.0, 9231.0, 8519.0, 15909.0, 91283.0, 17916.0]"
"Holloway, müziğe annesiyle beraber şarkı söyleyerek adım attı. Sanatçı sonrasında 25 yaşında Galaxy Records ile anlaşarak ilk albümü """"Loleatta""""yı 1973'te yayımladı. İlk albümleriyle uluslararası ses getiremeyen Holloway, 1980'lerin başlarında """"Love Sensation"""" adlı albümüyle büyük bir yankı uyandırdı. """"Love Sensation"""" adlı aynı adı taşıyan şarkı ile dans listelerinin zirvesine oturan Holloway, 1980'ler boyunca sürekli olarak çalışmalarını sürdürdü.",tur,tur,"[25978.0, 17409.0, 2504.0, 11278.0, 17360.0, 36989.0, 13937.0, 35476.0, 34944.0, 11260.0, 9449.0, 9614.0, 17835.0, 97046.0, 20057.0]"
Hwarang: The Poet Warrior Youth (Korece: {{{1}}})2016 yılında Güney Kore'de yayınlanan televizyon dizisidir.Dizi Pazartesi Salı günleri saat 22:00'de KBS2 kanalında yayınlanmaktadır.,tur,tur,"[13549.0, 9234.0, 1395.0, 5306.0, 7798.0, 16652.0, 6895.0, 15953.0, 16492.0, 5682.0, 4973.0, 4770.0, 10036.0, 36550.0, 10270.0]"
"Council of Yukon First Nations (CYFN), Yukon Kızılderililerinin (First Nations of the Yukon) 14 yasal hükumetinin ortaklığında 1973 yılından beri çalışan ve kâr amacı gütmeyen toplum kuruluşudur.",tur,tur,"[11292.0, 6996.0, 1679.0, 4561.0, 6706.0, 13927.0, 5260.0, 13044.0, 13234.0, 4423.0, 4109.0, 3662.0, 7465.0, 34568.0, 8432.0]"
"Etkinlik, kadınlar arasında yapılan Team Raw ve Team SmackDown 5'e 5 Survivor Series eleme maçıyla başladı. Maçtan önce Team Smackdown kaptanı Nikki Bella, sahne arkasında saldırıya uğradı ve maça çıkamadı. Onun yerine takım koçu Natalya maçta yer aldı. Carmella, Fox'un Scissors Kick'inden sonra tuşlanarak elendi. Sonrasında Bliss, Twisted Bliss hareketini yaparak Fox'u tuşla eledi. Naomi, ringin dışında kaldığı ve 10 saniye içerisinde ringe giremediği için elendi. Natalya, Banks'i roll-up tuşla eledi ve sonrasında Charlotte'tan Big Boot yedi ve Charlotte'a elendi. Lynch, Jax'i Dis-Arm-Her ile pes ettirdi. Charlotte, Bliss'i de ona Big Boot yaptıktan sonra eledi. En son Bayley, Bayley-to-Belly hareketinden sonra Lynch'i eleyince, ayakta kalan Bayley ve Charlotte oldu. Maçtan sonra Charlotte, Bayley'ye saldırdı.",tur,tur,"[44706.0, 28137.0, 4283.0, 18422.0, 27876.0, 64840.0, 22154.0, 58379.0, 58820.0, 17902.0, 16118.0, 16027.0, 30265.0, 166477.0, 33975.0]"
"Birçok ülkede merkez bankası, bir """"para kurulu"""" kullanmak yoluyla bir başka ülkenin para birimini doğrudan (para birliği) ya da dolaylı olarak kullanabilir. İkinci durumda yerel para birimi merkez bankasının dövizlerine doğrudan, sabit bir oranda dayandırılır. Bu mekanizma Hong Kong ve Estonia'da ciddî bir biçimde kullanılmaktadır.",tur,tur,"[19693.0, 11915.0, 1081.0, 6942.0, 11943.0, 26120.0, 8411.0, 24700.0, 24584.0, 6889.0, 7349.0, 6224.0, 12526.0, 73266.0, 14370.0]"
"2006'da KKTC’de 6 bankanın katılımı ile kurulan ilk kredi kartı merkezi, StarcardKart Merkezi ortaklarındandır. CardPlus markası ile MasterCard servisi veren merkez, yurtiçi ve yurtdışında her türlü kredi kartı hizmeti vermektedir.",tur,tur,"[13918.0, 9041.0, 1020.0, 5437.0, 8695.0, 19365.0, 6530.0, 18053.0, 18116.0, 5348.0, 5230.0, 4352.0, 9356.0, 51620.0, 10234.0]"
University College London'dan Simon Mead ve diğerlerinin yaptıkları genetik ve klinik değerlendirme Papua Yeni Gine'deki salgından kurtulan kişilerin prion proteinin prion-karşı bir genetik türü G127V'yi taşıyan insanlar olduğunu göstermiştir. Popülasyonların hızlı doğal seçilimine dair kanıtları da içine alan daha ayrıntılı sonuçlar hala tartışılmaktadır.,tur,tur,"[17514.0, 11195.0, 1466.0, 6574.0, 11099.0, 23863.0, 8036.0, 22641.0, 22737.0, 6664.0, 6398.0, 5564.0, 12037.0, 64264.0, 13648.0]"
"Vega; ağırlık olarak 300 - 2.500 kg aralığındaki, yer gözlem uyduları ve Alçak Dünya yörüngesi'ni araştırmak için kullanılacak olan uydular gibi küçük görev-yüklerini fırlatmak için tasarlanmıştır.",tur,tur,"[13269.0, 8408.0, 926.0, 4897.0, 8146.0, 17905.0, 6138.0, 17102.0, 17190.0, 5212.0, 5271.0, 4578.0, 8745.0, 47679.0, 9935.0]"
"Aynı yıl gazeteciliğe başladı. Özgür Ülke, Yeni Politika, Demokrasi, Global, Özgür Bakış, Yeniden Özgür Gündem, Ekonomik Gözlem ve Birgün gazeteleri ile Kanal-E televizyonunda muhabirlik yaptı. Aynı dönemde Özgür Üniversite’de Politik-ekonomi ve Türkiye Ekonomisi dersleri verdi. Açık Öğretim Fakültesi kurslarında da iktisat grubu dersleri veren Leventoğlu, çok sayıda sendikal eğitim ve konferanslara da katıldı.",tur,tur,"[28471.0, 16206.0, 1768.0, 11065.0, 19336.0, 37170.0, 13815.0, 33798.0, 33544.0, 11119.0, 10019.0, 9247.0, 17494.0, 106189.0, 20179.0]"
"Bitki tohumlarından iki şekilde yağ elde edilir. Birinci yöntem ısı verilmek suretiyle yağ çıkartılmasıdır. Diğer yöntem ise soğuk pres yöntemi ile yağ elde edilir. Bu yağ içinde % 90 doymamış asitler bulunur. Anadolu yağ ketenlerinin tohumlarında, yağ miktarı ortalama % 40'tır.",tur,tur,"[16731.0, 10342.0, 933.0, 5937.0, 9847.0, 23165.0, 7736.0, 21189.0, 20752.0, 6239.0, 6843.0, 5494.0, 10834.0, 59906.0, 11994.0]"
"2014 Kral Türkiye Müzik Ödülleri'nde Yeni Ay, En İyi Albüm ödülünü kazanırken Sıla, En İyi Kadın Sanatçı ve Radyolarda Şarkıları En Çok Çalınan Sanatçı ödüllerini kazandı. """"Yabancı""""nın remiksini yapan Bedük'e ise En İyi Remix ödülü verildi. Haliç Üniversitesi de düzenlediği 2014 Yılının Enleri Ödülleri'nde Yeni Ay'a En İyi Albüm ödülünü verdi.",tur,tur,"[26594.0, 15832.0, 1778.0, 10539.0, 16688.0, 35236.0, 13004.0, 33062.0, 32694.0, 10287.0, 9021.0, 9188.0, 16926.0, 98693.0, 19235.0]"
"Kuluçka dönemi de denilen preklinik ya da asemptomatik dönem, hastalıkla ilk karşılaşıldıktan sonra 5 ile 20 yıl arası sürer. Klinik evre ortalama 12 ay sürer.",tur,tur,"[11484.0, 7330.0, 723.0, 4535.0, 7419.0, 15575.0, 5766.0, 14536.0, 14351.0, 4765.0, 4132.0, 3965.0, 7568.0, 40750.0, 8443.0]"
"Yaşadığı dönemin önde gelen siyahi şairlerinden biri olarak kabul edilmektedir. Harlem Rönesansı'nın en önemli şairlerinden Langston Hughes 1902'de Missouri Joplin 'de doğdu. Küçük yaşta annesi ve babası ayrıldığından onu büyükannesi yetiştirdi. Büyükannesinin Frederick Douglas ve Sojourner Truth hakkında anlattığı hikâyelerden etkilendi. Onu """"Crisis"""" dergisinin yöneticisi Web Du Bois ile tanıştıran da büyükannesiydi.",tur,tur,"[23237.0, 15981.0, 1883.0, 10121.0, 15445.0, 34073.0, 11586.0, 32109.0, 31910.0, 9673.0, 8829.0, 8785.0, 16426.0, 91453.0, 18511.0]"
"Azerbaycan’da yayımlanan ilk mizah dergisidir. Azerbaycan’da mizah sanatının ve mizah edebiyatının öncüsü olan karikatür sanatının ortaya çıkmasında önemli rol oynayan, Molla Nasreddin dergisi, Adını hazırcevaplığı ile tanınan fıkra tipi Molla Nasreddin’den (Nasreddin Hoca) alır.",tur,tur,"[20612.0, 11985.0, 1275.0, 7489.0, 12128.0, 26606.0, 8730.0, 23745.0, 24238.0, 7620.0, 11370.0, 5900.0, 12693.0, 72318.0, 14659.0]"
"Şarkı, Jackson'ın """"acı çekmesine rağmen tekrar sevmekten korkması"""" konsepti üzerinde durulmuştur. Şarkı, dünyada girdiği tüm listeler arasında İngiltere R&B listesiyle en fazla on üç numara elde edebilmiştir. Şarkı ayrıca ABD'de düşük çaplı bir etki uyandırmıştır.",tur,tur,"[16181.0, 10714.0, 993.0, 6358.0, 9983.0, 23124.0, 7462.0, 21830.0, 21849.0, 6111.0, 5819.0, 5647.0, 11385.0, 63306.0, 12986.0]"
"Oldukça saf ürün üreten hidroliz yöntemi, ilk yöntemde üretilen mono-, di- ve trikloroasetik asitlerin distilasyonla ayrılması zor olduğu için önemli olmaktadır. Yaklaşık olarak, dünyada 420,000,000 kg/yıl bu yolla üretilmektedir.",tur,tur,"[16514.0, 9821.0, 1069.0, 6114.0, 10454.0, 21179.0, 8079.0, 19838.0, 19602.0, 6588.0, 6349.0, 5480.0, 10466.0, 56019.0, 11704.0]"
"Roket tasarımı konusunda temel bir altyapı oluşturmak, bu altyapıdan yararlanarak yeni ve daha gelişmiş roketler tasarlamak için atılan ilk adımdır. Motor, uluslararası “E tipi roket motorları”nın standartlarına uygun olarak imal edilmektedir.",tur,tur,"[13406.0, 8728.0, 776.0, 5004.0, 8623.0, 19303.0, 6463.0, 18074.0, 17933.0, 5313.0, 5314.0, 4692.0, 9283.0, 53578.0, 10469.0]"
"Jenerikte de belirtildiği üzere film incillerde anlatılanları harfiyen tekrarlamaz, İsa'nın tasavvufi, gizemli ve kutsal yönlerini ön plana çıkarmak yerine onun zaaflarını, korku ve endişelerini yani sıradan insanlarda olduğu gibi insani yönlerini irdeleyen kurgusal bir yapıttır.",tur,tur,"[17326.0, 10721.0, 1018.0, 6713.0, 11077.0, 24817.0, 8346.0, 22989.0, 22361.0, 7039.0, 6287.0, 6139.0, 12040.0, 67466.0, 13231.0]"
"Danimarka kültürü zengin bir entelektüel ve sanatsal mirasa sahiptir. Tycho Brahe'nin (1546–1601) astronomik keşifleri, Ludwig A. Colding'in (1815–1888) enerjinin korunumu yasası üzerinde yaptığı göz ardı edilen katkıları, Niels Bohr'un (1885–1962) atom fiziğine yaptığı katkılar, Lene Vestergaard Hau'nun (d.1959) kuantum fiziğiyle ilgili ışık demetinin durdurulması, nano-teknolojideki ilerlemeler, Bose-Einstein yoğunlaşmasının kavranması gibi katkıları Danimarka'nın bilimsel başarılarının büyüklüğünü ve devamlılığını gösteriyor. Hans Christian Andersen'in (1805–1875) peri masalları, Søren Kierkegaard'ın (1813–1855) felsefe alanında denemeleri, Karen Blixen'in (1885–196 kalem adı Isak Dinesen) kısa hikâyeleri, Ludvig Holberg'in (1684–1754) piyesleri, Herman Bang ve Nobel ödüllü Henrik Pontoppidan gibi modern yazarlar ve Piet Hein'in (1905–1996) yoğun hicivli şiirleri, Carl Nielsen'in (1865–1931) senfonileri, uluslararası takdir kazanmıştır. 1990'ların ortalarından beri özellikle Dogma 95 ile ilgili olan (Lars Von Trier yapımı filmler gibi) Danimarka filmleri uluslararası alanda dikkat çekmiştir. Danimarka kuvvetli bir film yapım geleneğine sahiptir ve Carl Theodor Dreyer dünya çapında gelmiş geçmiş en iyi film yönetmenlerinden biri sayılmaktadır.",tur,tur,"[87586.0, 53353.0, 8760.0, 36914.0, 64219.0, 105005.0, 42599.0, 97045.0, 98726.0, 33502.0, 32668.0, 26897.0, 55243.0, 271831.0, 62593.0]"
"Hırvatistan millî futbol takımı, Hırvatistan'ı uluslararası müsabakalarda temsil eden futbol takımıdır. Yugoslavya'nın dağılmasından sonra Hırvatistan Futbol takımı müsabakalara başlamıştır. 1996'da Avrupa Şampiyonası'na katılan Hırvatistan gruptan çıkmış çeyrek finalde kupanın şampiyonu Almanya'ya elenmiştir. 1998 FIFA Dünya Kupası'nda büyük bir başarıya imza atan millî takım yarı finale kadar yükselmeyi başarmış, kupanın şampiyonu olan Fransa'ya elenmiştir. Hollanda ile yaptığı üçüncülük maçını kazanmış Dünya Üçüncüsü olmuştur. 2002 FIFA Dünya Kupası ve 2004 Avrupa Futbol Şampiyonasına katılmayı başaran millî takım 2006 FIFA Dünya Kupası'na gitmeye de hak kazanmıştır.",tur,tur,"[47222.0, 28776.0, 2903.0, 18153.0, 28785.0, 60959.0, 22836.0, 57189.0, 56852.0, 18104.0, 18056.0, 15413.0, 29788.0, 162590.0, 33510.0]"
"Herakleios'un seferi (622), yanlış olarak Issus muharebesi olarak da bilinir, Bizans-Sasani Savaşı (602-628) sırasında imparator Herakleios tarafından Anadolu'da gerçekleştirilen ezici Bizans zaferiyle sonuçlanan büyük bir seferdi.",tur,tur,"[15405.0, 8542.0, 1276.0, 6224.0, 9575.0, 18099.0, 7280.0, 16512.0, 16716.0, 5584.0, 6031.0, 4784.0, 9171.0, 48337.0, 10322.0]"
"Kırgız Sovyet Sosyalist Cumhuriyeti, bugünkü Kırgızistan'ın 1991'deki SSCB'nin dağılmasından önceki ismi. Kırgızistan Sovyet Sosyalist Cumhuriyeti Çarlık rejiminin 1917 Bolşevik Devrimi ile yıkılmasından sonra kurulan Sovyetler Birliği'ne bağlı 15 cumhuriyetten biridir.",tur,tur,"[22571.0, 14107.0, 1464.0, 7760.0, 13041.0, 28393.0, 9329.0, 26943.0, 27333.0, 7511.0, 13347.0, 6110.0, 14462.0, 76972.0, 16249.0]"
"İlçede MTA tarafından tespit edilen amyant, bakır, kömür, manyezit ve krom gibi madenler mevcuttur. İlçe genelinde tarımsal faaliyetler yanında seracılık, kültür ırkı hayvancılığa yapılmaktadır.",tur,tur,"[12381.0, 7876.0, 790.0, 4697.0, 7718.0, 17386.0, 5865.0, 16225.0, 15964.0, 4861.0, 4572.0, 3829.0, 8256.0, 49040.0, 9160.0]"
"Huggins; Halifax, Nova Scotia, Kanada'da doğdu. 1920 yılında sanat lisansı derecesiyle Acadia University'den mezun oldu. Daha sonra Harvard University'de eğitimine devam etti ve tıp lisansı derecesini 1924 yılında buradan aldı. 1997 yılında Chicago, Illinois'de ölmüştür.",tur,tur,"[15436.0, 10111.0, 1770.0, 6981.0, 10654.0, 20672.0, 7657.0, 19436.0, 19786.0, 5955.0, 5831.0, 5080.0, 10159.0, 51365.0, 11317.0]"
"Bu öyküyle Salinger, para kazanabilmek için daha popülist eserler üretebileceğini görmüş oldu. Alışmak'ı da yayınlayan Collier's 12 Aralık 1942'de bu kez yazarın Piyadenin Özel Notları (Personal Notes of Infantryman) isimli hikâyesini bastı. Yazar, Piyade'de de Alışmak'ta kullandığı basit formülü uygulamıştı ve ikisi çok benzer öykülerdi.",tur,tur,"[22713.0, 14435.0, 1810.0, 9263.0, 14835.0, 31568.0, 11002.0, 29593.0, 29400.0, 9091.0, 8460.0, 8006.0, 15207.0, 87185.0, 17358.0]"
"Mamak Askerî Cezaevi, Ankara'da bulunan bir askerî cezaevi. Daha çok asker tutuklular için yapılmış bir cezaevi iken, 12 Mart'tan itibaren sivil tutukluların da kalması ve yapılan uygulamalarla kamuoyuna mâlolmuştur.",tur,tur,"[14764.0, 9072.0, 974.0, 5874.0, 8973.0, 20303.0, 6960.0, 19053.0, 18619.0, 5645.0, 5189.0, 4595.0, 9812.0, 55892.0, 10965.0]"
Kasabada[ilköğretim]okulu vardır ve kullanımdadır.Öğretim görevlisi eksikliğinden kaynaklı olarak taşımalı eğitim de uygulanmaktadır. Kasabanın hem içme suyu şebekesi hem kanalizasyon şebekesi vardır. PTT şubesi yoktur. Sağlık ocağı ve sağlık evi vardır. Köye ayrıca ulaşımı sağlayan yol asfalt olup köyde elektrik ve sabit telefon vardır.,tur,tur,"[21003.0, 12959.0, 1260.0, 7621.0, 12743.0, 30126.0, 9561.0, 27068.0, 26106.0, 8036.0, 7473.0, 6821.0, 14074.0, 79379.0, 15317.0]"
"Şehrin nüfusu 288.382 Gürcü, 104 Abhaz, 13.383 Oset, 3.521 Ermeni, 1.946 Rus, 5.768 Azeri, 218 Rum, 225 Ukraynalı ve 4 diğer olmak üzere toplam 148.686 kişidir.",tur,tur,"[23222.0, 12731.0, 1783.0, 8520.0, 14522.0, 24417.0, 10038.0, 21342.0, 22452.0, 7892.0, 14274.0, 5981.0, 13213.0, 57602.0, 14269.0]"
"Nasıl bir kişi diğerlerini kendi başına yargılayıp infaz etme hakkına sahip değilse, bir devlet de diğerini kendi başına yargılayıp savaş ilan edemez.",tur,tur,"[8340.0, 5092.0, 520.0, 3139.0, 5050.0, 12243.0, 3957.0, 10911.0, 10784.0, 3500.0, 3921.0, 3155.0, 5722.0, 32680.0, 6413.0]"
"Vega'nın Görev-yükü kaplaması, İsviçre'nin RUAG Space şirketi tarafından üretilmiştir. Çapı 2,6 metre, uzunluğu 7,8 metre ve kütlesi 400 kg değerindedir.",tur,tur,"[11691.0, 7348.0, 945.0, 4949.0, 7942.0, 15559.0, 5884.0, 14283.0, 14417.0, 4515.0, 4952.0, 3768.0, 7459.0, 41023.0, 8406.0]"
"Cins ismi, şu an fosilin içinde bulunduğu Arjantin Cipotelli Müzesi eski müdürü ve fosilin kaşifi olan Roberto Abel tarafından verildi. Bulunduğu, Arjantin’in Comahue bölgesine atfen isimlendirilmiş türü, A. Comahuensis’tir. Cins ve tür isimleri, Arjantinli paleontologlar lan Jose Bonaparte ve Fernando Novas tarafından, 1985 yılında verilmiştir. Onlar bu türü yeni ortaya attıkları Abelisauridae ailesine eklemişlerdir.",tur,tur,"[26693.0, 15978.0, 2250.0, 11392.0, 16287.0, 32857.0, 15803.0, 31722.0, 31487.0, 14804.0, 9552.0, 13311.0, 17010.0, 90079.0, 19537.0]"
"VEGA'nın ilk aşaması olan P80 ismini, daha sonra 88 tona çıkarılan, tasarım aşamasındaki yakıt miktarı olan 80 ton (Propellant 80) değerinden almıştır. P80 aşaması, Belçika'da SABCA şirketi tarafından üretilmiş olan bir itki yönlendirme (thrust vector control (TVC)) sistemini içerir. Bu sistem, esnek eklemlere sahip oynatılabilir bir ateşleme çıkışını lityum-iyon piller kullnarak çalıştıran, iki adet elektromekanik çalıştırıcıdan oluşur. 3 m çaplı kasası Grafit-epoksi lif dolama'dan (Filament winding) oluşur ve iö yalıtım için düşük yoğunluklu kauçuk kullanılmıştır. Roket motoru memesi (nozzle) düşük-maliyetli hafif karbon fenolik malzemeden yapılmıştır; ateşleyici için (yanarak) tüketilebilir bir kaplama kullanılmıştır. Yüklenen katı yakıtın düşük bağlayıcı içeriği ve yüksek alüminyum yüzdesi vardır (Hidroksille sonlanan polibutadien - HTPB 1912).",tur,tur,"[54000.0, 33226.0, 4216.0, 22320.0, 34028.0, 70057.0, 26323.0, 66541.0, 66250.0, 21118.0, 20629.0, 18159.0, 34663.0, 195674.0, 39845.0]"
"5 Nisan 2006'da Alcatel, Alcatel Alenia Space ve Telespazio'daki hisselerini 673 milyon avro ve Fransız savunma endüstrisinde kilit rol oynayan Thales'in % 12,1 hissesini takas edeceklerini açıkladı. Bu, Alcatel'in Thales'deki hisselerini % 20.8'e yükseltti.",tur,tur,"[18910.0, 11844.0, 1558.0, 10490.0, 11838.0, 24344.0, 11387.0, 22384.0, 23182.0, 8502.0, 6749.0, 6817.0, 12053.0, 64362.0, 13660.0]"
"Eski adı """"Iskolomoz"""" olan mahalle yeni adını küçük bir boğaz biçiminde uzanan kıyısından almış fakat karadeniz sahil yolu kapsamında yapılan dolgu çalışmaları neticesinde bu boğaz artık işlevsiz kalmıştır. Tipik bir Rize mahallesi olan Boğaz mahallesi sıkı komşuluk ve akrabalık ilişkilerinin yer aldığı, gelenek ve göreneklerin yaşatıldığı bir mahalledir. Şehrin dışında yer alması nedeniyle insan ilişkilerindeki yakınlık bir mahalle birlikteliğinden daha derin olsa da 2000'li yıllarda konumunun kıymeti anlaşılan Boğaz mahallesinde yeni yapılan konutlar mahallenin bu özelliğini bozmaktadır.",tur,tur,"[36982.0, 22891.0, 2173.0, 13431.0, 22323.0, 50890.0, 17088.0, 47300.0, 46554.0, 14015.0, 14894.0, 11667.0, 23966.0, 139017.0, 26924.0]"
"Günümüzde bu şifreleme yetersiz kaldığından daha güvenli olan WPA şifreleme yöntemi yaratılmıştır. WEP'in hala kullanılıyor olmasının nedeni ise kısmen geriye dönük uyumluluk, kısmen kablosuz dağıtım sistemini desteklemesidir.",tur,tur,"[13655.0, 8478.0, 767.0, 5125.0, 8900.0, 19011.0, 6245.0, 17757.0, 17546.0, 5312.0, 4966.0, 4558.0, 9404.0, 51642.0, 10356.0]"
"Ulusal ve uluslararası bir çok yarışmada birincilikler elde eden sanatçı, çeşitli orkestralarda başkemancı olarak yer almış, Mendelssohn, Lalo, Çaykovski keman konçertolarını solist olarak seslendirmiştir. Manhattan School of Music'te öğrenimine devam etmektedir.",tur,tur,"[14718.0, 9083.0, 1004.0, 6099.0, 9404.0, 19432.0, 7778.0, 18237.0, 18393.0, 6097.0, 5779.0, 5141.0, 9492.0, 54350.0, 10855.0]"
"Köyde ilköğretim okulu vardır. Köyün içme suyu şebekesi vardır, ancak kanalizasyon şebekesi yoktur. PTT şubesi ve PTT acentesi yoktur. Sağlık ocağı ve sağlık evi yoktur. Köye ulaşımı sağlayan yol asfalt olup köyde elektrik ve sabit telefon vardır.",tur,tur,"[17382.0, 9936.0, 938.0, 6015.0, 10564.0, 22253.0, 7564.0, 20602.0, 20071.0, 6149.0, 6095.0, 5566.0, 10541.0, 61041.0, 11971.0]"
"Gerçek anlamda ilk süperstrat tipi gitarı kullanan ve geniş kitlelerce bilinen ilk müzisyen Eddie Van Halen'dır. Klasik tarzda bir Fender Stratocaster gitarın sapını daha ince ve 22 perde olan bir sap ile değiştiren Van Halen, bu gitarın üzerine normal stratocaster modellerinde görülmeyen ve bir Gibson marka gitardan aldığı humbucker manyetiğini eklemiştir. Bu gitar ilk kez ilk Van Halen albümü olan ve 10 Şubat 1978 çıkışlı Van Halen albümünde kullanılmıştır ve albümde resmi de bulunmaktadır.",tur,tur,"[24730.0, 15999.0, 2115.0, 10065.0, 16522.0, 35132.0, 12587.0, 34645.0, 33552.0, 10039.0, 9396.0, 8644.0, 16388.0, 98896.0, 18571.0]"
"Hamse yazarı şâirler hamse şâiri ya da hamsenüvis diye bilinir. Türk edebiyatında 16. yüzyılda gelişmeye başlamıştır. İlk hamseyi Çağatay şâiri Ali Şir Nevai yazmıştır. Divan edebiyatının ilk hamsesini yazan şair de Nizami Gencevi’dir. Hamse türüne düzyazının girişi ise 17. yüzyılda gerçekleşti. Nergisi, hamseye düzyazıyı sokan ilk yazardır. Çoğunlukla hüzünlü aşkların konu edinildiği hamselerde soyut kavramları işleyen mesnevilere de yer verilir. Hamse sahibi divan yazarları edebi çevrelerde büyük saygı görürdü. Hamse sahibi olan sanatçılar: Nizami Gencevi, Ali Şîr Nevaî, Taşlıcalı Yahya Bey, Hamdullah Hamdi, Nevizade Atayi, Lâmiî Çelebi ve Nergisi'dir.",tur,tur,"[50537.0, 30354.0, 3458.0, 19941.0, 31413.0, 72195.0, 23534.0, 60516.0, 61351.0, 19967.0, 18461.0, 15547.0, 33210.0, 188152.0, 38320.0]"
"Aynı konferans sırasında Apple, uygulamanın bir masaüstü sürümünün OS X Mavericks tarafından kullanılabileceğini açıkladı. 22 Ekim 2013'te Apple, OS X Mavericks'i ve Apple Haritalar'ın masaüstü sürümünü yayınladı. Masaüstü sürümü iOS 7'ye benzer, ancak Kişiler ve Apple Takvim uygulamalarına bağlıdır. Ayrıca masaüstü sürümü, kullanıcıların iOS'la diğer cihazlara konum ve yön göndermelerine olanak sağladı. Ertesi yılın Haziran ayında, Apple, ziyaret edilecek yerler için kişiselleştirilmiş tavsiyeler veren bir sosyal arama motoru olan Spotsetter'ı satın aldı. Satın alma işleminden bu yana, çalışanlarının çoğu artık Apple'da çalışıyor.",tur,tur,"[31702.0, 21020.0, 2354.0, 12382.0, 19726.0, 46053.0, 14532.0, 43194.0, 43931.0, 12024.0, 12114.0, 10882.0, 22297.0, 126033.0, 25596.0]"
"Üç Krallık döneminde güney Çin’de kurulmuş Wu (孫吳 sūn wú, 東吳 dōng wú; 222 - 280) ile Doğu Jin Hanedanı (東晉 dōng jìn; 317 - 420) ile birlikte Altı Hanedanı (六朝 Liù Cháo) olarak adlandırılmıştı.",tur,tur,"[19313.0, 21010.0, 2032.0, 7809.0, 11764.0, 22347.0, 8788.0, 23561.0, 24921.0, 7191.0, 7554.0, 5383.0, 17758.0, 51152.0, 19471.0]"
"Doğum tarihi kesin olmamakla beraber, nereli ve kimin oğlu olduğu da bilinmemektedir. Kahveye düşkün olduğu için kendisine """"Tiryaki"""" lakabı konmuştur. Birçok yabancı dil bildiğinden, genelde eyaletlerde görevlendirilmiştir. En uzun süre görev yaptığı yer Zigetvar Valiliğidir. Burada yaklaşık 20 yıl görev yapmıştır.",tur,tur,"[19453.0, 12006.0, 1198.0, 7585.0, 12247.0, 27172.0, 9565.0, 25165.0, 24579.0, 8135.0, 7225.0, 6882.0, 12866.0, 73465.0, 14349.0]"
"Rashōmon, kelime anlamı olarak Japonca'da kale kapısı, hisar kapısı (veya şehir kapısı) anlamına gelmektedir. Özellikle Japonya'daki Heijō-kyō (Nara) ve Heian-kyō (Kyoto) şehirlerinin tarihi anıtsal güney kapıları bu adla anılırlar. Filmin çekimleri de günümüzdeki adı Nara olan Heijō-kyō'daki şehir kapısında ve civarında gerçekleştirilmiştir.",tur,tur,"[20796.0, 15056.0, 1883.0, 8529.0, 13484.0, 29524.0, 10233.0, 31492.0, 30210.0, 8458.0, 7966.0, 6998.0, 16096.0, 78640.0, 17358.0]"
"26 Mayıs 2014'te Reloaded, Ubisoft'un çok beklenen açık dünya oyunu Watch Dogs, resmi çıkış tarihi 27 Mayıs'tan bir gün önce kırılmış sürümünü yayınladı. Grup, Amazon.com Almanya'daki bir sızıntı sayesinde Far Cry 4'ün çıkış tarihi 18 Kasım 2014'ten günler önce, oyunun kırılmış sürümünü yayınladı.",tur,tur,"[18285.0, 12013.0, 1664.0, 7765.0, 11475.0, 25356.0, 8948.0, 24257.0, 24291.0, 7114.0, 7137.0, 6306.0, 12214.0, 66816.0, 13842.0]"
"Michael Jordan, bir sezon içinde aynı zamanda maç başına en çok sayı atan oyuncu istatistiklerinde birinci olan, aynı zamanda da En İyi Savunma Oyuncusu ödülünü alan NBA tarihindeki tek oyuncu oldu. Bunların yanı sıra bu sezonda En Değerli Oyuncu ödülünün da sahibi oldu.",tur,tur,"[14048.0, 9105.0, 948.0, 5522.0, 8491.0, 19533.0, 6650.0, 18908.0, 18718.0, 5652.0, 5318.0, 5331.0, 9570.0, 53979.0, 10576.0]"
"Ulusal ve uluslararası düzeyde etkinlik organizatörleri, destekçileri ve büyükelçilerine IFIA üyeleri tarafından istendiği gibi IFIA Madalyası",tur,tur,"[8500.0, 5235.0, 592.0, 3409.0, 5664.0, 11295.0, 4336.0, 10689.0, 10761.0, 3359.0, 3351.0, 2934.0, 5643.0, 31641.0, 6295.0]"
"14 Şubat 2012 tarihinde, başarılı ilk Vega fırlatışından bir gün sonra, Alman uzay ajansu programa dahil olmak için harekete geçti. O zaman için Alman Uzay-Havacılık Ajansı'nın (İng:DLR) başkanı olan Johann-Dietrich Woerner,Almanya'nın projeye katılmak istediğini bildirmiştir. Almanya, AVUM dördüncü aşamasındaki , şu sıralar Ukrayna'da üretilen, RD-869 motorunun yerine kullanılacak bir motor sağlayacaktı. Vega Fırlatma Yöneticisi, yakın gelecekte uçuş olmayacağını çünkü geliştirmenin biraz zaman alacağını belirtmiş, ancak 2012 sonunda gerçekeleşecek olan bir sonraki bakanlar kurulu toplantısındaki konulardan birisi olacağını doğrulamıştır. Bu şekilde, İsveç yapımı olanlar dışındaki,tüm parçalar AB sınırları içinde üretilmiş olacaktı.",tur,tur,"[45576.0, 28344.0, 3324.0, 18937.0, 33538.0, 60185.0, 22304.0, 57698.0, 57578.0, 17733.0, 18682.0, 15603.0, 29890.0, 166183.0, 34006.0]"
"Şarkının müzik videosu pek çok eleştirmenden farklı şekillerde yorumlar aldı. Story Gilmore klip için """"tapılası"""" sıfatı kullanırken; Gather.com'dan Amanda Lynne eğer video klipte Swift'te olmasaydı klibin bir hayal kırıklığından öteye gidemeyeceğini yazmıştır.Daily Mail video klibin temasının çok iyi olduğunu belirtmiş ve """"Swift'in yeni videosu 'Mean' özgüvenin, hayallerin gerekliliğini anlatıyor. Bu gençlere güzel bir mesaj: insanların ne dedikleriyle, alaylarıyla ilgilenmediğin zaman daha başarılı olabileceğini anlatıyor."""" yazmıştır. MTV'den Jocelyn Vena'da buna benzer bir yorum yapmış ve """"Özgüven, kendine inanmayla ilgili temalar son zamanlarda oldukça popüler, Katy Perry (Firework) ve Pink (Raise Your Glass)'ten sonra şimdi de Swift benzer bir tema kullandı."""" demiştir. Taste of Country yazarlarından Ashley Iasimone de klibi beğendiğini söylemiştir.",tur,tur,"[44306.0, 28209.0, 3613.0, 17174.0, 27528.0, 62163.0, 20660.0, 57905.0, 57314.0, 17577.0, 15980.0, 15347.0, 30395.0, 170955.0, 34691.0]"
"Şabanözü 1944 yılında ilçe merkezi olmuştur. İlçe olarak kurulduğunda, bugünkü Orta ilçesi kendisine bağlı bir nahiye halinde idi ve 57 köyü mevcuttu. 1959 yılında Orta bucağı ilçe haline getirilince, Şabanözü'ne bağlı 26 köy kalmıştır. 1970'li yıllarda Meşeli, Sarısu, Demirci, Kösrelik ve birkaç köy Ankara ili Çubuk ilçesine bağlanmıştır. Şu anda 19 köyü bulunmaktadır.",tur,tur,"[27843.0, 17871.0, 1918.0, 10973.0, 17329.0, 38639.0, 13483.0, 35399.0, 34905.0, 10610.0, 9638.0, 8409.0, 18134.0, 103916.0, 20193.0]"
Normanlar önce Güney İtalya'yi ve sonra 1030'dan itibaren tedricen 1091'de tümüyle Sicilya'yi Müslüman idarecilerden aldılar ve Sicilya'da Norman Sicilya Krallığı kurup Sicilya adası Hristiyanlar eline tekrar geçmiş oldu.,tur,tur,"[15461.0, 9660.0, 1123.0, 6633.0, 9770.0, 21073.0, 8661.0, 19732.0, 19569.0, 6114.0, 5804.0, 5231.0, 9887.0, 56918.0, 11160.0]"
"Kadınlar maçı: 25 Ekim SmackDown bölümünde Natalya, SmackDown takımının kaptanı olması gerektiğini belirttikten sonra Bryan, kaptanı belirlemek için Natalya ve Nikki Bella'yı karşılaştırdı. Maçı Nikki kazandı. 31 Ekim Raw bölümünde Raw Kadınlar Şampiyonu Charlotte Flair, Raw takımının kaptanı olduğunu ve Bayley ile Nia Jax'in takımda olduğunu söyledi. Daha sonra Bayley ile Nia arasında maç yaptırdı. Ertesi gece SmackDown bölümünde SmackDown Kadınlar Şampiyonu Becky Lynch ve Nikki Bella, Alexa Bliss ve Carmella ile karşılaştı. Daha sonra Bryan ve Shane, SmackDown takımın kalan üyelerini açıkladı: Becky Lynch, Alexa Bliss, Carmella ve Naomi. Ayrıca Natalya'nın takımın koçu olduğunu açıkladılar. 7 Kasım Raw bölümünde Alicia Fox'un Raw takımının dördüncü güreşçisi olduğu açıklandı. Sonrasında Charlotte, beşinci üyenin Dana Brooke olduğunu söyledi. Ancak Michael Cole bunu düzelterek Sasha Banks'in beşinci üye olduğpunu söyledi. Sonra takımın üyeleri ve Brooke, altı kişilik takım maçında yer aldı. Banks, Bayley ve Fox; Charlotte, Nia ve Brooke'u yendi. 8 Kasım SmackDown bölümünde Naomi (Nikki ile), takım koçu Natalya'yı (Carmella ile) yenerken Lynch, kemerini Bliss'e karşı korumayı başardı. 14 Kasım Raw gecesi, Charlotte ve Sasha kendi arasında Alicia ve Nia kendi arasında kavga halinde olduğu için Stephanie, Charlotte ve Sasha'yı bir takım, Alicia ve Nia'yı bir takım yapıp birbirleriyle yüzleştirdi. Sasha, Alicia'yı pes ettirerek takımına maçı kazandırdı. Survivor Series öncesi son SmackDown bölümünde Nikka Bella ve Carmella'nın maçı esnasında Raw takım kaptanı Charlotte arka taraftan ringin dışına doğru geldi. Bunun üzerine Nikki Charlotte'a saldırdı. Charlotte'ın yardımına gelen Raw takımı Nikki'ye saldırdı. Carmella Raw takımına saldırmaya çalıştı. İkisi dayak yerken SmackDown takımı geldi ve iki takım arasında kavga çıktı. Kavganın sonunda ayakta kalan SmackDown takımı oldu.",tur,tur,"[88616.0, 58590.0, 7685.0, 35553.0, 56286.0, 132759.0, 44123.0, 121877.0, 122994.0, 36844.0, 32664.0, 32093.0, 62759.0, 352115.0, 71528.0]"
Günümüzde seri olarak üretilen süperstrat gitarlar oldukça farklı donanımlar ile tasarlanmaktadır. Aşağıda bu gitarlardan yalnızca birine örnek verilmiştir.,tur,tur,"[7553.0, 4742.0, 455.0, 2805.0, 5151.0, 11077.0, 3672.0, 10349.0, 9998.0, 3265.0, 2811.0, 2915.0, 5227.0, 29989.0, 5793.0]"
Standart olan WEP şifrelemesi WEP-64 olarak bilinir ve 40 bitlik anahtar kullanır. Günümüzde WEP kullanan ağlarda daha çok 104 bitlik anahtar kullanan WEP-128'e rastlanır. Daha güvenli ağlar 232 bitlik anahtarı mümkün kılan WEP-256 kullanıyor olabilir.,tur,tur,"[17997.0, 11296.0, 1568.0, 6793.0, 11628.0, 23091.0, 8392.0, 21853.0, 21597.0, 6735.0, 7166.0, 5370.0, 12014.0, 59972.0, 13005.0]"
"Some Kind of Monster"""" Metallica'nın St. Anger albümünde yer alan bir şarkıdır. Türkçe'de """"Bir Tür Canavar"""" anlamına gelir. Bu parça aynı zamanda grubun dağılmanın eşiğine geldiği bir sırada çektiği Some Kind of Monster belgeselinin de isim annesidir.Grubun aynı isimli bir single'ı da vardır.",tur,tur,"[15487.0, 10533.0, 1622.0, 6347.0, 10086.0, 22133.0, 7741.0, 21365.0, 20976.0, 6685.0, 5919.0, 5954.0, 10840.0, 60250.0, 12140.0]"
"Çalışma prensibi olarak, ısı enerjisini alan su buharlaşarak genişler ve bir odacığa alınır, odacık soğutulduğunda sıvı hale geçen buhar vakum yaratır böylece mekanizmaların hareket alması ile mekanik enerjiye yani işe dönüşür.",tur,tur,"[14443.0, 9421.0, 802.0, 5664.0, 9080.0, 20819.0, 7131.0, 19677.0, 19046.0, 5814.0, 5704.0, 5076.0, 9934.0, 57384.0, 11065.0]"
"Inglewood, Amerika Birleşik Devletleri'nin Kaliforniya eyaletinde yer alan ve Los Angeles ilçesinde yer alan bir şehirdir. Şehrin nüfusu 26 Kasım 2009 tarihinde yapılan nüfus sayımına göre şehrin nüfusunun 109,673 olduğu tespit edilmiştir.",tur,tur,"[18654.0, 11778.0, 1382.0, 7452.0, 11462.0, 22962.0, 9335.0, 21092.0, 20944.0, 7698.0, 6869.0, 6309.0, 12630.0, 54530.0, 13607.0]"
"Laura ve Gümüş Sfenks'in Kehaneti (Laura und das Orakel der Silbernen Sphinx), Alman yazar Peter Freund'un kaleme aldığı Laura Leander serisinin üçüncü kitabıdır.",tur,tur,"[9153.0, 5040.0, 845.0, 4425.0, 10859.0, 10766.0, 5103.0, 9624.0, 9889.0, 3951.0, 3621.0, 3084.0, 5281.0, 26719.0, 6102.0]"
"Dikilitaş kırmızı Asvan granitinden yapılmıştı ve orijinal yüksekliği 30 m idi. Ama ya nakliye sırasında ya da şimdiki yerine yerleştirilirken alt bölümü tahrip olduğu için bugünkü yüksekliği 18,45 m'dir (kaidesi ile birlikte 24,87 m). Ağırlığı yaklaşık olarak 200 ton'dur.",tur,tur,"[19009.0, 11341.0, 1235.0, 7578.0, 11904.0, 25106.0, 9236.0, 23222.0, 22743.0, 7303.0, 7588.0, 6578.0, 11749.0, 67439.0, 13080.0]"
"Charlie Alexander Villanueva (d. 24 Ağustos, 1984), National Basketball Association (NBA) ekiplerinden Dallas Mavericks'te forma giyen Dominik Cumhuriyeti asıllı ABD'li basketbolcu. 2.11 metre boyunda, 105 kilogram ağırlığındadır.",tur,tur,"[14072.0, 9138.0, 1375.0, 6410.0, 8822.0, 17060.0, 7921.0, 16095.0, 16613.0, 6687.0, 5002.0, 5922.0, 9621.0, 41453.0, 10584.0]"
"Süperstrat gitar tiplerinde Fender Stratocaster gitarlardan farklı olarak daha sivri uçlu şekiller, modern tasarımlı gövde / sap yüzeyleri, farklı tonda ağaçlar, daha fazla sayıda perde ve özellikle humbucker olarak adlandırılan çift sarmalı gitar manyetikleri ile beraber Floyd Rose tremolo sistemlerinin kullanıldığı görülmektedir. Bu gitarlar ana hat olarak Stratocaster modellerinden yola çıksa da zaman zaman son görünüş itibarı ile klasik Stratocaster tip gitarlardan oldukça farklı biçimlerde olabilmektedir.",tur,tur,"[24070.0, 14895.0, 1608.0, 9142.0, 16138.0, 33550.0, 11524.0, 32208.0, 31861.0, 9465.0, 8635.0, 8413.0, 15876.0, 92808.0, 18063.0]"
Eyyubilerin Arap tarihçisi (ve Melik Efdal bin Selahaddin'in oğlu olan) Ebu'l-Fidâ Aziz Osman'ın Selahaddin'in ikinci oğlu olduğunu ve ağabeyi olan Efdal'dan iki yaş küçük olduğunu bildirir.,tur,tur,"[14438.0, 8503.0, 1062.0, 6080.0, 9135.0, 18984.0, 7474.0, 16508.0, 16771.0, 6150.0, 5257.0, 4735.0, 9408.0, 51072.0, 10900.0]"
"Kanada Atabaskları (İngilizce: Canadian Athapaskans/Athapascans/Athabaskans/Athabascans, Canadian Athapaskan/Athapascan/Athabaskan/Athabascan peoples/Indians), Yukon Toprakları, Kuzeybatı Toprakları, Britanya Kolombiyası ve Alberta eyaletlerinde daha çok Saskatchewan, Manitoba ve Nunavut eyaletinde ise daha az olmak üzere Kanada'nın batısında yaşayan ve Na-Dene dillerinin Atabask dilleri grubunun Kuzey Atabask dilleri alt grubundan dilleri konuşan Kuzey Atabasklarından, avcı ve toplayıcı, yarı göçebe, anasoylu, animist ya da şamanist Subarktik yerlisi Kızılderili halkları. Kanada yerlileri içinde First Nations («İlk Milletler») yasal adıyla anılan Kanada Kızılderilileri arasında yer alır. Dil temelinde Kuzey Tuçoncası, Güney Tuçoncası, Tagişçe, Tahltanca, Kaskaca, Danezaca, Sekanice, Denetaca, Sahtuca, Tlınçonca, Denesulinece, Tsetsautça, Tsutinaca, Nadoten-Vetsuvetence, Dakelce, Çilkotince ve Nikolaca gibi 20 dil ve halk olarak sınıflandırılır. Esas olarak Alaska Atabasklarına giren ve Guçince, Hanca ve Yukarı Tananaca konuşanların yalnızca Kanada'da yaşayanları dahildir. Alaska Atabaskları ile birlikte Kuzey Atabaskları dil grubunu oluştururlar. Tsutinalar ile Nikola Atabaskları hariç tamamı Subarktik Kızılderilileri kültür grubuna dahildir.",tur,tur,"[81138.0, 48230.0, 7623.0, 35335.0, 50380.0, 97855.0, 38796.0, 93785.0, 93350.0, 33497.0, 30927.0, 28540.0, 51846.0, 270169.0, 59122.0]"
"TFTP aktarım protokolü olarak genellikle UDP kullanır fakat bu bir gereklilik değildir.Veri transferi 69.portta başlatılır,fakat bu veri aktarım portları bağlantı başlatma sırasında alıcı ve göndericiden bağımsız olarak seçilir.Bu portlar ağ yığınının parametrelerine göre rastgele seçilir,genellikle Ephemeral port aralığından.",tur,tur,"[17973.0, 11950.0, 1180.0, 6676.0, 11454.0, 26204.0, 7977.0, 24349.0, 24288.0, 6788.0, 7293.0, 5729.0, 12505.0, 70168.0, 13861.0]"
"Garabet Amira Balyan (1800 - 1866), I. Abdülmecid'in mimarlarındandır. En önemli eseri, oğlu Nigoğos Balyan'la birlikte yaptıkları Dolmabahçe Sarayı'dır",tur,tur,"[14420.0, 7292.0, 1565.0, 7529.0, 8801.0, 14830.0, 8365.0, 12871.0, 13424.0, 6467.0, 6640.0, 5473.0, 7835.0, 36568.0, 9284.0]"
"Bir merkez bankasını adlandırmak için standart bir terminoloji yoktur. Fakat çoğu ülkede merkez bankaları """"Ülke Bankası"""" olarak adlandırılır. Örneğin; İngiltere Bankası, Kanada Bankası, Japonya Bankası... Kimi merkez bankaları """"ulusal banka"""" olarak adlandırılır; örneğin Ukrayna Ulusal Bankası...",tur,tur,"[18119.0, 10928.0, 1055.0, 6469.0, 11371.0, 24788.0, 7885.0, 22376.0, 22516.0, 6285.0, 8060.0, 5430.0, 11670.0, 68060.0, 13035.0]"
"Neubrandenburg (""""Yeni Brandenburg""""), Almanya'nın Mecklenburg-Vorpommern eyaletine bağlı Mecklenburgische Seenplatte ilçesinin merkezi olan şehirdir. Şehir, Tollensesee Gölü'nün kıyısında yer almaktadır. Yüzölçümü 85.65 km² olan şehrin nüfusu 31 Aralık 2013 tarihi itibarı ile 63,437'dir.",tur,tur,"[23946.0, 14564.0, 1805.0, 9784.0, 23543.0, 27936.0, 12255.0, 26316.0, 26063.0, 9200.0, 9624.0, 7191.0, 14501.0, 68329.0, 16176.0]"
"Militan bir yapıya sahip yazar, aynı zamanda adalet için kendilerini ortaya koyan entelektüellerin başında gelmektedir. Başkalarına kendini dinletebilen bir eleştirmen, bütün yeteneğini ezilmişlerin hizmetine adayan ve insanların yanılgılarını giderme konusunda oldukça maharetli olan bir kişidir. Şaşmaz bir zevk, büyük bir farkındalık ve kendine özgü bir önsezi ile süslü bir sanat eleştirmeni olarak ortaya çıkan Mirbeau, sanat ve edebiyata kol kanat germekle kalmamış aynı zamanda Claude Monet, Camille Pissarro, Vincent Van Gogh ve Auguste Rodin’in sözcüsü de olmuştur.",tur,tur,"[30468.0, 19398.0, 2081.0, 15742.0, 20382.0, 44501.0, 16614.0, 40405.0, 40150.0, 13529.0, 13122.0, 11580.0, 21311.0, 119548.0, 24091.0]"
"Mean"""" üç dakika elli sekiz saniye uzunluğundadır. Dakika başına 82 vuruş içerir. The Village Voice'ten Theon Weber'a göre, şarkı """"bol alkışlı, hoş banjo tıngırtılarıyla bezenmiş bir Taylor Swift şarkısı."""" About.com'dan Bill Lamb """"Mean Taylor Swift'in yaptığı en belirgin country. Net bir şekilde banjo sesi duyuyorum, yaptığı en açık country kesinlikle bu."""" ve Roughstock 'tan Matt Bjorke'te bu şarkının Swift'in """"en country"""" parçası olduğunu yazmış ve daha ileri giderek neredeyse bluegrass olacağını yazdı. Şarkı mi majör anahtarıyla yazıldı ve Swift'in şarkıya G♯3 ile C♯5 arasında iki oktavlık sesiyle vokal yaptı.",tur,tur,"[36254.0, 22685.0, 3073.0, 13254.0, 21327.0, 48467.0, 15856.0, 45214.0, 46048.0, 12460.0, 13068.0, 10868.0, 23819.0, 132412.0, 27657.0]"
"1998'de Armageddon filminde Bear rolünü oynadı ve Bruce Willis ile yakın arkadaşlık kurdu. Ona çıkış sağlayıp ödüller getiren Frank Darabont yönetmenliğindeki The Green Mile filmindeki John Coffey rolü, Willis'in desteği ve yardımı sayesinde gerçekleşmiştir.",tur,tur,"[13635.0, 9093.0, 1224.0, 5843.0, 9207.0, 18776.0, 6607.0, 17522.0, 17774.0, 5564.0, 5519.0, 4606.0, 9160.0, 48432.0, 10265.0]"
resmî faiz oranını -enflasyon ve ülkenin döviz kurunu yönetmek amacıyla- belirlemek ve bu oranın çeşitli politika mekanizmaları aracılığıyla piyasada etkili olmasını temin etmek.,tur,tur,"[11182.0, 6852.0, 620.0, 4784.0, 6756.0, 15080.0, 5502.0, 14137.0, 13759.0, 4925.0, 3972.0, 4213.0, 7242.0, 40945.0, 8106.0]"
"2000 Yaz Olimpiyatları'na katılıp trap 107 puanla genel sıralamada 30. oldu. Aynı yıl Avrupa Şampiyonası'nda bronz madalya kazandı. 2002'de Uluslararası Dünya Gençler Şampiyonluğu ve Dünya Şampiyonası'nda gümüş madalya aldı. 2003'te Avrupa dördüncüsü olan Tüzün, olimpiyat barajını 2. kez geçmeyi başardı. Aynı yıl Üniversitelerarası Dünya Şampiyonası'nda dünya rekoru kırdı. 2004 Şubat ayında Sidney'deki Dünya Şampiyonası'nda birincilik elde etti. 2012 yılında düzenlenen Atıcılık Dünya Kupası’nın ilk ayağında aldığı birincilik derecesi ile 2012 Londra Olimpiyat Oyunları’na katılma hakkını elde etmiştir.",tur,tur,"[44115.0, 29108.0, 2819.0, 17173.0, 26767.0, 57866.0, 21933.0, 55516.0, 56598.0, 17287.0, 17346.0, 14335.0, 27621.0, 157135.0, 31934.0]"
"SMS Gneisenau, İmparatorluk Donanması'na bağlı bir zırhlı kruvazör idi. 6 Mart 1908'de göreve başladı. Falkland Adaları Muharebesi'nde batan gemiler arasındaydı. Uzunluğu 144.6, genişliği 21.6, su çekimi de 8.37 metre idi. 23.6 knot (44 km/sa) hız yapabilmekteydi.",tur,tur,"[23628.0, 14071.0, 1983.0, 9795.0, 17337.0, 28099.0, 11555.0, 25999.0, 26501.0, 8826.0, 9449.0, 7369.0, 14669.0, 71664.0, 16605.0]"
"Loleatta Holloway (5 Kasım 1946 - 21 Mart 2011), ABD'li şarkıcı ve söz yazarıdır. Gospel türü şarkılar icra eden Holloway, 1971'den beri müzik hayatında yer almaktaydı.",tur,tur,"[11784.0, 7276.0, 1331.0, 5612.0, 8023.0, 14563.0, 6784.0, 13686.0, 14008.0, 5485.0, 4433.0, 4730.0, 7853.0, 35908.0, 8899.0]"
"Roads Untraveled Amerikalı rock grubu olan Linkin Park'ın 5. stüdyo albümü Living Things'teki 8. sırada bulunan şarkısı. Şarkı albümdeki en yavaş ritimlere sahip ve en sakin şarkıdır. Sözleri tamamen saflık , iyilik , dostluk ve barış mesajları verir. Sözleri grubun solist ve geri vokalisti olan Chester Bennington ve Mike Shinoda tarafından yazılmıştır. Ayrıca şarkının en dikkat çeken özelliklerinden biri de 2. nakarattan sonra elektro gitar yerine akustik gitar kullanılmasıdır. Grubun geri vokal ve gitaristi Mike Shinoda BBC'ye verdiği röportajında tüm şarkıları genel olarak değerlendirirken Roads Untraveled şarkısı için şunları demiştir : """" Yapabilirdik. Tüm şarkıları sert gitar ritimlerinden oluşturabilirdik. Bunun yanında vokal kısımlarını da scream'ler ile süsleyebilirdik. Ama bunların modası çoktan geçti. Artık nu-metal dinlenmiyor. Heavy metal'de sadece bazı kesimlere hitap ediyor. Bizim amacımız belirli bir dinleyici grubuna özel şarkılar yapmak değil. Bizim amacımız 7'den 70'e herkesin ilgi ile dinleyebileceği evrensel ve anlamlı şarkılar yapmak. Bunun için Roads Untraveled şarkısı kimsenin başını ağrıtmayacak şekilde dizayn edildi. Hafif ritimler yakalayıcı nakaratlar ve soft geçişler. Meteora'dan sonra geçirdiğimiz Alternatif Rock değişimini bu albümde en iyi bu şarkı ile yakaladağımıza inanıyorum. ",tur,tur,"[69879.0, 45746.0, 5234.0, 27250.0, 44281.0, 103046.0, 34051.0, 96636.0, 95050.0, 27767.0, 26132.0, 24660.0, 49553.0, 280556.0, 55442.0]"
"Domuz yetiştiriciliği evcil domuzları yetiştirme ve üretmedir. Hayvancılığın bir koludur. Domuzlar gıda için yetiştirilir (örneğin domuz eti, domuz pastırması), bazen derisinden de faydalanılır.",tur,tur,"[15653.0, 8282.0, 757.0, 5295.0, 8488.0, 18746.0, 6503.0, 17060.0, 17274.0, 5443.0, 7260.0, 4398.0, 9136.0, 53833.0, 10465.0]"
"Ana etkinlik maçında Goldberg ve Brock Lesnar yüzleşti. Lesnar, Goldberg'ü köşeye attı ama Goldberg, Lesnar'ı yere itti ve ardından ona Spear yaptı. Lesnar, şaşkınlıkla kalkmaya çalışırken Goldberg, ona bir Spear daha yaptı ve sonrasında Jackhammer yaparak lesnar'ı tuşladı ve maçı kazandı.",tur,tur,"[14240.0, 8956.0, 1121.0, 5840.0, 8878.0, 21199.0, 6972.0, 18929.0, 19166.0, 5907.0, 5330.0, 5397.0, 9760.0, 55560.0, 11096.0]"
"Alejandro Faurlín (9 Ağustos 1986), Arjantinli millî futbolcudur. Premier League takımlarından Queens Park Rangers FC forması giyen oyuncu, orta saha bölgesinde görev yapmaktadır.",tur,tur,"[10136.0, 6327.0, 1009.0, 5014.0, 6422.0, 12083.0, 6576.0, 11675.0, 11717.0, 6381.0, 3843.0, 6658.0, 6685.0, 30638.0, 7434.0]"
Havacılıkta mayday çağrısı bulunulan radyo istasyonunda veya uluslararası acil durum frekansı 121.5 mhz'de yapılır. Yer üniteleri ile temasa geçilemediyse diğer hava araçlarından mayday mesajını iletmeleri (relay) talep edilmelidir. Bir uçak mayday çağrısı yaptığında aynı frekanstaki tüm şahıslar mutlak sessizlik sağlamalıdır.,tur,tur,"[20707.0, 12700.0, 1362.0, 8061.0, 12764.0, 28372.0, 9839.0, 26512.0, 26370.0, 8032.0, 7623.0, 7335.0, 13651.0, 77248.0, 15336.0]"
"İlki 2006 yılında yapılan IREC, ana sponsorluğu NASA ve SpaceX tarafından gerçekleştirilen dünyanın en büyük roketçilik yarışmasıdır. Yarışma Basit ve Gelişmiş olarak iki kategoriye sahip. Basit kategoride öğrencilerin ürettiği katı yakıtlı motorlar haricindeki itki sistemleri satın alınmak zorunda, gelişmiş kategoride yarışmak için öğrencilerin kendi itki sistemlerini geliştirdikleri roketlerle 3-7 km arasında belirledikleri yüksekliğe ulaşmaları gerekiyor. Amerika Birleşik Devletleri'nin ev sahipliği yaptığı yarışmada kazanan takımlar sunumlar, güvenlik analizleri, özgün üretim oranı, roket performansı, faydalı yük fonksiyonları ve profesyonellik konularında jüri tarafından yapılan puanlamayla belirleniyor. Pars Roket Grubu ülkemizden “ Advanced (Gelişmiş) “ kategoride ilk kez katılım gösteren takım olmuştur.",tur,tur,"[44240.0, 29652.0, 2725.0, 16509.0, 27555.0, 64095.0, 20979.0, 60707.0, 60636.0, 16255.0, 16454.0, 14497.0, 30735.0, 180248.0, 34543.0]"
Trivial File Transfer Protocol(TFTP) dosya transferi için kullanılan basit bir protokoldür.Bu protokol UDP(User Datagram Protokol) üzerinde 69. port kullanılarak uygulanmıştır.TFTP basit ve uygulanması kolay olacak şekilde tasarlanmıştır ve bu nedenle çoğu FTP özelliğinden yoksundur.TFTP sadece okur ve uzak bir sunucuya yazar.Dizinleri listelemez ve şu anda kullanıcı kimlik doğrulaması için bir kural yoktur.,tur,tur,"[20404.0, 14101.0, 1827.0, 7951.0, 12744.0, 29230.0, 9726.0, 27443.0, 27142.0, 8401.0, 7461.0, 7369.0, 14735.0, 76127.0, 15907.0]"
"Kris Nathan Humphries (d. 6 Şubat 1985), National Basketball Association (NBA) takımlarından Washington Wizards'ta forma giyen Amerikalı profesyonel basketbolcudur. 2004 NBA Seçmeleri'nde Utah Jazz tarafından 14. sırada seçilmiştir.",tur,tur,"[13481.0, 8955.0, 1426.0, 6070.0, 8579.0, 16600.0, 7355.0, 15477.0, 16065.0, 6116.0, 5123.0, 5026.0, 9176.0, 40187.0, 10143.0]"
1825 yılına gelindiğinde ise İngiliz mucit George Stephenson geliştirilmiş buharlı motorlardan faydalanarak ilk buharlı lokomotif denebilecek ve adına Rocket dediği aracı yaptı.,tur,tur,"[10391.0, 6946.0, 785.0, 4387.0, 6972.0, 14476.0, 5266.0, 13581.0, 13496.0, 4237.0, 4051.0, 3654.0, 7318.0, 37551.0, 7886.0]"
"Fluorit veya florit; CaF2 bileşiminde, saydam veya yarı saydam olan, sarı, yeşil, mavi, mor, kırmızı veya renksiz olabilen bir mineraldir. Doğada en fazla renk çeşitliliğine sahip minerallerden birisidir. Yoğunluğu 3,2 g/cm³, sertliği ise Mohs sertlik cetveline göre 4'tür. Kristal yapısı genelde kübik olmakla beraber oktahedral yapılara da rastlanmaktadır.",tur,tur,"[23551.0, 14118.0, 1460.0, 9653.0, 15143.0, 30115.0, 11459.0, 28815.0, 28187.0, 9365.0, 8972.0, 8220.0, 15199.0, 81180.0, 17347.0]"
"2005 yılında yapılan düzenleme uyarınca, bu tarihten sonra kurulacak olan katılım bankaları kuruluşlarından itibaren bir ay içerisinde birliğe üye olmak zorundadırlar.",tur,tur,"[9489.0, 6007.0, 676.0, 3646.0, 6060.0, 13109.0, 4566.0, 12461.0, 12048.0, 3727.0, 3480.0, 3272.0, 6393.0, 34603.0, 7100.0]"
Euro 2008 ilk maçında Avusturya'yı 1-0 yenmeyi başardılar. 2. maçlarında Almanya'yı 2-1 yendiler. Gruplarda son maçlarında da Polonya'yı yenerek Çeyrek Finale yenilgisiz olarak yükseldiler. 20 Haziran akşamı Türkiye ile yaptıkları maç sonucu normal sürede 1-1 berabere biten maçta penaltılarla 4-2 yenilerek kupaya veda etmişlerdir.,tur,tur,"[24760.0, 15397.0, 1854.0, 10337.0, 16867.0, 31966.0, 13116.0, 30973.0, 30009.0, 10855.0, 10592.0, 9079.0, 15790.0, 86354.0, 18074.0]"
"Pop müzik tarzında olan Yeni Ay, iki disk hâlinde satışa sunuldu. İlk diskte teki remiks sürümü olmak üzere 11 şarkı yer alırken ikinci diskte, ilk diskte yer alan şarkıların demolarına yer verildi. Albümdeki şarkı sözleri """"yeni başlangıçlar, yeni umutlar ve yeni güzellikler"""" içerdiği için adı da buna dayalı olarak şekillendi. Müzik eleştirmenlerinin çoğu albümü ve Sıla'nın söz yazımını övdü. Albümdeki şarkılardan dört tanesine klip çekildi ve bu şarkılar listelerde üst sıralara yükseldi. Çıkış şarkısı """"Vaziyetler""""in MusicTopTR Resmî Listesi'nde zirveye yükselerek aralıksız on bir hafta boyunca bu sıradan inmemesinin ardından ikinci klip şarkısı """"Yabancı"""" ve dördüncü klip şarkısı """"Hediye"""" de listede bir numara oldu. Üçüncü klip şarkısı """"Reverans"""" ise en fazla iki numaraya çıkabildi.",tur,tur,"[49723.0, 31606.0, 2868.0, 19170.0, 31223.0, 72174.0, 24012.0, 67036.0, 65817.0, 20099.0, 17592.0, 17463.0, 33764.0, 199286.0, 38280.0]"
"Nesne yönelimli sistem nesnelerden oluşur. Nesneler arasındaki iş birliği, sistemin davranışını belirler. Tüm nesnelerin durumlarını kapsayan bileşke bir durum ise sistemin durumu olarak düşünülebilir. Nesnelerin birbirine gönderdikleri mesajlar, nesneler arası iş birliğinin temelini oluşturur. Mesajlar modellenen sisteme göre farklılık gösterebilir. Örneğin, bazı sistemlerde soket üzerinden veri iletimine benzer şekilde mesajlaşmalar gerçekleşebilir.",tur,tur,"[23784.0, 15002.0, 1283.0, 8661.0, 14660.0, 34302.0, 10702.0, 31279.0, 31282.0, 8950.0, 8830.0, 7643.0, 16191.0, 94805.0, 18003.0]"
2002 sayımlarına göre Probiştip’in toplam nüfusu 16.193 kişidir. Bu nüfusun etnik dağılımı şu şekildedir: Makedonlar 15.977; Sırplar 89; Romanlar 37; Ulahlar 37; Türkler 6.,tur,tur,"[20683.0, 10647.0, 1524.0, 7669.0, 11717.0, 21311.0, 9545.0, 19948.0, 19688.0, 7423.0, 9134.0, 6009.0, 11386.0, 55401.0, 12638.0]"
"Şehirlerin göksel kaderine inananlar, o kaderin gökyüzünden göründüğünü bilirler. Diyarbakır, gökyüzünden Anadolu'nun bağrında bir kalp gibi görünür. Bir kalp gibi yoğun ve hayati olduğunu hissettirir. Diyarbakır sadece Anadolu'nun değil, Ortadoğu'nun da kalbidir.",tur,tur,"[17955.0, 10857.0, 1029.0, 6760.0, 10853.0, 24800.0, 8270.0, 22703.0, 22479.0, 6765.0, 6379.0, 5957.0, 11475.0, 69409.0, 13191.0]"
"Fidanlar körpecikti, benim boyumdaydılar. Onları okulun yanına diktik. Dağdan serin bir rüzgar esti, dallarını ilk defa salladı kavakların, onlara hayat bağışladı.",tur,tur,"[11826.0, 6518.0, 678.0, 4497.0, 6981.0, 15845.0, 5675.0, 14261.0, 13882.0, 4691.0, 4957.0, 4186.0, 7215.0, 43938.0, 8298.0]"
"Eger (Osmanlı döneminde Eğri, Almanca: Erlau, Latince: Agria), Macaristan'ın Heves ilinin başşehri ve Kuzey Macaristan'ın ikinci en büyük şehridir. Eger şehri; kalesi, termal tesisleri, tarihi binaları, Türk minaresi ve kırmızı şarapları ile tanınır. Eger'in tarihi Taş Devri'ne kadar dayanmaktadır. Günümüz Eger'i 10. yüzyılda ilk Hıristiyan Macar kralı St. Stephen (997-1038) tarafından şekillendirilmiştir.",tur,tur,"[32922.0, 19360.0, 2405.0, 12727.0, 22034.0, 38827.0, 15585.0, 36723.0, 37425.0, 12132.0, 12192.0, 9758.0, 19708.0, 106721.0, 22784.0]"
"29 Eylül 2010 tarihinde Neil J. Rubenking, PC Magazine'e güvenlik baş analisti olarak, Comodo Antivirus 5.0 üzerine bir makale yayınladı, Comodo Antivirüs 5.0'ın Norton Antivirüs'ten daha yüksek bir yüzdede kötücül yazılımları bloke eden ama kötücül yazılım kaldırmaya geldiğinde Norton çözümünden daha az etkili olduğu sonucuna vardı. Rubenking incelemede Comodo'nun kötü amaçlı yazılımları engellemede sonuçları zedelediğini hissetti, yanlış bilgi verdiğini kaydetti.",tur,tur,"[23817.0, 15977.0, 2067.0, 9957.0, 15255.0, 34287.0, 11897.0, 32409.0, 32626.0, 9682.0, 8684.0, 8955.0, 16824.0, 90478.0, 18603.0]"
"Kalp ve damar sağlığı için omega3 yağ asitleri içeren besinleri tüketmek gerekmektedir. Aynı miktardaki ıspanak, ceviz ve brokoliden 10 kat daha fazla Omega 3 (Alfa-linolenik asit cinsinden) yağ asitini bünyesinde barındırır. Bu yüzden bu ürünün yağı, balık yağının (en fazla omega3 yağ asiti soğuk deniz balıklarında bulunmaktadır) en yakın bitkisel muadili olarak gösterilebilir. Düzenli Balık tüketemeyen bireyler omega3 kaynağı olarak soğuk pres keten yağını güvenle tüketebilir.",tur,tur,"[29813.0, 18920.0, 1671.0, 11053.0, 19326.0, 42133.0, 14284.0, 39593.0, 38658.0, 11349.0, 10964.0, 9996.0, 20781.0, 114747.0, 23096.0]"
"Heroes"""" (Türkçe: Kahramanlar), Anton Malmberg Hård af Segerstad, Joy Deb ve Linnea Deb tarafından yazılan ve İsveçli şarkıcı-Şarkı yazarı Måns Zelmerlöw'ün 2015 Eurovision Şarkı Yarışması'nda İsveç'i temsil etmek üzere Melodifestivalen 2015 yarışmasına katıldığı şarkıdır. Şarkı, Melodifestivalen 2015 yarışmasını kazanarak İsveç'i 2015 Eurovision Şarkı Yarışması'nda temsil etmeye hak kazanmıştır. Şarkı, 21 Mayıs 2015 tarihinde yapılan 2015 Eurovision Şarkı Yarışması'nın 2. yarı finalinde yarışarak 217 puanla 1. olarak finale çıkmaya hak kazanmıştır. 23 Mayıs 2015 tarihinde yapılan büyük finalde ise toplam 365 puan toplayarak 1. olmuştur. Böylece İsveç, Eurovision Şarkı Yarışması tarihindeki 6. biriciliğini ve de 2016 Eurovision Şarkı Yarışması'na ev sahipliği yapma hakkını elde etmiştir.",tur,tur,"[62068.0, 37548.0, 4949.0, 24400.0, 39231.0, 73898.0, 29360.0, 66926.0, 68960.0, 23241.0, 23064.0, 19312.0, 38678.0, 184282.0, 44137.0]"
Bilinen ilk örnek Fransız mühendis Nicolas Joseph Cugnot tarafından yapılan Fardier’dir. Nicholas Joseph Cugnot küçük ölçekte yaptığı iki kazanlı Newcomen makinesini üç tekerlekli bir arabaya yükleyerek 1769 yılında deneme yapmıştır. Fakat buharlaşma yoluyla azalan kazan suyunu yenileyecek bir sistem olmadığından araç 15 dakikada bir durmak ve su ikmali yapıp suyun kaynamasını beklemek gerekmekteydi.,tur,tur,"[22314.0, 14555.0, 1647.0, 12223.0, 14619.0, 31058.0, 12190.0, 29091.0, 29013.0, 8997.0, 7978.0, 7769.0, 15317.0, 84010.0, 17060.0]"
"Raşomon 1950 Japonya yapımı dramatik filmdir. Özgün adı Rashōmon'dur. (羅生門) Japon kısa hikâyesinin babası olarak anılan Ryūnosuke Akutagawa (1892-1927)'nın 1915 tarihinde yazdığı Rashomon ve Korulukta adlı iki kısa hikâyesinden uyarlanan filmi Akira Kurosawa yönetmiştir. Kurosawa aynı zamanda Shinobu Hashimoto ile birlikte filmin senaryosunu yazmış, ayrıca filmin kurgusunu da yapmıştır. Başlıca rollerinde Toşiro Mifune, Machiko Kyō, Masayuki Mori ve Takashi Shimura'nın oynadıkları filmin siyah beyaz görüntülerini Kazuo Miyagawa çekmiştir.",tur,tur,"[37110.0, 24474.0, 3658.0, 15590.0, 22557.0, 45801.0, 19006.0, 47700.0, 44888.0, 14721.0, 14127.0, 12170.0, 25903.0, 113600.0, 27705.0]"
"Dikenli incirler (Opuntia alt cinsi), yassı ve yuvarlak bölümlerin eklemlenerek oluşturduğu gövdelere sahiptir. Cylindropuntia alt cinsinin türlerinde ise gövde bölümleri yassı değil, silindrik yapılıdır.",tur,tur,"[14344.0, 8174.0, 1100.0, 5683.0, 8855.0, 18050.0, 7223.0, 16605.0, 16516.0, 5889.0, 4920.0, 4938.0, 9173.0, 47717.0, 10483.0]"
"Girne Amerikan Üniversitesi'nden mezun olan Emre Ayan, senaryo denemelerine başladı. Medyavizyon Yapım Şirketi'nin düzenlediği ve Barış Manço'nun hayatının beyaz perdeye aktarılacağı senaryo yarışmasında ikincilik ödülünü kazandı.",tur,tur,"[15001.0, 9010.0, 953.0, 5914.0, 9337.0, 20197.0, 7683.0, 18700.0, 18537.0, 6239.0, 5184.0, 5095.0, 9218.0, 56407.0, 10691.0]"
1903-1905’te Tiflis’te yayımlanan ünlü Türkçe Şarki-Rus gazetesinin yazar ve şair kadrosunda bulunan edebiyatçıların büyük kısmı daha sonra Molla Nasreddin’in çekirdek kadrosunu oluşturmuştur.,tur,tur,"[14486.0, 8959.0, 1167.0, 5970.0, 8845.0, 18303.0, 6707.0, 16904.0, 16892.0, 5653.0, 7058.0, 4646.0, 9132.0, 46484.0, 10269.0]"
"Köyün ekonomisi büyük oranda tarıma dayanmaktadır. Arpa ve buğday üretimi en önemli tarımsal faaliyetleri oluşturmaktadır. Bunun yanı sıra bağ ve bahçelerde kiraz, vişne, elma ve armut yetiştirilmektedir.",tur,tur,"[13825.0, 8075.0, 742.0, 5050.0, 8666.0, 18352.0, 6052.0, 16618.0, 16259.0, 5030.0, 5304.0, 4250.0, 8662.0, 50151.0, 9647.0]"
"Mendeleyev toplumsal konularla da ilgiliydi. Hükümetin işlerine karışmaması için, verilen emri dinlemektense profesörlükten istifa etmeyi uygun buldu. Liberal düşünceleri destekliyor, saçlarını kestirmeyi reddediyor ve Çar'ın isteklerine karşı koyuyordu. Buna karşın """"Ağırlıklar ve Ölçüler Bürosu"""" müdürlüğüne atandı. Mendeleyev, ilk periyodik cetveli bastırdığı zaman henüz 63 element biliniyordu. Ölümünden bir yıl sonra bilinen element sayısı 86'ya çıkmıştı. Bu hızlı artış, kimyanın en önemli genellemesi olan periyodik cetvel yoluyla sağlanmıştır.",tur,tur,"[38882.0, 21710.0, 2130.0, 13730.0, 23363.0, 48909.0, 16471.0, 45550.0, 45322.0, 13466.0, 20389.0, 12214.0, 23360.0, 136404.0, 26952.0]"
Isı ile çıkartılan yağlar sanayi'de ve özellikle boyacılık ve kozmetik sektöründe kullanılır. Ahşap vernik boyaların ve ressamların kullandığı tüm yağlı boyaların ana hammaddesi keten tohumu yağıdır.,tur,tur,"[11946.0, 7390.0, 741.0, 4459.0, 7213.0, 16680.0, 5697.0, 15561.0, 15221.0, 4888.0, 4361.0, 3963.0, 7863.0, 47353.0, 8940.0]"
"Adını 10 cm boyundaki boynuza benzeyen meyvesinden alır. Kırmızı boynuzlu gelincik, çiçek dilinde hayal gücünün ve rüyanın sembolü olarak bilinir.",tur,tur,"[10639.0, 6334.0, 606.0, 4013.0, 6333.0, 14302.0, 5061.0, 13406.0, 13234.0, 4219.0, 4157.0, 3725.0, 6737.0, 39760.0, 7666.0]"
"Duncan, babası onları terk ettikten sonra kız kardeşi, Judy ve annesi Jean Duncan (gündelikçi) ile büyüdü. Hep bir aktör olmak istedi, Alcorn State Universitesi'ndeki iletişim programını annesi rahatsızlanınca ailesine destek olmak adına bırakmak zorunda kaldı. İriyarı biri olduğundan (1.96 m boy 142 kg) doğalgaz firması için kazı işlerinde iş bulması ve çeşitli Şikago kulüplerinde bodyguardlık yapması kolay oldu. Ayrıca Kankakee Community College'de ve Alcorn State'de bir sezon basketbol da oynadı.",tur,tur,"[28128.0, 18102.0, 2097.0, 11149.0, 18488.0, 39832.0, 13400.0, 36962.0, 37486.0, 11333.0, 10528.0, 9627.0, 18898.0, 108443.0, 21641.0]"
"Bu yüzden bir askeri mahkeme 10 Aralık 1873'te Bazaine'in, rütbesinin geri alınarak idam edilmesine karar verdi.Fransa cumhurbaşkanı Mareşal Patrice de Mac-Mahon, bu kararı 20 yıl hapse çevirdi. 9 Ağustos 1874'te hapisten kaçtı; yurdundan uzakta, yoksulluk içinde öldü.",tur,tur,"[20225.0, 12246.0, 1529.0, 12712.0, 13509.0, 25882.0, 11506.0, 24112.0, 24304.0, 8923.0, 8182.0, 7897.0, 12567.0, 69088.0, 14479.0]"
İlk seri üretim süperstrat gitarı kimin ürettiği tam olarak belli değildir ve günümüzde bu konuda tartışmalar hala sürmektedir; zira süperstrat tanımı daha önce de belirtildiği gibi kişiden kişiye değişmektedir. Ancak gitar tarihçileri tarafından şu gitarlar ilk seri üretim süperstratlar olarak tanımlanmaktadır:,tur,tur,"[15748.0, 9943.0, 975.0, 6012.0, 10497.0, 23110.0, 7600.0, 21846.0, 21043.0, 6435.0, 6129.0, 5668.0, 10928.0, 62736.0, 12065.0]"
"Comodo Antivirus- Mac, Linux ve Windows gibi tüm önemli işletim sistemlerini destekleyen ücretsiz antivirüs ürünlerini içerir. Son zamanlarda, Comodo Windows 10 işletim sistemini destekleyen yeni virüsten koruma ürününü duyurdu.",tur,tur,"[11187.0, 6991.0, 901.0, 4922.0, 6998.0, 15556.0, 6650.0, 13787.0, 13937.0, 5403.0, 4411.0, 4856.0, 7622.0, 38120.0, 8401.0]"
"Çaovu'lar tüccar ruhlu olup erkenden Çin ile ticaret yapmaktadır. Aslan, Pug ve Fergana atı (汗血馬 hàn xǐe mǎ; Kan terli at) Çuovulu tüccarlar tarafından Çin'e getirilmişlerdir. En çok Semerkand ve Keşliydi ve Xian ve Luoyan'da yapılan kazılarda Çaovu'lardan Sao 曹, Shi 石, Mi 米, He 何, Kang 康, An 安 soyadlarını taşıyan mezarlar çıkarmıştır.",tur,tur,"[27036.0, 22815.0, 2130.0, 12026.0, 15303.0, 33775.0, 11683.0, 32412.0, 33758.0, 10100.0, 9850.0, 7806.0, 21149.0, 88058.0, 23633.0]"
"M.Ö. 700 yıllarında Miletoslularca (şimdiki Iyidere bölgesinde) kurulan liman şehrinin doğu sınırıdır. Pontos kralı Farnakes'in M.Ö. 180'de Rize'yi İşgal etmesiyle yerleşik hayatla tanışan Rizenin (Rhisos) doğu tarafındaki 5. liman şehri bugünkü Boğaz Mahallesi bölgesinde kurulmuştur. Önceleri yaygın yerleşimin olmadığı bölgede M.S. 400 yıllarında yaygın yerleşim başlamıştır. Yavuz Selim devrinde Trabzon'un doğusundaki ünlü Oğuz boyu Çepniler'in pazar köyü olarak kullandığı Boğaz Mahallesi yerleşimin doğuya kaymasıyla bu özelliğini kaybetmiştir. Köy eski ismi Eski adı: İstavri Boğazı [ Yun stáuroi """"haçlar"""" ] 1913'de bu isim devlet tarafından kaldirilmistir.",tur,tur,"[52374.0, 32406.0, 3440.0, 20853.0, 32835.0, 69395.0, 24922.0, 66034.0, 65360.0, 19808.0, 19900.0, 16743.0, 33864.0, 192087.0, 38038.0]"
"1961 yılında Avustralyalı Michal Alpers antropolojist Shirley Lindenbaum'un da eşliğinde Fore halkı arasında kapsamlı saha araştırmaları yapmıştır. Bu tarihi araştırma ile bilim adamları salgının Fore bölgesinde yaşayan ve kendiliğinden bir tür CJD'ye yakalanan bir bireyden çıkmış olabileceğini öne sürdü Alpers ve Lindenbaum'un araştırmaları Kuru hastalığının kolay ve hızlı bir şekilde yayılmasının sebebinin Fore halkının akrabalarının ölülerinin """"yaşam güçlerini"""" bölgeye geri döndürmek için yaptıkları cenaze yamyamlığı uygulamaları olduğunu ortaya koymuştu. Aile bireylerinin cesetleri gömüldükten birkaç gün sonra kurtçuklar tarafından istila edildiğinde mezardan çıkarılıp parçalara ayrıldıktan sonra organların yanında kurtçuklar meze olarak servis edilir.",tur,tur,"[39468.0, 26951.0, 2690.0, 14807.0, 25370.0, 58221.0, 18135.0, 55486.0, 54972.0, 15169.0, 14635.0, 13251.0, 28169.0, 159746.0, 32032.0]"
"439'de Sien-pi (Çince: 鮮卑 Xiānbēi) Tuoba (Çince: 拓跋部 Tuàbá bù) boyunun Bei Wei (北魏, běi wèi; Kuzey Wei; 386-534)'nin kuruluşunu bu dönemin başlangıcı olarak sayan tezler de yaygındır.",tur,tur,"[19513.0, 19108.0, 1939.0, 8714.0, 11733.0, 21913.0, 9592.0, 21825.0, 23077.0, 8329.0, 7459.0, 5564.0, 16748.0, 46756.0, 18099.0]"
"Dizdar Kulesi ya da Despot Stefan Kulesi, Sırbistan'ın başkenti Belgrad'da bulunan bir yapı. 28 Haziran 1389'da I. Kosova Muharebesi'nde ölerek Sırp İmparatorluğu'nun çöküşüne yol açan Lazar Hrebeljanović'in oğlu Stefan Lazarević önderliğinde Sırp Despotluğu'nun başkenti yapıldığı dönemde, 1405'te inşa ettirilmiştir.",tur,tur,"[31451.0, 15839.0, 1944.0, 10590.0, 16293.0, 32280.0, 13170.0, 30465.0, 30969.0, 10596.0, 11584.0, 8404.0, 16146.0, 84701.0, 18218.0]"
"Aşınma (İngilizce; wear, Almanca, verschleiß), birbirine temas eden ve birbirine göre izafi hareket yapan cisimlerden sürtünme etkisiyle oluşan malzeme ve kütle kaybıdır. Aşınma Triboloji biliminin bir konusudur.",tur,tur,"[14006.0, 8716.0, 1032.0, 5672.0, 10587.0, 18369.0, 6737.0, 16745.0, 16691.0, 5582.0, 5320.0, 4382.0, 9088.0, 48827.0, 10306.0]"
"Fahreddin Paşa 17 Temmuz 1916 tarihinde Hicaz Seferi Kuvvetleri Komutanı olarak atandı. Bu gücün temel birimi, Medine garnizonuydu. Hicaz Seferi Kuvvetleri 1916 yılının sonbaharında 14.000 askerden oluşuyordu.",tur,tur,"[17524.0, 10172.0, 1236.0, 6554.0, 11245.0, 21872.0, 7874.0, 19518.0, 20044.0, 6417.0, 6080.0, 5306.0, 10357.0, 58350.0, 11628.0]"
"Lee Kwang-Soo dizide A-Ro’nın (Go Ara) abisi olan Mak-Moon karakterini canlandırmaktadır. Onun karakteri tek başına bir köyde mütevazı bir şekilde büyür ve orada Moo-Myung (Park Seo-Joon) ile tanışarak yakın arkadaş olur. Bu dostluk sayesinde Moo-Myung daha sonra Sun Woo ismini alır. Ayrıca Moo-Myung, Mak-Moon’un sayesinde A-Ro ile tanışır ve 'Hwarang'lara katılır.",tur,tur,"[20914.0, 16824.0, 2357.0, 8332.0, 13214.0, 30569.0, 10077.0, 31795.0, 32783.0, 9359.0, 7700.0, 7591.0, 18953.0, 77825.0, 19854.0]"
"D'Hondt sistemi, Belçikalı hukukçu ve matematikçi Victor D'Hondt tarafından 1878'de tasarlanmış nispi temsil sistemidir. Türkiye’de 1961’den bu yana –1965 Millet Meclisi genel seçimi ile 1966 Millet Meclisi ara seçimi dışında– bütün milletvekili genel ve ara seçimlerinde d’Hondt sistemi uygulanmıştır; günümüzde de yürürlükte olan sistem budur.",tur,tur,"[24980.0, 14645.0, 1964.0, 13618.0, 16783.0, 29153.0, 14373.0, 28302.0, 27975.0, 10966.0, 8547.0, 8653.0, 15293.0, 78293.0, 17414.0]"
"Mattel has produced a toy line based on the series. For the main figures each is approximately 4 inches tall and packaged with an ordinary day E.V.O. There were also deluxe figures, EVO attack packs, as well as other waves and lines that were never released including a line from MEGA Bloks was announced (in 2010) featuring construction sets.",bul,tur,"[6050.0, 3661.0, 5775.0, 3608.0, 4036.0, 3630.0, 4270.0, 4055.0, 3395.0, 3586.0, 2343.0, 2952.0, 3506.0, 4782.0, 4371.0]"
"Bulaşma oranlarındaki seksüel dimorfizm — Kuru hastalığı en yaygın olduğu zamanlarda kadınlar ve çocuklara erkeklerden 9 kat daha hakimdi — Fore kabilesi erkeklerinin insan eti yemesinin savaş sırasında onları güçsüzleştirdiğini düşündükleri için çocuk ve kadınların prion parçalarının daha yoğun olduğu beyin de dahil ölenlerin bedenlerini yemeye daha eğilimli olmasından dolayıdır. Ayrıca, kadın ve çocuklar akrabalarının ölülerini temizleme görevini üstlendikleri ve ellerinde açık yaralar olabileceğinden dolayı kadın ve çocuklara daha kolay bulaşma ihtimali vardı.",tur,tur,"[27815.0, 18390.0, 1625.0, 10262.0, 17049.0, 40944.0, 12146.0, 38626.0, 38422.0, 10568.0, 10308.0, 9828.0, 19439.0, 114531.0, 21976.0]"
"Mean"""", Taylor Swift'in üçüncü stüdyo albümü Speak Now'da yer almaktadır. Albüm henüz yayınlanmadan önce E! News'in Swift'le yaptığı bir röportajda sanatçı """"yapıcı eleştiriler vardır, prosefyonel eleştiriler. Ve bazende aşağılayıcı olanlar, bunlar sana saldırmayı amaçlayan insanların yazdıklarıdır."""" diyerek şarkının bu kişilere, kendisi tarafından verilen bir cevap olduğunu söyledi. Swift Dose.ca dergisine verdiği röportajda """"Şarkının adı 'Mean'. Eleştirmenler bu şarkıyı dinleyince kötü bir ilişki hakkında yazılmış bir şarkı kategorisine koyacaklardır diye düşünüyorum. Ama gerçeği söylemek gerekirse bu eleştirmenler hakkında."""" diyerek şarkının """"eleştirmenler"""" hakkında yazıldığını teyit etmiş oldu.",tur,tur,"[36956.0, 24457.0, 2718.0, 14084.0, 22999.0, 54385.0, 16875.0, 50309.0, 50672.0, 14587.0, 13758.0, 13477.0, 25694.0, 148651.0, 29609.0]"
"Abelisaurus (anlamı: Abel’in kertenkelesi) Abelisaurus, Geç Kretase Devrinde, Güney Amerika’da yaşamış etobur bir dinozordur. 7-9 m uzunluğa kadar erişebildiği sanılmakla beraber, sadece kısmi bir kafatasından bilinmektedir.",tur,tur,"[16223.0, 10060.0, 1239.0, 6550.0, 10512.0, 20265.0, 8233.0, 18925.0, 19267.0, 7497.0, 6000.0, 6019.0, 10617.0, 52465.0, 12044.0]"
Dönemin yazarları Theodora'nın yönetimdeki etkisini olumsuz yönde açıklamıştır. Prokopius Theodora'nın onun huzuruna çıkacakları saatlerce beklettiğini ve zindanları kendisine muhalif insanlarla doldurduğunu belirtir.,tur,tur,"[12909.0, 8260.0, 941.0, 5217.0, 8509.0, 18207.0, 6285.0, 17302.0, 17056.0, 5099.0, 4900.0, 4378.0, 8783.0, 50490.0, 9989.0]"
EXO 90:2014 EXO üyelerinin 1990ların en ünlü K-pop şarkılarının müzik videolarını tekrar çektikleri realite TV programıdır. Her bölüm 90ların ünlü K-pop idollerinden bazıları programa konuk olur ve EXO ile müzik hakkında konuşurlar.,tur,tur,"[13811.0, 12235.0, 1339.0, 5535.0, 8604.0, 19665.0, 6310.0, 21397.0, 22375.0, 5315.0, 5257.0, 4787.0, 12446.0, 48566.0, 12749.0]"
"Köyde, ilköğretim okulu vardır. 90-100 öğrenciye eğitim verilen okulda 4-5 öğretmen, 2 hizmetli görev yapmaktadır.Millî Eğitim Bakanlığına bağlı olarak çalışan anaokulu 2012 de eğitim vermeye başlamıştır. Köyün içme suyu şebekesi sontaj yöntemiyle elde edilen sudan karşılanmaktadır. Köyde kanalizasyon şebekesi yoktur. PTT şubesi ve PTT acentesi yoktur. Yiyecek, içecek ihtiyaçlarının giderilmesi için köyde 2 bakkal tipi küçük işletme vardır. Sağlık ocağı ve sağlık evi vardır kulanılmamaktadır. Köye ulaşımı sağlayan yol asfalt olup Uluslararası İran-Doğubeyazıt ulaşım hattına 3 km uzaklıktadır. Köyde elektrik ve sabit telefon vardır.",tur,tur,"[42496.0, 26837.0, 2457.0, 15536.0, 26963.0, 59157.0, 19601.0, 54839.0, 53887.0, 15878.0, 14908.0, 13718.0, 28094.0, 159887.0, 31341.0]"
"Roma uygarlığı, kültürel olarak yoğun biçimde ilham ve örnek aldığı Antik Yunan ile birlikte """"klasik antikite""""ye dahil edilir. Antik Roma Batı dünyasındaki hukuk, savaş, sanat, edebiyat, mimari, teknoloji ve dil konularının gelişimine büyük katkıda bulunmuştur ve hâlen de günümüz dünyası üzerinde büyük etkiye sahiptir.",tur,tur,"[17819.0, 11628.0, 1057.0, 7172.0, 11059.0, 25177.0, 9329.0, 23560.0, 23428.0, 7189.0, 6941.0, 6353.0, 12301.0, 69058.0, 13999.0]"
"1941'de kampın kumandanlığına SS-Yüzbaşı Dr.Siegfried Seidl getirildi. Siedl toplama kampının inşası için aileleriyle birlikte buraya yerleşmelerine izin verme vaadi ile çalıştırdığı 342 Yahudiyi, 1943'te Auschwitz-Birkenau'ya gönderdi. Bu Yahudiler aileleriye beraber Auschwitz'e vardıkları anda zehirli gazla öldürüldüler.",tur,tur,"[21644.0, 13367.0, 1671.0, 8778.0, 18136.0, 28443.0, 10481.0, 27363.0, 27091.0, 8013.0, 8734.0, 6867.0, 13692.0, 77310.0, 15642.0]"
"1920'lerde Fransızca """"venez m'aider"""" (okunuşu """"vöne mede"""" anlamı bana yardım etmeye gelin) ya da """"m'aidez s'il vous plait"""" (okunuşu """"mede sil vu ple"""" anlamı bana yardım edin lütfen) cümlelerinden ses olarak ortak kısmı, kısaca ve sadece """"m'aider"""" sözünün ses olarak benzeri ve İngilizcede başka bir anlamı olduğu için kolay hatırlanabilen """"may day"""" (okunuşu """"mey dey"""" anlamı mayıs günü) şeklinde, dillerden bağımsız haberleşme kodu olarak kullanılan, uluslararası gemicilik terimleri arasına girmiştir.",tur,tur,"[32202.0, 19494.0, 2562.0, 23736.0, 20469.0, 41952.0, 20669.0, 40164.0, 39004.0, 15176.0, 12456.0, 13635.0, 21361.0, 111028.0, 23508.0]"
"Molla Nasreddin, (Azerice: Molla Nəsrəddin) 20. yüzyıl başında Celil Memmedguluzade editörlüğünde Azerbaycan Türkçesi ile yayımlanan haftalık siyasi mizah dergisi.",tur,tur,"[15239.0, 7646.0, 1229.0, 5750.0, 8474.0, 16291.0, 6707.0, 13714.0, 14634.0, 5518.0, 7761.0, 4182.0, 8314.0, 40790.0, 9900.0]"
"Western Electric, 1869'da Elisha Gray ve Enos N. Barton Cleveland, Ohio'da bulunan küçük bir imalat firması açtığında başladı. 1880 yılına gelindiğinde, şirket Illinois, Chicago'ya taşınmış ve ABD'deki en büyük elektrik üretim şirketi haline gelmiştir. 1881 yılında Alexander Graham Bell tarafından kurulan ve American Telephone & Telegraph'ın (AT&T) öncülüğünü yapan Amerikan Bell Telephone Company, Western Electric'in kontrolünü ele geçirdi ve onu Bell telefon şirketleri için özel geliştirici ve donanım üreticisi haline getirdi.",tur,tur,"[25179.0, 16724.0, 2841.0, 10449.0, 16628.0, 34088.0, 11960.0, 31895.0, 33022.0, 9426.0, 9573.0, 8434.0, 17118.0, 86967.0, 19591.0]"
"11 Temmuz 2011'de, 2011 San Diego Comic-Con programı, Cartoon Network paneli sırasında Ben 10 ile Generator Rex dizileri arasında """"Ben 10/Generator Rex: Heroes United"""" adlı bir geçiş özel bölümü üzerine konuşulduğunu ortaya çıkardı. Konferans sırasında, dizi yaratıcısı """"Man of Action"""", geçişin Generator Rex'e ek bir özel bölüm şeklinde olacağını ve 25 Kasım 2011'da yayınlanacağını açıkladı. İki kat uzunluktaki özel bölümün konusu, Ben ile Rex'in birlikte savaştığı, Rex'in ağabeyi Caesar tarafından yaratılan bir kötü olan Alpha Nanite etrafında dönmektedir.",tur,tur,"[29846.0, 19672.0, 2922.0, 11910.0, 18450.0, 40551.0, 14239.0, 38065.0, 38904.0, 11562.0, 11169.0, 10095.0, 19856.0, 105219.0, 22966.0]"
Roma İmparatoru I. Theodosius'un 395 yılında ölmesi üzerine imparatorluk ikiye ayrıldı. İtalya bu iki devletten biri olan Batı Roma İmparatorluğu'nun bir parçası haline geldi. Batı Roma İmparatorluğu fazla yaşamadı. 410 yılında Vizigot kralı I. Alarik Roma'yı yağmaladı. En son Roma İmparatoru olan Romulus Augustus 476 yılında Cermen komutanı Odoakr tarafından tahttan indirildi. 493 yılında İtalya Ostrogot kralı Theoderich'in orduları tarafından işgal edildi. 552 yılında Doğu Roma (Bizans) İmparatoru Jüstinianos'un komutanları Belisarius ve Narses Güney ve Orta İtalya'yı ele geçirdiler. 569 yılında ise bir Cermen ulusu olan Lombardlar Kuzey İtalya'da Milano gibi birçok kentleri ele geçirdiler.,tur,tur,"[47550.0, 28205.0, 3535.0, 19232.0, 30529.0, 58274.0, 26887.0, 56042.0, 55609.0, 18095.0, 17933.0, 15590.0, 29287.0, 160256.0, 33642.0]"
"Survivor Series (2016), 20 Kasım 2016 tarihinde WWE tarafından Toronto, Ontario'daki Air Canada Centre'da yapılan, Raw ve SmackDown brandlarına özel, otuzuncu Survivor Series profesyonel güreş WWE Network ve izle ve öde (PPV) etkinliği.",tur,tur,"[12710.0, 8377.0, 1525.0, 5857.0, 7537.0, 15997.0, 7012.0, 15084.0, 15410.0, 5656.0, 4462.0, 4934.0, 8717.0, 38361.0, 9737.0]"
"Pancar (Beta vulgaris), bir çiçekli bitkiler ailesinden olan Amaranthaceae (ıspanakgiller) içinde bulunan Beta cinsinin en bilinen türüdür. Güney İsveç ve Britanya Adaları'ndan başlayarak Avrupa'nın batı ve oradan da tüm Akdeniz kıyılarınca uzanan bir bölgeye has olan pancar, yumru kökleri ve yaprakları ve şeker pancarı gibi çeşitleriyle, ekonomik olarak önemli bir bitkidir.",tur,tur,"[21990.0, 13850.0, 1454.0, 8628.0, 13443.0, 29873.0, 10551.0, 28238.0, 27882.0, 8905.0, 8116.0, 7694.0, 15097.0, 82732.0, 16643.0]"
"Leesburg, Amerika Birleşik Devletleri'nin Virginia eyaletinde yer alan ve Loudoun ilçesinde yer alan bir şehirdir. 26 Kasım 2009 tarihinde yapılan bir nüfus sayımına göre şehrin nüfusunun 47,673 olduğu tespit edilmiştir.",tur,tur,"[15678.0, 10238.0, 1305.0, 6484.0, 10286.0, 19978.0, 7808.0, 18360.0, 18427.0, 6714.0, 5908.0, 5188.0, 10833.0, 47257.0, 11663.0]"
"Şiddet sadece dayak şekli değildir.Tehdit,zorlama,hapsetme,cinsel şiddet ve psikolojik baskı şekillerinden biridir.Şiddet ailelere büyük zarar verebilir ve ruhsal,fiziksel acılara yol açabilir.Şiddetin anlayışla karşılanması söz konusu olamaz.Avusturya'da şiddet cezayı gerektiren bir suçtur.Birçok ülkede son yıllarda şiddetten korunma yasaları çoğalmıştır.Mayıs 1997'de yürürlüğe giren """"Şiddetten korunma yasası""""şiddete mağruz kalan kişilerin şiddeti uygulayanı derhal konuttan uzaklaştırma ve para cezası yoluyla korunmasını sağlamaktadır.",tur,tur,"[40132.0, 23816.0, 2196.0, 14073.0, 26439.0, 53084.0, 17536.0, 48925.0, 48208.0, 14663.0, 14430.0, 12110.0, 25589.0, 146188.0, 28708.0]"
Uçuş emniyeti ve telsiz disiplini açısından doğru acil durum çağrısını yapmak çok önemlidir. Havacılıkta mayday çağrısı gerektiren durumlara örnek olarak şunlar verilebilir:,tur,tur,"[11265.0, 6382.0, 613.0, 4317.0, 6493.0, 14613.0, 5204.0, 13099.0, 13230.0, 4895.0, 4107.0, 3708.0, 7089.0, 39978.0, 8014.0]"
"Kırıkkale Üniversitesi Güzel Sanatlar Fakültesi, 2008-2009 eğitim-öğretim yılında ilk kez eğitim vermeye başlayan, Kırıkkale Üniversitesi'ne bağlı bir fakültedir. Fakülte, 4 bölümde ve 9 anabilim dalında eğitim vermektedir.",tur,tur,"[14833.0, 10210.0, 1065.0, 5813.0, 10029.0, 21275.0, 7301.0, 20004.0, 19807.0, 5781.0, 5541.0, 4576.0, 10268.0, 57474.0, 11304.0]"
"Erkek Sanat Enstitüsü mezunudur. Antalya Ticaret Borsası Yönetim Kurulu Başkanlığı, TBMM XXII. Dönem Antalya Milletvekilliği yapmıştır. Evli ve dört çocuk babasıdır.",tur,tur,"[11294.0, 6804.0, 685.0, 4307.0, 7599.0, 14174.0, 5478.0, 13394.0, 13510.0, 4389.0, 3810.0, 3661.0, 6998.0, 40055.0, 7934.0]"
"Britanya Kolombiyası: Nadoten-Vetsuvetenler, Çilkotinler, Dakeller, Kaskalar, Nikolalar, Sekaniler, Danezalar, Denetalar, Tagişler, Tahltanlar, Tsetsautlar",tur,tur,"[14825.0, 6791.0, 1190.0, 5181.0, 8695.0, 13742.0, 5843.0, 12041.0, 12725.0, 5704.0, 6208.0, 4167.0, 7423.0, 36532.0, 8616.0]"
"Dizinin geçtiği zamandan beş yıl önce, devasa bir patlama atmosfere Dünya'daki neredeyse her canlıyı etkileyen, yüksek dozda nanite'ı serbest bıraktı. Bu nanite'lar rastgele bir şekilde konakladıkları canlıda etkinleşerek, kişinin E.V.O. (""""Ekstrem Varyasyonlu Organizma"""") olarak bilinen canavarlara dönüşmesine neden olur. E.V.O.lardan bazıları insan seviyesinde akıl, zeka, hafıza ve özel E.V.O. yeteneklerinin tamamını kontrolünü elinde tutarken, çoğunluğu ise şiddet saçarak çılgına döner ve geniş alanda kaosa ve yıkıma sebep olur. Providence olarak bilinen uluslararası bir kuruluş, E.V.O. tehdidi ile dövüşmek için bulunur.",tur,tur,"[37758.0, 24513.0, 2574.0, 14113.0, 23372.0, 54194.0, 17270.0, 51304.0, 50814.0, 14851.0, 13800.0, 13071.0, 26173.0, 149562.0, 29263.0]"
"Martins, küçük yaşta oynamaya başladığı FC Internazionale Milano'da yıldızı parlayıp 2006/2007 sezonunda Emre Belözoğlu ile Newcastle United'a transfer olmuş forvet oyuncudur. Atletikliği ve Adriano ile oluşturduğu ikiliyle adından söz ettirmiştir. Newcastle United'da en iyi oyuncu seçilmiştir. Sol ayaklı futbolcu gol sonrası yaptığı taklalarıyla da tanınır. 2009-2010 sezonunda Wolfsburg takımında forma giymiştir. 2010-2011 sezonunda ise Rubin Kazan takımına transfer olmuştur.",tur,tur,"[28245.0, 17859.0, 2339.0, 12888.0, 18772.0, 38021.0, 17410.0, 36157.0, 35908.0, 14854.0, 10650.0, 11919.0, 18400.0, 99691.0, 20731.0]"
"Şimdi süre iki hafta uzamıştı, Michael kaçış planının tekrar gözden geçirebilirdi. Bu sefer takım psikiyatri koğuşunu kullanmalıydı. Planın en büyük kusuru yola yukardan devam etmeleri gerekiyordu. Bu tehlikeyi göze alırlar. Ne olursa olsun, Michael, hücre arkadaşının kuzeninden bir gardiyan üniforması almalıydı , O çamaşırhanede çalışıyordu, bu kıyafetle geceleyin boruların araştırmak için keşif yapacaktı.",tur,tur,"[24369.0, 14781.0, 1431.0, 9094.0, 14976.0, 34841.0, 11123.0, 31625.0, 31329.0, 9531.0, 9225.0, 8622.0, 16410.0, 97448.0, 18777.0]"
"Coupe karoseri üretime alınmıştır. Aynı motora sahip, fakat dikdörtgen şeklinde ve daha büyük ön farları vardı ve salon gövdedeki kare farlardan daha iyiydi.",tur,tur,"[9499.0, 4743.0, 546.0, 4869.0, 5713.0, 11386.0, 4879.0, 10924.0, 10632.0, 3756.0, 4134.0, 3228.0, 5681.0, 32162.0, 6367.0]"
"8 Kasım SmackDown bölümünde Bryan, Kıtalarası Şazmpiyonluğu kemerinin Raw'a karşı korunacağını açıkladı. Foley bunu kabul etti ve herhangi bir SmackDown güreşçisinin de Raw'ın WWE Yarıağırsiklet Şampiyonluğu kemeri için meydan okuyabileceğini söyledi. Bryan, daha sonra WWE Yarı Ağrsiklet Şampiyonu The Brian Kendrick'e karşı SmackDown'dan Kalisto'nun yer alacağını açıkladı. Buna ek olarak eğer Kalisto kazanırsa Yarıağırsiklet liginin Raw'dan SmackDown'a geçeceğini söyledi. 14 Kasım Raw bölümünde Kendrick, yarı ağır siklet güreşçilere Kalisto'yu yeneceğini, böylelikle kemeri ve ligi Raw'da tutacağını söyledi. Ancak, tüm güreşçiler onunla tartıştı. Özellikle Kalisto'nun eski takım arkadaşı Sin Cara, Kalisto'nun daha iyi bir şampiyon olacağını söyledi. Daha sonra Kendrick ve Sin Cara birbiriyle karşılaştı. Kendrick, Sin Cara'yı pes ettirerek maçı kazandı.",tur,tur,"[46897.0, 30178.0, 3601.0, 18518.0, 28981.0, 68579.0, 22560.0, 63662.0, 63923.0, 19206.0, 16718.0, 17326.0, 32884.0, 188237.0, 37681.0]"
"Grant Bristol City'de oynayan profesyonel bir futbolcu idi. On dokuz yaşındayken arkadaşı onu Fruity Loops adlı program ile tanıştırdı ve müzik prodüktörlüğü kariyeri bu şekilde başladı. O dönemde batı Londra'daki Thames Valley Üniversitesi'nde okuyan Grant, ikinci senesinde okulu bıraktı.",tur,tur,"[14895.0, 9058.0, 1293.0, 5948.0, 9369.0, 20459.0, 6978.0, 19353.0, 19296.0, 6103.0, 5453.0, 5357.0, 9553.0, 56410.0, 10881.0]"
"Çekimlerinin tamamı Fas'ta gerçekleştirilen """"Günaha Son Çağrı"""" 70 mm geniş format negatife 6 kanallı ses sistemiyle çekilmiştir. Görüntü yönetmeni Michael Ballhaus'tur.",tur,tur,"[11835.0, 7259.0, 797.0, 5265.0, 8100.0, 15991.0, 6156.0, 15284.0, 14948.0, 5149.0, 4430.0, 4165.0, 7552.0, 43923.0, 8717.0]"
"23 Ekim 2008 tarihinde Zefiro 9'un, değiştirilmiş bir ateşleme çıkışına/memesine (nozzle) sahip olan gelişmiş bir uyarlaması (Zefiro 9-A) başarıyla test edilmiştir.",tur,tur,"[11193.0, 6874.0, 1063.0, 5105.0, 6855.0, 14197.0, 7008.0, 13802.0, 13559.0, 5027.0, 4420.0, 4312.0, 7189.0, 38253.0, 8003.0]"
"Mateusz Ponitka (d. 29 Ağustos 1993, Ostrów Wielkopolski, Polonya), Türkiye takımı Pınar Karşıyaka'da oynayan Polonya'lı millî profesyonel basketbolcu. 1.96 boyundaki Ponitka, Şutör gard olarak oynasa da Kısa forvet olarak da oynayabilmektedir.",tur,tur,"[21669.0, 10484.0, 1479.0, 8287.0, 12770.0, 20795.0, 11313.0, 19346.0, 19857.0, 8675.0, 9938.0, 7089.0, 11685.0, 53040.0, 13541.0]"
Philippos değersiz bir kuklaydı; ama onunla birlikte on bir kuşaklık Seleukos hanedanı son bulmuştur ve bu hanedan Helenistik dünyanın en güçlü hükümdarlarının bir kısmını yetiştirmiştir.,tur,tur,"[10891.0, 6811.0, 773.0, 4025.0, 6763.0, 15135.0, 4872.0, 14229.0, 14001.0, 4082.0, 4102.0, 3512.0, 7286.0, 42532.0, 8293.0]"
"Etkinliğin dördüncü maçında şampiyon The Brian Kendrick, Kalisto ile WWE Yarıağırsiklet Şampiyonluğu maçına çıktı. Baron Corbin'in maça karışıp önce Kendrick'e vurmasıyla ve Kalisto'ya End of Days ile saldırmasıyla Kendrick, maçı diskalifiye ile kazanmış oldu.",tur,tur,"[15666.0, 9532.0, 1277.0, 6558.0, 10115.0, 21826.0, 7784.0, 20164.0, 19989.0, 6451.0, 5835.0, 5657.0, 10338.0, 59988.0, 11993.0]"
"Probiştip (Makedonca: Пробиштип, Probištip), Makedonya'nın kuzeydoğusunda bulunan kasaba ve belediye merkezidir. Probiştip’te akümülatör fabrikası, Türk firmalarının yatırımlarından biri olmuştur.",tur,tur,"[21832.0, 8516.0, 1119.0, 6562.0, 9809.0, 17429.0, 8650.0, 16017.0, 16317.0, 6591.0, 8112.0, 5207.0, 9524.0, 47148.0, 10709.0]"
"İlk sayı 7 Nisan 1906’da çıktı. 1000 adet basılan ilk sayıdan itibaren halktan büyük ilgi gördü. İlk sayının ön kapağında, uyuyan Müslümanları uyandırmaya çalışan Molla Nasreddin tasvir edilmekteydi. Celil Memmedguluzade’nin “Molla Nasreddin” takma adı ile yazdığı “Sizi Deyib Gelmişem” başlıklı yazıda derginin varoluş gayesi açıklandı.",tur,tur,"[25632.0, 15492.0, 1633.0, 9502.0, 15693.0, 35124.0, 11621.0, 31777.0, 31307.0, 9648.0, 10897.0, 8259.0, 16404.0, 94662.0, 18618.0]"
"Arianespace şirketi Vega fırlatma aracının, 700 km (430 mi) yükseklikteki bir dairesel kutup yörüngesine 1500 kilogram (3300 lb) kadar yük çıkarabildiğini belirtmektedir.",tur,tur,"[12557.0, 7483.0, 1005.0, 5529.0, 7662.0, 15348.0, 6346.0, 13851.0, 14461.0, 5212.0, 5204.0, 4175.0, 7872.0, 37045.0, 8747.0]"
"Elefteria Elefteriu (Yunan: Ελευθερία Ελευθερίου, 12 Mayıs 1989, Paralimni), Kıbrıs Rumu şarkıcı. 2012 Eurovision Şarkı Yarışması'nda Yunanistan'ı """"Aphrodisiac"""" adlı şarkısıyla temsil etmiş ve yarışmayı 17.lik ile tamamlamıştır.",tur,tur,"[22503.0, 11449.0, 1809.0, 9401.0, 12482.0, 22552.0, 12428.0, 19822.0, 20731.0, 10025.0, 8811.0, 8173.0, 13041.0, 53050.0, 14734.0]"
Aktör 25 Aralık 2003 tarihinde Joaquin Phoenix'in kardeşi aktris Summer Phoenix ile nişanlanmış ve çiftin 31 Mayıs 2004'te Indiana August isminde bir oğulları olmuştur. Çift daha sonra 3 Haziran 2006'da evlenmiştir.,tur,tur,"[14227.0, 9281.0, 1342.0, 5680.0, 8636.0, 19003.0, 6965.0, 17207.0, 17408.0, 6038.0, 5314.0, 4927.0, 9396.0, 46093.0, 10708.0]"
"Bolşeviklerin Orta Asya'da güçlenmesiyle 1919'da Sovyet gücü bölgede kabul gördü ve Rusya Sovyet Federatif Sosyalist Cumhuriyeti içinde Kara-Kırgız Özerk Bölgesi oluştu. Kara-Kırgız terimi 1920'lerin ortasında Ruslar onları aynı zamanda Kırgız olarak bakılan Kazaklardan ayırıncaya kadar kullanılmıştır. 5 Aralık 1936'da Kırgız Sovyet Sosyalist Cumhuriyeti, tam bir Sovyetler Birliği cumhuriyeti olarak kabul görmüştür.",tur,tur,"[33149.0, 19198.0, 2061.0, 11578.0, 19034.0, 39829.0, 13497.0, 37208.0, 37913.0, 10753.0, 19455.0, 9176.0, 20314.0, 110349.0, 23488.0]"
"Kişi içgüdüsel isteklerin doyuma kavuşturulmasını olanaklı kılamıyorsa, birey yerdeş doyumlara ya da sublimasyon (hasta süsü verme) yoluna başvurularak içgüdüsel gerilimde bir hafifleme sağlanabilir. Yalnız bu ancak toplumsallaştırılma sürecinde kişinin kazanabileceği bir yetenektir.",tur,tur,"[19188.0, 11231.0, 1024.0, 7191.0, 12404.0, 26196.0, 8978.0, 24264.0, 23590.0, 7821.0, 7132.0, 7472.0, 12644.0, 72141.0, 14581.0]"
"11 Haziran 2012'de Apple Worldwide Developers Conference (WWDC) sırasında Apple, Apple Haritaların ilk sürümünü ilan etti ve uygulamanın iOS 6 ve sonraki sürümlerinde varsayılan web eşleme hizmeti olarak Google Haritalar'ın yerini alacağını açıkladı. Apple ayrıca, uygulamanın turn-by-turn navigasyon, 3D haritalar, Flyovers ve sanal asistan Siri'yi de içereceklerini açıkladı. Ayrıca Apple, iPhone kullanıcılarının kilitli ekrandayken Apple Haritalar'da gezinebileceğini belirttiler. Haritalama servisi 19 Eylül 2012'de yayımlandı. Apple Haritalar piyasaya sürülmesinin ardından eleştirildi ve Apple'ın CEO'su Tim Cook tarafından Eylül ayı sonlarında kamuoyunun özür dilemesine ve Apple'ın iki kilit çalışanın devrilmesine neden oldu. Tim Cook, Apple'ın kısa düştüğünü ve şirketin haritalama hizmetini iyileştirmek için her türlü çabayı gösterdiğini söyledi. Cook, memnuniyetsiz kullanıcıların Bing Haritalar, MapQuest, Waze, Google Haritalar ve Here gibi rakip haritalama uygulamalarını kullanabileceğini de önermişti.",tur,tur,"[53770.0, 35187.0, 4249.0, 20495.0, 33647.0, 76704.0, 24205.0, 71135.0, 71943.0, 19718.0, 19553.0, 18101.0, 37026.0, 208079.0, 42527.0]"
"Avrupa da 17. yy başlarında paranın çoğu mal-para (özellikle altın ya da gümüş) idi. Fakat en azından 500 yıldır madene dayalı paralar (banknot) hem Avrupa'da hem de Asya'da kullanılıyor ve kabul görüyordu. Ortaçağ Avrupa Tapınak Şövalyeleri belki de bir merkez bankasının en iyi bilinen erken prototipini oluşturdular. Taahhütleri geniş ölçüde kabul ediliyordu ve üstlendikleri birçok faaliyet, günümüz çağdaş bankacılık sistemine önderlik etti. Yaklaşık olarak aynı zamanlarda Çin, Moğol hakanı Kubilay Han sayesinde kâğıt (fiat) parayı tanımıştır.",tur,tur,"[34872.0, 21571.0, 2059.0, 12964.0, 21707.0, 47728.0, 16226.0, 43774.0, 43866.0, 13063.0, 12997.0, 11498.0, 22999.0, 132227.0, 26155.0]"
"Nearby"""" özelliği, iOS 9'a ve watchOS 2.2'ye özeldir. Arama menüsünde """"gıda"""" ve """"ulaşım"""" gibi farklı kategorilerin simgelerini gösterir. Her bir simgeyi tıkladıktan sonra, o kategorideki yakın ilgi noktaları, Yelp'deki adları, mesafeleri ve yorumlarıyla birlikte gösterilir. Ayrıca, haritadaki bu yerlerin yerlerine pimler görünür. Turn-by-turn navigasyon, Nearby ile de aktive edilebilir. IOS 9, 16 Eylül 2015'te piyasaya çıktığında, yalnızca Amerika Birleşik Devletleri'nde ve Çin'de mevcuttu, ancak Ekim 2015'in sonuna kadar Avustralya, Kanada, Almanya ve Fransa'yı kapsayacak şekilde genişletildi. 2016'da, Nearby, Avusturya, Danimarka, Finlandiya, Japonya, Hollanda, İsviçre ve Birleşik Krallık'a eklendi.",tur,tur,"[46333.0, 31041.0, 3515.0, 17371.0, 28426.0, 64267.0, 21089.0, 60100.0, 60853.0, 16446.0, 17245.0, 14383.0, 32298.0, 175158.0, 36116.0]"
"Dikilitaş ilk olarak Mısır firavunu III. Tutmosis tarafından MÖ 15. yüzyılda yaptırılmış ve Karnak tapınağının yedinci pilonunun güneyine dikilmişti. Roma imparatoru II. Constantius MS 357 yılında dikilitaşı tahtta bulunuşunun 20. yılı onuruna Nil ırmağı üzerinden İskenderiye şehrine getirtti. Daha sonra, MS 390 yılında imparator I. Theodosius dikilitaşı gemi ile İstanbul'a getirterek Hipodrom'da şimdiki yerine diktirdi.",tur,tur,"[30899.0, 19064.0, 2088.0, 12490.0, 19288.0, 40291.0, 15762.0, 38032.0, 37556.0, 11800.0, 11355.0, 9975.0, 19670.0, 110708.0, 22427.0]"
İnaloğulları Beyliği veya Yinaloğulları Beyliği 1098-1183 tarihleri arasında Amid (Diyarbakır) ve çevresinde küçük bir bölgede hüküm süren Türk beyliğidir.,tur,tur,"[12772.0, 8007.0, 965.0, 5056.0, 7898.0, 16343.0, 6239.0, 15418.0, 15186.0, 4950.0, 4736.0, 4085.0, 8094.0, 44326.0, 9037.0]"
"Serinin en agresifi olan ZS'lerin sınırlı üretim versiyonu olan ZS 2'den 1000 tane üretilmiştir. 96 beygir güç üretmekte olan 1.4 motora sahip olan ZS 2'ler, 1979 yılına özgü olarak anılmıştır. Bunlarla beraber toplam üretim sayısı 1 milyon 624 bin 992 adet olarak değerlendirilmiştir.",tur,tur,"[20138.0, 13299.0, 1416.0, 8858.0, 13520.0, 27512.0, 10636.0, 26441.0, 26190.0, 8357.0, 7621.0, 7406.0, 13840.0, 70546.0, 14989.0]"
"Dünyanın en eski merkez bankası, Hollandalı bir işadamının yardımıyla 1668 yılında İsveç'te kurulan Riksbank'tır. Bunu, İngiliz hükûmetinin savaş için yardım ödemesi yapmasını istemesi üzerine İskoç işadamı Willieam Peterson tarafından 1694'te Londra'da kurulan İngiltere Bankası (Bank of England) izlemiştir. Bulgar Ulusal Bankası 25 Ocak 1879'da kurulmuştur. FED ise Glass-Owen Bill'in kongreden geçmesi ve Başkan Woodrow Wilson'ın 23 Aralık 1913 tarihindeki onayıyla kurulmuştur.",tur,tur,"[32443.0, 19643.0, 2626.0, 12506.0, 21224.0, 40226.0, 14497.0, 37931.0, 38633.0, 11297.0, 12865.0, 9468.0, 20120.0, 106866.0, 22422.0]"
"Köyde ilköğretim okulu vardır. Köyün içme suyu şebekesi vardır, ancak kanalizasyon şebekesi yoktur. PTT şubesi vardır, ancak PTT acentesi yoktur. Sağlık ocağı ve sağlık evi yoktur. Köye ulaşımı sağlayan yol asfalt olup köyde elektrik ve sabit telefon vardır.",tur,tur,"[17660.0, 10152.0, 957.0, 6154.0, 10775.0, 22722.0, 7719.0, 21034.0, 20523.0, 6303.0, 6378.0, 5799.0, 10797.0, 62461.0, 12241.0]"
"Kuru"""" tabiri hastalığın klasik semptomlarından biri olan vücudun titremesine referans olarak Fore kelimesi """"kuria/guria"""" (""""titremek"""") dan gelmiştir. Kuru'ya yakalanan insanların patolojik ani kahkahalar atmasından dolayı hastalık Fore halkı arasında """"gülme hastalığı"""" olarak da bilinir. Hastalığın Papua Yeni Gine Fore kabilesinin üyeleri arasında cenaze yamyamlığı vasıtasıyla bulaştığı kabul görülmektedir.",tur,tur,"[23663.0, 14808.0, 1451.0, 8623.0, 14152.0, 32082.0, 10619.0, 30238.0, 29627.0, 8977.0, 8412.0, 7648.0, 15758.0, 86843.0, 17786.0]"
"Robson, David, Dorothy Pooley, ve Helena Hughes. The Air Pilot's Manual 7: Radiotelephony. 3ncü baskı. Cranfield. Aviation Theory Centre, 2009.",tur,tur,"[9011.0, 4286.0, 2121.0, 4304.0, 5172.0, 7686.0, 5192.0, 6647.0, 7001.0, 4794.0, 3443.0, 3466.0, 5271.0, 15070.0, 6030.0]"
"bu köy çok yamaç ve kayalık olduğu için adı taştepe olarak kalmıştır. civar köyler tarafından da kabul edilen yörük köyü olmakla birlikte, suyunun yumuşaklığı ve içim kolaylığı özelliğiyle çok tercih edilmektedir.",tur,tur,"[11381.0, 7477.0, 717.0, 4609.0, 7120.0, 17135.0, 5585.0, 16139.0, 15480.0, 4753.0, 4118.0, 3991.0, 8310.0, 46519.0, 8842.0]"
"Şam'daki işlerinden atılan idareciler Mısır'a gidip Melik Aziz Osman'a kardeşinin tutumundan şikayetçi oldular ve Aziz Osman'ın Şam'a gidip idareyi ele almasını teşvik ettiler. Mayıs 1194'de Melik Aziz Osman ordusuyla Suriye'ye girip Şam'ı kuşatmaya başladı. Efdal, şehir halkının kendine destek vermeyeceğini anlayınca, amcası olan Adil'den yardım istedi. Adil de, Efdal'ın koruyucusu rolüne girerek, Melik Aziz Osman ile Efdal arasında arabuluculuk yapip iki kardeş arasında bir anlaşma yapılmasını sağladı ve Malik Aziz Osman tekrar Mısır'a çekildi.",tur,tur,"[36292.0, 22278.0, 2278.0, 14636.0, 22338.0, 51127.0, 17505.0, 45530.0, 46022.0, 14387.0, 12858.0, 11635.0, 23189.0, 139536.0, 26901.0]"
Fakir ailelerin çocukları zengin olan ailelerin çocuklarıyla ve onların sahip oldukları imkânlarla yüzyüze gelince bir eksiklik hissetmektedirler ve bunu da ailelerine yansıtmaktadırlar ve giderek saldırgan tutum sergilemektedirler.,tur,tur,"[12764.0, 8075.0, 766.0, 5025.0, 8554.0, 19270.0, 6251.0, 16892.0, 16438.0, 5334.0, 4786.0, 4287.0, 8897.0, 50295.0, 9928.0]"
"Meslek ilkelerini belirlemek suretiyle üyelerin birlik ve mesleğin gerektirdiği vakar ve disiplin içinde ekonominin ihtiyaçlarına uygun olarak çalışmalarını sağlamak,",tur,tur,"[9145.0, 5850.0, 542.0, 4006.0, 6008.0, 12995.0, 4573.0, 12135.0, 11902.0, 3956.0, 3476.0, 3164.0, 6232.0, 35306.0, 6968.0]"
"Türkçede İngilizce'deki prickly pears (dikenli armutlar) adına benzer şekilde topluca dikenli incirler adı ile anılan türleri içeren Opuntia ve İspanyolcada cholla ortak adı ile anılan türleri içeren Cylindropuntia alt cinslerine ayrılan bu cinsin tipik türü, Türkçede """"Eşek inciri"""", """"Hint inciri"""", """"Frenk inciri"""", """"dikenli incir"""" ya da halk ağzında """"kaynandili"""" olarak anılan Opuntia ficus-indica'dır.",tur,tur,"[27231.0, 16443.0, 2139.0, 10687.0, 16485.0, 35610.0, 13949.0, 34154.0, 33291.0, 11876.0, 10037.0, 10448.0, 17770.0, 98564.0, 20249.0]"
"Bir web uygulama güvenlik duvarı (veya WAF), bir web uygulamasına giden ve uygulamadan gelen tüm HTTP trafiğini filtreler, inceler ve bloklar. Bir WAF ürününün normal bir güvenlik duvarından farkı, sıradan güvenlik duvarları sunucular arasında bir güvenlik geçidi olarak hizmet verirken, WAF ürününün istediği web uygulamalasına ait içeriği filtreleyebilmesidir. HTTP trafiğini inceleyerek, SQL Enjeksiyonu, Siteler Arası Betik Çalıştırma (XSS) ve güvenlik yanlış yapılandırmaları gibi güvenlik zafiyetlerinden kaynaklanan saldırıları engelleyebilmektedir.",tur,tur,"[28512.0, 18242.0, 1873.0, 10244.0, 17556.0, 39885.0, 12231.0, 37312.0, 37384.0, 9913.0, 10298.0, 9123.0, 19593.0, 111473.0, 22077.0]"
"Een beetje (Biracık), 1959 yılında Eurovision Şarkı Yarışması'nda birinciliği elde eden şarkıdır. Teddy Scholten tarafından Flemenkçe seslendirilen şarkı, Hollanda'ya yarışmadaki ilk dört yılında ikinci birinciliğini getirdi. Şarkı toplamda 21 puan aldı.",tur,tur,"[16199.0, 9877.0, 1220.0, 7641.0, 12583.0, 20497.0, 8610.0, 19904.0, 19794.0, 6486.0, 5995.0, 5456.0, 10146.0, 55683.0, 11809.0]"
"Tepe sınıfı fırkateyn, Türk Deniz Kuvvetleri'ne ait eski fırkateyn sınıfı. ABD Deniz Kuvvetleri'nden devredilen Knox sınıfı fırkateynlerden oluşur. Bu fırkateyn sınıfı, sınıfta bulunan son geminin de emekliye ayrılmasından sonra 2012 yılının sonundan itibaren Türk Deniz Kuvvetleri'nden çıkarıldı.",tur,tur,"[18701.0, 12338.0, 1188.0, 7169.0, 12125.0, 26073.0, 8919.0, 24747.0, 25031.0, 7231.0, 6853.0, 5784.0, 12838.0, 72343.0, 14536.0]"
"Apple'ın Yazılım Mühendisliği'nden sorumlu Kıdemli Başkan Yardımcısı Craig Federighi 8 Haziran 2015'te WWDC sırasında, iOS 9'daki Apple Haritalar'ın yeni sürümünün birçok küresel şehirdeki toplu taşıma hakkında bilgi sahibi olacağını açıkladı. İşlev, OS X El Capitan ve watchOS 2 için de mevcuttu. Buna ek olarak, Apple, """"Nearby"""" işlevini ekledi; bu, yakın kategorideki ilgi çekici noktaları çeşitli kategorilerde gösteriyor. Güncelleme ile, uygulama trafiğin gecikmesi durumunda bir dolambaçlı yol seçer. İşletim sistemlerinin üç yeni sürümü Eylül 2015'te kullanıma girdi. Apple, haritalama uygulamasını daha da geliştirmek için 2015 yılında birkaç şirket satın aldı. İlkbaharda, Apple aynı zamanda Yüksek Dürüstlük GPS ile kesin konum verilerini sağlayan Coherent Navigation'i ve o yılın başında kurulu olan şirket olan Mapsense'i satın aldı. İkincisi büyük miktarlarda konum verilerini düzenlemek için yazılım geliştirdi.",tur,tur,"[51238.0, 33367.0, 3951.0, 19190.0, 31921.0, 70932.0, 22625.0, 66003.0, 67295.0, 17885.0, 19083.0, 16185.0, 34208.0, 192207.0, 39282.0]"
"Toruń'un Orta Çağ Kenti (Lehçe: zespół staromiejski Torunia), Toruń şehrinin en eski tarihi bölgesidir. Polonya'daki Dünya Mirası Alanlarından biridir. 1997'de eklenmiştir. UNESCO'ya göre, """"orijinal sokak modelini ve olağanüstü erken binaları koruyan ve Orta Çağ yaşam biçiminin son derece eksiksiz bir resmini sağlayan tarihi bir küçük ticaret kenti"""" olarak değerlendirilmiştir. Orta Çağ kenti, 60 hektarlık bir alana ve 300 hektarlık bir tampon bölgeye sahiptir. Toruń'un Orta Çağ Kenti; Toruń Eski Kenti, Toruń Yeni Kenti ve Toruń Kalesi'nden oluşmaktadır.",tur,tur,"[42023.0, 22815.0, 2560.0, 15430.0, 25418.0, 48104.0, 19165.0, 45156.0, 46694.0, 14088.0, 19706.0, 11535.0, 24610.0, 133623.0, 28302.0]"
"Başkan Josip Broz Tito, televizyondaki konuşmaları sırasında, öğrencilerin taleplerini dile getirerek, """"öğrencilerin haklı olduğunu"""" söyledi. Taleplerinin kabul edileceğini düşünen öğrenciler protestoları yavaş yavaş bitiriyordu. Daha sonra protesto liderleriyle görüştü.",tur,tur,"[16528.0, 8638.0, 917.0, 5434.0, 9501.0, 19203.0, 7057.0, 18371.0, 18107.0, 5736.0, 7430.0, 5473.0, 9098.0, 53721.0, 10529.0]"
"Vorskla Nehri Muharebesi, 12 Ağustos 1399 tarihinde Altın Orda kuvvetleri ile Litvanya'yı yöneten Vytautas arasındaki çarpışmadır. Muharebe, Altın Orda hanı Timur Kutluğ ve emir Edigü ile eski Altın Orda hanı Toktamış, Vytautas Grandükü, Litvanya Büyük Dükalığı kuvvetleri ve Töton Şövalyeleri'nden oluşan birlikler arasında yaşanmıştır. Vytautas'ın mağlubiyetiyle sonuçlanarak Güney Rusya'ya yönelik yayılma girişimlerini sona erdirmesini sağlamıştır.",tur,tur,"[33710.0, 19466.0, 2304.0, 12048.0, 20780.0, 40338.0, 14313.0, 37265.0, 38075.0, 11433.0, 18138.0, 9472.0, 19825.0, 108709.0, 23226.0]"
"Hazar Denizi'nin güneyindeki Taberistan'ın Kuh’a köyünde doğdu. Kuhi, astronomi için kullanılan rasad aletlerini imal etmekle ve çok hassas astronomik hesaplamalar ortaya koymakla tanındı.",tur,tur,"[12382.0, 7343.0, 820.0, 4772.0, 7524.0, 16968.0, 5819.0, 15143.0, 15084.0, 4762.0, 4626.0, 4137.0, 7913.0, 44568.0, 9060.0]"
"Alcatel, Çinli elektronik şirketi TCL Corporation'ın lisansıyla kullanılmış bir mobil el cihazları markasıdır. Alcatel markası, Alcatel-Lucent tarafından cep telefonları ve cihazlar için TCL'ye lisanslandı ve bu lisans 2024 yılının sonunda sona eriyor. Nokia, 2016 yılında Alcatel-Lucent varlıklarını satın aldığında, Alcatel markası için lisans anlaşmaları da yaptı.",tur,tur,"[19566.0, 12786.0, 1702.0, 9464.0, 11676.0, 27025.0, 10196.0, 24725.0, 25236.0, 7982.0, 7611.0, 6850.0, 13152.0, 70589.0, 14756.0]"
"NGC 1786, Yeni Genel Katalog'da yer alan bir Açık yıldız kümesidir. Gökyüzünde Kılıçbalığı takımyıldızı yönünde bulunur. İngiliz astronom John Herschel tarafından 1834 yılında 47,5 cm (18,7 inç) çaplı aynalı tip bir teleskopla keşfedilmiştir.",tur,tur,"[19934.0, 12634.0, 1536.0, 8322.0, 12884.0, 23570.0, 10232.0, 21778.0, 22013.0, 8260.0, 8677.0, 6751.0, 13296.0, 54833.0, 14712.0]"
"En eski insan kemikleri Hamamatsu'da bulunmuş olup radyokarbon tarihleme yöntemi ile fosillerin 14,000-18,000 yıl öncesine kadar dayanmakta olduğunu göstermektedir. Ayrıca bu dönemde yaklaşık MÖ 30,000 yıla dayanan dünyada bilinen en eski taş ve cilalı taş aletler icat edilmiştir.",tur,tur,"[18748.0, 12337.0, 1339.0, 7368.0, 11846.0, 24802.0, 8981.0, 25184.0, 24368.0, 6955.0, 6834.0, 6562.0, 12952.0, 65228.0, 14222.0]"
"Her glikojen molekülü, birbirine bağlı yüzlerce glikoz molekülünden oluşan karmaşık bir yapıdadır. Glikojen, bir nevi glikoz külçesidir.Enzimler tarafından çok hızlı yapılıp parçalanan glikojen, bakteriler, mantarlar ve birçok hayvanda enerji depolanmasını sağlar. Omurgalılarda insülin hormonu karaciğerde ve kaslarda glikojen oluşumunu hızlandırır, glükagon ve adrenalin (epinefrin) hormonlarıysa, glikojenin yıkımına ve glikoz açığa çıkmasına neden olur.",tur,tur,"[30800.0, 18156.0, 1720.0, 11211.0, 19327.0, 40060.0, 15315.0, 37512.0, 36839.0, 11663.0, 11056.0, 9839.0, 19252.0, 108790.0, 21988.0]"
"Dean Bel Aire (1983-1984) — üzerinde iki adet tek, bir adet çift (humbucker) sarmalı manyetik bulunan 22 perdeli ve Fender tipi tremololu bir seri üretim gitarı. Yalnızca 1 sene boyunca üretilmiştir.",tur,tur,"[11770.0, 7201.0, 1631.0, 4993.0, 7627.0, 14594.0, 6058.0, 14669.0, 14125.0, 4929.0, 4595.0, 4605.0, 7808.0, 37844.0, 8691.0]"
"Peugeot 104, aslında Peugeot Efsane Kuşağı'nın 6. ürünüdür. Bu efsanenin diğer sürümleri 1972 öncesi 201, 301, 402, 504 ve 304, 1972 sonrası olarak 305, 505, 605, 607, 206, 407 ve 301 (2012) olarak alınmıştır.",tur,tur,"[21948.0, 12266.0, 2550.0, 17329.0, 13942.0, 24494.0, 14365.0, 22719.0, 23312.0, 10397.0, 9376.0, 8183.0, 13597.0, 57436.0, 14712.0]"
Ağustos 2011'de Osman Wöber ve Erdem Ergüney gibi oyuncuların dersleriyle oyunculuk eğitimini tamamladı ve televizyon dizilerinde yer almaya başladı.,tur,tur,"[9727.0, 5690.0, 718.0, 3830.0, 7612.0, 12737.0, 4761.0, 11791.0, 11870.0, 4123.0, 3955.0, 3450.0, 5807.0, 35391.0, 6714.0]"
"Theodora, eşi ve Bizans İmparatorluğu'nun imparatoru olan Justinianos'a devlet işlerinde destek çıkmış, bazen de onu kendi yönüne çekerek etkilemeyi başarmıştır. Theodora'nın bu özelliğine en iyi örnek Nika Ayaklanması'dır. Bu ayaklanma sonucunda Justinianos sarayının arkasından kaçmaya çalışırken Theodora onu durdurmuş kendilerine yakışan en güzel kefenin mor renkte olduğunu yani imparatorluğun renginde olduğunu söyleyerek Justinianos'u yaptığı hatadan geri döndürmüştür. Daha sonra Justinianos asileri Hipodrom'a kapatıp katlettirmiştir.",tur,tur,"[31636.0, 19387.0, 2035.0, 12362.0, 19486.0, 42949.0, 15654.0, 39965.0, 39641.0, 12894.0, 11687.0, 11189.0, 20315.0, 117726.0, 23148.0]"
"Arjantin, Avusturya, Belçika, Bulgaristan, Çek Cumhuriyeti, Doğu Timor, Ekvador, Finlandiya, Galler, Hırvatistan, İskoçya, İsrail, İzlanda, Japonya, Kolombiya, Macaristan, Makedonya, Paraguay, Polonya, Portekiz, Romanya, Sırbistan, Slovenya, Şili, KKTC ve Türkiye'de uygulanan seçim yöntemidir.",tur,tur,"[27679.0, 13779.0, 1573.0, 9520.0, 15432.0, 28356.0, 12198.0, 25437.0, 26733.0, 10500.0, 10089.0, 8287.0, 16053.0, 76165.0, 18322.0]"
"United We Stand: What More Can I Give, Washington'daki RFK Stadı'nda 21 Ekim 2001 tarihinde gerçekleştirilen bir yardım konseridir. Konser, 11 Eylül 2001 saldırılarının kurbanlarına yardım amaçlı düzenlenen üçüncü büyük konser olmuştur. Diğer iki gösteri New York'ta yapılmıştır. Konser adını Michael Jackson'ın What More Can I Give şarkısından almıştır.",tur,tur,"[17506.0, 11949.0, 2379.0, 7415.0, 11114.0, 23841.0, 8626.0, 22577.0, 23092.0, 6973.0, 6664.0, 5880.0, 12267.0, 59958.0, 13759.0]"
"Molla Nasreddin'in kurucusu Celil Memmedgülüzade pek çok yazısında “anadili” vurgusu yaparak, Farsça ve Rusça yazanları eleştirmiş; edebî dilin geliştirilmesi ve konuşma diline yakınlaştırılması konusunda son derece duyarlı bir tavır sergilemiştir. Derginin en önemli isimlerinden Ali Ekber Sabir de gücünü aynı duyarlılıktan almaktaydı. Gerek Memmedkuluzade’nin gerekse Sabir’in edebi dil konusunda sergiledikleri bu tavır, başta Eli Nazmi olmak üzere, hemen hemen bütün Molla Nasreddin yazar kadrosu tarafından benimsenmiş bir tavırdır.",tur,tur,"[35838.0, 21622.0, 2304.0, 13999.0, 22724.0, 49059.0, 17238.0, 43742.0, 43742.0, 13780.0, 15318.0, 11333.0, 23306.0, 130780.0, 26693.0]"
