sentences,predictions,labels,"results (['Bulgarian', 'Chinese', 'English', 'French', 'German', 'Hindi', 'Italian', 'Japanese', 'Korean', 'Portuguese', 'Russian', 'Spanish', 'Thai', 'Turkish', 'Vietnamese'])"
"Оперативните програми (ОП) като форма на финансиране от структурните фондове обхващат серии от съвместими дългосрочни мерки, които могат да се прилагат с помощта на един или няколко структурни фонда, на един или повече финансови инструменти и на Европейската инвестиционна банка. ОП са разработени при следване на принципа за партньорство, като предоставят условия за ефективно изпълнение на Националната стратегическа референтна рамка (НСРР). Структурата на оперативните програми е организирана съобразно институциите в България, които отговарят и за националните политики в съответните сектори, така че да се гарантира адекватна секторна координация.",bul,bul,"[181392.0, 17301.0, 2565.0, 18482.0, 32285.0, 27510.0, 32716.0, 17894.0, 20188.0, 17004.0, 55689.0, 16686.0, 25012.0, 27589.0, 26948.0]"
"Птолемей XIII Теос Филопатор (Ptolemaios XIII, на гръцки: Πτολεμαῖος Θεός Φιλοπάτωρ, Ptolemaĩos Theós Philopátōr; * 61 пр.н.е., † 47 пр.н.е.) е най-старият син на Птолемей XII Авлет. Той е един от последните фараони на Древен Египет от династията на Птолемеите. Управлява от 51 пр.н.е. до 47 пр.н.е..",bul,bul,"[97950.0, 14758.0, 3096.0, 15678.0, 25842.0, 24313.0, 25553.0, 18130.0, 19249.0, 15032.0, 36065.0, 13478.0, 21541.0, 26212.0, 22354.0]"
"Дод̀они (на гръцки: Δωδώνη) е село в Северозападна Гърция, дем Додони, област Епир. Според преброяването от 2011 година населението му е 55 души.",bul,bul,"[54963.0, 7072.0, 1124.0, 6562.0, 10989.0, 11267.0, 12275.0, 7838.0, 8432.0, 6542.0, 18733.0, 6049.0, 10465.0, 11863.0, 11015.0]"
"Когато нощен пазар се развива на улица, първоначалният отзив невинаги е положителен – считани са за шумни, а посетителите често оставят боклуци, които собствениците на дневните магазини трябва да изчистят. С популяризирането на нощния пазар, обаче, общественият отзив преминава към по-положителен, а дневните магазинери се съобразяват. В резултат дневните магазини стоят отворени до по-късно, защото вечерно време се появяват нови клиенти. Нощните пазари могат да увеличат рентабилността и често водят втори тип посетители, които са различни от дневните. Например един дневен магазин може по принцип да продава билки. През нощта същият магазин може да продава чай с мед, който ще привлече клиенти от по-млада възрастова група, които са по-голямата част от посетителите на нощните пазари. Докато някои пазари са специализирани (например в даден тип храна), повечето са смесица от индивидуални сергии, предлагащи облекла, дрехи и особено напитки. Обикновено са претъпкани и шумни, с викащи търговци и бърза музика, идваща от тонколони. Някой търговци могат да се възползват от неофициалността на пазара и да предлагат фалшиви или пиратски стоки. Нощните пазари обикновено отварят към 6 вечерта и работят до след полунощ.",bul,bul,"[404964.0, 36535.0, 5940.0, 34492.0, 66894.0, 59089.0, 67034.0, 37802.0, 42739.0, 33722.0, 118562.0, 34545.0, 54735.0, 62454.0, 59415.0]"
Луций Арадий Валерий Прокул (на латински: Lucius Aradius Valerius Proculus signo Populonius) е политик и сенатор на Римската империя през 4 век.,bul,bul,"[26901.0, 4349.0, 999.0, 5319.0, 7779.0, 7312.0, 9329.0, 5599.0, 5939.0, 5470.0, 12356.0, 4764.0, 6083.0, 8232.0, 6454.0]"
"Annexion чрез Кралство Пиемонт-Сардиния – формалната титла на Велик херцог на Тоскана, отива на императорите на Австрия, които я носят до 1918 г.",bul,bul,"[49130.0, 5464.0, 1121.0, 5918.0, 9976.0, 9607.0, 11242.0, 6632.0, 7217.0, 5745.0, 15765.0, 5592.0, 8457.0, 10028.0, 8559.0]"
"Мими Микова Виткова е български лекар и политик от Българската социалистическа партия (БСП), министър на здравеопазването през 1995 – 1997 година.",bul,bul,"[45340.0, 5154.0, 918.0, 4995.0, 9049.0, 8178.0, 8824.0, 5993.0, 6431.0, 4704.0, 16564.0, 4617.0, 7714.0, 8682.0, 7958.0]"
Така Джони Хърбърт който не бе спряган от сметките за победител в това състезание спечели втората си победа като пилот от Формула 1. Най-добрите резултати постигнаха младоците Мика Хакинен и Хайнц-Харолд Френтцен които завършиха на подиума съответно втори и трети.,bul,bul,"[88755.0, 9048.0, 1569.0, 8760.0, 16252.0, 15297.0, 16969.0, 10033.0, 11223.0, 8789.0, 26858.0, 8652.0, 13675.0, 15275.0, 14135.0]"
"Лудвиг се жени в дворец Диленбург през 1559 г. за Анна фон Золмс-Браунфелс (* 1538; † 10 май 1565), дъщеря на граф Филип фон Золмс-Браунфелс и Анна фон Текленбург. Те имат децата:",bul,bul,"[61836.0, 9339.0, 1760.0, 7693.0, 24225.0, 14146.0, 13290.0, 10555.0, 11354.0, 6618.0, 19838.0, 6599.0, 12102.0, 13629.0, 12250.0]"
"Паничков е роден през 1810 година в подбалканския град Калофер. Прекарва голяма част от своя живот в Браила, където има печатница и помага за издаването на български вестници и книги. В неговата печатница известно време работи Христо Ботев. Издава вестниците „Хъш“, „Кукуригу“, „Михал“, „Хитър Петър“. Към печатницата си открива и книгопродавница (книжарница), която се превръща в голямо културно средище на българската емиграция в Румъния.",bul,bul,"[154020.0, 15744.0, 2394.0, 13905.0, 27112.0, 25200.0, 26874.0, 16549.0, 18384.0, 13942.0, 50464.0, 13917.0, 22356.0, 27718.0, 24191.0]"
"След Освобождението е работил три години в полицията в Търново, а след това е бил кмет и общински съветник в родното си село Голямо Яларе (прекръстено от 1934 г. на с. Русаля).",bul,bul,"[66795.0, 6982.0, 1131.0, 6216.0, 11919.0, 11055.0, 11884.0, 7421.0, 8199.0, 6176.0, 21446.0, 6007.0, 10111.0, 12346.0, 10887.0]"
"Муминтрол и Госпожица Снорк срещат самотна филифьонка – племенница на починалия съпруг на Ема – и ѝ помагат за първи път в живота ѝ да празнува весело Мидсомар. През нощта тримата се разхождат в гората, натъкват се на отскубнатите табели и Филифьонката запалва огън с тях, заради което впоследствие са арестувани от един хемул.",bul,bul,"[115637.0, 11345.0, 1891.0, 10196.0, 20842.0, 20047.0, 19653.0, 12734.0, 14168.0, 9912.0, 37502.0, 10214.0, 17372.0, 20465.0, 17940.0]"
"На италиански „тирамису“ означава буквално """"вдигни ме на крака!"""", „ободрѝ ме!“, заради двете си съдържащи кофеин съставки, кафето и какаото.",bul,bul,"[50272.0, 5310.0, 835.0, 5707.0, 9323.0, 8708.0, 11000.0, 6119.0, 6605.0, 5220.0, 17128.0, 5646.0, 7681.0, 9457.0, 7964.0]"
"Ако се сравнят изискванията на проекта спрямо постигнатото от конструктора А. Лаган, той успява да създаде достатъчно удачен кораб. По въоръжение и брониране той превъзхожда почти всеки от аналогичните проекти в момента на създаването си, в същото време е и по-бързоходен от всеки от по-силните кораби, които би могъл да срещне тогава в Далекия Изток. Бавният строеж и големият прогрес във военното корабостроене води до това, че до влизането му в строй „Д'Антрекасто“ успява да устарее. Ръста на чуждите флоти, в частност на Японския Императорски флот, изисква в случай на конфликт подкрепления от Европа. Но това обезценява самата идея за флагман на колониален флот. Самия крайцер вече е по-слаб от няколко японски кораби. Назряващия конфликт в Европа между Антантата и Тройния съюз изисква необходимостта от съсредоточаване на всички френски сили в родните води. Обаче тук „Д'Антрекасто“ е неспособен да догони по-слабите и не може да се бори с по-бавните противници.",bul,bul,"[324867.0, 32160.0, 4620.0, 28194.0, 53092.0, 49163.0, 53209.0, 33452.0, 37258.0, 26171.0, 116669.0, 26370.0, 45060.0, 51106.0, 48258.0]"
"Шишманов, И. Критически преглед на въпроса за произхода на прабългарите от езиково гледище и етимологиите на името „българин“. – Сборник за народни умотворения, наука и книжнина. Кн. XVI-XVII. София, 1900, 505 – 753",bul,bul,"[77313.0, 9659.0, 1606.0, 8234.0, 15449.0, 15678.0, 14245.0, 11431.0, 11969.0, 8304.0, 32450.0, 7882.0, 13421.0, 16926.0, 13701.0]"
"В някои страни като Франция и Белгия, няма глобално валидно разрешение да се създават изображения на творческото съзидание каквито са архитектурните и скулптурните творби, инсталирани на публични места, и позволяват изображения на защитени с авторски права творби само в случаите на инцидентно (индиректно) включване в кадъра. Във Франция когато сниманият обект, например сграда, се явява централният и съществен обект на снимката, а не просто второстепенен, фонов елемент от кадъра, се изисква да се получи разрешение от автора (в случая архитекта), а не от собственика на сградата.",bul,bul,"[178912.0, 16838.0, 2595.0, 18251.0, 29754.0, 26974.0, 31604.0, 17706.0, 19856.0, 16216.0, 55106.0, 16151.0, 24311.0, 27781.0, 26209.0]"
"„Иконостасът“ е български игрален филм (драма) от 1969 година на режисьорите Христо Христов и Тодор Динов, по сценарий на Тодор Динов и Христо Христов. Оператор е Атанас Тасев. Създаден е по мотиви от романа „Железният светилник“ на Димитър Талев. Музиката във филма е композирана от Милчо Левиев.",bul,bul,"[104201.0, 11855.0, 1935.0, 10450.0, 19430.0, 18313.0, 18785.0, 12331.0, 13452.0, 10374.0, 32634.0, 10241.0, 16282.0, 20193.0, 17514.0]"
"Walter Benjamin: Briefe an Siegfried Kracauer. Mit 4 Briefen von Siegfried Kracauer an Walter Benjamin. Marbach am Neckar: Dt. Schillergesellschaft, 1987.",deu,bul,"[9046.0, 2940.0, 1447.0, 5055.0, 19599.0, 5046.0, 6451.0, 4587.0, 4134.0, 4306.0, 4117.0, 3436.0, 3541.0, 6985.0, 4543.0]"
"Той е последният управител на Александрийската библиотека, която е затворена през 391 г. по заповед на император Теодосий I. Баща е на известната Хипатия.",bul,bul,"[45948.0, 4868.0, 834.0, 4484.0, 8273.0, 7727.0, 8719.0, 5323.0, 5803.0, 4366.0, 15266.0, 4364.0, 6955.0, 8272.0, 7433.0]"
"Роден е на 31 март 1885 г. във Видин, в семейството на богат еврейски търговец на зърнени храни. Майка му също е от еврейски произход. През 1892 г. семейството се преселва в Букурещ, а 3 години след това Юлий е изпратен да учи във Виена. В периода 1902 – 1905 г. Ю. Пинкас живее във Виена, Мюнхен, Берлин. Учи в художественото училище на Мориц Хейман в Мюнхен, посещава Берлинската академия и заедно с това работи като илюстратор на немските списания „Симплицисимус“ и „Югенд“. От 1905 г. се подписва с псевдонима Паскин, който е анаграма на Пинкас.",bul,bul,"[205844.0, 22613.0, 3946.0, 21589.0, 44956.0, 35931.0, 38706.0, 24426.0, 27123.0, 20018.0, 68171.0, 19507.0, 31376.0, 36798.0, 33170.0]"
"През декември 1828 година Пушкин се запознава с шестнадесетгодишната Наталия Гончарова, в която, по собствените му думи, се влюбва от първата среща. В края на април 1829 година той прави предложение за брак, но получава неопределен отговор от майката на момичето. Силно разстроен, той заминава при генерал Иван Паскевич, който командва руските войски в Кавказ във войната с Османската империя. Той посещава щаба на генерала, след което живее известно време в Тифлис. Впечатленията си от това пътуване описва в „Путешествие в Арзрум“. И след връщането си в Москва той е приет хладно от Гончарови, може би защото майката на Наталия се опасява от политическата неблагонадеждност на Пушкин, неговата бедност и страст към хазарта.",bul,bul,"[235202.0, 23252.0, 3578.0, 20977.0, 39429.0, 37655.0, 40338.0, 24683.0, 27213.0, 20075.0, 87364.0, 20738.0, 33293.0, 39266.0, 35919.0]"
"„Религиознание и литературное движение в Болгарии в эпоху перед турецком завоеванием“, К. Радченко, Киев, 1898 г. - Това е най-ранният труд, занимаващ се с проблема. Авторът посочва като основен мотив за реформата недоволството на Евтимий от неумелия и неточен език на по-ранните преводи. Разглежда реформата едновременно в нейния правописен и езиков аспект. Дава отрицателна оценка за нея, заради изкуствеността ѝ и липсата на връзка с живия език. Въпреки това, отбелязва, че извършеното от Евтимий Търновски е следствие от повишените естетически изисквания към книжовния език в епохата.",bul,bul,"[180699.0, 19699.0, 2923.0, 18069.0, 34376.0, 31528.0, 32856.0, 21852.0, 23702.0, 18629.0, 71953.0, 17530.0, 27367.0, 32581.0, 28569.0]"
"Полимер, състоящ се от повтарящи се гликани и намиращ се в състава на ЛПЗ се нарича O антиген, O полизахарид или О-странична верига на бактерията. О-антигенът се закачва към адрения олигозахарид и образува най-външната част на ЛПЗ молекулата. Химическата структура на O-антигена варира според бактериалните щамове. Така например, според типа само на O-антигена у Ешерихия коли, се наблюдават около 160 различни щамове. Според присъствието или отсъствието на O-антигенните вериги се определя дали ЛПЗ е гладък или зърнест (неравен). Дълги вериги на О-антигени правят структурата на ЛПС гладка и обратно. Бактерии с неравни ЛПЗ обикновено са по-уязвими за хидрофобни антибиотици, тъй като ЛПЗ, а оттам мембраната на бактерията, е по-хидрофобна. O-антигените са изложени на разпознаването и атаката от защитните системи на гостоприемника, тъй като антителата на готоприемника контактуват с най-външната част на бактериите.",bul,bul,"[323630.0, 32336.0, 4749.0, 27379.0, 52538.0, 53293.0, 53271.0, 36854.0, 39713.0, 27716.0, 102365.0, 27829.0, 46684.0, 54281.0, 48885.0]"
"Ръждивовратото кенгуру се среща в Австралия. Има много индивиди и на остров Тасмания — броят им се е увеличил през последните 30 години. Това е резултат от намаляването на лова и прочистването на горите, като по този начин се образуват много пасища, където валабитата могат да се хранят през нощта, както и храсталаци, в които да се крият през деня.",bul,bul,"[114895.0, 10817.0, 1708.0, 9607.0, 18667.0, 17890.0, 18336.0, 11322.0, 12891.0, 9699.0, 37681.0, 9956.0, 16329.0, 18692.0, 17783.0]"
"В землището на селото се отглеждат още тютюн, грозде, овощия. Запазени са въглищарството, бъчварството, железарството, налбантството, бояджийството, медникарството, керемидарството, каменарството, яхнаджийството – маслопроизводството, домашните занятия, винопроизводството и др.",bul,bul,"[95727.0, 9489.0, 1535.0, 8394.0, 16442.0, 16187.0, 16037.0, 10385.0, 11587.0, 8484.0, 33513.0, 8224.0, 13639.0, 19178.0, 15254.0]"
"Черѐто д'Ѐзи (на италиански: Cerreto d'Esi) е малко градче и община в Централна Италия, провинция Анкона, регион Марке. Разположено е на 276 m надморска височина. Населението на общината е 4 009 души (към 2010 г.).",bul,bul,"[72136.0, 9088.0, 1660.0, 11873.0, 15212.0, 14360.0, 24725.0, 10544.0, 11071.0, 11330.0, 24659.0, 10418.0, 13446.0, 15307.0, 14064.0]"
"Всички правоъгълни числа са четни, следователно 2 е единственото просто число измежду тях, както и единственото число от редицата, което се среща и в редицата на Фибоначи.",bul,bul,"[54860.0, 5314.0, 884.0, 5105.0, 9456.0, 9245.0, 9505.0, 5928.0, 6390.0, 5176.0, 17720.0, 5264.0, 8172.0, 9389.0, 8693.0]"
"Предмет на тази борба са оръдията за производство. Техните собственници експлоатират труда на пролетариите, които не притежават оръдия за производство.",bul,bul,"[42349.0, 3977.0, 669.0, 3994.0, 7471.0, 6829.0, 7240.0, 4630.0, 5040.0, 3894.0, 15570.0, 3974.0, 6178.0, 7391.0, 6499.0]"
"Градската часовникова кула е замислена като камбанария на старата беленска църква, но никога не е изпълнявала тази роля. Завършена е през 1872 г. и струва 13 000 гроша, дадени от беленския еснаф. В долната си част тя е 3,45 m, височина на каменното тяло 9,50 m с кулата отгоре – общо 15,25 m. През 1932 година горната дървена част е заменена с железобетон. От 1906 г. до днес тя служи за градски часовник.",bul,bul,"[157901.0, 16012.0, 2780.0, 15177.0, 29700.0, 25638.0, 29334.0, 17828.0, 19415.0, 14943.0, 53892.0, 14384.0, 22760.0, 28364.0, 24550.0]"
"Миний (на старогръцки: Μινύας, Minyas) в гръцката митология е основател на древния град Орхомен в Беотия и прародител на Минийците (гр. Μινύες).",bul,bul,"[47240.0, 6262.0, 1090.0, 5824.0, 10192.0, 10430.0, 10504.0, 7822.0, 8302.0, 5759.0, 16632.0, 5443.0, 9302.0, 11254.0, 9237.0]"
"„Д'Антрекасто“ е заложен септември 1894 г. в Ла Сен, в корабостроителницата Forges et Chantiers de la Mediterranee. На вода е спуснат на 12 юни 1896 г., а в строй влиза на 15 февруари 1899 г. По време на Първата световна война носи ескортна служба в Индийския океан, после действа в Средиземно море като войскови транспорт. През 1919 г. крайцера е превърнат в учебен кораб. В 1922 г. е отписан от флота и подарен на Военноморските сили на Белгия, където служи като блокшив. След разформироването на белгииския флот през 1926 г., кораба – 1927 г. – е продаден на Полша, където се използва от полските ВМС как плаваща казарма и учебен кораб ORP „Bałtyk“ („Балтик“). През 1939 г. е пленен от немците и през 1942 г. е предаден за скрап.",bul,bul,"[250629.0, 27711.0, 5223.0, 36235.0, 49037.0, 43201.0, 56567.0, 30550.0, 33520.0, 28136.0, 88859.0, 26741.0, 39054.0, 46057.0, 41970.0]"
"Видовете живеят най-вече поединично, но неорганизирани групи често обитават едни и същи хранителни райони. Хранят се следобед и по здрач, като най-вече ядат трева, храсти, листа и билки. Често пият вода, тъй като тревата има голям процентно съдържание на влага. Нанасят понякога вреди на посевите и пасищата в Тасмания и така се стига до конфликти между тях и земевладелците.",bul,bul,"[132629.0, 12224.0, 1873.0, 11998.0, 23027.0, 20625.0, 23110.0, 13253.0, 14614.0, 11358.0, 41139.0, 11780.0, 18236.0, 22015.0, 19807.0]"
"В Първата световна война не участва, защото вече е навършил 60 години, но от Америка се завръща синът му Георги Йорданов Парцалев и се включва като доброволец – първо на Добруджанския фронт, а после неговата част е прехвърлена в Македония. На петата нощ, след като пристигнал на новата фронтова линия близо до връх Туморос, Георги бил патрул и се натъкнал на френски войници, които дебнели наоколо. Георги започнал да ги обстрелва с ръчни гранати, които се задействат след определени секунди. Фатални секунди, защото една от гранатите попаднала в ръцете на съвсем наблизо намиращ се французин, а той мигновено я запратил обратно върху Георги... Така той бил разкъсан от взрива – другарите му изброили 42 попадения. Издъхнал от раните си. Погребан е в Царево село, под върха, в двора на черквата.",bul,bul,"[279817.0, 26294.0, 4291.0, 25441.0, 47387.0, 43033.0, 49117.0, 27684.0, 31106.0, 25275.0, 87672.0, 24903.0, 38437.0, 46591.0, 41587.0]"
"Грамикѐле (на италиански: Grammichele, на сицилиански Grammicheli, Грамикели) е град и община в Южна Италия, провинция Катания, автономен регион и остров Сицилия. Разположен е на 520 m надморска височина. Населението на общината е 13 404 души (към 2010 г.).",bul,bul,"[83961.0, 11297.0, 1948.0, 13284.0, 18225.0, 18032.0, 28155.0, 13303.0, 13940.0, 13175.0, 29999.0, 12686.0, 16182.0, 19577.0, 16632.0]"
"В 19 век Коджа Омерли е българско село в каза Аврет Хисар (Кукуш) на Османската империя. В """"Етнография на вилаетите Адрианопол, Монастир и Салоника"""", издадена в Константинопол в 1878 година и отразяваща статистиката на мъжкото население от 1873 Коджамарлия (Codjamarlia) е посочено като село с 15 домакинства и 73 жители българи. Според статистиката на Васил Кънчов („Македония. Етнография и статистика“) в 1900 година Коджа Омерли е село с 260 жители българи християни.",bul,bul,"[153176.0, 20711.0, 3158.0, 20008.0, 30277.0, 33608.0, 33048.0, 23842.0, 25570.0, 18370.0, 53731.0, 17135.0, 28014.0, 43647.0, 29871.0]"
"Творби на Жул Паскин са показвани в България през 1935 г. заедно с творби на Иван Ангелов, Гошка Дацов, Юрдан Кювлиев, Иван Милев, Никола Петров. С участие и на негови произведения през 1975 г. е организирана голяма ретроспективна изложба в София, Пловдив и Видин, а в 1991 г. – изложбата „Художници евреи в България“. Творби на Жул Паскин притежават: Националният музей за модерни изкуства в Париж, Националната библиотека в Париж, Музеят за живопис и скулптура в Гренобъл, Музеят за изящни изкуства в Лил, Общинският музей в Камбре, Barnes Collection (Philadelphia), Националната художествена галерия в София.",bul,bul,"[205871.0, 22189.0, 3650.0, 24091.0, 36563.0, 34287.0, 37909.0, 23240.0, 25910.0, 19803.0, 65686.0, 18853.0, 30701.0, 36047.0, 33105.0]"
"Когато Сеанчан атакуват Бялата кула, отчуждеността между Аджите препятства организирането на ефективна защита. Много Айез Седай са убити или пленени докато Егвийн, водейки група новачки, отблъсква нашествениците. Сюан Санче, Гарет Брин и Гавин Траканд спасяват тяхната Амирлин от пепелищата на Кулата, а тя е толкова изтощена, че не може да протестира. След като се събужда в лагера, Егвийн спори с тях за това, че може да са съсипали шанса ѝ да съедини Кулата.",bul,bul,"[153166.0, 15147.0, 2525.0, 14562.0, 23805.0, 25671.0, 26159.0, 16124.0, 18188.0, 12693.0, 43286.0, 13355.0, 22197.0, 25533.0, 23234.0]"
"Доходът от вакъфа отива за издръжка на мюсюлманско религиозен обект - например джамия, или друг обществен обект - например мост, безистен, медресе, имарет, чешма, часовникова кула, кервансарай, пазар.",bul,bul,"[72408.0, 7321.0, 1126.0, 6445.0, 12439.0, 12995.0, 11720.0, 8099.0, 8980.0, 6303.0, 23618.0, 6091.0, 10451.0, 16350.0, 11428.0]"
"Намира се в Алжирска Сахара близо до границата с Либия, на 240 километра североизточно от областния център Илизи и на ок. 1500 км югоизточно от столицата Алжир.",bul,bul,"[54260.0, 6028.0, 970.0, 6765.0, 10282.0, 10281.0, 11071.0, 6815.0, 7666.0, 5800.0, 17874.0, 6040.0, 9142.0, 10398.0, 9281.0]"
"Освен с тези два основни камерни ансамбли, Лиляна Гетова гастролира, както с известни български изпълнители, така и с млади таланти в Австрия, Полша, Чехия, Словакия, Франция, Македония и Германия. Записва за „Балкантон“, Българското национално радио, Радио „Братислава“, Кьолн, Берлин и др.",bul,bul,"[96026.0, 9751.0, 1580.0, 9191.0, 18840.0, 15898.0, 17225.0, 10655.0, 11874.0, 8808.0, 30737.0, 8770.0, 14129.0, 16772.0, 15055.0]"
"Вакъф (на турски: vakıf - вакъ̀ф, на арабски: وقف - уа̀каф) или ваку̀ф (под руско влияние), в Османската империя и други ислямски страни е недвижим имот или движимо имущество, предадено от държавата или отделно лице за религиозни или благотворителни цели.",bul,bul,"[83739.0, 9719.0, 1395.0, 8687.0, 15670.0, 17809.0, 14835.0, 11612.0, 12858.0, 8066.0, 29213.0, 8428.0, 14177.0, 23621.0, 14768.0]"
"Крепостта е построена през периода 1841 - 1853 г. по планове на немския военен инженер Хелмут фон Молтке (по-късно става началник щаб на немската армия), посетил Силистра през 1837 г. През 1847 г. е посетена от султан Абдул Меджид, на чието име е наречена – Меджиди табия.",bul,bul,"[93532.0, 11080.0, 1902.0, 10238.0, 20122.0, 17439.0, 17852.0, 12082.0, 13412.0, 9036.0, 35073.0, 8909.0, 15002.0, 20084.0, 15877.0]"
"Любен Димитров умира на 14 октомври 1962 година в Торонто, Канада от рак на белите дробове. Дълги години е член на ЦК на МПО, а до края на живота си е и редактор на вестник „Македонска трибуна“. На погребението му се събират много дейци, а слова на благодарност и признателност за дългогодишната му дейност пишат Иван Михайлов, Асен Аврамов, Петър Ацев, Христо Низамов. Погребан е в гробището „Сейнт Джеймс“ в Торонто.",bul,bul,"[145969.0, 15060.0, 2522.0, 14016.0, 25552.0, 24185.0, 26403.0, 15869.0, 17658.0, 13708.0, 47417.0, 13482.0, 21683.0, 25247.0, 23047.0]"
"При тип Ia супернови няма наличен хелий и водород, за сметка на поглъщащите линии на силиция. Теорията за произхода на тези свръхнови намираща най-широк прием е че те са резултат от натрупването на маса (акреция) върху повърхността на изградено предимно от въглерод и кислород бяло джудже в двойна система. Гравитация на джуджето прихваща материал от другата звезда (най-често червен гигант) до преминаването на границата на Чандрасекар.",bul,bul,"[140689.0, 13844.0, 2093.0, 12816.0, 23166.0, 22866.0, 23831.0, 15221.0, 16757.0, 12414.0, 41971.0, 12002.0, 20432.0, 23502.0, 21915.0]"
"В редица мюсюлмански страни и днес съществуват министерства на вакъфите или учреждения на по-ниско ниво в структурата на изпълнителната власт, които управляват тези обществени обекти и доходите от тях.",bul,bul,"[61969.0, 6020.0, 968.0, 6124.0, 11034.0, 10290.0, 10918.0, 6709.0, 7461.0, 5779.0, 21295.0, 5721.0, 9042.0, 11851.0, 9620.0]"
"73% от жителите на Саудитска Арабия са сунити-уахабити, около 5% са шиити, а останалата част са мюсюлмани принадлежащи на други верски течения в исляма.",bul,bul,"[49824.0, 5632.0, 972.0, 5558.0, 9544.0, 10040.0, 9420.0, 7016.0, 7503.0, 5201.0, 17105.0, 5741.0, 8625.0, 11791.0, 8780.0]"
"Женен: от 17 август 1389 година за Валентина Висконти (1366—1408) Тя е дъщеря на Джиан Галеацо Висконти (1351-1402), херцог на Милано, и първата му съпруга принцеса Изабела Валоа (1348-1372), дъщеря на френския крал Жан II Добрия и Бона Люксембургска. Полусестра е на последните милански херцози Джовани Мария Висконти и Филипо Мария Висконти.",bul,bul,"[118006.0, 15912.0, 2854.0, 18113.0, 23065.0, 24460.0, 33306.0, 18114.0, 19449.0, 16400.0, 38734.0, 15905.0, 21641.0, 25117.0, 22218.0]"
"Меджиди табия е крепост, намираща се южно от Силистра, част от османската фортификационна система, използвана по време на Кримската война (1853 – 1856) и Руско-турската война от 1877-1878 г. Тя е най-добре запазеното от шестте съоръжения в системата.",bul,bul,"[86611.0, 9814.0, 1698.0, 8812.0, 15836.0, 15499.0, 15970.0, 10818.0, 11809.0, 8503.0, 31113.0, 7979.0, 13477.0, 19224.0, 14278.0]"
"„Младост“ е жилищен комплекс във Варна и е част от административен район """"Младост"""". Квартал “Младост” е предпочитано от много варненци място за живеене, обучение, бизнес и ново жилищно строителство. В района са търговските центрове """"Явор"""",""""Досев Импекс"""", както и """"Пфое Мол"""" и хипермаркетите Пикадили и Mr.Bricolage до него. В квартала присъстват и супермаркети от веригите """"Била"""" и """"ЦБА"""".",bul,bul,"[134168.0, 13646.0, 2182.0, 13154.0, 24288.0, 20960.0, 24686.0, 14125.0, 15526.0, 12798.0, 41620.0, 12282.0, 19336.0, 23862.0, 20802.0]"
"Юрга (на руски: Юрга) е град в Русия, административен център на Юргински район, Кемеровска област. Населението на града през 2012 година е 81 180 души.",bul,bul,"[46920.0, 6006.0, 996.0, 5647.0, 9304.0, 9915.0, 9494.0, 6908.0, 7456.0, 5521.0, 22429.0, 5223.0, 8725.0, 10264.0, 8803.0]"
"Костадин Ласкарев, деец на ВМОРО, на 8 февруари 1903 година в неговата къща 8-членната чета на Яне Сандански води сражение с 460 души турска войска, което първото сражение между чета на ВМОРО и османски части в Мелнишко",bul,bul,"[75537.0, 8117.0, 1356.0, 7997.0, 14136.0, 13279.0, 14600.0, 9323.0, 9984.0, 7511.0, 27904.0, 8097.0, 11862.0, 15597.0, 12361.0]"
"Constantin von Wurzbach: Dietrichstein, Ferdinand Josef Fürst In: Biographisches Lexikon des Kaiserthums Oesterreich. 3. Theil. Verlag der typogr.-literar.-artist. Anstalt (L. C. Zamarski, C. Dittmarsch & Comp.), Wien 1858, S. 298",deu,bul,"[21033.0, 6733.0, 2484.0, 10931.0, 37063.0, 11491.0, 12714.0, 9841.0, 9396.0, 8064.0, 9462.0, 6052.0, 8734.0, 15679.0, 10690.0]"
"Band H. Mittelschichten Und Massenkultur: Siegfried Kracauers Publizistische Auseinandersetzung Mit Der Popularen Kultur Und Der Kultur Der Mittelschichten in Der Weimarer Republik. Berlin: Lukas, 1999.",deu,bul,"[11182.0, 3358.0, 1567.0, 6372.0, 27760.0, 6198.0, 7148.0, 5558.0, 5001.0, 4404.0, 4812.0, 3457.0, 4137.0, 8077.0, 4978.0]"
"В двата типа експлозията изхвърля по-голямата част от материала на звездата в околното пространство с голяма скорост, пораждайки ударна вълна, която впоследствие формира видимия остатък от свръхновата. Известен остатък от свръхнова е SN 1604, чиято снимка се вижда отдясно.",bul,bul,"[88944.0, 9117.0, 1544.0, 7996.0, 15074.0, 14576.0, 15633.0, 9858.0, 10774.0, 7990.0, 28794.0, 7924.0, 13190.0, 14993.0, 14239.0]"
"1928 г. – Правителството на Унгария издава декрет, съгласно който задължава циганите да приемат постоянно пребиваване и да спазват всички граждански закони.",bul,bul,"[47707.0, 5374.0, 906.0, 5252.0, 9101.0, 8523.0, 8956.0, 6168.0, 6655.0, 4805.0, 17240.0, 4705.0, 7494.0, 9266.0, 7854.0]"
"Белушка е """"умната"""" и лидерът на групата. При нея преобладава съставката """"всичко най-хубаво"""". Получава името си, защото говори прямо и откровено. Тя се държи като най-зрялата, улегнала и отговорна от трите. Също така е много умна и е отличничка - най-лошият и кошмар е да се провали на тест. Държи на внимателно формулираните планове като най-сигурно средство за побеждаване на злото. Поради това често възникват спорове между нея и сестра и Бръшлян, която предпочита само да атакува (въпреки че понякога Белушка е """"миротворец"""" между сестрите си). Учи китайски. Отрицателните и черти са че обича да командва и да е в центъра на вниманието и понякога е дребнава. Има дълга рижа коса, за която много се грижи (и носи голяма червена панделка и шнола) и розови очи. Нейният цвят е розово. Специалната ѝ сила е """"леденият дъх"""", с който заледява предмети.",bul,bul,"[301224.0, 27729.0, 4206.0, 26218.0, 49565.0, 45286.0, 52218.0, 29111.0, 32952.0, 26227.0, 97148.0, 27221.0, 41524.0, 47633.0, 44740.0]"
"Гаусон (исп: Gausón), според хрониката на отец Луис Алфонсо де Карвальо „Антики и сувенири на Княжество Астурия“ от 1613 г. е лидер и военен водач на Астурите по време на Кантабрийската война от 1-ви век пр.н.е.",bul,bul,"[58160.0, 8138.0, 1576.0, 9253.0, 12212.0, 13145.0, 16500.0, 9614.0, 10378.0, 13019.0, 23768.0, 15312.0, 11816.0, 13326.0, 11940.0]"
"След свалянето му от власт Бела Кун бяга във Виена, където е арестуван и интерниран. През юли 1920 г. е разменен срещу австрийски пленници в Русия. Там той първоначално заема ръководен пост в Крим, а след това е включен в ръководството на Коминтерна. През 1921 г. е изпратен в Германия като съветник на Комунистическата партия. Там, съвместно с анархистки групи, прави неуспешни опити да организира въоръжени бунтове. През следващите години работи за Коминтерна също и в Австрия и Чехословакия.",bul,bul,"[176533.0, 17982.0, 2898.0, 16432.0, 33306.0, 28514.0, 30856.0, 19151.0, 21297.0, 15464.0, 56577.0, 15703.0, 25540.0, 29051.0, 27034.0]"
"С решения на Комисия по досиетата от 18.12.2008 г. и от 09.12.2009 Тунтев е разкрит като щатен служител на Разузнавателното управление на Генералния щаб (РУ-ГЩ) на БНА, назначен за оперативен работник от 06.10.1973 г. Впоследствие от 09.02.1977 г. е преназначен за помощник-началник на отдел, от 19.09.1980 г. е разузнавач VI степен и от 21.09.1983 г. е разузнавач V степен.Същевременно в периода 1978 - 1986 г. е секретен сътрудник - агент на Държавна сигурност към управление III (Военно контраразузнаване - ВКР, отдел I, отделение 3, известен под псевдонима „Радев“.",bul,bul,"[216255.0, 25509.0, 4470.0, 23914.0, 44643.0, 37655.0, 41805.0, 27466.0, 29426.0, 22274.0, 85871.0, 21512.0, 35998.0, 39332.0, 38187.0]"
"Характеризира се с мека консистенция, аромат на сметана, водно съдържание – 52 ÷ 68 % и масленост – 18 ÷ 32 %. Енергийно съдържание в 100 гр. продукт : 450 - 550 кКал.",bul,bul,"[61015.0, 7248.0, 1328.0, 7123.0, 12690.0, 11208.0, 12392.0, 8012.0, 8365.0, 6841.0, 25172.0, 6322.0, 10003.0, 11980.0, 10763.0]"
"Антропологични особености на анализираните скелетни останки и образът запечатан на златното съкровище от Наги сент Миклош, разкриват хора, при които преобладават европеидните черти, примесени с някои монголоидни белези. Пример за наличие на монголоидни черти е и възстановката по череп на ичургубоила Мостич. При някои от находките, монголодни белези липсват. Палеоантропологичните находки от всички некрополи в Поволжието, Украйна и Молдова, които са приписвани на прабългари, свидетелстват за сложни етнообразуващи процеси. Това са предимно брахиокранични европеиди с леко изразени монголоидни примеси. Носителите на монголоидните елементи са основно представени в мъжката част от находките, докато женските находки са с по-изразена или пълна европеидност.",bul,bul,"[257839.0, 25704.0, 3849.0, 23270.0, 44611.0, 41488.0, 45630.0, 28661.0, 31391.0, 22937.0, 82960.0, 22801.0, 35634.0, 44034.0, 38832.0]"
"Нощни пазари има из няколко района на Северна Америка, особено на Западното крайбрежие, където тайвански студентски организации създават годишни мероприятия с нощни пазари за да пресъздадат веселата атмосфера и за да отпразнуват уникалната култура на тези пазари. В Китайския квартал в Сан Франциско, голям нощен пазар с почти сто сергии се организира всяка събота през есента. В Китайския квартал във Ванкувър, Британска Колумбия, големи нощни пазари се събират всеки петък, събота и неделя от май до септември. Нощният пазар в Санта Анита Парк, Аркадия (предградие на Лос Анджелис) е считан за най-големият нощен пазар в САЩ.",bul,bul,"[203924.0, 22641.0, 3471.0, 16873.0, 31496.0, 32871.0, 32224.0, 21412.0, 24592.0, 16863.0, 55575.0, 18005.0, 31518.0, 32819.0, 32892.0]"
"България отстъпва на Румъния областта на север и изток от линията Тутракан—Екрене, включително двете селища (чл. II). София признава за сръбски териториите на запад от вододела на Вардар и Струма заедно с горното поречие на Струмешница (чл. III). Българо-гръцката граница е прокарана по билото на Беласица на изток до устието на Места (чл. V). Така в пределите на Гърция влизат редица градове и области, завзети от българите през войната с Османската империя – Кукуш, Сяр, Драма и Кавала.",bul,bul,"[177397.0, 17907.0, 2911.0, 17631.0, 30788.0, 28651.0, 32101.0, 19623.0, 21268.0, 16629.0, 54318.0, 16136.0, 25372.0, 32315.0, 27551.0]"
"Семейството има много приятели сред българската интелигенция – художниците Борис Ангелушев, Златю Бояджиев, Дечко Узунов, журналистът Ненчо Хранов, писателите Георги Марков и Радой Ралин, скулпторът Марко Марков, генерал Иван Винаров, главният архитект на София Борис Марков са чести гости и участници в среднощните дискусии, които се водят на различни злободневни теми у тях.",bul,bul,"[115606.0, 12005.0, 2034.0, 10917.0, 20315.0, 19484.0, 20019.0, 12689.0, 14131.0, 10698.0, 38272.0, 10660.0, 16898.0, 21030.0, 18264.0]"
5 Астрея е голям астероид в основния пояс. Повърхността му има силна отразителна способност и съставът ѝ най-вероятно е смес от никел и желязо примесени с магнезиеви и железни силикати.,bul,bul,"[60837.0, 6504.0, 995.0, 5453.0, 10296.0, 10573.0, 9964.0, 7013.0, 7827.0, 5433.0, 19993.0, 5534.0, 9398.0, 10523.0, 10020.0]"
"Стартира на 10 ноември 2008 г., като излъчва 24 часа в денонощието. Излъчва програмата си по кабел и сателит. Сайтът на телевизията предлага рецептите от повечето предавания, както и програма, а също и форум. Каналът преустановява излъчване на 1 ноември 2016 г.",bul,bul,"[93261.0, 9309.0, 1491.0, 9049.0, 16426.0, 14900.0, 17181.0, 9925.0, 11004.0, 9295.0, 32113.0, 9010.0, 14097.0, 15861.0, 14918.0]"
"Пандо Войнов се представя като лоялен комунист и дисциплиниран военен, предан на Гръцката комунистическа партия. Чужд е на домогванията на ЮКП и нейния агресивен проюгославски македонизъм. Последните десетилетия от живота си прекарва в България, но остава повече обвързан с гръцката национална общност.",bul,bul,"[96349.0, 9520.0, 1544.0, 9283.0, 16926.0, 15369.0, 17654.0, 10474.0, 11592.0, 9063.0, 31087.0, 9188.0, 13794.0, 16471.0, 14641.0]"
"Когато през 1960 г. е назначен за директор на Научноизследователски институт по електротехническа промишленост – това е все още една нова организация, която тепърва има да показва истинския си потенциал. Най-сложната задача на Белопитов е да обори мнението, че „научните институти не произвеждат нищо“. Той използва цялото си красноречие и способност да убеждава и Институтът по електропромишленост се обзавежда с една от най-впечатляващите за времето си сграда в Горни Лозенец, София, където на разположение на „работниците на ума“ са модерни лаборатории, производствени корпуси, които да позволяват затваряне на цялостния процес на изобретяване, създаване и тестване. Поставената база позволява Институтът да се развие като ефективна организация с отлична продукция, многократно награждавана с Димитровска награда.",bul,bul,"[245655.0, 23142.0, 3525.0, 22140.0, 42726.0, 36419.0, 42879.0, 23760.0, 26549.0, 21017.0, 81321.0, 21269.0, 33072.0, 37868.0, 36688.0]"
"Потребността от плавбази става особен остра в началото на 1930-те години, когато подводните сили на съветските ВМС растат с ударни темпове, същевременно без да се променя съществено обслужващата инфраструктура.",bul,bul,"[65805.0, 6674.0, 990.0, 5952.0, 11534.0, 10699.0, 11512.0, 7322.0, 8017.0, 5587.0, 24690.0, 5507.0, 9644.0, 10741.0, 10124.0]"
"В началото на 20-ти век и особено след Първата световна война, когато България воюва със славянските си братя от Сърбия и Русия, все повече се налага “тюркската теза” за произхода на прабългарите. Сред нейните стожери се открояват учени като Иван Шишманов, Стефан Младенов и Васил Златарски. Прабългарите са обявени за държавнотворен народ, а “нечистият” славянски произход на съвременните българи, се превръща в тяхно предимство. Прабългарите са сравнени с германските франки и викингските руси, които мобилизират гало-римското, респективно източнославянското население, като създават неговата държавност във Франкското кралство и Киевска Рус.",bul,bul,"[214123.0, 21810.0, 3361.0, 19565.0, 37965.0, 34405.0, 37415.0, 23287.0, 26193.0, 18690.0, 70108.0, 18410.0, 30815.0, 37161.0, 33366.0]"
"През септември 1900-та година Цар Фердинанд го награждава с новоучредения орден „За военни заслуги“ – кръст, който се носи на жълта лента с черни ивици по краищата.",bul,bul,"[60426.0, 6371.0, 982.0, 6313.0, 11375.0, 10301.0, 11503.0, 7082.0, 7664.0, 5657.0, 20198.0, 5726.0, 9309.0, 11381.0, 9735.0]"
"Непълнолетния Птолемей XIII е под влиянието на евнуха Потин, който през есента на 49 пр.н.е. организира преврат и изгонва Клеопатра от Александрия. Тя отива със сестра си Арсиноя IV в Сирия през 48 пр.н.е. и продължават да се представят като законни владетелки на Египет.",bul,bul,"[90877.0, 9416.0, 1652.0, 9436.0, 16428.0, 15472.0, 17886.0, 10516.0, 11608.0, 9209.0, 29181.0, 8868.0, 13714.0, 16336.0, 14626.0]"
"В същото време компании могат да направят огромен паричния поток за кратък период, като орежат капекса. Това дори може да увеличи печалбите за един среден период от време, но обикновено е сигнал за проблем тъй като включва бавен растеж или залязващ бизнес.",bul,bul,"[75796.0, 7015.0, 1057.0, 6407.0, 12484.0, 11223.0, 12157.0, 7091.0, 8053.0, 6061.0, 25487.0, 6357.0, 10286.0, 11946.0, 11222.0]"
Въпреки незначителната надморка височина и широката долина на р. Бяла релефът е планински със стръмни склонове обрасли с естествени дъбови гори.,bul,bul,"[50897.0, 4680.0, 788.0, 4617.0, 8897.0, 8037.0, 9111.0, 5302.0, 5838.0, 4684.0, 16513.0, 4796.0, 7299.0, 8760.0, 7792.0]"
Управляващият орган на ОП „Развитие на конкурентоспособността на българската икономика“ е дирекция „Европейски фондове за конкурентоспособност“ в Министерство на икономиката и енергетиката.,bul,bul,"[53316.0, 5699.0, 823.0, 5399.0, 9998.0, 8868.0, 9773.0, 6285.0, 6736.0, 5051.0, 18311.0, 5063.0, 8216.0, 9295.0, 8695.0]"
Заслон „Тевно езеро“ е едно от най-популярните места за нощуване в северния пирински дял. Средищното му разположение и уникалната природна гледка в циркуса Белемето определят присъствието му в повечето пирински маршрути.,bul,bul,"[72911.0, 7030.0, 1136.0, 6623.0, 13051.0, 11191.0, 13151.0, 7569.0, 8292.0, 6611.0, 23221.0, 6524.0, 10353.0, 12413.0, 11111.0]"
"117 СОУ „Св. св. Кирил и Методий“ има богата и непрекъснато-обновяваща се материална база. Училището разполага с 21 добре оборудвани класни стаи, 4 компютърни кабинета, библиотека, 1 спортна зала, 1 стая за подготвителната група в кв. Сеславци, 1 кабинет по безопасност на движението, стая на Ученическия парламент, бюфет за топли закуски. Предстои откриването на нов физкултурен салон в гр. Бухово.",bul,bul,"[139828.0, 14976.0, 2383.0, 13655.0, 26277.0, 22505.0, 26010.0, 15785.0, 16902.0, 13610.0, 47690.0, 13903.0, 20996.0, 24344.0, 22907.0]"
Нейният председател е член на Министерския съвет. Основната функция на ДКСА е да осъществява надзор над съществуващото паралелно Министерство на строежите.,bul,bul,"[45651.0, 4727.0, 681.0, 4229.0, 8111.0, 7289.0, 7699.0, 5035.0, 5465.0, 3989.0, 15245.0, 3928.0, 6802.0, 7757.0, 7129.0]"
"Dyer, B.S.. Atherinopsidae (Neotropical silversides).. p. 515-525. In R.E. Reis, S.O. Kullander and C.J. Ferraris, Jr. (eds.) Checklist of the Freshwater Fishes of South and Central America. Porto Alegre: EDIPUCRS, Brasil., 2003.",bul,bul,"[18074.0, 7525.0, 4704.0, 10936.0, 10493.0, 10474.0, 13972.0, 9221.0, 8671.0, 17501.0, 7120.0, 12063.0, 9981.0, 14252.0, 11758.0]"
"Терминът диалектически материализъм не е измислен от Маркс. За първи път е употребен от Йозеф Дицген (Joseph Dietzgen), немски социалист и марксист, през 1887 година. Среща се и в писанията на Каутски за Фридрих Енгелс.",bul,bul,"[71421.0, 8131.0, 1446.0, 7206.0, 16883.0, 13034.0, 12803.0, 8696.0, 9832.0, 7027.0, 24019.0, 6652.0, 11164.0, 13377.0, 11901.0]"
"Окръг Грийли (на английски: Greeley County) е окръг в щата Канзас, Съединени американски щати. Площта му е 2 015 km², а населението - 1 331 души (). Административен център е град Трибюн.",bul,bul,"[57841.0, 7788.0, 1444.0, 7259.0, 12129.0, 12204.0, 12125.0, 8774.0, 9728.0, 7040.0, 20305.0, 6743.0, 11122.0, 12858.0, 11544.0]"
"стопанските, военните и битови особености на народа са практически идентични с тези на повечето конни номадски народи от хунско-тюркската група, за което има достатъчно сигурни доказателства. Включително размера на лагера-крепост Плиска, предвиден да побере и защити практически цялото племе заедно с конете им. Това от друга страна може да ни даде указания за числеността на прабългарите, прекосили Дунав и да обясни смисъла на думите „...постави войски срещу славяните...“ с това как са се чуствали тези конни войни сред славянското население. Показателен е и фактът, че както Крум прави победна чаша от черепа на победения силен враг – император Никифор I Геник, така и печенегите правят същото с черепа на завоевателя на Преслав княз Святослав Игоревич и в двата случая се изпълнява стар военен обичай разпространен сред хунско-тюркските народи;",bul,bul,"[271415.0, 26049.0, 3928.0, 22967.0, 45945.0, 42425.0, 46093.0, 28309.0, 31462.0, 23173.0, 91918.0, 23429.0, 37292.0, 45785.0, 40199.0]"
"По време на свръхновата, взаимодействията между неутринотата и другите елементарни частици е предимно чрез добре разработеното теоретически електрослабото взаимодействие, за разлика от тези между протоните и неутроните, които са предимно чрез по-малко познатото силно взаимодействие.",bul,bul,"[75787.0, 7474.0, 1148.0, 6794.0, 13001.0, 12271.0, 13484.0, 8498.0, 9177.0, 6918.0, 22746.0, 7169.0, 11001.0, 12454.0, 11620.0]"
Вентура ди Архангело Салимбени (или Bevilacqua; 20 януари 1568 ; 1613) е италиански художник-маниерист и гравьор от Сиенска школа от периода на Куатроченто.,bul,bul,"[44307.0, 6754.0, 1327.0, 8736.0, 10046.0, 11217.0, 17056.0, 8299.0, 8962.0, 8131.0, 18626.0, 8263.0, 9509.0, 11265.0, 9273.0]"
"Упражнения по микроистория. Превод от италиански и испански Нева Мичева; превод от френски Валентина Георгиева; превод от английски Даниела Колева. София: Дом на науките за човека и обществото, 2008.",bul,bul,"[58434.0, 6691.0, 1125.0, 6728.0, 10763.0, 11307.0, 11247.0, 7907.0, 8450.0, 6753.0, 23896.0, 8143.0, 10007.0, 11425.0, 10155.0]"
"Промяна в правилата обаче води до премахването на клас Кемъл Лайтс и Акура преустановява участието си в тези серии, насочвайки се към състезанията с туристически автомобили. Първоначално това са сериите Спийд Уърлд Чалъндж, организирани от SCCA. Там си сътрудничи с отбора Риълтайм Рейсинг, на когото от 1996 г. предоставя модела NSX. Те постигат две победи в клас GT в последните два кръга от шампионата. От следващия сезон Акура участва и в по-ниския клас, Touring Car, с модела Интегра. Риълтайм Рейсинг печели титлите и в двата класа, а през 1998, 2000 и 2001 г. отново печели титлите в Туринг Кар. Риълтайм престава да използва моделите NSX през 1998 г., но те се завръщат през 2001 г. През 2002 г. окончателно е преустановено участието на NSX-овете в клас GT, а Интегрите са заменени от новия модел RSX. През 2004 г. към тях се присъединяват и TSX-ове. Двата модела също участват и в клас Street Tuner на сериите Гранд-Ам Къп, организирани от Grand American Road Racing Association GARRA.",bul,bul,"[326868.0, 34709.0, 6958.0, 32760.0, 57699.0, 55333.0, 60150.0, 39564.0, 43234.0, 30997.0, 97611.0, 30272.0, 51530.0, 55578.0, 53286.0]"
"Началото на сблъсъците е на 3 декември 1944 г., когато привърженици на EAM се събират на митинг пред паметника на незнайния воин в центъра на Атина. Митингът се охранява от страна на жандармерията и британските въоръжени сили. По време на митинга, към участващите в него е сведен ултиматум на временното правителство (излъчено на 1 декември 1944 г.) за разоръжаването на партизаните присъстващи на митинга. Ултиматумът е отхвърлен и британските военни откриват огън. Падат убити 148 митингуващи, като има много ранени. В следващите дни по улиците на Атина започват боеве и схватки, продължили 33 дни и приключили на 5 – 6 януари 1945 г.",bul,bul,"[226749.0, 22713.0, 3889.0, 22595.0, 39069.0, 36418.0, 42649.0, 24583.0, 27455.0, 22246.0, 73108.0, 21908.0, 33491.0, 38197.0, 35797.0]"
"Ръждивоврато кенгуру (Macropus rufogriseus известно и като Валаби на Бенет на един от подвидовете му) е двуутробен бозайник, който живее в Австралия и Тасмания. .",bul,bul,"[48495.0, 5421.0, 1084.0, 5224.0, 8724.0, 9284.0, 8860.0, 6255.0, 7004.0, 5183.0, 17284.0, 5100.0, 8336.0, 10014.0, 8948.0]"
"Егвийн се връща в стаята си и открива, че там я чака Верин Матуин, която ѝ доверява, че е от Черната Аджа. Възползвайки се от пукнатина в клетвите си, които гласят, че тя не може да предаде Сянката """"до последния час от живота си"""", Верин се отравя и използва последния си час да предаде всичко, което е научила, на Егвийн. Верин обяснява, че, макар да е била принудена да се закълне под смъртна заплаха, тя е използвала положението да проучи Черната Аджа. Тя дава на Егвийн дневник, в който е записала всичко научено за структурата на тайната организация и членките й.",bul,bul,"[193453.0, 17394.0, 2937.0, 16392.0, 30610.0, 30584.0, 31784.0, 19050.0, 21574.0, 16345.0, 55762.0, 17202.0, 27315.0, 31078.0, 29084.0]"
"Европейският социален фонд - борба с безработицата и улесняване на достъпа до пазара на труда, развитие на професионалната квалификация, насърчаване разкриването на работни места.",bul,bul,"[55928.0, 5401.0, 848.0, 5650.0, 10045.0, 8832.0, 10190.0, 5858.0, 6525.0, 5313.0, 17817.0, 5566.0, 8050.0, 9330.0, 8700.0]"
"Най-впечатляваща е тяхната муцуна, която е покрита с чувствителни пори, които позволяват на рибата трион да усеща движение и дори понякога и сърдечен пулс. Това приспособление действа като метален детектор, когато рибите кръжат из дъното, търсейки скрита храна. Използват „триона“ си и като оръжие срещу нападатели, и понякога като средство за копаене.",bul,bul,"[112657.0, 10442.0, 1585.0, 10127.0, 18398.0, 17670.0, 19227.0, 11256.0, 12600.0, 9639.0, 34313.0, 9744.0, 15882.0, 18059.0, 17067.0]"
"Щайн е роден на 18 ноември 1815 г. в морския град Борби в Екернфернде в Шлезвиг. Учи философия и юриспруденция в университетите в Кил и Йена от 1835 до 1839 г. и в Парижкия университет от 1841 до 1842 г. Между 1846 и 1851 г. Щайн е доцент в Университета в Кил, а също така служи като член на Франкфуртския парламент през 1848 г. Неговото застъпничество на независимост на родния му град Шлезвиг (тогава част от Дания), му донася уволнението през 1852 г. През 1848 г., Щайн публикува книга, озаглавена """"Социалистическите и комунистически движения"""", тъй като Третата Френска революция (1848), в която той въвежда понятието """"социално движение"""" в научни дискусии - изобразяваща всъщност по този начин политически движения, борещи се за социалните права разбират като благосъстоянието права.",bul,bul,"[257132.0, 30901.0, 5888.0, 31709.0, 65475.0, 47981.0, 48492.0, 33751.0, 37462.0, 24226.0, 81754.0, 24449.0, 41589.0, 47554.0, 43158.0]"
"През последните 20-тина години, прабългарската тема се превръща в любимо занимание на дилетанти и патриотари, които съчиняват всякакви псевдоисторически и фантастични истории. Те са изява на появилото се напоследък явление „фолк-история"""", което е не само местен, а и световен феномен, като представлява своеобразна форма на псевдонаука. В него се включват и автори, които спадат по формален признак към академичната общност, които атакуват както общоприетите до 1989 г. тези, така и опитите за деконструкция и демитоголизация, възникнали в постмодернистка среда. Впрочем границата между “параисторичните” и историческите проучвания не винаги е напълно ясно очертана и са възможни преливания, които правят доста трудно пълното отграничаване на двата типа. Днес на книжния пазар е пълно с такива произведения, чиито автори са както историци, така и лекари, художници, журналисти и др. ентусиасти без подходящо образование и познания. Според тези автори прабългарите са в основата на бактрийската и шумерската цивилизация, те са наследници на филистимляните от Палестина, на норманите от Скандинавия, а дори създатели на културата в доколумбова Америка. Такива писания са в основата и на други невероятни хипотези, като например, че Аспаруховите прабългари са наброявали един милион души, или на екзотични мистификации свързващи ги с праконтинента „Му“.",bul,bul,"[439191.0, 42262.0, 6528.0, 41440.0, 77508.0, 68352.0, 80960.0, 45900.0, 51053.0, 40967.0, 142442.0, 40222.0, 60632.0, 72191.0, 65851.0]"
"През септември 2015 година Антоан Бело обявява, че предоставя годишните си приходи от авторски права като дарение на Фондация Уикимедия. Причината е, че Бело редовно ползва Уикипедия, докато прави проучванията за книгите си, и че с дарението си от 50 000 долара той „само връща услугата, защото Уикипедия го изумява всеки път, когато потърси в нея информация“. Това е първото дарение на приходи от авторски права, което творец прави за Уикимедия.",bul,bul,"[142229.0, 13719.0, 2179.0, 15029.0, 24679.0, 22159.0, 26261.0, 14605.0, 16148.0, 13147.0, 42773.0, 13657.0, 20559.0, 22911.0, 21794.0]"
"Салимбени е роден в Сиена. Той учи живопис заедно със своя полубрат Франческо Вани, като учител е техният баща Архангело Салимбени в ателие в родния си град Сиена.",bul,bul,"[55296.0, 6285.0, 1016.0, 6695.0, 9848.0, 10372.0, 13587.0, 6979.0, 7643.0, 6546.0, 16835.0, 6520.0, 8572.0, 10715.0, 8873.0]"
"Много артисти, базирани в САЩ, като Елвис Пресли и Майкъл Джексън, са признати в световен мащаб и са продали над 500 милиона албума. [14] Албумът „Трилър“ на Майкъл Джексън, на 100 милиона продажби, е най-продаваният албум на всички времена. [15]",bul,bul,"[88830.0, 9720.0, 1565.0, 8796.0, 15407.0, 16211.0, 15644.0, 10712.0, 11981.0, 8330.0, 27026.0, 8369.0, 14333.0, 15699.0, 15019.0]"
"През последните години имиграцията допринася до голяма степен за демографския растеж; около 8% процента от населението са имигранти. От 1 януари 2005 г. Норвегия приема много малък брой чужденци и ги репатрира, колкото се може по-бързо. Най-многобройни са пакистанците, иракчаните, виетнамците и сомалийците.",bul,bul,"[108418.0, 11057.0, 1739.0, 10667.0, 20352.0, 17679.0, 20391.0, 11791.0, 13043.0, 9691.0, 32984.0, 9574.0, 16244.0, 18142.0, 17406.0]"
"Паскин е бил един от най-големите бохеми на своето време, приятел на Амедео Модилияни, Ърнест Хемингуей, Пикасо и Жорж Папазов. През 1930 г. открива 2 самостоятелни изложби – в Ню Йорк и в Париж. В деня на откриването на изложбата му в Париж – 2 юни 1930, Паскин се самоубива в ателието си. Всички търговци затварят галериите си в траур, като знак за почитта към художника.",bul,bul,"[142580.0, 14866.0, 2529.0, 16026.0, 24523.0, 23742.0, 27256.0, 15835.0, 17690.0, 14599.0, 46122.0, 14699.0, 21327.0, 23521.0, 22314.0]"
"Продължават сътрудничеството си в Лос Анджелис и основават Калифорния Гитар Трио през 1991 година. Те продължават да свирят според НСН. Изпълненията и записите им включват оригинални композиции, сърф кавъри и класически преработки на класическа музика. Към влиянията им се числят европейската класическа музика, рок музиката, блуса, джаза, световната музика и сърф музиката. Калифорния Гитар Трио са с подчертана техническа виртуозност и демонстрират хумор в музиката си.",bul,bul,"[149340.0, 15224.0, 2481.0, 13588.0, 24723.0, 24580.0, 25425.0, 16422.0, 18648.0, 13418.0, 43262.0, 14009.0, 22311.0, 24522.0, 23379.0]"
"2000 Голяма награда на Европа е 10-то за Голямата награда на Европа и шести кръг от сезон 2000 във Формула 1, провежда се на 21 май 2000 година на пистата Нюрбургринг във Германия.",bul,bul,"[55816.0, 8193.0, 1388.0, 7032.0, 12558.0, 12479.0, 11875.0, 8971.0, 9954.0, 6200.0, 17333.0, 5756.0, 11119.0, 12621.0, 11498.0]"
"(1910, оценка) 0–14 години: 35% (мъже 423,253; жени 408,204)15–64 години: 57.3% (мъже 640,835; жени 722,443)65 над години: 7.7% (мъже 82,312; жени 99,905)",bul,bul,"[54597.0, 12695.0, 3147.0, 10189.0, 16734.0, 17619.0, 15353.0, 15826.0, 15513.0, 9710.0, 23307.0, 8440.0, 15446.0, 18075.0, 15461.0]"
"Роден е на 20 март 1943 г. в Поморие. Завършва Висшето народно военно артилерийско училище „Георги Димитров“ в Шумен. Започва да служи като командир на взвод в 66-та ракетна бригада, базирана в Ямбол. Впоследствие завършва Командно-щабната академия в Санкт Петербург и оперативно-стратегическата в Москва. В различни периоди е началник на „Ракетни войски и артилерия“ на 11 Танкова бригада в Карлово, заместник-началник на Оперативен отдел в Командването на Ракетни войски и артилерия в КСВ, командващ Ракетните войски и артилерията на Трета армия, главен инспектор по Ракетни войски и артилерия в Инспектората на МО. От 1996 до закриването им през 2001 г. е командир на Ракетните войски на българската армия. Изкарал е и специализирани курсове в Германия. През 2013 г. е награден с награден знак „За принос към Министерството на отбраната“. Председател е на Клуб Ракетни войски и артилерия „Олимпий Панов“.",bul,bul,"[318626.0, 34449.0, 5245.0, 29328.0, 56099.0, 51366.0, 55825.0, 34155.0, 38486.0, 28316.0, 115648.0, 28166.0, 47354.0, 53296.0, 51110.0]"
"През 1461 г. той отива с Региомонтан в Рим. През 1463 г. той става (латински) титулярен патриарх на Константинопол. Когато през април същата година турската войска завладява венецианската крепост Аргос в Гърция, Висарион пътува за Венеция, за да накара Републиката да „защити вярата“ и да започне война против турците.",bul,bul,"[104784.0, 11208.0, 2018.0, 11886.0, 20112.0, 18520.0, 23694.0, 12706.0, 14251.0, 10919.0, 34682.0, 10972.0, 16397.0, 20503.0, 17020.0]"
"Изтеглянето на чуждестранните войски от българска територия трябва да започне след разпускането на българските запасняци и да продължи най-много 15 дни (чл. VII). Дотогава румънската армия остава зад демаркационна линия между Свищов и Ловеч (на изток), Лом и Берковица (на запад), Арабаконак, Мирково и Златица (на юг).",bul,bul,"[110748.0, 10923.0, 1740.0, 10453.0, 19667.0, 17914.0, 19079.0, 11838.0, 13124.0, 10002.0, 35518.0, 10419.0, 15887.0, 19806.0, 17215.0]"
Елементи по-тежки от желязото се формират по време на експлозията посредством прихващане на неутрони и последващ радиоактивен разпад към елемент с по-голям пореден номер в периодичната система. В междузвездното пространство под налягането на неутринотата бива разпръснат материал обогатен на тежки елементи в по-голяма степен отколкото първоначалния състав на облакът от газ и прах дал начало на звездата.,bul,bul,"[131526.0, 12489.0, 1847.0, 11761.0, 22309.0, 20460.0, 22574.0, 13726.0, 15020.0, 11397.0, 39968.0, 11818.0, 18445.0, 21608.0, 20167.0]"
"През 2007 г. е издаден първият му роман „Жената в капан“ от криминалната поредица „Отдел „Q“. Главният герой комисар Карл Mьорк е сред най-добрите разследващи убийства в Копенхаген. Поради инцидент с двама негови колеги изпада в депресия и заедно с помощника си, сириецът Асад, е изпратен към новосъздаденият отдел „Q“, който се занимава с разследване на неразкрити случаи. Един от тях го заинтригува – изчезналата безследно депутатка от Фолкетинга Mереде, която е обявена за мъртва. Книгата е удостоена c наградата „Бари“ за най-добър криминален роман на годината, издаден в CАЩ и Канада. През 2013 г. е екранизирана в едноименния филм (на бълг. Специален отдел Q) с участието на Николай Лие Каас, Пер Шел Крюгер и Троелс Либи.",bul,bul,"[264258.0, 27257.0, 4383.0, 25737.0, 49569.0, 42252.0, 46466.0, 27860.0, 31359.0, 24042.0, 81281.0, 23510.0, 38498.0, 43846.0, 41234.0]"
Кохезионния фонд - финансиране на дейности в допълнение на финансирането чрез структурните фондове с оглед постигане на икономическо и социално изравняване.,bul,bul,"[46646.0, 4501.0, 698.0, 4682.0, 8795.0, 7382.0, 8356.0, 4871.0, 5438.0, 4401.0, 15118.0, 4443.0, 6662.0, 7912.0, 7118.0]"
"Бръшлян е """"най-коравият"""" боец на групата. При нея преобладава съставката """"подправки"""". Тя е мъжко момиче и обича да се бие. В един от епизодите смята, че любимото и одеалце ѝ помага да бъде по-добър боец. Най-големият ѝ страх са паяците. Тя също така мрази да се къпе и обича да се цапа.",bul,bul,"[112179.0, 10255.0, 1589.0, 9923.0, 18646.0, 16927.0, 19520.0, 10913.0, 12196.0, 9516.0, 34693.0, 9851.0, 15705.0, 18462.0, 17062.0]"
"Едно от най-обичаните национални ястия е Кушари, преставляващо смес от ориз, леща, макарони. Древните египтяни са известни с това, че са използвали много чесън и лук в ежедневния ястия. Прясно пюре от чесън и подправки се използва в доматената салата, и при приготвяне на пикантни пълнени варени или печени патладжани. Чесънът, пържен с кориандър се добавя към ястието Мулукхия, което е популярна зелена супа, направени от ситно нарязани листа от юта, понякога с пилешко или месо от заек. Пържен лук може да бъде добавен към ястието кушари.",bul,bul,"[199292.0, 18712.0, 3059.0, 16846.0, 31640.0, 32535.0, 32281.0, 19349.0, 22254.0, 16547.0, 60169.0, 17020.0, 28008.0, 34218.0, 30411.0]"
"Първите постъпления на архивни фондове са предадени от Държавен архив – Враца, комплектувани преди промяната на административно-териториалното деление на страната през 1959 г. и създаването на архива във Видин. През 1994 г. е приет фондовият масив на ОК на БКП, възлизащ на 378 фонда с 12757 архивни единици, 1309 спомена, 943 частични постъпления и 3156 снимки.",bul,bul,"[128684.0, 13260.0, 2224.0, 12762.0, 24014.0, 20457.0, 23829.0, 14059.0, 15427.0, 12383.0, 46789.0, 11479.0, 19049.0, 21919.0, 20751.0]"
"До 1934 година името на селото е Долни Орман, но Ласкарево е паралелно име на селото. В „Етнография на вилаетите Адрианопол, Монастир и Салоника“, издадена в Константинопол в 1878 година и отразяваща статистиката на мъжкото население от 1873 година, Долне Ормане Ласкарево (Dolné Ormané Laskarévo) е посочено като село с 42 домакинства и 140 българи.",bul,bul,"[121872.0, 15004.0, 2542.0, 16654.0, 23690.0, 24354.0, 27495.0, 17811.0, 19044.0, 14143.0, 41740.0, 13861.0, 20904.0, 31198.0, 22360.0]"
"Чаят е националната напитка в Египет, има особено положение, като дори кафето не може да му бъде съперник. В Египет чаят се нарича """"шай"""". Чайовете, опаковани и продавани в Египет, са почти изцяло внос от Кения и Шри Ланка. Египетското правителство счита, чая като стратегическа култура, и разработва големи насаждения чай в Кения. Зеленият чай е отскоро в Египет (от края на 90-те години става достъпен) и към настоящия момент е много популярна напитка.",bul,bul,"[149342.0, 14748.0, 2256.0, 13046.0, 24322.0, 24506.0, 24857.0, 15233.0, 17221.0, 12750.0, 47723.0, 13427.0, 21711.0, 24919.0, 22820.0]"
"При освояване на новите морски театри плавбазите заменят на екипажите и кея, и хотел, и ремонтната работилница, и място за почивка, и даже могат да се използват като кораби-мишени, за отработване на торпедни атаки. Често на плавбазите живеели не само подводничарите, а и техните семейства.",bul,bul,"[97427.0, 9009.0, 1388.0, 8233.0, 16232.0, 14849.0, 16051.0, 9915.0, 10923.0, 7943.0, 35760.0, 8105.0, 13112.0, 16008.0, 13963.0]"
"Понятието прабългари е термин въведен през 19-ти век от историческата наука за обозначаване на група номадски племена с неясен етнически произход, мигрирали от Централна Азия през Великата степ и уседнали на територията на Европа, където впоследствие основават няколко средновековни държави. Днес често това наименование се замества с термина протобългари, стари българи и дори просто българи. Не е изяснен и въпросът, дали българи е било тяхното самоназвание, или е име дадено им от други народи. Тези племена са наричани от ранносредновековните летописци с различни имена като: кутригури, утигури, скити, мизи, хуни и др. Вследствие на разселването си те са претопени напълно и езикът и културата им изчезвават.",bul,bul,"[236662.0, 22951.0, 3580.0, 21285.0, 40850.0, 37849.0, 42161.0, 25092.0, 27747.0, 21277.0, 79617.0, 20225.0, 33052.0, 39962.0, 35878.0]"
"Основните методи на АО са: проектно-ориентираното обучение (project-based learning), проблемно-ориентираното обучение (problem-based learning), ученето чрез опит (experiential learning) и ученето чрез проучване (inquiry-based instruction).",bul,bul,"[51988.0, 6198.0, 1664.0, 5594.0, 10260.0, 9388.0, 10744.0, 6965.0, 7463.0, 5878.0, 19373.0, 5728.0, 8547.0, 9931.0, 8953.0]"
"Холивуд (американската филмова и телевизионна индустрия) от 20-те години доминира на повечето медийни пазари в света. Това е основната среда, чрез която хората по целия свят гледат на американската мода, обичаите, природата и начина на живот. [7]",bul,bul,"[74681.0, 7551.0, 1174.0, 6971.0, 12837.0, 12556.0, 13140.0, 8191.0, 9132.0, 6691.0, 24437.0, 6993.0, 10919.0, 12835.0, 11783.0]"
През есента на 1811 г. Александър Пушкин постъпва в новооткрития Императорски царскоселски лицей в днешния град Пушкин. Там той преживява Наполеоновата война от 1812 година и за пръв път показва своя поетичен талант.,bul,bul,"[73397.0, 8044.0, 1219.0, 7078.0, 12900.0, 12324.0, 12790.0, 8585.0, 9338.0, 6544.0, 28624.0, 6486.0, 10992.0, 12762.0, 11659.0]"
"Оказва се, че електромагнитната сила е в основата на практически всички явления, с които се сблъскваме в ежедневието си, с изключение на гравитацията. Грубо казано, всички сили на взаимодействие между атомите могат да бъдат сведени до влиянието на електромагнитната сила върху електрически заредените протони и електрони, от които те са съставени. Това включва както силите, които упражняваме при """"бутане"""" и """"дърпане"""" на обикновени материални обекти, основаващи се на междумолекулното взаимодействие между молекулите на телата ни и тези на обектите, така и всички химични явления, които се дължат на взаимодействия между електронните орбитали.",bul,bul,"[186721.0, 17500.0, 2634.0, 16395.0, 30733.0, 28984.0, 31435.0, 18574.0, 20889.0, 16073.0, 59280.0, 16332.0, 25626.0, 29046.0, 28070.0]"
"Харалан Хараланов е роден през 1947 г. Хараланов завършва висшето си образование във ВМЕИ-Варна с направление „Корабостроене” през 1973 г. Завършва докторантската си степен в Санкт Петербургския Морски Университет през 1985 г. Защитава дисертация на тема „Основи на дизайна на товара, хидро системи за насипни материали в корабите за насипни товари”.",bul,bul,"[114057.0, 12469.0, 2017.0, 10813.0, 20388.0, 19908.0, 19708.0, 13104.0, 14537.0, 10194.0, 42437.0, 10030.0, 17626.0, 20412.0, 18527.0]"
"След Втората световна война нещата се преобръщат. В българската наука отново се налага тюркската теория за произхода на прабългарите. Българите се приемат отново за предимно славянски народ, а тюркският прабългарски примес се определя като нищожен, като ролята на славяните за формирането на българската държава е силно надценена.",bul,bul,"[109553.0, 10557.0, 1650.0, 9685.0, 19436.0, 17202.0, 18811.0, 11568.0, 12817.0, 9781.0, 35469.0, 9730.0, 15497.0, 19144.0, 16844.0]"
"В последните няколко години ЛПЗ са обект на усилени проучвани поради ролята им в активиране на много транскрипционни фактори. ЛПЗ предизвикателства произвеждат много от инфламаторните медиатори отговорни за патологичните процеси на септичния шок. Човешкият организъм е много по-чувствителен към ЛПЗ, за разлика от други животни като например мишките. Минималната доза от 1 µg/kg довежда до шоково състояние човека, докато мишките са в състояние да толерират хилядократно по висока доза. Причината за това вероятно е разликата между двата вида в циркулиращите антитела. Колектив, ръководен от Е.А. Саид (Said et al.), демонстрира, че ЛПЗ причинява зависимото от интерлукин-10 (IL-10) подтискане на експанзията на CD4 T лимфоцитите, посредством ап-регулация на нивата на PD-1 в моноцитите, което води до произвеждане на IL-10 от моноцитите след съединяване на PD-1 с PD-L.",bul,bul,"[288073.0, 31295.0, 5189.0, 26811.0, 48941.0, 48312.0, 50735.0, 33524.0, 36712.0, 26979.0, 85462.0, 26095.0, 43309.0, 48726.0, 46161.0]"
"Нормалня запас гориво е 603 тона въглища. На скорост 10 възела той следвало да е достатъчен за изминаването на 5 638 мили. На максимална скорост запасите стигат за 1 250 морски мили. Максималня запас гориво, при използването на резервните въглищни бункери достига до 950 тона. На изпитанията за максимална скорост, от 23 декември 1898 г. крайцера показал средна величина при четири пробега от 19,1 възела.",bul,bul,"[138969.0, 14862.0, 2502.0, 14491.0, 26520.0, 23433.0, 25591.0, 16167.0, 17493.0, 13531.0, 52232.0, 12860.0, 20731.0, 24446.0, 22191.0]"
"Втора английска дивизия започва да съществува под това име от 1892 г. Тогава към дванадесетте отбора от Футболната лига се присъединяват отбори от конкуретния Футболен алианс. Футболната лига е разделена на две дивизии, като в новата първа дивизия са приети двата най-добри отбора от Футболния алианс, а във втората — предимно отбори от Футболния алианс. През следващите 100 години Втора английска дивизия е втората най-висока дивизия на английската футболна пирамида. През 1992 г. всички отбори от Първа дивизия вкупом се отцепват от администриращата я Футболна лига и на 27 май официално създават ново дружество, наречено FA Premier League. Това нарушава структурата на английския футбол — новата Висша лига заема мястото на върха на английската футболна пирамида, старата Първа дивизия, запазвайки името си, вече заема второто ниво във футболната йерархия, а старата Втора дивизия, която също запазва името си, вече е третият по сила шампионат. Запазени са и всички връзки между отделните дивизии (изпадащите и изкачващите се отбори между отделните нива). Дванадесет години по-късно с рекламна цел името на Втора дивизия е сменено на Английска първа футболна лига, но продължава да бъде третото ниво. През годините броят на участващите отбори се променя - 12 (1892 - 1893), 15 (1893 - 1894), 16 (1894 - 1898), 18 (1898 - 1905), 20 (1905 - 1919), 22 (1919 - 1987), 23 (1987 - 1988), 24 (1988 - 2004). Дванадесетте отбора основатели на Втъра английска дивизия са: Ардуик (сега Манчестър Сити), Бутъл, Бъртът Суифтс, Гримсби Таун, Даруен, Крю Александра, Линкълн Сити, Нортуич Виктория, Порт Вейл, Смол Хийт (сега Бирмингам Сити), Уолсол и Шефилд Юнайтед.",bul,bul,"[569737.0, 67408.0, 12398.0, 55690.0, 100952.0, 104585.0, 102540.0, 73389.0, 81919.0, 54184.0, 184596.0, 52990.0, 93458.0, 102498.0, 97217.0]"
"Селото е равнинно разположено в областта Пелагония, североизточно от град Битоля и в източната част на община Могила. Най-близките села са Добрушево на северозапад, Мусинци на североизток, Путурус на югоизток и Будаково и Трап на югозапад.",bul,bul,"[84849.0, 9351.0, 1499.0, 8076.0, 15227.0, 14952.0, 16501.0, 10101.0, 11023.0, 8679.0, 27046.0, 8944.0, 13302.0, 16180.0, 14023.0]"
"През 1970 г. основава с Рони Уд и трима бивши членове на „Смол Фейсес“ групата „Фейсес“. След 1971 г. отделни песни и албуми заемат челни места в класациите в Англия и САЩ, а концертите му имат огромен успех. Групата му се разпада през 1975 г., след което певецът прави солова кариера.",bul,bul,"[101692.0, 10728.0, 1985.0, 10470.0, 19236.0, 17517.0, 18548.0, 12183.0, 13108.0, 10100.0, 33431.0, 10873.0, 15694.0, 18298.0, 16473.0]"
"Бела Кун (на унгарски: Kun Béla) е унгарски политик от Комунистическата партия, ръководител на Унгарската съветска република, просъществувала 133 дни през 1919 г.",bul,bul,"[53938.0, 6773.0, 1194.0, 6298.0, 11843.0, 11013.0, 11168.0, 8089.0, 8901.0, 6199.0, 20337.0, 5991.0, 9721.0, 12095.0, 9876.0]"
"Увеличаването на налягането повишава температурата в центъра на бялото джудже. В определен момент температурата става достатъчно висока, за да предизвика реакция на термоядрен синтез. Нейния фронт се разпространява дефлаграционно. „Пламъкът“ на фронта се разпространява с нарастваща скорост вследствие на нестабилността на Рейлей-Тейлър и взаимодействие с турболентността. Счита се че в определен момент фронта започва да се разпространява детонационно.",bul,bul,"[140156.0, 13939.0, 2077.0, 12489.0, 23519.0, 22651.0, 23258.0, 15133.0, 16824.0, 11889.0, 46383.0, 12002.0, 20245.0, 22746.0, 21569.0]"
"Friedrich Wilhelm Cuno: Gedächtnisbuch deutscher Fürsten und Fürstinnen reformierten Bekenntnisses, 5. Lieferung, Barmen o.J. (1883), S. 44 – 61.",deu,bul,"[10698.0, 3705.0, 1396.0, 5937.0, 25466.0, 6088.0, 7306.0, 5780.0, 5077.0, 4524.0, 5159.0, 3627.0, 4171.0, 8068.0, 5057.0]"
"Той е женен за Мумия Ахаика, внучка на Катул и има два сина. По-старият му син Гай Сулпиций Галба е консул през 22 г. По-малкият му син е по-късният император Галба. След смъртта на съпругата му след раждането на втория им син през 3 пр.н.е. в една вила до Терачина, той се жени за Ливия Оцелина.",bul,bul,"[111093.0, 12300.0, 1981.0, 10552.0, 19386.0, 19973.0, 19978.0, 13351.0, 14640.0, 10669.0, 32784.0, 10929.0, 17245.0, 20700.0, 18275.0]"
"Роден е на 24 март 1926 година в София. Учи пиано при Панка Пелишек. От дете проявява голям талант в свиренето с този инструмент. През 1936 година завършва средния отдел на Държавната музикална академия. На следващата година заминава за специализация в Берлин. През 1942 година завършва местната музикална академия, където е възпитаник на Карл Мартинсен. От 1942 до 1943 година работи съвместно с пианиста Вилхелм Кемпф.",bul,bul,"[145192.0, 16109.0, 2822.0, 14559.0, 31118.0, 24906.0, 27242.0, 17003.0, 18811.0, 14425.0, 48186.0, 14036.0, 22734.0, 25818.0, 23828.0]"
"След време Пушкин и съпругата му Наталия Гончарова, за която се жени на 18 февруари 1831 година, стават редовни участници в придворното общество.",bul,bul,"[44709.0, 4790.0, 847.0, 4325.0, 7806.0, 8042.0, 8023.0, 5345.0, 5851.0, 4202.0, 18130.0, 4300.0, 7079.0, 8111.0, 7298.0]"
"Селото е заобиколено от гори, в близост има три язовира – подходящи места за лов и риболов. На територията му се намират два паметника – в парка на селото е този на партизанката Кина Василева - Бойка, а на хълма е увековечен подвигът на руските освободители.",bul,bul,"[90313.0, 8371.0, 1401.0, 7490.0, 15007.0, 13505.0, 15396.0, 8825.0, 9725.0, 7947.0, 28140.0, 8414.0, 12271.0, 15014.0, 13433.0]"
"поради компактността на настаняване на личния състав, разположен на плавбазата, по-малко време за подготовка на съединението в случай на бойна тревога .",bul,bul,"[49640.0, 4934.0, 713.0, 4374.0, 8275.0, 7650.0, 8100.0, 5272.0, 5779.0, 4097.0, 17677.0, 4118.0, 7135.0, 8348.0, 7506.0]"
"По времето на Втората световна война, независимо от огромното количество подводници, Германия не строи специализирани плавбази за подводници. В базите си те имат развита система на брегови съоръжения, а снабдяването в морете се осъществявало от специализирани подводници-танкери от проект XIV, а също и преоборудвани снабдителни съдове или даже бойни кораби, дори спомагателни крайцер. Един от тях, „Атлантис“, се изплъзва от разконспириране дотогава, докато не получава заповед да предаде част от горивото си и хранителни припаси на подводницата U-126.",bul,bul,"[171993.0, 17186.0, 2663.0, 14534.0, 30873.0, 26612.0, 28478.0, 18043.0, 20157.0, 13839.0, 59585.0, 14641.0, 23711.0, 28329.0, 25603.0]"
"В латинските хроники етнонимът българи се среща за първи път като Vulgares (334 година). За първо официално свидетелство за българите с този етноним историческата наука, приема споменаването на българите („Ziezi ex quo Vulgares“) в късноантичен латински сборник, достигнал до нас в няколко преписа, писани IV-V век. Текстът е част от списък със синовете на библейския Сим и народите, които произлизат от тях. „Ziezi ex quo Vulgares“ се превежда, като „Зиези, от който са българите“, където Зиези е син на Сим и внук на Ной.",bul,bul,"[170112.0, 17297.0, 3027.0, 17597.0, 33132.0, 27718.0, 33764.0, 19570.0, 21112.0, 17160.0, 55010.0, 16433.0, 24577.0, 30183.0, 26668.0]"
"Отговорност за нападението е поела терористичната ислямистка организация „Ал-Каида в Ислямския Магреб“, която държи под свой контрол (заедно с други организации) Северно Мали от лятото на 2012 г. Поискали са незабавно прекратяване на Операция „Сервал“, провеждана от френските въоръжени сили за прочистване на Северно Мали от бунтовниците от 11 януари 2013 г.",bul,bul,"[122504.0, 12859.0, 2051.0, 12814.0, 21789.0, 20972.0, 22661.0, 13781.0, 15237.0, 11674.0, 37998.0, 11821.0, 18716.0, 21629.0, 19591.0]"
"С възприемане на евроцентричната доктрина в България и приемането на страната за член на ЕС и особено след отдалечаванито ѝ от Русия, от началото на 21-ви век прабългарите в изследванията на редица учени отнова биват изяснявани като ирано-арийци, които доминират числено над славяните в ранносредновековна България. В този контекст славянската компонента отново тотално се пренебрегва за сметка на прабългарската, която е необосновано преувеличена.",bul,bul,"[150766.0, 14449.0, 2215.0, 13811.0, 26127.0, 23325.0, 26680.0, 15817.0, 17470.0, 13458.0, 48016.0, 13045.0, 20964.0, 24518.0, 22544.0]"
"Много държави имат сходни положения, които ограничават обхвата на закона за авторското право, с цел изрично да се позволят фотографии, съдържащи изгледи от обществени места или изгледи, заснети от обществени места. В други страни обаче интерпретациите на този принцип варират в широки граници.",bul,bul,"[81918.0, 7590.0, 1205.0, 7517.0, 14031.0, 12230.0, 14208.0, 8052.0, 8774.0, 7291.0, 24590.0, 7384.0, 11188.0, 12642.0, 12060.0]"
"Александър Сергеевич Пушкин (на руски: Алекса́ндр Серге́евич Пу́шкин) е руски поет, драматург, литературен критик, историк, публицист и белетрист, основоположник на руския реализъм в литературата и един от най-влиятелните литературни фигури от началото на 19-ти век. Той не само подкрепя някои от идеите на декабристите, но и засяга основните социални проблеми на своето време. Още приживе той си създава репутацията на най-значимия руски национален поет, а по-късните изследователи го определят като основоположник на съвременния руски литературен език.",bul,bul,"[173857.0, 18902.0, 2832.0, 16620.0, 30497.0, 29610.0, 30184.0, 20214.0, 22307.0, 15938.0, 67891.0, 15638.0, 26186.0, 29800.0, 27870.0]"
Крайно бедното население на Бухово в миналото едва е изкарвало препитанието на големите си семейства при доста бедната обработваема земя. След края на Втората световна война с развитието на минно-добивната промишленост жителите постепенно се замогват. На мястото на някогашното скотовъдство и пастирство идват миньорството и металургията.,bul,bul,"[112230.0, 11132.0, 1643.0, 9990.0, 19505.0, 17020.0, 19354.0, 11114.0, 12481.0, 9951.0, 36707.0, 9941.0, 15444.0, 19131.0, 17083.0]"
"Същата година се мести в София, където намира работа в Телефонната палата. Скоро става завеждащ отдел „Проучвания“ на Телефонното и телеграфно отделение. Активен член и секретар на Българското инженерно и архитектурно дружество. Член е и на Клуба на радиолюбителите „Родно радио“, който се бори за отмяна на забраната за продажба на радиопарати в България. През 1933 г. влиза в ръководството на клуба.",bul,bul,"[128415.0, 12576.0, 1990.0, 11767.0, 22736.0, 19896.0, 22785.0, 13181.0, 14568.0, 11682.0, 41164.0, 11616.0, 18297.0, 21262.0, 19709.0]"
"Изискването за чистота на кръвта (на испански: limpieza de sangre), (на португалски: Limpeza de sangue) е дискриминационен режим в Испания и Португалия, ограничаващ достъпа до определени длъжности на т.нар. нови християни. Изискването е въведено в края на Реконкистата през XV век и е постепенно премахнато през XVIII-XIX век.",bul,bul,"[97213.0, 10026.0, 1754.0, 11023.0, 16628.0, 15430.0, 19828.0, 10546.0, 11590.0, 13712.0, 30781.0, 13962.0, 14526.0, 16307.0, 15707.0]"
"Александър Пушкин заминава за Кишинев, но по пътя получава белодробно възпаление след къпане в река Днепър и в края на май семейство Раевски го взимат със себе си в Кавказ и Крим, за да подобри здравето си. На 16 август те пристигат във Феодосия, а след отиват в Гурзуф. В Гурзуф Пушкин и Раевски отсядат в дома на херцог Арман-Еманюел дю Плеси дьо Ришельо и прекарват там няколко седмици.",bul,bul,"[139764.0, 15023.0, 2240.0, 14534.0, 23158.0, 24224.0, 23712.0, 15727.0, 17466.0, 12295.0, 50708.0, 12020.0, 20495.0, 25625.0, 22123.0]"
"Кун взема участие в Първата световна война, през 1916 г. е пленен от руснаците и изпратен във военнопленнически лагер в Урал, където се сближава с болшевиките. След Февруарската революция в Русия е освободен и участва в основаването на Унгарската група на Болшевишката партия, по-късно преобразувана в Унгарска комунистическа партия. В рамките на комунистическата партия Бела Кун, заедно с италианеца Умберто Терачини и унгареца Матяш Ракоши, е по-близък до екстремистката група около Григорий Зиновиев и Карл Радек.",bul,bul,"[172809.0, 18630.0, 2932.0, 16189.0, 30771.0, 29046.0, 30819.0, 19477.0, 22078.0, 15587.0, 59059.0, 15593.0, 25417.0, 30035.0, 27315.0]"
"Провинциите имат голяма автономия от федералното правителство, особено в областта на правораздаването, здравеопазването, образованието, социалните грижи, вътрешнопровинциалния транспорт и др. В тази връзка те разпределят федералния бюджет, отпускан от правителството на всяка провинция, в много области на социалния и политическия живот.",bul,bul,"[101754.0, 10479.0, 1548.0, 9739.0, 18208.0, 16422.0, 17965.0, 11123.0, 12359.0, 9502.0, 31743.0, 9802.0, 15045.0, 17223.0, 16041.0]"
"След тръгването на заводите се вижда, че всички те са напълно натоварени, построени с много добра перспектива и прозорливост. А някои – като Електропорцелановия завод, търпят и неколкократни разширения. За 3 години се изгражда цялата база на електротехническата индустрия в България. Отварят врати Слаботоковият и Силнотоковият заводи, Електропорцелановият завод, Заводът за електроинсталационни материали, Заводът за електронагревателни уреди, Кабелният завод и Електроапаратурният завод, Заводът за трансформатори и т.н. – общо 11 завода.",bul,bul,"[179820.0, 16813.0, 2611.0, 15817.0, 31265.0, 27470.0, 29682.0, 18231.0, 20278.0, 15291.0, 58499.0, 14933.0, 24592.0, 28767.0, 26614.0]"
"Антоа̀н Бело̀ (на френски: Antoine Bello), роден на 25 март 1970 година, е френско-американски писател, роден в Бостън, Масачузетс. Пише на френски език и книгите му са преведени на около десет езика.",bul,bul,"[69001.0, 7828.0, 1434.0, 11656.0, 13211.0, 12903.0, 16021.0, 8995.0, 9916.0, 8495.0, 23672.0, 8279.0, 11758.0, 13072.0, 12084.0]"
"Официално е създадена на 1 юли 1945 година като граница между Съветската и Западната (включваща американската, британската и френската) окупационни зони. Източната страна е устроена като една от най-добре укрепените граници, има дълга линия от високи метални огради и стени, бодлива тел, алармени инсталации, ровове срещу превозни средства, кули за наблюдение, автоматични капани, както и мини. Охранява се от 50 000 въоръжени охранители от ГДР, от отсрещната страна на които има десетки хиляди западногермански, британски и американски охранители и войници. В хинтерланда, зад границите, има над 1 милион войници от НАТО и ОВД.",bul,bul,"[209800.0, 20919.0, 3356.0, 18937.0, 38257.0, 33529.0, 35493.0, 22565.0, 25251.0, 17955.0, 67158.0, 18282.0, 30184.0, 34588.0, 31993.0]"
"Предполага се, че Евтимий се заема с развитие и довеждане докрай на делото, започнато от монасите старец Йосиф, старец Йоан и Захей Философ по „изправяне на светите книги“. С дейността на Йоан той има възможност да се запознае по времето на пребиваването си в Атон. Самата реформа е проведена след завръщането му в България и възкачването му на патриаршеския престол.",bul,bul,"[120679.0, 11854.0, 1810.0, 10447.0, 20771.0, 18885.0, 21093.0, 12605.0, 13665.0, 10543.0, 38253.0, 11201.0, 16817.0, 20225.0, 18318.0]"
"Материалите пристигат във Варна с три парахода в различно време: на 3, 9 и 18 декември 1903 г. Оръдията, лафетите, предниците, зарядните ракли, понтонни коли и части, лодки и снаряди били складирани на открито, а други – в навесите на морската част и Осми приморски пехотен полк. Военният министър генерал Савов командирова във Варна капитан Михлюзов от 5-ти артилерийски полк с 20 войника да приеме и изпрати материалите до музеите. Различните манекени, картини, модели на кораби и мостове са изпратени в София и изложени в Офицерския клуб и от там изпратени по къщите-музеи. Към края на септември оградата била готова.",bul,bul,"[222682.0, 21783.0, 3463.0, 21094.0, 39257.0, 35277.0, 39320.0, 23200.0, 25957.0, 19396.0, 75388.0, 19238.0, 31457.0, 37878.0, 33759.0]"
"Тази тема се повтаря през 1850 г., когато Щайн публикува книга, озаглавена """"История на френските социални движения от 1789 до наши дни"""". За Щайн, социалното движение е основно разбиране като движение от страна на обществото към държавата, създадена от неравенството в икономиката, което прави пролетариата част на политиката чрез представителство. Книгата е преведена на английски от Кает Менгелберг и е публикувана от Bedminster Press през 1964 г.",bul,bul,"[125748.0, 13133.0, 2387.0, 14672.0, 24045.0, 21275.0, 23676.0, 14348.0, 15948.0, 11686.0, 38728.0, 11887.0, 19140.0, 21689.0, 20269.0]"
"Използването и възпроизвеждането на паметници и сгради, които са обществено достояние, също може да попада под специален разрешителен режим. Редица държави са предвидили възпроизвеждането на обекти, които представляват културно наследство, особено когато това се прави с търговска цел, да става само след предварително разрешение.",bul,bul,"[96891.0, 9162.0, 1388.0, 9304.0, 17443.0, 14746.0, 17021.0, 9717.0, 10701.0, 8641.0, 30472.0, 8491.0, 13390.0, 15568.0, 14739.0]"
"Свръхновите от тип Ia имат крива на блясъка (зависимост на блясъка от времето) при която близо до максимална яркост спектърът им съдържа линии на елементи по атомно тегло разположени между кислорода и калция, които са основните изграждащи елементи на външните слоеве на звездата. Месеци след експлозията когато външните слоеве са се раздули до такава степен че са прозрачни, спектърът бива наситен със светлина от материал в близкост до ядрото на звездата: тежки елементи синтезирани по време на експлозията – най-вече елементи от групата на желязото. Радиоактивният разпад на никел-56 през кобалт-56 в желязо-56 отделя високоенергийни протони.",bul,bul,"[215667.0, 20745.0, 3234.0, 19610.0, 35516.0, 33688.0, 37158.0, 22796.0, 24960.0, 19049.0, 65661.0, 19133.0, 30557.0, 34379.0, 33074.0]"
"След падането на крепостта Филяково през 1554 година Лученец попада под контрола на Османската империя и нейните васали до 1593 година. Дълго след това, до края на XVII век, османците остават заплаха за града и околностите му. Градът е опожаряван неколкократно при войните през първата половина на XIX век, а при потушаването на Унгарската революция от 1848 година е окупиран от руски войски.",bul,bul,"[126619.0, 12950.0, 2112.0, 11269.0, 22291.0, 20623.0, 21721.0, 14009.0, 15477.0, 11075.0, 42838.0, 11223.0, 18318.0, 23093.0, 19440.0]"
"Иранската хипотеза за произхода на прабългарите е формулирана за пръв път в средата на 20 век от съветските историци Николай Державин, Николай Мар, Алексей Смирнов и Василий Сиротенко, които свързват прабългарите със сармато-аланското население на Източна Европа, евентуално претърпяло известно тюркско влияние. Державин и Мар са известни с псевдонаучното, но поддържано от съветските власти, ново учение за езика. Привърженик на иранската хипотеза, макар впоследствие да е склонен да приеме и туранският модел, е и българският историк Александър Бурмов.",bul,bul,"[173628.0, 18011.0, 2838.0, 15821.0, 30276.0, 29415.0, 30237.0, 19546.0, 22047.0, 15506.0, 62123.0, 15039.0, 25453.0, 30907.0, 27417.0]"
"Основните компоненти на контактора са бобина, главни и спомагателни контакти, корпус, магнитопровод и дъгогасителна система. Електромагнитената система на контактора се образува от бобината и магнитопроводът. Контакторите имат главна, силова и спомагателна, управляваща верига, като е възможно и да няма спомагателни контакти или дъгогасителни камери, когато токът е по-малък.",bul,bul,"[115508.0, 12061.0, 1638.0, 10338.0, 19521.0, 18643.0, 19747.0, 12725.0, 13983.0, 10027.0, 38910.0, 10534.0, 16595.0, 19670.0, 17888.0]"
"За решаване на проблема с персонала, през 1880 г. Джордж Пулман купува четири хиляди акра земя близо до Чикаго и започва да строи град за собствените си служители - Пулмантаун, където се концентрира цялото основно производство.",bul,bul,"[70053.0, 7002.0, 1156.0, 6284.0, 11564.0, 11721.0, 11822.0, 7650.0, 8647.0, 5777.0, 22903.0, 6121.0, 10448.0, 12317.0, 10861.0]"
"Някои изследвания в областта на когнитивната наука показват, че много хора имат стил на учене, при който традиционният лекционен стил на преподаване не е подходящ. Според Артър Чикъринг и Зелда Гемсън (Chickering, Gamson, 1987), за да бъдат активно въвлечени в процеса на обучение, учащите трябва не само да слушат, но също и да четат, пишат, обсъждат или решават проблеми. Най-важно е, че те трябва да се занимават и със сериозни мисловни задачи като анализиране, синтезиране и оценяване. Използването на техники за активно обучение в класната стая се счита за жизненоважно, заради съществено им въздействие върху обучаемите. Редица проучвания сочат, че стратегиите, насърчаващи активното учене, са по-добри от лекциите при развитието на умения за мислене и писане от страна на учащите.",bul,bul,"[251209.0, 24914.0, 4098.0, 21914.0, 41896.0, 39692.0, 40895.0, 25436.0, 28740.0, 21490.0, 74863.0, 22119.0, 36020.0, 39975.0, 38703.0]"
През 1942 година заминава на специализация в Берлин при Ф. Ломан. Завръща се през 1945 година и е поканена отново в Операта да поеме колоратурните партии в текущия репертоар. Изпълнява колоратурни оперни роли в продължение на 25 години.,bul,bul,"[80033.0, 8280.0, 1417.0, 8479.0, 17146.0, 13275.0, 15390.0, 9048.0, 9896.0, 8005.0, 27754.0, 7807.0, 11935.0, 13629.0, 12619.0]"
"Диалектическият материализъм (наричан още диамат) е философско направление, изучаващо закономерностите и същността на битието, отношението на човека към света и историческите изменения на това отношение в процеса на практически и теоретически действия. Диалектическият материализъм е създаден от Карл Маркс и Фридрих Енгелс през 19-ти век и след това доразвит от Ленин през 20-ти век. Той се счита за идеологическа основа на марксизма.",bul,bul,"[128551.0, 14298.0, 2008.0, 11430.0, 23356.0, 21039.0, 21898.0, 14121.0, 15997.0, 11309.0, 45661.0, 10995.0, 18500.0, 21727.0, 20619.0]"
"Разкрива се, че скривалището на Грендал е в отдалечен дворец в провинцията. След като се уверява в присъствието й, Ранд използва Чедан Кал, най-мощния ша-ангреал, и напада цялата сграда с белфир, който изтрива нишките от Шарката. Ужасени от делото му, Нинив и Мин се обръщат към Кацуан за помощ. Ранд се отказва да спасява Арад Доман от глада и сеанчанците и се връща в Тийр.",bul,bul,"[133971.0, 12705.0, 2148.0, 12137.0, 21125.0, 21818.0, 21654.0, 13862.0, 15761.0, 11074.0, 37068.0, 11639.0, 19273.0, 21478.0, 20293.0]"
"След Мондиала Форест разпродават водещите си футболисти, освен Хойдонк. Пиер отказва да играе за отбора и до ноември поддържа форма с НАК Бреда. С желанието си да напусне, холандецът си спечелва неодобрението на публиката и съотборниците си. Все пак нападателят се връща във Форест през втория полусезон и вкарва 6 попадения в 21 срещи, включително и гол в последната минута срещу Ливърпул. Отборът завършва на последното 20-то място и отново изпада от елита.",bul,bul,"[156844.0, 15350.0, 2557.0, 15533.0, 28310.0, 25329.0, 29507.0, 16807.0, 18915.0, 15247.0, 46582.0, 15394.0, 23356.0, 25700.0, 24579.0]"
"Съобразно завещанието на цар Никомед IV Филопатор, след смъртта му, Витиния преминава във владение на Рим. Митридат VI не признава новото статукво и изпраща малки групи от войници в провинция Азия, за да убеди тамошните градове да отхвърлят римското управление.",bul,bul,"[85918.0, 8834.0, 1434.0, 8025.0, 14664.0, 13860.0, 15564.0, 9277.0, 10268.0, 8047.0, 25228.0, 8381.0, 12353.0, 14864.0, 13325.0]"
"Ин Аменас (на арабски: إن أمناس‎ - Ин Амена̀с; на френски: In Aménas, In Amenas) е град и община в Източен Алжир, област Илизи, околия Ин Аменас.",bul,bul,"[40183.0, 5835.0, 1253.0, 10518.0, 9608.0, 10644.0, 12589.0, 7290.0, 8136.0, 7309.0, 16244.0, 7073.0, 9476.0, 11078.0, 9292.0]"
"(бразилско изд., Companhia das Letras, Sao Paulo,1995; френско изд., Seuil, Paris, 1996; испанско изд., Taurus, Madrid, 1996; германско изд., S.Fischer, Frankfurt am Main, 1966; американско изд., Harvard U.P., Cambridge, Mass. 1997; румънско изд., Istitutul European, Iasi, 2001; японско изд.; корейско изд.).",bul,bul,"[63240.0, 10212.0, 3707.0, 15785.0, 20815.0, 15655.0, 21906.0, 12894.0, 13288.0, 20529.0, 29073.0, 15124.0, 14379.0, 18607.0, 15725.0]"
"Етнически повечето норвежци са от северногермански (нордически) произход. На север живеят малки по численост фински малцинства. Саамите, коренните жители на Норвегия, традиционно населяват северните части на Норвегия, Швеция, Финландия и Русия. Парадоксално, но най-много саами на едно място живеят в столицата Осло.",bul,bul,"[100897.0, 10245.0, 1571.0, 8720.0, 19062.0, 16736.0, 16494.0, 11522.0, 12971.0, 8176.0, 34320.0, 8360.0, 14843.0, 17148.0, 15420.0]"
"(2005, оценка) 0–14 години: 18.9% (мъже 44,848; жени42,315)15–64 години: 65.5% (мъже 156,476; жени 147,465)65 над години: 15.6% (мъже 32,017; жени 40,304)",bul,bul,"[54040.0, 13715.0, 3103.0, 9801.0, 16581.0, 18423.0, 14944.0, 16916.0, 16375.0, 9550.0, 22912.0, 8178.0, 16250.0, 18590.0, 15770.0]"
"Държавата възниква от успешния град-държава Флоренция, управляван от фамилията Медичи Император Карл V издига страната през 1530 г. на херцогство и става зависим от Хабсбургите. През 1569 г. херцогството става Велико херцогство.",bul,bul,"[82391.0, 9267.0, 1525.0, 8358.0, 15892.0, 14557.0, 16818.0, 10119.0, 10991.0, 8035.0, 26137.0, 7682.0, 12849.0, 14928.0, 13321.0]"
"Институтите на авторското право традиционно са изградени около фигурата на автора и върху концепцията за изключителното право на автора върху собственото му произведение. Поради тази причина и всички възможности за свободно използване на авторско произведение от страна на публиката традиционно се възприемат не толкова като права и свободи на гражданите и потребителите, а като ограничения в и изключения от правата на автора.",bul,bul,"[101112.0, 9433.0, 1440.0, 10159.0, 18867.0, 15114.0, 19637.0, 10141.0, 11025.0, 10257.0, 33018.0, 9780.0, 13892.0, 15744.0, 15278.0]"
"Тази свобода при транспонирането е довела до това, че в различните държави членки режимът, касаещ авторските права върху сгради и скулптури, е различен. Между почти пълната свобода на панорама в Германия и почти пълната липса на подобно ограничение на правата на автора в Италия и Гърция, в различните държави съществуват редица „междинни решения“.",bul,bul,"[111342.0, 10606.0, 1602.0, 11506.0, 20638.0, 16833.0, 21035.0, 11357.0, 12389.0, 10459.0, 33944.0, 10335.0, 15248.0, 18035.0, 16730.0]"
"Министерство на околната среда и водите (МОСВ) води началото си от Комитета за опазване на природната среда, обособен на 19 юни 1976 г. при разделянето на Министерството на горите и опазването на природната среда (с Указ на „Държавния съвет“ № 873). Комитетът няма ранг на министерство, но през 1981–1984 година неговият председател е член на Министерския съвет. С Разпореждане на МС № 126 се определят задачите и се утвърждава числеността и структурата на КОПС при МС. На КОПС са определени следните основни задачи:",bul,bul,"[168899.0, 17565.0, 2867.0, 16241.0, 30561.0, 27795.0, 29511.0, 18978.0, 20556.0, 15871.0, 59447.0, 15450.0, 26099.0, 28062.0, 27388.0]"
"Ядреният домейн на ЛПЗ винаги притежава олигозахариден компонент, който директно се закрепва за липида А и обикновено съдържа захари от рода на хептозата и 3-деокси-D-манооктулосонна киселина (позната също под името Кето-деокси-октулосонат или КДО). Сърцевината на ЛПЗ на много бактерии понякога съдържа и не-въглехидратни елементи като фосфати, аминокиселини и етаноламинови заместители.",bul,bul,"[125292.0, 14535.0, 2248.0, 12067.0, 22346.0, 24160.0, 22728.0, 16911.0, 18080.0, 12421.0, 38337.0, 12373.0, 20313.0, 24040.0, 20752.0]"
"В 1912 година, по време на Балканската война, в Кримни влизат гръцки части и след Междусъюзническата война в 1913 година остава в Гърция. До 2011 година Кримни е част от дем Зервохория.",bul,bul,"[67699.0, 7749.0, 1274.0, 6706.0, 12854.0, 12185.0, 12510.0, 8668.0, 9330.0, 6528.0, 25692.0, 6462.0, 10646.0, 13866.0, 11102.0]"
"Творчеството на А.С. Пушкин дава основа за много музикални произведения, например операта на Чайковски „Евгени Онегин“ (1879) или „Борис Годунов“ на Мусоргски (1874). Много от творбите му са екранизирани.",bul,bul,"[66242.0, 8191.0, 1328.0, 6545.0, 12095.0, 12358.0, 12212.0, 8608.0, 9218.0, 6552.0, 27896.0, 6940.0, 10835.0, 12782.0, 11231.0]"
"Съществуват и някои други непопулярни хипотези за произхода на прабългарите. Те са предимно остарели схващания, или представляват в различна степен някаква форма на маргинална наука.",bul,bul,"[58785.0, 5698.0, 868.0, 5324.0, 9855.0, 9176.0, 10023.0, 6157.0, 6728.0, 5233.0, 19039.0, 5343.0, 8271.0, 9702.0, 8909.0]"
"Националната стратегическа референтна рамка (НСРР) е изготвена в съответствие с общите разпоредби относно ЕФРР, ЕСФ и Кохезионния фонд. Тя е средно- до дългосрочен документ, описващ ролята на структурните фондове през периода 2007-2013 г. НСРР представя стратегията за развитие на България в този период и принципните цели на българската политика, свързани с ефективното използване на Структурните и Кохезионния фондове на ЕС. Документът съдържа детайлен анализ на социално-икономическата ситуация в България, стратегия за развитие, описание на Оперативните програми и тяхното изпълнение, както и на общия координационен механизъм.",bul,bul,"[191340.0, 19373.0, 2854.0, 19342.0, 35793.0, 29652.0, 34510.0, 20207.0, 22313.0, 18107.0, 62175.0, 17660.0, 27370.0, 30327.0, 29511.0]"
"На 28 януари 2013 г. е обявено, че ще се излъчи нов компютърно-анимиран епизод, озаглавен „Злоденсинг Старс“. В рекламного му клипче участва Ринго Стар от групата Бийтълс, който изпълнява нова песен „Иска ми се да бях реактивно момиче“. Епизодът е режисиран от Дейв Смит, който и преди е режисирал епизоди на сериала, а за ролите се завръщат и членовете на оригиналния състав. В България епизодът се излъчи на 26 юли от 08:30 по Cartoon Network.",bul,bul,"[163762.0, 16616.0, 2852.0, 15345.0, 28114.0, 27346.0, 28660.0, 17923.0, 20095.0, 14629.0, 51293.0, 14549.0, 24840.0, 27587.0, 26009.0]"
"След 1946 година е един от първите партизани на Демократичната армия на Гърция (ДАГ) в Гражданската война. Участва в различни операции на партизанската армия като командир на отряд, на батальон и на бригада. През юни 1947 година е сериозно ранен (в областта на сърцето) в битка до село Загоричани, като след възстановяването си, става командир на батальон. Назначен е за командир на легендарната 18-та бригада на ДАГ по време на двумесечните действия в Синяк, Червена гора, Горуша и Вич. През февруари 1949 година оглавява XI дивизия на ДАГ. С декрет на Временното демократично правителство от 26 ноември 1948 година е назначен за полковник в ДАГ.",bul,bul,"[223056.0, 22948.0, 3721.0, 21725.0, 39401.0, 36257.0, 41159.0, 24187.0, 26808.0, 21720.0, 74645.0, 21077.0, 33302.0, 38670.0, 35562.0]"
"През 1867 г., компанията „Пулман“ започва серийното производство на спални вагони. През същата година, Пулман изобретява първия вагон-ресторант.",bul,bul,"[45974.0, 4987.0, 769.0, 4700.0, 8492.0, 7793.0, 8468.0, 5412.0, 5943.0, 4371.0, 16760.0, 4251.0, 7286.0, 8273.0, 7471.0]"
"Карлсруе (на немски: SMS Karlsruhe) е лек крайцер на Императорските военноморски сили от времето на Първата световна война. Главен кораб на серия от два еднотипни кораба. Заложен е на 21 септември 1911 г. в корабостроителницата „Германия“ в град Кил, спуснат е на вода на 11 ноември 1912 г., влиза в строй на 12 януари 1914 г. под командването на капитан 2-ри ранг Ф. Людеке.",bul,bul,"[121946.0, 15288.0, 2677.0, 12926.0, 31357.0, 23218.0, 23272.0, 16621.0, 18194.0, 12241.0, 46119.0, 12046.0, 20150.0, 23773.0, 21299.0]"
"Първото ново предприятие е Слаботоковият завод за телефонни апарати. През 1948 г. в България групата „Елпром“ има 12 дребни предприятия, 11 инженера, 850 работника.",bul,bul,"[58941.0, 5977.0, 1028.0, 5472.0, 11262.0, 9421.0, 10428.0, 6441.0, 7028.0, 5495.0, 21356.0, 5203.0, 8702.0, 9877.0, 9362.0]"
Елементът с най-висока свързваща енергия е желязото (Fe). Този елемент се явява своеобразна преграда за понататъшното протичане на ядрените реакции на разпад в посока към по-леките елементи и термоядрените реакции на синтез в посока към по-тежките.,bul,bul,"[85758.0, 8369.0, 1271.0, 7929.0, 14808.0, 13534.0, 14765.0, 9173.0, 9869.0, 7641.0, 27387.0, 7703.0, 12202.0, 13785.0, 13147.0]"
"По време на зимния лагер в Кипър през февруари 2013 г. Гилерме е избран за капитан на Локомотив от треньора Славен Билич. През юли 2013 г. печели месечно състезание сред феновете на Локомотив за Играч на месеца. Той пропуска шест месеца след контузия на кръстни връзки в мача с ЦСКА Москва на 28 юли 2014 г. и се завръща в първия тим едва през пролетта. Въпреки, че този сезон се оказва най-успешният за Гилерме в Локомотив, Локомотив печели само бронзови медали.",bul,bul,"[165620.0, 17051.0, 2837.0, 16725.0, 28905.0, 26509.0, 30882.0, 17664.0, 19838.0, 16626.0, 53479.0, 16208.0, 24628.0, 27917.0, 26290.0]"
"Мачът се играе от 1988 г. и в него се противопоставят шампионът на Серия А срещу носителя на Купата на Италия. Домакин на срещата е отборът, спечелил Скудетото. Някои финали се играят извън пределите на Италия. През 1993 г. е игран във Вашингтон – столицата на САЩ, през 2003 г. – в Източен Ръдърфорд, Ню Джърси, а през 2002 година домакин на срещата е Триполи, Либия. През 2009 г. срещата се провежда в Пекин, Китай, а по-късно същата година се взима решение градът да приеме сблъсъка и следващите 3 години.",bul,bul,"[194133.0, 20383.0, 3328.0, 19517.0, 33548.0, 32101.0, 38425.0, 22152.0, 24906.0, 19712.0, 62173.0, 18964.0, 30422.0, 32804.0, 31733.0]"
"Общата фондова наличност на архива към 1 януари 2017 г. възлиза на 1462,49 линейни метра с 2194 архивни фонда (1994 учрежденски и 200 лични) и общ брой 181 174 архивни единици, 1226 частични постъпления и 1584 спомена. Застрахователният фонд се състои от 417 313 кадъра.",bul,bul,"[108221.0, 12406.0, 2056.0, 11772.0, 22169.0, 19188.0, 21340.0, 13639.0, 14635.0, 11269.0, 42868.0, 10399.0, 17388.0, 19613.0, 18284.0]"
"Във Великобритания капиталова отстъпка от таксувания приход се прави, така че да се плащат по-малко данъци, ако капексът покрива неща, които са необходими за работата, това означава че се признава че предходни активи са загубили стойност в резултат на изхабяване (напр. бюра), тоест всичко, което има трайност повече от 2 години може да се сметне за капекс, без коли, мотоциклети и колела.",bul,bul,"[127962.0, 11228.0, 1774.0, 10949.0, 20923.0, 19001.0, 20920.0, 11981.0, 13505.0, 10572.0, 38385.0, 11086.0, 17542.0, 19855.0, 18994.0]"
"След това за пет години Висарион отива на Пелопонес в Мистра. Там той следва в Академията на философа Георгий Гемист Плитон, който преподава философията на Платон. Бесарион учи там към древната философия и математика, астрономия, история, реторика и поезия. Той обаче не се отказва, както учителя си, от християнството.",bul,bul,"[97624.0, 9576.0, 1530.0, 8950.0, 16774.0, 16077.0, 17870.0, 10320.0, 11811.0, 9177.0, 31436.0, 9332.0, 13881.0, 16719.0, 14823.0]"
"Неутриновата физика описвана от стандартния модел и хидродинамиката играят ключова роля за разбирането на процесите протичащи при избухване на една свръхнова. Успешно биват приложени компютърни модели на свръхнови от тип II, но от първата секунда след експлозията нататък. Процесите в първата секунда на взрива все още не са описани с нужната точност. Учените могат успешно да предскажат типът на елементите получени от свръхновата и очакваната крива на блясъка.",bul,bul,"[151947.0, 14485.0, 2225.0, 13879.0, 26139.0, 24156.0, 26801.0, 15967.0, 17517.0, 14026.0, 47823.0, 14418.0, 21862.0, 24937.0, 23056.0]"
Цялото християнско население на селото е под върховенството на Цариградската патриаршия. Според секретаря на Българската екзархия Димитър Мишев („La Macédoine et sa Population Chrétienne“) в 1905 година в Костурени (Kostoureni) има 280 българи патриаршисти гъркомани и в селото има гръцко училище. В 1909 година в Костурино е открито българско училище.,bul,bul,"[109171.0, 13470.0, 2404.0, 17441.0, 22078.0, 20498.0, 25924.0, 15368.0, 16213.0, 13359.0, 36476.0, 12405.0, 18595.0, 25565.0, 20162.0]"
"Две седмици след началото на Междусъюзническата война България изпада във военна безизходица. Докато основните ѝ сили воюват в Македония срещу сърби и гърци, от север в страната нахлуват румънски войски, а от югоизток – османски. На 5 юли правителството на Васил Радославов обявява, че е съгласно да отстъпи на Румъния Южна Добруджа, и иска примирие. В отговор румънският министър-председател Титу Майореску отправя покана към воюващите страни за мирни преговори в Букурещ. България откликва първа и изпраща свои представители в румънската столица на 13 юли. Три дни по-късно в Букурещ пристигат и делегациите на бившите български съюзници – Гърция, Сърбия и Черна гора.",bul,bul,"[241248.0, 24677.0, 3763.0, 22716.0, 41710.0, 37870.0, 42616.0, 25466.0, 28608.0, 21344.0, 74788.0, 21050.0, 34356.0, 41729.0, 36770.0]"
"Целта на ОП „Околна среда“ е подобряване, запазване и възстановяване на естествената околна среда и развитие на екологичната инфраструктура.",bul,bul,"[43052.0, 4367.0, 674.0, 4257.0, 7988.0, 6838.0, 8047.0, 4760.0, 5028.0, 4135.0, 13832.0, 3899.0, 6285.0, 7224.0, 6759.0]"
"Луи е убит на 23 ноември 1407 година на улицата в Париж по заповед на херцога на Бургундия- Жан Безстрашни. Жан Безстрашни признава, че е организирал убийството на Луи Орлеански, оправдавайки го с извършени престъпления от последния.",bul,bul,"[78105.0, 8366.0, 1384.0, 10288.0, 13497.0, 13391.0, 15159.0, 9019.0, 9995.0, 7659.0, 24246.0, 7904.0, 12174.0, 13546.0, 12611.0]"
"Относно името на провинция Манитоба има спорове. Някои изследователи смятат, че името произхожда от езика на индианците крии - """"манитупуа"""", а други от езика на индианците оджибуа - """"манитобо"""". И на двата езика името означава """"проливът на духа"""".",bul,bul,"[85954.0, 9638.0, 1518.0, 8631.0, 14315.0, 16049.0, 15040.0, 10602.0, 11716.0, 8105.0, 28324.0, 8875.0, 13761.0, 15347.0, 13905.0]"
"Ludwig der Aeltere, Graf von Sayn zu Wittgenstein, in Erzählung, Brief und Verordnung, sein Selbstbiograph. Aus handschriftlichen Tagebüchern und Urkunden dargestellt von Fr. Wilh. Winckel, evangel. Oberpfarrer in Berleburg, Berleburg 1855. Digitalisat bei Google-Books.",deu,bul,"[16784.0, 5389.0, 2044.0, 9649.0, 41937.0, 9422.0, 11695.0, 8537.0, 7903.0, 6651.0, 7481.0, 5020.0, 6189.0, 13088.0, 8087.0]"
((en)) Проектът SNEWS (SuperNova Early Warning System) използва мрежа от детектори на неутрино за ранно предупреждение на експлозии на свръхнови,bul,bul,"[33253.0, 4027.0, 1007.0, 4156.0, 7065.0, 6231.0, 7183.0, 4721.0, 4795.0, 4267.0, 11501.0, 4029.0, 5819.0, 6619.0, 6020.0]"
"Абатство Сет Фон (на френски: Abbaye de Sept-Fons, официално наименование „Abbaye Notre-Dame de Sept-Fons“) е трапистко абатство в Диу, регион Оверн, департамент Алие, Централна Франция.",bul,bul,"[42755.0, 5955.0, 1328.0, 16294.0, 11014.0, 9995.0, 14680.0, 7557.0, 7869.0, 8546.0, 16160.0, 7581.0, 9099.0, 11148.0, 9360.0]"
"Египетска кухня е изключително благоприятна за вегетарианците, тъй като тя разчита много на зеленчуковите ястия. Въпреки, че храните в района на Александрия, и бреговете на Средиземно море използват много риба и морски дарове, по-голямата част от египетската кухня се основава на храни, които растат предимно по земята.",bul,bul,"[100249.0, 9197.0, 1450.0, 9036.0, 16524.0, 15272.0, 18003.0, 9912.0, 10963.0, 9008.0, 30218.0, 9302.0, 13987.0, 16381.0, 15186.0]"
"В страната работят много гастарбайтери от Египет, Йордания и Палестина. Много са чуждестранните работници и от Индия, Пакистан, Бангладеш, Судан. След последната война в Афганистан се забелява наплив и на работници от там, предимно от племето на пущуните. Чуждестраните работници в Саудитска Арабия са заети в сектори, в които местното население не желае да работи. Най-често това са ниски доходни и трудоемки дейности.",bul,bul,"[137105.0, 13521.0, 2061.0, 12101.0, 23266.0, 24481.0, 23160.0, 14379.0, 16132.0, 12251.0, 42855.0, 13390.0, 20220.0, 22856.0, 21487.0]"
"„Реактивните момичета“ (на английски: The Powerpuff Girls) е американски анимационен сериал, създаден от Крейг Маккракън. Излъчването му започва от 18 ноември 1998 г. и завършва на 25 март 2005 г. В България започва на 25 юли 2008 и завършва на 1 септември 2008 (през юли и август 2014 са издадени още няколко). Разказва се за три малки момичета, наречени Белушка, Бълбук и Бръшлян, които имат супер сили и побеждават злодеите. Те живеят в град Таунсвил с техния създател и баща - професор Утоний. Той ги създава, използвайки захар, подправки и всичко най-хубаво, с идеята да създаде перфектните малки момиченца. Тогава неговият помощник-маймуна в лабораторията, Джоджо, го блъска и той без да иска разлива върху сместа мистериозния Химикал Х. Това предизвиква експлозия и така се появяват момичетата. Джоджо обаче също е засегнат от химикала и получава своя огромен мозък, преименувайки се вече на Моджо Джоджо. Той се превръща в главния гений-суперзлодей на Таунсвил и си изгражда обсерватория на върха на действащия вулкан в центъра на града. Други суперзлодеи са Той, Принцесата, Негативните момчета, създадени от Моджо Джоджо, Фъзи Лъмпкинс и други. На 1 септември 2016 г. излиза нова поредица със същото заглавие, която се води рестарт на оригиналната.",bul,bul,"[440740.0, 45951.0, 7970.0, 41671.0, 75610.0, 74744.0, 78410.0, 48267.0, 53768.0, 41309.0, 127578.0, 41040.0, 66969.0, 74324.0, 71068.0]"
"През 1963 г. противоречията между Белопитов и отговорните партийни кардри се задълбочават. Въпреки официалната покана за изнасяне на доклад по метода в ГДР той не получава необходимото разрешение да пътува. Той пише до министъра: „Моята разработка е първият български патент, регистриран в чужбина. За пръв път в чужбина се заговаря за българско изобретение. Телеграмата, с която ме канят от ГДР, стана известна на пощенци 10 часа преди да я получа. /.../ Сега, като ме попитат защо не съм се отзовал на поканата, аз не мога да кажа, че Вие, че партията не сте ме пуснали. /.../ Всички научно-технически работници у нас са мнение, че нашата партия и правителство пренебрегват, а не поощряват научно-техническата мисъл“. Заминава с 2 дни закъснение и на собствени разноски, след което следва поредното освобождаване от пост.",bul,bul,"[282937.0, 26981.0, 4028.0, 25800.0, 49788.0, 42232.0, 48300.0, 27921.0, 30917.0, 24006.0, 93847.0, 24808.0, 38708.0, 44441.0, 42148.0]"
"Егвийн разкрива Айез Седай от Черната Аджа сред бунтовничките, принуждавайки всяка Сестра да положи Трите клетви отново. Петдесет сестри са разкрити и екзекутирани, двайсет успяват да избягат. Възползвайки се от слабата Бяла кула, бунтовническата армия се подготвя за атака. Тъкмо преди нападението Айез Седай от Кулата обявяват, че Елайда е била пленена по време на набега и че са избрали Егвийн за своя Амирлин. Така бунтовничките се завръщат и всички заедно се обединяват в усилията си да излекуват Кулата.",bul,bul,"[187316.0, 18114.0, 2837.0, 16203.0, 30381.0, 31056.0, 29831.0, 19973.0, 22432.0, 15258.0, 53032.0, 16362.0, 27367.0, 32039.0, 28561.0]"
"Основният аспект е трансформирането на идеалистическата диалектика на Хегел (известно като „изправянето ú на крака“), а другият е идеята на Хегел за класовата борба. Използван е и преработеният философски материализъм на Фойербах.",bul,bul,"[77886.0, 8159.0, 1213.0, 7259.0, 14817.0, 12531.0, 13557.0, 8306.0, 9411.0, 7067.0, 24109.0, 7349.0, 10933.0, 13106.0, 11902.0]"
"С фотометрия се установява, че Астрея има ретроградно въртене, като северният полюс показва ректасцензия 9 ч 52 мин, деклинация 73° с 5° несигурност. Това дава наклон на оста около 33°.",bul,bul,"[62405.0, 7359.0, 1204.0, 6852.0, 11952.0, 11954.0, 11307.0, 8365.0, 9029.0, 6497.0, 21918.0, 7028.0, 10514.0, 12093.0, 10852.0]"
"„Какво казваме и какво знаем за микроисторията“. - В: Между макроисторията и микроисторията или Историята в множествено число. Под редакцията на Ивайло Знеполски. София: Дом на науките за човека и обществото, 2010, с. 15-30.",bul,bul,"[76935.0, 8435.0, 1375.0, 8071.0, 14840.0, 13537.0, 13987.0, 9621.0, 10341.0, 7857.0, 26184.0, 7346.0, 12288.0, 14421.0, 13016.0]"
"През 1887 Холуб се завръща в Австрия с нова голяма колекция от над 13 хил. предмета, които обогатяват колекциите на множество музеи в Европа и америка. Историята на второто си пътешествие публикува под името: „Von der Kapstadt ins Land der Maschukulumbe“, Bd. 1 – 2, Wien, 1889 – 1890 (в превод „От Капщад в страната на машукулумбе“), книга която също става бестселър за онова време.",bul,bul,"[121642.0, 13475.0, 2875.0, 14713.0, 35757.0, 21973.0, 24753.0, 15574.0, 16685.0, 13277.0, 41062.0, 12446.0, 19410.0, 23387.0, 20841.0]"
"Следващите романи от поредицата също са бестселъри. През 2011 г. за творчеството си е удостоен с наградата „Любим автор на датчаните“. Произведенията на писателя са преведени на над 40 езика по света. Номиниран е и е удостоен с редица международни награди, включително „Стъклен ключ“ и „Хралд Моргенсен“ за „Писмо в бутилка от П.“ Юси Адлер-Улсен живее със семейството си в Община Алерод близо до Копенхаген.",bul,bul,"[140490.0, 14789.0, 2284.0, 13038.0, 26890.0, 22619.0, 24644.0, 14963.0, 16729.0, 12214.0, 43168.0, 12372.0, 20304.0, 23049.0, 21689.0]"
В началото на 20 век цялото население на Чифлик е под върховенството на Българската екзархия. По данни на секретаря на екзархията Димитър Мишев („La Macédoine et sa Population Chrétienne“) през 1905 година в Чифлик има 464 българи екзархисти и функционира българско училище.,bul,bul,"[83036.0, 10424.0, 1815.0, 13686.0, 16751.0, 15716.0, 19396.0, 11605.0, 12265.0, 10246.0, 28943.0, 9541.0, 14379.0, 19397.0, 15561.0]"
"Стъпките на новото правителство са по-радикални и от тези на съветските власти. Частната собственост в страната, включително земята, е национализирана, което предизвиква недоволството на селяните. Опитите да се преодолее недостигът на храни чрез насилствени реквизиции по селата не постига голям успех, а инфлацията расте. След неуспешен опит за преврат през юни Кун организира репресивна кампания, станала известна като Червен терор и взела няколкостотин жертви.",bul,bul,"[151173.0, 14027.0, 2181.0, 13498.0, 25709.0, 22361.0, 26355.0, 14689.0, 16341.0, 13053.0, 50109.0, 13706.0, 20661.0, 23597.0, 22305.0]"
"В сравнение със серия 15.00 при тези локомотиви е реализирано по-голямо осно натоварване, по-голяма скарна и изпарително повърхност и по-голям диаметър на парните цилиндри. Конструкцията на ходовата част позволява постигането на 80 км/ч, включително и при движение назад.",bul,bul,"[90401.0, 8949.0, 1353.0, 8556.0, 16465.0, 14143.0, 16080.0, 9609.0, 10526.0, 8077.0, 30947.0, 7815.0, 13204.0, 14759.0, 14334.0]"
"В модерния Египет, правителството субсидира производството на хляб, датиращо от ерата на президента Гамал Абдел Насър, обаче, по времето на голямата хранителна криза през 70-те години на ХХ век (когато е повишена цената на хляба), премахва субсидиите, което води от своя страна до избухването на бунтове.",bul,bul,"[98638.0, 10178.0, 1521.0, 9018.0, 16046.0, 15874.0, 16705.0, 10128.0, 11632.0, 8345.0, 29058.0, 8562.0, 14692.0, 16223.0, 15675.0]"
"Чадската прогресивна партия (на френски Parti Progressiste Tchadien - PPT) е първата местна политическа партия, съществувала в Чад. Тя е съществувала от 1947 до 1975 година. Произлиза от Африканското демократично движение.",bul,bul,"[57665.0, 6766.0, 1352.0, 12013.0, 11948.0, 10971.0, 13982.0, 7714.0, 8463.0, 7608.0, 19620.0, 6793.0, 10022.0, 11668.0, 10703.0]"
"След уволнението му се надигат гласове за преразглеждане на присъдите, при които той е свидетелствал. През 2002 г. специален прокурор започва разследването. Преразглежданията, които струват 17 милиона долара, показват наличие на нередности, но поради изтекла давност не пораждат действия. Няколко присъди са отменени, други са върнати за преразглеждане, трети са потвърдени. Всички затворници от Илинойс, които очакват изпълнение на смъртни присъди, получават намаления на присъдите. Четири от жертвите на Бърдж са помилвани от губернатор Райън и по-късно предприемат съвместно дело в Американския районен съд в район „Север“ на Илиной срещу град Чикаго, отделни полицейски служители, окръг Кук и няколко щатски прокурора. През 2007 г. е постигнато споразумение на стойност 19,8 милиона долара. Делата срещу окръг Кук и други окръжни прокурори обаче продължават (данни към юли 2008 г.) През октомври 2008 г. окръжният прокурор Патрик Фитцджералд арестува Бърдж по обвинение във възпрепятстване на правосъдието и лъжесвидетелстване в гражданско дело по отношение на твърденията за мъчение (изтезаване) от негова страна. Бърдж е провъзгласен за виновен по всички обвинения на 28 юни 2010 година. Той получава присъда от 4,5 години във федерален затвор, която излежава от 21 януари 2011 г. до октомври 2014 година.",bul,bul,"[443206.0, 45089.0, 7398.0, 41810.0, 77713.0, 72491.0, 77898.0, 48005.0, 53740.0, 40399.0, 136660.0, 40671.0, 67295.0, 74392.0, 71305.0]"
"Anterior superior alveolar branch (ramus alveolaris superior anteriores; Nervus ramus alveolaris superior anteriores, anterior superior dental branch, Anterior superior dental nerve )",bul,bul,"[6967.0, 2544.0, 1604.0, 5024.0, 5083.0, 3432.0, 6440.0, 3130.0, 2835.0, 6045.0, 2593.0, 5900.0, 2769.0, 5310.0, 3665.0]"
"Проучването на обекта е извършено съвместно от научен екип през 2004 г., ръководени от проф. Васил Марков и ст.н.с. д-р Ангел Янков (ЮЗУ „Неофит Рилски, гр. Благоевград), по време на традиционния празник Св. Дух. Артефактите от езическия култ в традиционните ритуали включват жертва на черен овен при изгрев слънце над скалната яма-жертвеник. В нея задължително изтича кръвта на жертвеното животно, където се пуска като дар и черното руно на овена, а също монети и обредни хлябове. Правят се възлияния с остатъка от обредната храна, която не може да се изнася извън ообсега на светилището. Изпълнява се и ритуално хоро със змиевидна стъпка и форма около ямата жертвеник, като според проф. Васил Марков следите от мъжка и женска инициация тук допълват богатите следи от древен култ.",bul,bul,"[295664.0, 28078.0, 4509.0, 26440.0, 49648.0, 46068.0, 51302.0, 29930.0, 33437.0, 26849.0, 94329.0, 25158.0, 41522.0, 48360.0, 44585.0]"
"Славянска – базирана на славянският език на днешните българи, пръв я изказва Паисий Хилендарски, поддържат я Юрий Венелин, П. Бутков, С. Уваров, Д. И. Иловайски, А. Д. Чертков, Лелевел, Савельев-Ростиславич, архиепископ Филарет, в това русло са и йеромонах Спиридон, Георги Раковски, Петър Берон, Ст. Захариев и др. които смятат траки и славяни за едно.",bul,bul,"[128631.0, 14324.0, 2443.0, 12790.0, 23181.0, 24194.0, 22682.0, 16224.0, 18400.0, 12667.0, 50214.0, 11813.0, 20601.0, 25254.0, 21609.0]"
"Частта от Долна Преспа в Гърция и Република Македония, се нарича Голема Преспа и на нейна територия е разположен гръцкият Дем Преспа, с център село Ръмби (днес Лемос) и южната част от община Ресен в Република Македония със селата Долно Дупени, Наколец, Брайчино, Любойно, Щърбово, Крани, Сливница, Претор, Курбиново, Асамати, Райца и Грънчари.",bul,bul,"[130656.0, 14548.0, 2442.0, 12129.0, 22127.0, 22903.0, 23784.0, 15293.0, 16789.0, 12361.0, 39411.0, 11665.0, 19969.0, 25469.0, 21338.0]"
"Противоминната артилерия се състои от традиционния за френските кораби набор 47 mm и 37 mm скорострелни оръдия на „Хочкис“ (на френски: Hotchkiss et Cie). 47 mm оръдие със ствол от 40 калибра, тежи 237 kg и стреля с 1,5 kg снаряди с начална скорост 610 m/s. 37 mm оръдие – 35 калибра тежи 35 килограма и стреля с 0,455 kg снаряд, с начална скорост 402 m/s. Макар по време на строежа на „Д'Антрекасто“ да е ясно, че тези калибри са прекалено слаби против чувствително уголемените по размер миноносци, френския флот едва в началото на 1900-те години преминава на 65 mm противоминен калибър.",bul,bul,"[200400.0, 23632.0, 4164.0, 27813.0, 39684.0, 35961.0, 40986.0, 26029.0, 28516.0, 22112.0, 74174.0, 20808.0, 32349.0, 38766.0, 34760.0]"
"Ако звездата има маса по-малка от около 10 слънчеви маси, тя не е достатъчно масивна за да позволи превръщане на въглерода в други елементи, и той се натрупва в ядрото ѝ. Термоядрените процеси постепенно затихват, плътността на ядрото се повишава значително и звездата се превръща в бяло джудже. От своя страна белите джуджета могат да избухнат като тип Ia свръхнови.",bul,bul,"[132977.0, 12988.0, 1974.0, 11691.0, 21652.0, 20703.0, 22114.0, 13707.0, 15094.0, 11357.0, 38913.0, 11889.0, 18731.0, 21672.0, 20433.0]"
"Той вероятно прекара известно време, в Северна Италия, а след това се премества в Рим през 1588, за да работи, заедно с всички останали, при откритото боядисване на Ватиканската библиотека на папа Сикст V.",bul,bul,"[60896.0, 6195.0, 1094.0, 6374.0, 10637.0, 10065.0, 13962.0, 6891.0, 7433.0, 6260.0, 18827.0, 6490.0, 9093.0, 10564.0, 9578.0]"
"На 9 ноември 1989 г. правителството на ГДР обявява, че Берлинската стена и Вътрешногерманската граница ще бъдат отворени. В следващите няколко дена милиони източногерманци се стичат, за да посетят Запада. Откриват се все повече пропускателни пунктове и стотици хиляди хора се преместват на Запад в следващите месеци. Отново са установени връзки на всякакво равнище между дългогодишно разделените общности, а контролите по границата стават бегла формалност. Краят на Вътрешногерманската граница настъпва на 1 юли 1990 година, точно 45 години нейното създаване. 3 месеца по-късно Обединението на Германия ознаменува края на разделението на страната.",bul,bul,"[211621.0, 21074.0, 3527.0, 20115.0, 43827.0, 33879.0, 37319.0, 22824.0, 25174.0, 18565.0, 64540.0, 19125.0, 30503.0, 34678.0, 32510.0]"
"Текущият програмен период е от 1 януари 2007 до 31 декември 2013. Целият бюджет за структурните фондове през периода е 347 милиарда евро: 201 милиарда за ЕФРР, 76 милиарда за ЕСФ и 70 милиарда за Кохезионния фонд.",bul,bul,"[77337.0, 8844.0, 1589.0, 9955.0, 16765.0, 13811.0, 16094.0, 9768.0, 10565.0, 8718.0, 28136.0, 8498.0, 12664.0, 14388.0, 13348.0]"
"Участва в Руската гражданска война. През ноември 1918 г. оглавява няколкостотин унгарски болшевики и със съветско финансиране се прехвърля в Унгария. След разгрома си в Първата световна война страната се намира в стопански и политически хаос – хиперинфлация, масова безработица, недостиг на основни стоки, голям брой бежанци от загубените територии. Бела Кун започва остра пропагандна кампания срещу социалдемократическото правителство, координирана със съветските власти. През февруари по време на комунистическа демонстрация са застреляни 4 полицаи, след което Кун е арестуван и обвинен в държавна измяна.",bul,bul,"[204758.0, 20678.0, 3266.0, 18726.0, 36305.0, 32298.0, 35814.0, 22004.0, 24696.0, 17736.0, 70036.0, 17922.0, 29178.0, 34413.0, 31066.0]"
"Участва в двудневната международна конференция „Микроистория - макроистория: Каква социална история?“, която се провежда на 29 и 30 ноември 2008 в софийския хотел „Арена ди Сердика“.",bul,bul,"[57255.0, 6355.0, 1038.0, 6078.0, 11016.0, 10055.0, 11139.0, 7178.0, 7729.0, 6038.0, 21009.0, 6036.0, 9201.0, 10378.0, 9390.0]"
"Д'Антрекасто (на френски: D'Entrecasteaux) е бронепалубен крайцер на ВМС на Франция. Построен е през 1890-те години на 19 век. Предназначен е за носене на колониална служба. Има нестандартна за френския флота компоновка и състав на въоръжението, което го прави по-близък до британските бронепалубни крайцери.",bul,bul,"[99317.0, 10972.0, 1854.0, 14269.0, 18383.0, 16862.0, 21558.0, 12269.0, 13339.0, 10727.0, 35117.0, 10378.0, 15403.0, 18027.0, 16425.0]"
"На площ от около 40 дка в „Младост” е изграден най-големият в града спортно-развлекателен център с 4 игрища, детски кът, езеро с лодки, закрита зимна пързалка, летен амфитеатър, стена за скално катерене и др. Комплексът ще се ползва безплатно от близо 200 хил.души. В процес на завършване е обновеният стадион за лека атлетика """"Младост"""", в близост до ТЦ """"Явор"""".",bul,bul,"[148184.0, 14654.0, 2288.0, 13454.0, 25472.0, 23075.0, 25576.0, 15142.0, 16817.0, 13378.0, 48219.0, 12909.0, 21404.0, 24557.0, 23225.0]"
"Граматичното и правописно ръководство, създадено от Евтимий Търновски, не е запазено. За характера на реформата се съди по неговите произведения и по тези на неговите последователи. Много от тях са достигнали до наше време в по-късни преписи, в които не е запазен оригиналният език на авторите. Това прави оценките за фонетиката на реформираната писменост рисковани и спорни. Не е сигурно как точно са четени носовките ѫ и ѧ, но се знае, че с тях вече не се означават носови гласни, както в старобългарския период. Езикът на Евтимий запазва своя синтетичен строеж , характерен за старобългарския.",bul,bul,"[186638.0, 17904.0, 2824.0, 16842.0, 32216.0, 28315.0, 32551.0, 19324.0, 21312.0, 16749.0, 63715.0, 16536.0, 25657.0, 30616.0, 28339.0]"
"Несигурността около произхода на прабългарите се дължи най-вече на оскъдните и противоречиви сведения за ранната история на прабългарите. Друга причина за нееднозначното представяне на историята на прабългарите в литературата е новата тенденция в България след 1989 г. за оспорване на съществуващите досега схващания и фактът, че „новите прабългаристи“ са често неспециалисти, склонни към свободно тълкование на писмените извори, предоверяване и некритичност към тяхната информация, занимания с епиграфски паметници и езикови проблеми без съответната подготовка, както и произволна датировка и етническа атрибуция на археологическите паметници.",bul,bul,"[203970.0, 20129.0, 3041.0, 18486.0, 36430.0, 31490.0, 36124.0, 21142.0, 23594.0, 18429.0, 67373.0, 17603.0, 28441.0, 33241.0, 31091.0]"
"Участва в изложбата „Берлински сецесион“ през 1911 г. в Ню Йорк и в Салона на независимите в Париж. По време на Първата световна война пътува из Америка и до Куба. Заедно с Макс Вебер прави изложба в „Мунтрос Галери“, Ню Йорк през 1917 г. На 30 септември 1920 г. получава американско гражданство и се връща в Париж.",bul,bul,"[112965.0, 12455.0, 2260.0, 11865.0, 24495.0, 20026.0, 21047.0, 13903.0, 15276.0, 11090.0, 36647.0, 11036.0, 18006.0, 20310.0, 18649.0]"
"Паул Клее (на немски: Paul Klee) е швейцарско-германски художник. Един от най-изявените художници на 20 век, той не принадлежи към никое течение, макар че е повлиян от различни стилове, сред които експресионизъм, кубизъм и сюрреализъм.",bul,bul,"[73765.0, 8293.0, 1404.0, 8595.0, 16479.0, 13154.0, 15054.0, 9506.0, 10189.0, 7909.0, 26010.0, 7826.0, 11604.0, 13331.0, 12026.0]"
"Теорията на електромагнетизма, известна като класическа електродинамика, била разработена през 19-ти век от различни физици, като кулминацията представлява работата на английския физик Джеймс Клерк Максуел, който обединил всички теоретични постижения до момента в стройна единна теория и открил електромагнитната природа на светлината. В класическата електродинамика електромагнитното поле се описва от система от четири уравнения, известни като Уравнения на Максуел, а електромагнитната сила се подчинява на закон на Лоренц.",bul,bul,"[141900.0, 14881.0, 2249.0, 13330.0, 24653.0, 24614.0, 24917.0, 16199.0, 18006.0, 13040.0, 45036.0, 13604.0, 21533.0, 23763.0, 22722.0]"
"Бурното развитие на електропромишлеността започва да дава своето отражение върху общото развитие на икономиката на страната. Заводите осигуряват хиляди работни места, продукцията започва да се изнася за чужбина. Осигурена е възможност за развитие на останалите индустрии – налична е енергия и материали за експлоатацията ѝ. Отлично работят съобщителните и енергийните канали. Промените се чувстват и в бита на обикновения българин. В страната започва работа Българската фабрика за електрически лампи. Налице е масовото навлизане на електроуредите в домовете – електрически бойлери, котлони, ютии, перални, маслени радиатори.",bul,bul,"[200852.0, 18961.0, 2879.0, 17684.0, 34963.0, 30316.0, 35434.0, 19823.0, 22177.0, 17637.0, 66425.0, 16993.0, 27675.0, 32296.0, 30493.0]"
"Астрея няма забележителни физически характеристики, но астероидът става известен с откритието си, защото 38 години (след откриването на Веста 4) се е смятало че са само четири.",bul,bul,"[51873.0, 5065.0, 833.0, 4808.0, 8637.0, 8366.0, 8951.0, 5486.0, 6001.0, 4841.0, 17757.0, 4721.0, 7443.0, 8479.0, 7885.0]"
"Суперкупа на Италия (на италиански: Supercoppa italiana di calcio) е италиански футболен трофей, двубоят за който се провежда седмица преди началото на сезона в Италия.",bul,bul,"[43742.0, 4777.0, 876.0, 5950.0, 8807.0, 7662.0, 13676.0, 5599.0, 6079.0, 6113.0, 15218.0, 5899.0, 7380.0, 8574.0, 7795.0]"
"Експлозиите на свръхнови са източник на практически всички елементи във Вселената, по-тежки от кислорода и са единственият източник на елементи по-тежки от желязото. Експлозиите изхвърлят тези тежки елементи в междузвездното пространство, обогатявайки с нови елементи и сгъстявайки газовите облаци, които впоследствие образуват нови звезди. Химичният състав на Слънчевата система също включва примеси от предишни свръхнови, за някои от които се счита, че директно са повлияли върху възможностите за развитие на живот на Земята.",bul,bul,"[158577.0, 15273.0, 2302.0, 13858.0, 25914.0, 24914.0, 26767.0, 16590.0, 18267.0, 13263.0, 48678.0, 13735.0, 22546.0, 25122.0, 24622.0]"
Лукул осигурява назначението си за главнокомандващ в задаващата се война с Митридат и проконсулска власт над провинциите Азия и Киликия. Вторият консул получава за управление Витиния.,bul,bul,"[57322.0, 6053.0, 1006.0, 5780.0, 10433.0, 10277.0, 11143.0, 7028.0, 7599.0, 5586.0, 18527.0, 5597.0, 8736.0, 11176.0, 9047.0]"
"Зигфрид Кракауер (на немски: Siegfried Kracauer, роден на 8 февруари 1889 във Франкфурт на Майн, Германия — починал на 26 ноември 1966 в Ню Йорк) — германски социолог на масовата култура, теоретик на киното и кинокритик, писател, публицист.",bul,bul,"[75564.0, 9896.0, 1938.0, 10286.0, 22068.0, 16294.0, 16024.0, 11574.0, 12541.0, 9151.0, 29218.0, 8635.0, 13950.0, 16241.0, 14218.0]"
Херман I получава от баща си управлението на Тюрингия и от 1167 г. е граф. През 1174 г. замъкът Ваймар е разрушен при конфликти с ландграф Лудвиг III от Тюрингия.,bul,bul,"[57006.0, 7055.0, 1295.0, 6321.0, 14338.0, 10975.0, 11015.0, 7829.0, 8602.0, 5719.0, 19450.0, 5533.0, 9770.0, 11714.0, 10190.0]"
"Свръхновите биват разделяни на два класа според техните спектрални линии (виж „Оптически спектри на свръхновите“ от Филипенко (Годишен преглед на астрономията и Астрофизиката, Брой 35, 1997, страница 309 – 355) за подробно описание).",bul,bul,"[78570.0, 9743.0, 1602.0, 8100.0, 14809.0, 15143.0, 14827.0, 10950.0, 11586.0, 7727.0, 26793.0, 7604.0, 13296.0, 15026.0, 13675.0]"
"Уран (от гр. Ουρανός, „небе“) — в древногръцката митология — върховен бог, първият владетел на Вселената, цар на небето. Прародител на всички останали богове. Той е бог идеалист, роден от самия Хаос. Негова жена е Гея (земя). Под небе всъщност се има предвид космическото небе, самата Вселена. Създателят на слънчевата система. Възхитен от Гея, той се слял с нея, родили им се деца: титаните, циклопите, сторъките. Отвратен от своите деца, Той ги заточил в Тартар.",bul,bul,"[164890.0, 17207.0, 2692.0, 15865.0, 30064.0, 28224.0, 29573.0, 19884.0, 21388.0, 15847.0, 60078.0, 14926.0, 24712.0, 30019.0, 26326.0]"
"Попрад е град в Словакия. Населението му е 55 042 жители (2006 г.), а площта му е 62,997 кв км. Намира се в часова зона UTC+1. Пощенският му код е 058 01, а телефонния 421-52.",bul,bul,"[66084.0, 9100.0, 1721.0, 9080.0, 16113.0, 14485.0, 15083.0, 10433.0, 11114.0, 8777.0, 27713.0, 7878.0, 13020.0, 15290.0, 13872.0]"
"Поради жизненоважното значение на ЛПЗ за оцеляването на грам-негативните организми, те са обект на проучване за формулиране на нови антимикробиални терапии.",bul,bul,"[51192.0, 5321.0, 800.0, 4948.0, 9323.0, 8528.0, 9330.0, 5862.0, 6421.0, 4803.0, 18305.0, 4597.0, 7704.0, 8760.0, 8124.0]"
"Nachrichten aus Hollywood, New York und anderswo: der Briefwechsel Eugen und Marlise Schüfftans mit Siegfried und Lili Kracauer. Trier: WVT, 2003.",deu,bul,"[9165.0, 2752.0, 1249.0, 5453.0, 23072.0, 4927.0, 6274.0, 4449.0, 3969.0, 3903.0, 4342.0, 3057.0, 3300.0, 6673.0, 4165.0]"
"В Тайван съществуват множество нощни пазари във всеки по-голям град. По-големите и по-официални пазари понякога заемат специално построени за целта здания. По-малките пазари са разположени на улици и пътища, които са оживени през деня. Временните нощни пазари са последователни в местоположенията си: в повечето големи градове те се разполагат на по-малки, паралелни или близки улици до главна пътна артерия. Въпреки, че сергиите на нощните пазари се появяват през нощта и изчезват през деня, повечето търговци се връщат на същото място на следващата вечер. Нощните пазари не се затварят, но отделните сергии може да затворят на произволен принцип, поради ваканции, болест или друга причина. По-голямата част от нощните сергии има бели платнени покриви и ярки светлини. Това придава на временни нощни пазари фантастична и карнавална атмосфера.",bul,bul,"[290950.0, 28329.0, 4371.0, 24625.0, 46236.0, 44175.0, 46396.0, 28591.0, 32315.0, 23604.0, 85668.0, 24048.0, 41714.0, 45721.0, 44338.0]"
"Гравитационното взаимодействие също отслабва пропорционално на квадрата на разстоянието, но електромагнитното взаимодействие на заредените частици е много по-силно от гравитационното. Причината, поради която електромагнитното взаимодействие не се проявява с голяма сила в космически мащаби е, че материята има електрическа неутралност, тоест във всяка област на Вселената с висока степен на точност присъстват равни количества положителни и отрицателни заряди.",bul,bul,"[133866.0, 13409.0, 1876.0, 11591.0, 22083.0, 21208.0, 21883.0, 13991.0, 15689.0, 11244.0, 41567.0, 11470.0, 19146.0, 21308.0, 20806.0]"
"През 20-те години в творчеството на Пушкин се появява интерес към личността на император Петър I, който става герой на вече започнатия роман за прадядо му Абрам Ханибал, както и на новата поема „Полтава“ („Полтава“). Публикувана през 1829 година, поемата не среща разбирането на читатели и критика. В черновата на статия с възражения към критиците на „Полтава“ Пушкин пише: „Най-зрялата от всички мои стихотворни повести, тази, в която почти всичко е оригинално... – „Полтава“, която Жуковски, Гнедич, Делвиг, Вяземски предпочитат пред всичко, което съм написал досега, „Полтава“ нямаше успех.“ След „Полтава“ отношението към Пушкин на критиката и публиката става по-хладно и критично.",bul,bul,"[220482.0, 22740.0, 3311.0, 19627.0, 36299.0, 35737.0, 36703.0, 23685.0, 26557.0, 17916.0, 86396.0, 18120.0, 31669.0, 36075.0, 34180.0]"
"Фентън бързо се утвърждава като име в ирокезката етнология. През 30-те и 40-те години издава редица доклади, където излага становището си по редица проблеми на ирокезката антропология. Фентън фокусира вниманието на такива теми като разнообразието в културите и взаимовръзките между северните и южните племена.",bul,bul,"[104681.0, 10743.0, 1645.0, 9609.0, 18023.0, 17007.0, 18048.0, 11577.0, 12931.0, 9337.0, 32402.0, 9271.0, 15639.0, 17166.0, 16356.0]"
"Силата на взаимодействие между 2 неподвижни заряда се определя от Закона на Кулон. Носител на взаимодействието е фотонът (γ-квантът), който има спин 1 и няма заряд, масата му на покой е 0 (нула), движи се със скоростта на светлината.",bul,bul,"[73855.0, 7668.0, 1177.0, 7037.0, 13126.0, 12488.0, 12549.0, 8538.0, 9136.0, 7048.0, 27549.0, 7399.0, 11211.0, 12703.0, 11801.0]"
"Randall, J.E and K.D. Clements. Second revision of the surgeonfish genus Ctenochaetus (Perciformes: Acanthuridae), with descriptions of two new species.. Indo-Pac. Fish. (32):33 p., 2001.",bul,bul,"[11009.0, 4935.0, 3758.0, 6154.0, 6016.0, 6466.0, 6915.0, 5758.0, 5535.0, 5689.0, 4023.0, 4594.0, 5969.0, 8292.0, 7162.0]"
"Леополд Игнац Йозеф (* 16 август 1660; † 13 юли 1708), 4. (3.) княз на Дитрихщайн, женен на 13 юли 1687 г. за графиня Мария Годофреда Доротея фон Салм (1667 – 1732)",bul,bul,"[57939.0, 10516.0, 2103.0, 9202.0, 24556.0, 16591.0, 14945.0, 12832.0, 13838.0, 8268.0, 24160.0, 7333.0, 14044.0, 16336.0, 13694.0]"
"Селото е разположено в североизточната част на Тасос, в източното подножие на планината Ипсарио. Остои на 14 km южно от Лименас. В селото от 1981 година работи Общинският музей „Полигнотос Вагис“.",bul,bul,"[68004.0, 7566.0, 1264.0, 7003.0, 12312.0, 12151.0, 14492.0, 8306.0, 8967.0, 7643.0, 21052.0, 7759.0, 10623.0, 13051.0, 11091.0]"
През 1502 г. Луи XII поръчва в Генуа голям надгробен паметник за своите дядо и баба. През 1516 г. произведението пристига във Франция и е поставено в манастира с надгробните фигури на Дом Орлéан. Днес този надгробен паметник се намира в южната част на базиликата „Сен Дени“.,bul,bul,"[101415.0, 10972.0, 1764.0, 14087.0, 18031.0, 17117.0, 20889.0, 11735.0, 13282.0, 10200.0, 32025.0, 9649.0, 15659.0, 17889.0, 16624.0]"
"Трети път е политическа идеология сходна с центризма, която се опитва да преодолее различията между десница и левица на основата на различни съчетания на дясноцентристка икономическа политика и лявоцентристка социална политика. Тя се формира като идеологическа преоценка в някои среди на левицата, както социаллиберални, така и социалдемократически в резултат на засилващи се съмнения в икономическия интервенционизъм, успоредно с нарастващата популярност на икономическия либерализъм през 70-те и 80-те години на XX век.",bul,bul,"[156198.0, 15523.0, 2294.0, 15237.0, 27544.0, 24535.0, 28737.0, 17056.0, 19002.0, 14558.0, 49012.0, 14972.0, 22195.0, 25622.0, 23684.0]"
"През 1879 се завръща в родината си като донася богати естественоисторически и етнографски колекции, в т.ч. стотици петроглифи – образци от наскални рисунки, автори на които са бушмените. Макар по време на пътешествията си младия чешки лекар посещава отдавна известни и изследвани райони от Африка, неговият принос за научното опознаване на природата на Южна Африка и населяващите я народи е много голям. През 1880 във Виена излиза от печат двутомно издание „Sieben Jahre in Südafrika“ (Bd. 1 – 2, Wien, 1880; в превод „Седем години в Южна Африка“), което получава много висока оценка от съвременниците му.",bul,bul,"[198556.0, 20619.0, 3650.0, 20462.0, 43753.0, 32461.0, 37795.0, 22718.0, 24615.0, 19500.0, 67795.0, 19013.0, 28825.0, 34837.0, 31456.0]"
"Някои свръхнови като SN 1987K и 1993J променят типа си: първоначално се наблюдават линии на водород, но след няколко седмици до няколко месеца те отстъпват място на хелиеви линии. Типът IIb се използва за означаване на свръхнови със черти, принадлежащи на класовете II и Ib. Такива експлозии вероятно са породени от масивни звезди изгубили повечето, но не цялото количество водород във външните си слоеве. След разширяване на фронта на експлозията водородният слой изтънява и става прозрачен.",bul,bul,"[150289.0, 15337.0, 2684.0, 13883.0, 25224.0, 24568.0, 25256.0, 16624.0, 18280.0, 12732.0, 45609.0, 12945.0, 22522.0, 25193.0, 23855.0]"
"След 1989 г. българският национализъм продължава да се храни от идеите на „възродителния процес“. Антитурската реторика намира израз във възхода на „иранската“ или „арийска“ теза за тяхното потекло. Иранската теория намира и поддръжници в академичните среди, поради факта, че в нея съществуват някои рационални елементи, но това, което е смущаващо са расистките насоки. Пренебрегва се фактът, че термините „индоевропейски“ и „алтайски“ са лингвистични, като се търсят специфични расови особености при тези езикови общности. Така индоевропейците са задължително с европеидни черти, а тюрките са със силен монголоиден примес, което от своя страна е негативно оценено. Засилва се комплекса от азиатския произход на прабългарите, който възниква в българската култура още при зараждането на националистическите пропаганди на Балканите в края на 19-ти век. Според проф. Раймонд Детрез, който е сред значимите специалисти по история на България, иранската теория е популяризирана в резултат на антитурските настроения, зародили се в края на 20-ти век и има изразен националистически уклон. Той изтъква, че сериозните научни кръгове приемат за основна тезата за тюркския произход на прабългарите и езика им, а арийската хипотеза е недобре мотивирана от научна гледна точка.",bul,bul,"[429764.0, 41809.0, 6352.0, 39804.0, 76081.0, 67643.0, 76685.0, 44638.0, 50206.0, 38959.0, 139806.0, 38256.0, 59282.0, 72691.0, 65165.0]"
"По време на посещението си в Русия през декември 1901 г. – януари 1902 г. за уреждане на 25-годишнината от Шипченската епопея, Заимов споделил идеята си с военния министър генерал Куропаткин. По време на тържествата генералът уверил Заимов, че Николай II наредил да бъде отпуснато всичко необходимо за изграждане и уреждане на мавзолея в Плевен и къщите-музеи в Бяла, Плевен, Горна Студена и Пордим.",bul,bul,"[144575.0, 14899.0, 2414.0, 13657.0, 25285.0, 23685.0, 25055.0, 16117.0, 17570.0, 12843.0, 51582.0, 13127.0, 21213.0, 25366.0, 22521.0]"
"През 1927 г. участва в колективна изложба в „Американ Арт Галери“, Ню Йорк. Показва поредната си самостоятелна изложба в Париж. За да не загуби американското си гражданство, се установява в САЩ. През юни 1928 г. се връща в Париж и отново участва в колективна изложба в Ню Йорк. Пътува през 1929 г. до Испания, Португалия, Марсилия и отново излага в Париж – в галерията „Бернем-Жон“.",bul,bul,"[135840.0, 14404.0, 2540.0, 16274.0, 25431.0, 23150.0, 26440.0, 15831.0, 17328.0, 14160.0, 44271.0, 14155.0, 21098.0, 23639.0, 22080.0]"
"След поражението руското командване подготвя нов щурм на Араб табия. Въпреки противодействието на гарнизона, в следващите седмици укреплението е обхванато от руски окопи и батареи. Руската артилерия нанася тежки загуби на защитниците, в това число и крепостния комендант Муса Хулуси паша, който е убит от снаряд на 21 май. Поради липсата на пълна блокада, през втората половина на май те получават значителни подкрепления от Омер паша. С тях гарнизонът достига 18 000 бойци с 50 оръдия. Вялите опити на руското командване да прегради пътищата на османските конвои от Русе и Шумен при село Калипетрово са неуспешни.",bul,bul,"[204326.0, 20899.0, 3228.0, 18983.0, 34741.0, 33082.0, 34938.0, 21866.0, 24311.0, 18220.0, 69993.0, 18427.0, 28782.0, 37113.0, 31186.0]"
"Неутронната звезда е толкова плътна, че единствено неутринотата са способни да преодолеят нейната гравитация. По-голямата част от гравитационната потенциална енергия на звездата се превръща в поток от неутрино с продължителност от около 10 секунди при който се отделят до 1046 джаула. От тази енергия около 1044 J бива погълната от звездата. Типичната енергия на една частица след експлозията на свръхновата е от 1 до 150 пикоджаула (десетки GeV). Неутринота породени от свръхнова са регистрирани при Свръхнова 1987A, потвърждавайки верността на теоретичните модели.",bul,bul,"[188913.0, 20420.0, 3235.0, 17525.0, 33225.0, 32027.0, 32958.0, 21960.0, 24093.0, 17744.0, 58957.0, 17529.0, 29032.0, 32196.0, 30488.0]"
"През 1997 г. Лиляна Гетова и Галина Апостолова създават клавирно дуо с репертоар, обхващащ периода от предкласиката до съвременността. Концертната им дейност включва музикални цикли и премиери на десетки нови произведения, както и редовно участие на преглед „Нова българска музика“. През 2004 г. им е връчена наградата на Съюза на българските композитори „Златно петолиние“ за принос в популяризирането на българската класическа музика.",bul,bul,"[141243.0, 14385.0, 2261.0, 14588.0, 25878.0, 22109.0, 27154.0, 15070.0, 16686.0, 13959.0, 48538.0, 13809.0, 20834.0, 23793.0, 22540.0]"
"По права линия Александър Пушкин произлиза от големия нетитулуван дворянски род Пушкини, водещ началото си според семейната легенда от някой си Ратша. Самият Пушкин отъждествява Ратша с известния от историята Ратмир, загинал през 1268 г., но според по-нови изследвания той трябва да е живял столетие по-рано.",bul,bul,"[100232.0, 10774.0, 1681.0, 9488.0, 17631.0, 17077.0, 17350.0, 11431.0, 12366.0, 9041.0, 38188.0, 8785.0, 14635.0, 17090.0, 15623.0]"
"През 1824 година московската полиция залавя писмо на Пушкин, в които той пише за увлечението си по „атеистични учения“. То става причина за отстраняването му от държавна служба на 8 юли и въдворяването му в имението на майка му в Михайловское. Малко след това той влиза в остър конфликт с баща си, а през есента роднините му напускат имението.",bul,bul,"[114460.0, 10890.0, 1750.0, 10175.0, 19749.0, 17753.0, 19345.0, 11805.0, 13048.0, 9735.0, 41425.0, 9798.0, 16039.0, 18475.0, 17428.0]"
"Александър Пушкин пристига в Кишинев едва през септември и започва работа при генерал Инзов, председател на Попечителния комитет за чуждестранните колонисти в Южна Русия. На практика той не е много ангажиран в службата си и често пътува – гостува на приятели в Черкаска област през зимата на 1820 – 1821 година, посещава Киев и Одеса, прави обиколки из Молдова, заедно с Иван Липранди. През май 1821 година Пушкин става член на кишиневската масонска ложа „Овидий“.",bul,bul,"[150824.0, 15746.0, 2513.0, 14796.0, 25737.0, 24858.0, 26390.0, 16728.0, 18527.0, 13580.0, 56316.0, 13659.0, 21954.0, 26356.0, 23590.0]"
"JEREMIE (на английски: Joint European Resources for Micro to Medium Enterprises) е съвместна инициатива на ЕК, ЕИБ и ЕИФ (Европейски инвестиционен фонд) за подобряването на достъпа до финансиране на микро, малки и средни предприятия в европейските региони.",bul,bul,"[60920.0, 7224.0, 1613.0, 8560.0, 12932.0, 11420.0, 13172.0, 7923.0, 8670.0, 7352.0, 20058.0, 7014.0, 10323.0, 11707.0, 10928.0]"
"През 1922-1933 г. ръководи отдела за литературна и кинокритика във вестник „Франкфуртер цайтунг“ във Франкфурт на Майн, а от 1930 г. — в Берлин, там се сприятелява с Валтер Бенямин и Ернст Блох. Оказва се под влияние на „Теологията на революцията“ на Ернст Блох и на философията на романа на Дьорд Лукач. В есето си „Детективския роман“ (1925), серията вестникарски фрагменти „Орнаментът на масата“ (1927) , книгата „Служещите“ (1930), повлияли на Адорно и неговите по-късни изследвания на авторитарната личност, Кракауер отбелязва раждането в Германия през 20-те години на ХХ век на „средния човек“ и неговото всекидневно поведение, на феномена на скуката в мегаполисите и на индустрията на популярните развлечения (спорт, туризъм, кино, фотография, цирк, танци, реклама), изследва този процес от марксистки позиции, привличайки елементи на феноменологическата философия и психология, идеите на Макс Вебер и Георг Зимел. В безброй рецензии откликва на всички по-значими явления в обществената мисъл и културния живот на Германия от 20-те — началото на 30-те години на ХХ век.",bul,bul,"[364977.0, 40236.0, 6810.0, 39376.0, 84622.0, 63359.0, 66995.0, 43466.0, 47896.0, 34855.0, 125381.0, 33417.0, 55199.0, 63062.0, 59363.0]"
"Оспорващите хипотезата изтъкват факта, че нито един хроникьор, живял в тази епоха на територията на и около Китай, не е известно да споменава обособеното народностно самоназвание „българи“, а хунският съюз в Европа е конгломерат от най-различни раси и племена добил авторитета на мощна протодържава всяваща ужас в Империята. Според някои изложените твърдения имат своето логично обяснение в етнокултурния синкретизъм и влияния, което не противоречи, както на хипотезата за „хунския“ така и на другите такива за произхода на прабългарите и идентифицирането като български ханове на упоменатите в Именника хунски вождове.",bul,bul,"[217145.0, 22063.0, 3269.0, 19669.0, 37803.0, 33939.0, 38891.0, 23211.0, 25509.0, 19472.0, 72033.0, 19267.0, 30514.0, 36206.0, 33056.0]"
"Експерименталната психология е клон на психологията, който подлага на експериментиране фактите, познати от наблюдението, с цел тяхната верификация и извеждането на закони. Херман Ебингхаус доказва съществуването на определени закони, отнасящи се до ученето и паметта, като дава на субекти да заучават серии от безсмислени срички. От своя страна, манипулирайки само една променлива (присъствието на майката), Рене Шпиц разкрива неблагоприятното влияние на ранната афективна недостатъчност. Почти всички психични факти могат да бъдат изследвани научно. Но експерименталната психология се натъква на препятствия от морален характер (върху човека не може свободно да се експериментира). За да ги преодолее, тя прибягва до зоопсихологията. Използвайки бели мишки, Уордън изучава силата на влеченията (майчинското чувство е по-силно от жаждата, която е по-силна от глада). Експерименталната психология се стреми да изведе общите закони, на които е подвластен всеки индивид, за да открои по-добре специфичното, несводимото към нищо познато, което го отличава от другите индивиди.",bul,bul,"[345463.0, 34297.0, 5280.0, 37808.0, 60568.0, 55157.0, 66169.0, 35957.0, 40322.0, 34932.0, 107498.0, 33872.0, 48684.0, 56285.0, 53429.0]"
"Представлява двуетажна постройка със столова на първия етаж и общо спално помещение с нарове с капацитет 30 места на втория етаж. В задната част на заслона са изградени 3 допълнителни помещения (бунгала) с общ капацитет от около 25 места на нарове. Възможно е пренощуване в общото помещение на около 15 души. В заслона се предлагат топла храна и напитки. Електрифициран е чрез собствен генератор, питейната вода е от извор над заслона, водата за санитарни нужди се взима от езерото. Тоалетната е външна.",bul,bul,"[172108.0, 16137.0, 2527.0, 15913.0, 29990.0, 26099.0, 30505.0, 17105.0, 18626.0, 15905.0, 55463.0, 14978.0, 24086.0, 27684.0, 26384.0]"
"Известен е най-вече с това, че въвежда реториката в Древна Гърция. Спомага за възприемането на атическия диалект като език, на който трябва да се пише проза. Автор е на произведението За природата или несъществуващото. Същината му може да се прочете в писанията на Секст Емпирик и в трактата De Melisso, Xenophane, Gorgia, написано вероятно от Теофраст. В това произведение той пише:",bul,bul,"[117171.0, 12012.0, 2083.0, 11887.0, 20990.0, 19450.0, 22839.0, 13069.0, 14245.0, 12337.0, 37920.0, 11934.0, 16917.0, 21093.0, 18833.0]"
"„Съгласно плана ми трябваше да създам 12 завода из цялата страна."""" – пише Никола Белопитов. """"Най-важен от тях бе силнотоковият завод. Но за всеки един липсваше каквато и да е било основа. Приятели и началници ме посъветваха да чакам заводите да се проектират и оборудват от Съветския съюз, както правеха всички тогава. Аз бях обаче съм на мнение, че проектирането, строежът и обзавеждането на заводите беше по силите ни...”",bul,bul,"[145425.0, 13403.0, 2003.0, 12950.0, 25345.0, 22041.0, 24474.0, 14252.0, 15654.0, 12626.0, 47522.0, 12969.0, 19721.0, 23640.0, 21513.0]"
"Мястото на днешния Лученец и неговите околности са населени от каменната епоха. През VI-VII век в региона се заселват славяни, а през X век и унгарци.",bul,bul,"[52905.0, 5309.0, 875.0, 4648.0, 9307.0, 8560.0, 9124.0, 5983.0, 6554.0, 4682.0, 18067.0, 4901.0, 7689.0, 9202.0, 8268.0]"
С чл. VI на договора българското правителство се задължава да сведе в кратък срок армията си до мирновремения ѝ състав. Демобилизацията трябва да бъде извършена ден след като армейските щабове на страните по договора си разменят официални съобщения за подписването му.,bul,bul,"[83415.0, 8209.0, 1271.0, 7909.0, 15197.0, 12890.0, 14544.0, 8709.0, 9545.0, 7592.0, 28045.0, 7709.0, 11753.0, 13776.0, 12825.0]"
"По-големите нощни пазари често имат договори, чрез които търговците могат да се снабдят с комунални услуги, като електрификация и водоснабдяване. Някои пазари даже включват основно чистене в цената. В постоянните нощни пазари има по-засилено полицейско присъствие, в сравнение с временните нощни пазари.",bul,bul,"[102633.0, 9384.0, 1537.0, 9092.0, 17524.0, 15943.0, 17529.0, 10136.0, 11344.0, 8767.0, 30889.0, 9092.0, 14515.0, 17115.0, 15738.0]"
"Той е най-големият, останал жив син на княз Максимилиан фон Дитрихщайн-Николсбург (1596 – 1655) и първата му съпруга принцеса Анна Мария Франциска фон Лихтенщайн (1597 – 1638), дъщеря на княз Карл I фон Лихтенщайн (1569 – 1627) и Анна Мария баронеса фон Босковиц-Шварценберг-Черна-Гора († 1625). Баща му се жени втори път на 4 декември 1640 г. за графиня София Агнес фон Мансфелд-Фордерорт-Борнщет (1619 – 1677), дъщеря на граф Волфганг фон Мансфелд (1575 – 1638). Брат е на граф Максимилиан фон Дитрихщайн (1638 – 1692) и полубрат на граф Филип Зигмунд фон Дитрихщайн (1651 – 1716).",bul,bul,"[203680.0, 32655.0, 6350.0, 27117.0, 73641.0, 47423.0, 44236.0, 35355.0, 38389.0, 24057.0, 63582.0, 22168.0, 40957.0, 46121.0, 42316.0]"
"За българите са интересни едноименните му стихотворение и повест „Кърджали“, описващи живота на българите в северното Придунавие – Бесарабия (Буджак) и Молдова и на легендарния кърджалия Стоян Индже войвода с усета на творец-очевидец. За да не остане у никого съмнение за кого точно пише, той ясно посочва в стихотворението: „В степях зелёных Буджака... Семействами болгары тут.“ и също в повестта: """"Кирджали был родом булгар. Кирджали на турецком языке значит витязь, удалец.",bul,bul,"[153328.0, 16784.0, 2467.0, 14331.0, 26634.0, 28469.0, 25757.0, 19080.0, 20650.0, 14225.0, 61057.0, 13499.0, 22902.0, 32574.0, 23752.0]"
"Видимите печалби или операционни парични приходи в действителност не правят притежателите на акции по-богати, ако поддържащия капекс """"изсмуква"""" парите. И това е причината, поради която инвеститорите наблягат на мерки като """"свободен приток на пари"""" или това е реалния размер на паричната печалба след приспадането на поддържащия капекс, но преди капекс на експанзията.",bul,bul,"[120886.0, 11399.0, 1732.0, 10851.0, 20120.0, 18825.0, 20452.0, 12295.0, 13593.0, 10129.0, 38315.0, 10782.0, 17019.0, 20211.0, 18207.0]"
"Улавянето на движение (на английски: Motion capture) е технология за ускоряване на разработването на скелетната анимация и даваща значително ниво на реализъм. Тази технология първоначално се появява като инструмент за фотограметричен анализ и изследвания в областта на биомеханиката през седемдесетте и осемдесетте години на двадесети век и се развива в образованието, тренировките, спорта, наскоро и в компютърната анимация за киното и видео игрите. В близост до всяка става изпълнителят носи сензори, идентифициращи движението чрез местонахождението или ъглите между сензорите. Използват се звукови, инертни, светодиодни, магнитни или отразителни сензори, или комбинации от изброените, като се следят с подходяща скорост и данните се записват. Оптималната скорост е поне два пъти по-висока от темпото на желаното движение. Компютър записва местонахождението, ъгъла, скоростта, ускорението и импулсите, осигуряващи прецизно цифрово пресъздаване на движенията.",bul,bul,"[301475.0, 29103.0, 4562.0, 26257.0, 48528.0, 46508.0, 48375.0, 30184.0, 34320.0, 24814.0, 87411.0, 25994.0, 42553.0, 47085.0, 45527.0]"
"Фердинанд Йозеф фон Дитрихщайн (на немски: Ferdinand Joseph von Dietrichstein; * 25 септември 1636 във Виена; † 28 ноември 1698 във Виена) е австрийски благородник, 3. (2.) княз на Дитрихщайн-Николсбург (1655 – 1698), покняжен граф на Тарасп, фрайхер на Холенбург, Финкенщайн и Талберг, оберст-дворцов-майстер, конференц-министър и таен съветник на император Леополд I и също рицар на ордена на златното руно 1668 г.",bul,bul,"[135774.0, 20561.0, 3990.0, 17536.0, 54280.0, 31715.0, 28749.0, 23270.0, 25284.0, 14887.0, 45171.0, 13784.0, 26653.0, 32093.0, 27762.0]"
"Belatu-Cadros (Belatucadros, Belatucadrus, Balatocadrus, Balatucadrus,Balaticaurus,Balatucairus, Baliticaurus, Belatucairus, Belatugagus, Belleticaurus, Blatucadrus, and Blatucairus), бог на войната",ita,bul,"[17643.0, 4682.0, 3081.0, 13601.0, 9761.0, 7610.0, 19254.0, 7228.0, 6310.0, 14302.0, 7043.0, 12182.0, 6887.0, 12215.0, 7958.0]"
"На 28 януари 1393 г. Луи присъства на печално известния """"Бал обхванат в пламъци"""", който е организиран от кралица Изабела Баварска в чест на сватбата на придворната дама Катерина дьо Фастоврин. Кралят и пет дворяни се появяват на празника в костюми на диваци. Това са ленени дрехи със залепена разресана вълна, прикрепена към дрехите със смола или восък. Танцувайки, кралят се приближава към херцогиня Дьо Бери, а в това време Луи Орлеански невнимателно поднася факел към костюма на един от преоблечените, който мигновено се подпалва. Пламъкът се пренася към други участници в маскарада, възниква паника. Херцогиня Дьо Бери не се изплашва: поваля краля на пода и потушава пламъка с полите си. Освен Шарл VI се спасява само още един маскиран, който се хвърля във ведро с вода; останалите загиват.",bul,bul,"[284024.0, 28156.0, 4460.0, 29864.0, 46342.0, 45575.0, 50523.0, 30015.0, 34048.0, 24511.0, 89953.0, 24843.0, 41062.0, 47403.0, 43766.0]"
"Териториални промени след битката със сигурност не последват - превзетата от Михаил III Шишман крепост Земен остава във владение на Дечански. Единственото сигурно е, че Стефан Дечански (в явно противоречие със сина си Стефан Душан и подкрепящия го Иван Александър) и Белаур решават да поставят на търновския престол племенника на Дечански - Иван Стефан, вместо който реално властта поема майка му и сестра на Дечански - Анна Неда. Белаур застава менторски и всячески зад този избор, запазвайки владението си над Видинското деспотство.",bul,bul,"[171973.0, 17178.0, 2537.0, 14937.0, 29150.0, 27659.0, 29048.0, 18454.0, 20520.0, 14436.0, 53139.0, 14471.0, 24031.0, 30475.0, 26224.0]"
"Айш Марахра (на арабски: عيش مرحرح) е египетски плосък хляб, направени от 5 -10% семена на сминдух и царевица. Той е част от традиционната храна на египетската провинция, приготвя се на място, в селските домове. Подобен е на е „Мархук“ - вид ливански хляб. Хлябовете са плоски и широки, обикновено около 50 см в диаметър, като за приготвянето им се замесва меко тесто от царевично брашно, което е ферментирало цяла нощ с мая. От тестото се оформят топки, които след това се разточат на „дискове“, и след това се пекат. Могат да се съхраняват в продължение на няколко дни в херметически затворени съдове.",bul,bul,"[207994.0, 20719.0, 3372.0, 19484.0, 34627.0, 36948.0, 35871.0, 22686.0, 25157.0, 18597.0, 62727.0, 19111.0, 31433.0, 37611.0, 32995.0]"
"След Първата световна война, по време на която рисува камуфлажи по самолетите на германската армия, Клее преподава в академията Баухаус във Ваймар и от 1926 г. – Десау, която напуска през 1931 г. и става преподавател в Дюселдорф. След като нацистите вземат властта през 1933 г. и обявяват изкуството му за „изродено“, известният със симпатиите си към левицата Клее заминава за Швейцария.",bul,bul,"[132972.0, 14223.0, 2496.0, 13545.0, 30903.0, 22767.0, 24284.0, 15565.0, 17147.0, 12537.0, 42411.0, 12235.0, 20012.0, 23053.0, 20888.0]"
"В миналото между общностите на Долно и Горно Луково и Суфли са съществували оживени търговски взаимоотношения, базирани на отглеждането на буби и производството на коприна по стари и уникални занаятчийски методи.",bul,bul,"[65550.0, 6150.0, 1048.0, 5919.0, 11399.0, 10453.0, 11775.0, 6937.0, 7606.0, 5795.0, 21388.0, 5888.0, 9234.0, 11387.0, 10030.0]"
"Доказано е от Jean Ecalle и Юлий Иляшенко (1991-1992) че броя на граничните цикли на дадено полиномиално уравнение е крайно число (този резултат е доказан по-рано от Henry Dulac, 1920, но доказателството се оказва непълно). Все още не е известно (2008) дали максималния брой H(N) на граничните цикли на полиномиално диференциално уравнение от дадена степен N > 1 е крайно число.",bul,bul,"[116962.0, 13640.0, 2675.0, 15161.0, 21851.0, 21143.0, 23044.0, 14786.0, 16219.0, 12013.0, 38569.0, 11753.0, 19505.0, 21668.0, 20831.0]"
"Голям интерес за гостите на селото поражда 200-годишната църква „Св.св. Константин и Елена”. Построена е през 1806 г. от християните в селото изцяло от дарения. Те я построили буквално за броени дни за да спазят султанския указ, че духовен храм с изграден покрив не се разрушава. Градежът на църквата е от плоски речни камъни. Построена е под формата на селскостопанска постройка. Тя няма камбанария и до 1950 година дървено клепало, окачено на висок дъб до храма, възвестявало на миряните за молитва.",bul,bul,"[186674.0, 17866.0, 2949.0, 16385.0, 32397.0, 29284.0, 33176.0, 19210.0, 21287.0, 16807.0, 60871.0, 16378.0, 26346.0, 32203.0, 28638.0]"
"Двигателят на историческото развитие е класовата борба, която се води между експлоатираните (пролетариите) и експлоататорите (капиталистите).",bul,bul,"[42628.0, 4675.0, 717.0, 4256.0, 7927.0, 7226.0, 8151.0, 5094.0, 5632.0, 4060.0, 15261.0, 4009.0, 6524.0, 7728.0, 6961.0]"
"JESSICA (на английски: Joint European Support for Sustainable Investment in City Areas) е съвместна инициатива на ЕК, ЕИБ и Банката за развитие на Съвета на Европа за насърчаване на устойчиви инвестиции в градските зони.",bul,bul,"[49435.0, 6067.0, 1517.0, 6425.0, 10516.0, 9351.0, 10512.0, 6610.0, 7166.0, 5918.0, 16095.0, 5702.0, 8533.0, 9591.0, 9045.0]"
"В срок от две години (до 1915) България трябва да срине всички укрепления по новата граница с Румъния и се ангажира да не строи нови около Русе, Шумен и в 20-километров периметър от Балчик (чл. II).",bul,bul,"[66283.0, 6885.0, 1106.0, 6531.0, 12333.0, 11054.0, 11578.0, 7347.0, 8131.0, 6269.0, 24574.0, 6038.0, 9789.0, 11993.0, 10507.0]"
"От фундаменталните частици в електромагнитни взаимодействия участват кварките, електроните, мюоните и тау-частиците, както и заредените калибровъчни",bul,bul,"[39356.0, 4279.0, 676.0, 4214.0, 7495.0, 7293.0, 7663.0, 5131.0, 5646.0, 4286.0, 14337.0, 4049.0, 6303.0, 7864.0, 6444.0]"
"Обикновеният неон, още Неонова тетра (Paracheirodon innesi), е вид сладководна риба от семейство Харациди. Често се бърка с Червения неон (Paracheirodon axelrodi), поради почти еднаквото им оцветяване.",bul,bul,"[61851.0, 7226.0, 1507.0, 7123.0, 11960.0, 11446.0, 12576.0, 7899.0, 8458.0, 7609.0, 19630.0, 6883.0, 10334.0, 12584.0, 11436.0]"
"Във флота на САЩ тизи тип кораби се нарича (на английски: Submarine tender). В годините на Втората световна война в състава на ВМС на САЩ имела 19 плавбази за подводници, шест от тях са преоборудвани от граждански съдове, останалите са от три специализирани проекта: шест съда от типа „Фултън“, два — тип „Грифин“, четири — тип „Егир“. Една плавбаза, USS Canopus (AS 9), преоборудвана от кораб строен 1918 г., е потопена 1942 година на Филипините, за да се избегне пленяването ѝ.",bul,bul,"[163324.0, 17643.0, 3117.0, 14939.0, 27704.0, 26597.0, 27767.0, 18759.0, 20601.0, 14302.0, 55839.0, 14405.0, 24146.0, 28139.0, 25888.0]"
"През XIX век значението на думата придобива по-негативно значение, като започва да се употребява в смисъл на „похотлив“, „развратен“. Ето защо в този период в Англия се употребяват изрази като gay woman, със значение на „весела жена“, т.е. проститутка, и gay house (буквално преведено „весела къща“), със значение на публичен дом. В този период думата все още не е съдържала значение на хомосексуален. Но „гей“ не могат да се нарекат хора, които се познават от детските си години и в това отношение са стари приятели[ неясно? ]. В този случай нещата присъщи по принцип за женския пол стават достъпни и за мъжкия. Но изключение прави така наречената „мъжка целувка“ или „страстна целувка“[ неясно? ]. Значението на хомосексуален се заражда в разговорния английски език в САЩ, като от 1920 г. в американската субкултура започва да се среща употребата на думата „гей“ със значение на хомосексуален (отнесено единствено за мъже, като се запазва насмешната асоциация с израза gay woman).",bul,bul,"[322534.0, 31282.0, 4947.0, 29346.0, 54352.0, 51121.0, 57699.0, 33999.0, 37004.0, 29642.0, 102323.0, 29185.0, 45086.0, 52620.0, 49109.0]"
"От първите сгради на манастира не е запазено почти нищо. Запазените сгради са основно от ХVІІІ век, вкл. стената на манастира с дължина 3.3 км. и четири кули. През 1954 г. е реставрирана абатската църква.",bul,bul,"[81232.0, 8147.0, 1305.0, 7735.0, 14305.0, 12850.0, 14471.0, 8730.0, 9552.0, 7540.0, 27413.0, 7075.0, 11633.0, 14090.0, 12642.0]"
"Територията на община Бяла се намира на границата между западната част на Източната Дунавска равнина и източната част на Средната Дунавска равнина, като условната граница преминава между град Бяла на запад и селата Бистренци и Пет кладенци на изток. Релефът на общината е равнинен на запад и хълмист в централната и източната част. В крайните югоизточни райони на общината се простират най-западните разклонения на Поповските височини. В тях, на североизток от село Лом Черковна, на границата с община Попово се намира максималната височина на община Бяла и на цялата Русенска област – 430,4 m. Западно от село Ботров, в коритото на река Янтра, е най-ниската ѝ точка – 28 m н.в.",bul,bul,"[238847.0, 23972.0, 3785.0, 21492.0, 41869.0, 38554.0, 42253.0, 25932.0, 28565.0, 21983.0, 75133.0, 21870.0, 34912.0, 41749.0, 37845.0]"
"Professor Fiendish's book of brain benders (2002)Професор Заразни представя главоблъсканици : Написана изцяло от проф. Заразни без никаква помощ от Джартан Поскит, изд.: „Егмонт България“, София (2006), прев. Юлия Чернева",bul,bul,"[56958.0, 7022.0, 2225.0, 6943.0, 11420.0, 12005.0, 11469.0, 8367.0, 8999.0, 6425.0, 20942.0, 5939.0, 10561.0, 12623.0, 10837.0]"
"Лексиката на Евтимиевия език се отличава с богатство. Това се дължи на факта, че в него се ползват синоними, заети както от езика на Преславската, така и от този на Охридската книжовна школа. Голяма част от тях са употребявани с цел да се избягват повторенията и да се разнообрази речта. Например синонимният ред благочестиво/целомъдрено има 12 синонима. Друга особеност е наличието на голям брой сложно съставени думи - богоугоден, благопотребен, велелепен, живоносен, равноименен и т.н. С редки изключения на трикоренни (богоблагодатен, многоблагоухателен), те са двукоренни. Най-честа е употребата на думи, чиито първи съставки са благо-, бого-, все-, свързани с религиозната и философска лексика.",bul,bul,"[245404.0, 24701.0, 3626.0, 21217.0, 42991.0, 39994.0, 42687.0, 27276.0, 29936.0, 22263.0, 83825.0, 21626.0, 35474.0, 41279.0, 37949.0]"
"Правописната и езиковата реформа на Евтимий Търновски е реорганизация на българския книжовен език, извършена от последния търновски патриарх през втората половина на 14 век. Тя е приложена първо от дейците на Търновската книжовна школа, а впоследствие намира отражение в писмената култура на Влахия; Молдова; посредством западните български земи в сръбските земи и руските княжества.",bul,bul,"[120206.0, 12311.0, 1987.0, 10764.0, 21558.0, 18999.0, 21525.0, 13090.0, 14408.0, 10956.0, 39602.0, 10355.0, 17123.0, 20847.0, 18934.0]"
Такъв размах на мисленето не среща разбиране от партийното ръководство. Белопитов е принуден да води необичайно „двойно счетоводство“ – изготвя заданията за заводите в 2 различни версии: 1 реална и 1 с няколкократно занижени цифри за пред партията. В това си дело той среща неочаквана подкрепа и разбиране у колегите от Москва. Както казва самият той „съветските другари ни разбраха и затова се присъединиха към нашата „благородна лъжа“ ...“.,bul,bul,"[151812.0, 14448.0, 2203.0, 13088.0, 26226.0, 22914.0, 25710.0, 15532.0, 16812.0, 12691.0, 53138.0, 13249.0, 20728.0, 24239.0, 22413.0]"
"През 1883 отново се отправя за Южна Африка като целта му е пресичането на континента от Кейптаун до Кайро, който план не се осъществява. Заедно със съпругата си и шест местни жители след много опасности и лишения през юни 1886 пръв от европейците успява да достигне до „бялото петно“ северно от Замбези, в басейна на река Кафуе (ляв приток на Замбези). На север от Кафуе малкият отряд е нападнат от местното племе баила, известно още под името „машукулумбе“ и след като изгубва почти цялото си оборудване и провизии е принуден да се върне обратно.",bul,bul,"[187372.0, 18729.0, 3029.0, 18058.0, 33162.0, 30861.0, 33324.0, 20008.0, 22075.0, 17796.0, 56221.0, 17503.0, 27060.0, 30773.0, 28755.0]"
"Нинив, следвайки инструкциите на Кацуан, намира Трам ал-Тор, втория баща на Ранд, който се среща със сина си в опит да разчупи емоционалната му изолация. Ранд се вбесява, когато научава, че Трам е пратен от Кацуан, и почти убива баща си преди да избяга, ужасен от онова, което почти е извършил. Ранд Пътува към Ебу Дар, който е под контрола на Сеанчан, с намерението да унищожи цялата им армия, но се отказва, виждайки колко умиротворен е градът. Почти полудял от мъка и гняв, Ранд Пътува до върха на Драконова планина, където се е самоубил в предишния си живот. Бесен на преходността на живота, обвързан към Колелото, Ранд използва Чедан Кал да извлече сила, достатъчна за разрушаването на света. Луз Терин, като глас в главата на Ранд, изказва предположението, че като е роден отново, има шанс да направи всичко както трябва. Съгласявайки се, Ранд обръща силата на Чедан Кал срещу самия ша-ангреал и го разрушава, след което най-накрая отново може да се смее.",bul,bul,"[327047.0, 31123.0, 5128.0, 27182.0, 49391.0, 52771.0, 51097.0, 32817.0, 37586.0, 25485.0, 89055.0, 26803.0, 47408.0, 51753.0, 50337.0]"
"Иконостасът е реставриран през 1970-те години от художник-реставратора Любомир Радев, а стенописите са реставрирани през 90-те години от художник - реставратора Стефан Аенски.",bul,bul,"[59264.0, 6432.0, 1069.0, 6054.0, 10833.0, 10144.0, 10629.0, 7017.0, 7649.0, 5759.0, 21483.0, 5490.0, 9082.0, 10513.0, 9567.0]"
"В периода 1970-1978 г. учи медицина, социология и правене на филми. Като студент започва да се занимава с вноса и продажбата на комикси и плакати. След дипломирането си в периода 1978-1980 г. пише истории за комикси за Валтер Ланц и Дисни. В периода 1978-1989 г. работи като редактор и коректор на списания и комикси, а също и като преводач. Включва се в координационния екип на Датското движение за мир през 1981-1983 г. През 1983 г. участва в композирането на музика за анимационния филм „Валхала“. В периода 1984-1989 г. основава и води собствена издателска къща „Forlaget Donna“. Занимава се също с енергийна ефективност и недвижими имоти.",bul,bul,"[214544.0, 23004.0, 4630.0, 24011.0, 45757.0, 36327.0, 41502.0, 25277.0, 27438.0, 22560.0, 74920.0, 22116.0, 33388.0, 37856.0, 35229.0]"
"В края на 1950 г. Никола Белопитов е освободен от заеманата длъжност поради „изграждането на прекалено големи заводи“. По това време той започва първите си открити критики към партийното ръководство, изразявайки несъгласието си с ниското заплащане на квалифицираните инженерни кадри. Той пише до Министерския съвет: """"Оценката на труда на инженера не се различава много от тази на работниците и служещите. Така един околийски архитект получава малко повече от машинописката. В заводите, където се плаща на норма, най-обикновено явление е директорът да получава много по-малко отколкото стотици производственици, които работят на норма. А какво остава за главния инженер, за инженерите-конструктори, началниците на отдели.”",bul,bul,"[226262.0, 22035.0, 3260.0, 19542.0, 38959.0, 34059.0, 37758.0, 22842.0, 25376.0, 18371.0, 79753.0, 18802.0, 31042.0, 35382.0, 33865.0]"
"През 1882 г. японският министър-председател на Япония Ито Хиробуми начело на делегация в Европа, изучава западните правителствени системи. Делегацията отива първо в Берлин, където е инструктирано от Рудолф фон Гнейст, а след това във Виена, където Щайн е лектор в Университета. Както и при Гнейст, Щайн съобщава на японската делегация, че всеобщото избирателно право и партийната политика трябва да се избягват. Щайн приема, че държавата е над обществото и че целта на държавата е да допринесе за социалната реформа, която се изпълнява от монархията до обикновените хора.",bul,bul,"[186422.0, 19852.0, 3136.0, 17484.0, 35651.0, 30704.0, 31182.0, 21820.0, 23722.0, 15261.0, 56609.0, 15791.0, 28063.0, 30913.0, 29173.0]"
"Лудвиг I се жени втори път в Лаубах на 13 януари 1567 г. за Елизабет фон Золмс-Лаубах (* 6 март 1549; † 15 август 1599), дъщеря на граф Фридрих Магнус I фон Золмс-Лаубах и Агнес фон Вид. С нея той има децата:",bul,bul,"[76184.0, 11632.0, 2085.0, 9335.0, 27818.0, 17282.0, 16240.0, 12849.0, 13937.0, 8098.0, 23129.0, 7736.0, 14898.0, 16409.0, 14915.0]"
"Войнов е роден в леринското, предимно патриаршистко село Сребрено в семейството на гъркоманския андартски капитан Григор Войнов. След 1941 година участва в гръцката комунистическа съпротива. Обучава се през 1943 - 1944 година в партизанската офицерска школа на ЕЛАС в Рендина, Тесалия.",bul,bul,"[97150.0, 11102.0, 1917.0, 10070.0, 18332.0, 17526.0, 19333.0, 12258.0, 13374.0, 10094.0, 33594.0, 9848.0, 15396.0, 19520.0, 16373.0]"
"Определеният ресурс за България е 7.4 млрд. евро [6]. Селското стопанство ще разполага с 15 млрд. евро, от които 10.4 млрд. евро са преки плащания на площ.",bul,bul,"[50049.0, 5208.0, 916.0, 5537.0, 10105.0, 8689.0, 9768.0, 6056.0, 6496.0, 5575.0, 19443.0, 5358.0, 7957.0, 9343.0, 8257.0]"
"Богуевац (на сръбски: Богујевац или Bogujevac) е село в Сърбия, Топлишки окръг, община Куршумлия. Според Националната статистическа служба на Република Сърбия през 2011 г. селото има 81 жители.",bul,bul,"[63090.0, 7873.0, 1322.0, 7155.0, 13245.0, 13303.0, 13464.0, 9571.0, 9967.0, 7111.0, 23567.0, 6799.0, 11374.0, 14726.0, 11622.0]"
"Въпреки, че много учени допускат, че прабългарите са тюркски племена от Централна Азия, генетични тестове на екип от български учени с италианско участие, предполага принадлежността им към западно-евразийското население. Според тях, анализът на древни ДНК проби показва, че откритите митохондриални ДНК хаплогрупи се класифицират като западно-евразийски и предполагат генетично сходство между прабългарите и съвременните българи. Техните изводи базирани на Y-хромозомните тестове са, че делът на общия бащин произход на българите и централно-азиатското население е пренебрежимо малък. Следва да се отбележи, че тези заключения са правени на основата на недоказано предположение за преобладаващ брой на прабългарите сред населението на ранносредновековна България, като според ръководителя на екипа учени акад. Ангел Гълъбов те са били около 1 млн. души, докато според редица изследователи броят им е няколко десетки хиляди. С това авторите априори приемат и съществения им генетичен принос в днешната българска популация. Въпреки, че екипът генетици цитира в подкрепа на тази своя теза основно научно-популярния труд на Божидар Димитров „12-те мита в българската история“, самият той ги обвинява в пълна липса на компетентност по коментираните въпроси.",bul,bul,"[411586.0, 40021.0, 6057.0, 36404.0, 69705.0, 64242.0, 71118.0, 42450.0, 47235.0, 35190.0, 130502.0, 34802.0, 57072.0, 68478.0, 62042.0]"
"С Постановление № 89 от 29 октомври 1976 г. Министерският съвет приема Правилник за функциите и задачите на КОПС. На 16 февруари 1990 г. комитета е преобразуван в Министерство на околната среда (МОСВ) – с Решение на Народното събрание № 173, през май 1997 г. получава сегашното си име (преобразувано на основание чл. 84, т. 7 от Конституцията на Република България от 12 юли 1991 г.).",bul,bul,"[133461.0, 15514.0, 2651.0, 14562.0, 25513.0, 23664.0, 24820.0, 16716.0, 18191.0, 14075.0, 55537.0, 13858.0, 22374.0, 24315.0, 23501.0]"
Харалан Хараланов започва преподавателската си кариера през 1975 г. като асистент във ВМЕИ-Варна. От 1989 г. е акредитиран като доцент в катедра „Корабоводене”. Хараланов става ръководител на катедрата.,bul,bul,"[73187.0, 7793.0, 1354.0, 7339.0, 13615.0, 13109.0, 13580.0, 8667.0, 9480.0, 7269.0, 26623.0, 7192.0, 11724.0, 13538.0, 11865.0]"
"Джон Греъм Бърдж (на английски: Jon Graham Burge) е осъден американски престъпник и бивш детектив от чикагската полиция, сдобил се с негативна слава поради полицейско насилие, след като от 1972 до 1991 г. е измъчвал над 200 заподозрени в престъпления, с цел да провокира самопризнания. Има награди за службата си в Армията на САЩ и служи в Южна Корея и Виетнам, след което минава в запас и работи във военната полиция. По-късно се връща в Саут Сайд, Чикаго, където започва работа като полицай. За методите на работа на Бърдж и подчинените му постъпват множество сигнали. Накрая, след стотици сходни доклади, губернаторът на щат Илиной, Джордж Райън, решава през 2000 г. да обяви мораториум върху изпълнението на смъртни присъди, и ги спира екзекуциите през 2003 година.",bul,bul,"[260801.0, 26794.0, 4762.0, 25333.0, 45366.0, 43829.0, 45874.0, 28981.0, 32695.0, 23992.0, 79431.0, 24108.0, 39991.0, 43993.0, 42318.0]"
"„Евтимий, последен търновски и трапезитски патриарх“, Хр. Попов (Капнилов), 1901 г. Първа българска монография за патриарх Евтимий. Реформата е разгледана кратко, авторът се придържа към Радченко и Сирку.",bul,bul,"[72919.0, 7961.0, 1282.0, 7233.0, 14210.0, 13100.0, 13422.0, 9132.0, 9995.0, 6949.0, 25236.0, 6823.0, 11287.0, 14651.0, 12069.0]"
"Европейският фонд за гарантиране и ориентиране на селското стопанство - укрепване и реорганизация на аграрните и горските структури, подпомагане осигуряването на добър жизнен стандарт, подобряване на социалната мрежа в селските области, защита на околната среда и опазването на природата, предоставяне на техническа помощ и информация.",bul,bul,"[92096.0, 9132.0, 1345.0, 9863.0, 16919.0, 14347.0, 17263.0, 9443.0, 10630.0, 8884.0, 29435.0, 8703.0, 12858.0, 14610.0, 14068.0]"
"След 9 септември 1944 г. Белопитов започва работа в Управителния съвет на Електрификацията и ръководи Телефонната централа. По това време страната остро се нуждае от възстановяване и модернизация. През 1945 г. той прави „един голям доклад с много цифри“, който става основа на бъдещата електропромишленост на България. Министър по това време е Трайчо Костов и той дава зелена светлина за реализация на предложенията му.",bul,bul,"[132099.0, 13343.0, 2106.0, 12095.0, 23123.0, 20830.0, 22501.0, 13821.0, 15316.0, 11320.0, 47042.0, 11634.0, 18984.0, 21708.0, 20433.0]"
"Трагичната съдба (в лицето на Йосиф Сталин) по-късно обединява всички тези исторически личности, които са помагали на Ленин в Цюрих. Платен ще бъде арестуван през 1939 г. и умира в затвора през 1942 г.; Радек е арестуван през 1936 г., е бил убит в затвора през 1939 г.; Соколников също е арестуван през 1936 г., и е бил убит в затвора през 1939 г. Освен това, и Радек, и Соколников, са били убити в един и същ затвор, в град Верхнеуралск, на 19 и 21 май, съответно.",bul,bul,"[173079.0, 18862.0, 3443.0, 16469.0, 31092.0, 30015.0, 29102.0, 20355.0, 22493.0, 14676.0, 67573.0, 15047.0, 26443.0, 30216.0, 27909.0]"
"Alfred von Reumont: Geschichte Toscana's seit dem Ende des florentinischen Freistaates. F. A. Perthes, Gotha 1876-1877 (I: Die Medici 1530-1737. II: Geschichte Toscana's unter dem Hause Lothringen-Habsburg; 1737-1859.).",deu,bul,"[18862.0, 6638.0, 2848.0, 12633.0, 41244.0, 10757.0, 17117.0, 9999.0, 9081.0, 8682.0, 8656.0, 6515.0, 7753.0, 13432.0, 9114.0]"
"Директор на вестника е Петър Димитров, главен редактор - Кирил Дамянов Коларов и редактор - презвитер Яворски. Излизат общо 96 броя. Разпространява се в Горна Джумая, Неврокоп, Петрич, Свети Врач и Разлог. Вестникът е информационен просветно-културен и стопански орган на околиите на Неврокоп, Свети Врач, Горна Джумая, Петрич и Разлог. Стои на националистически позиции. Печата се в печатница „Рила“ в София. Издава се в тираж от 2000 броя.",bul,bul,"[169555.0, 17096.0, 2784.0, 15347.0, 29952.0, 28704.0, 28626.0, 18549.0, 20721.0, 15260.0, 56126.0, 14782.0, 24962.0, 31448.0, 26517.0]"
"Родителите му са потомци на немски емигранти. Като дете живее в Бруклин, завършва гимназия, записва Сити Колидж, но само за 2 месеца. Работи на различни места и с различни професии – като библиотекар, шофьор на такси и др. През 1917 г. среща първата си жена. Втората му женитба е с жена, която го поддържа в творческата му кариера. Тя спестява пари, които му позволяват да пътува из Европа. От 1930 до 1931 г. живее в Париж като европейски редактор на списание „Феникс“. Именно там издава „Тропика на рака“, благодарение на който става известен. През 1939 г. отива в Гърция, но поради наближаващата война се завръща в Щатите. Установява се в Калифорния – в Биг Сур. Там става водещ деец в артистична колония и се жени още 2 пъти.",bul,bul,"[251284.0, 24807.0, 4330.0, 24461.0, 45360.0, 40217.0, 45283.0, 26626.0, 29394.0, 23422.0, 80736.0, 23585.0, 36021.0, 40475.0, 38049.0]"
"В края на 80-те започва да пише за деца, първоначално книжки-пъзели и книжки с рисунки. Става известен със забавната научно-популярна детска поредица „Жестоката математика“, чиято първа книжка е публикувана през 1997 г.",bul,bul,"[76801.0, 7652.0, 1237.0, 7204.0, 13582.0, 12101.0, 13682.0, 7944.0, 8737.0, 7123.0, 28355.0, 7102.0, 11101.0, 12641.0, 11995.0]"
"Според наложилата се в края на 19 и началото на 20 век в българската историография хипотеза, подкрепяна от авторитети като Васил Златарски, Петър Мутафчиев, Стивън Рънсиман и Кристиан Жерар българите са от групата на хунските племена, появили се на река Урал през първата половина на 2 век, които от времето на Гостун/Органа до хан Кубрат обособяват свой племенен съюз и така българите се еманципират от хуно-аварите и другите племена наследили бившия полиетнически хунски съюз. Всъщност тезата е стеснен по-конкретен вариант на общата туранско-огурската теория за най-източната част на Европа в по-късна епоха.",bul,bul,"[215035.0, 22320.0, 3432.0, 20475.0, 37550.0, 35690.0, 38323.0, 24362.0, 27157.0, 19713.0, 68256.0, 18926.0, 31166.0, 38499.0, 33553.0]"
"Произходът на прабългарите е проблем, все още предизвикващ дискусии. По своята езикова принадлежност прабългарите биват причислявани от преобладаващия брой съвременни учени към тюрко-алтайските народи. Предполага се, че прабългарският етнос се е формирал в Централна Азия (Източен Казахстан) между Каспийско море и планината Имеон (Памир, Тяншан и Хиндукуш). Други възможни райони са Алтай, или Западен Сибир, Таримската котловина, Западна Монголия, Южен Сибир и горното течение на Иртиш. От края на 16 век насам са предлагани различни хипотези, някои от които удивляват с тяхната причудливост и упорството в отстояването им. Повечето авторитети отхвърлят схващанията за автохтонния (или тракийски), за славянския, за татарския и за угро-финския произход на прабългарите. По-популярни, но също оспорени, са хунските и огурските варианти на урало-алтайската хипотеза. Някои научни трудове и любителски изследвания в последните години възраждат друга хипотеза, според която прабългарите са смесено хунско-иранско население.",bul,bul,"[348032.0, 36318.0, 5200.0, 31144.0, 61369.0, 58289.0, 61059.0, 38630.0, 43154.0, 30731.0, 119434.0, 29422.0, 50510.0, 61844.0, 54904.0]"
"Първите сведения за селището са от 1247 година, когато то е част от Унгария. До първата половина на XV век то е село, отдалечено от главните търговски пътища. През 1442 година Лученец е завзет от войските на хуситите, водени от Ян Искра. През 1451 година в битката при Лученец Искра нанася поражение на армията на Янош Хуняди.",bul,bul,"[115660.0, 12280.0, 2134.0, 10728.0, 21320.0, 18984.0, 20928.0, 13226.0, 14556.0, 10776.0, 39713.0, 10448.0, 17300.0, 20554.0, 18698.0]"
"Torulaspora delbrueckii e вид едноклетъчна гъба, един от представителите на дрождите. Използват се при ферментацията на германската вайс бира. Придават на бирата бананов аромат благодарение на естерите, които продуцират. Освен това тези дрожди произвеждат феноли, които подобряват ароматните качества на пивото.",bul,bul,"[87174.0, 8863.0, 1660.0, 8751.0, 16648.0, 14370.0, 16825.0, 9587.0, 10577.0, 8744.0, 27911.0, 8549.0, 12698.0, 15542.0, 13995.0]"
"През 1930-те годиди учебно-строевото управление на ВМС създава тактико-техническо задание за създаването на проект за плавбази специализирана постройка, които да имат водоизместимост 5 000 тона и да носят всичко необходимо за базирането на шест големи или осем средни, или дванадесет малки подводници, вкл. голям брой каюти, редица специализирани работилници, даже и хранилище за 48 торпеда. Строителството на тези кораби така и не започва, поради прекомерната натовареност на всички мощности със строеж на бойни кораби.",bul,bul,"[167221.0, 16341.0, 2466.0, 14809.0, 29128.0, 26056.0, 28592.0, 17542.0, 19408.0, 14315.0, 61362.0, 14111.0, 23401.0, 27514.0, 25437.0]"
"Любен Димитров е роден през 1903 година в Битоля, тогава в Османската империя. Баща му е Антон Димитров, директор на Битолската българска девическа гимназия. След Балканска война семейството се премества в България. Любен Димитров завършва гимназия в Стара Загора и право в Софийския университет. През 1926 година е избран за председател на студентското дружество „Вардар“. Занимава се с публицистика и е редактор на литературното списание „Родина“, публикува патриотични поеми, посветени на поробена Македония.",bul,bul,"[159513.0, 16585.0, 2680.0, 15355.0, 29029.0, 26004.0, 28499.0, 17275.0, 19280.0, 14460.0, 51430.0, 14336.0, 23271.0, 29253.0, 25306.0]"
"Въпреки че бирата изчезва като един от стълбовете в египетския живот, след завладяването на Египет от мюсюлманите през 654 година ябълките остават основните плодове и подправка в египетските храни. Гуавата пък е основен източник на Витамин C в продължение на хилядолетия, и се използва и до днес. Много хора, приемат гуавата като Свети плодове.",bul,bul,"[111564.0, 10538.0, 1736.0, 10293.0, 18276.0, 17882.0, 19013.0, 11198.0, 12832.0, 9831.0, 31632.0, 10046.0, 16350.0, 19003.0, 17647.0]"
"Висарион Никейски или Василий Бесарион (на гръцки: Βασίλειος Βησσαρίων, на латински: Basilius Bessarion, * 2 януари 1403 в Трапезунд; † 18 ноември 1472 в Равена) е византийски теолог, хуманист, кардинал и титулярен латински патриарх на Константинопол. Той е един от прочутите гръцки учени, които през 15 век играят важна роля във възраждане интереса към Платон и другите древногръцки автори.",bul,bul,"[126819.0, 16588.0, 3013.0, 15642.0, 29166.0, 26465.0, 29145.0, 19157.0, 20907.0, 14749.0, 43167.0, 14520.0, 22750.0, 28408.0, 23375.0]"
"Методът Белопитов”, както много учени от периода наричат електроискровото напластяване, е евтин, достъпен и ефикасен начин за полагане на благородни метали върху метални повърхности. Измислен за телефонните централи, той се оказва приложим при много други електрически уреди. Благодарение на това изобретение изчезват неприятните паразитни шумове в слушалките на милиони хора по света. Никола Белопитов започва да работи по идеята си още през 1951 г., а през 1957 за пръв път българско изобретение бива патентовано в Германия. През 1958 година с указ на министъра на съобщенията методът се въвежда в СССР. Следват ГДР, САЩ, Великобритания, Аржентина, Норвегия и други страни.",bul,bul,"[214954.0, 21062.0, 3387.0, 19422.0, 37159.0, 32586.0, 36555.0, 22018.0, 24201.0, 18900.0, 75186.0, 18889.0, 30210.0, 34124.0, 32861.0]"
"По преценка на Едуард Грей (британски външен министър през 1905-1916) „всеки мир на Балканите бе невъзможен, докато Букурещкият договор съществуваше“.",bul,bul,"[55738.0, 6554.0, 1116.0, 6317.0, 10494.0, 10522.0, 10518.0, 7415.0, 8030.0, 5536.0, 20569.0, 5663.0, 9350.0, 10975.0, 9567.0]"
"Те го изкарват от играта, като го изпращат със собствения си пясъчен часовник и с косата си да живее като всички останали. В реалния свят той започва да работи във ферма. Междувременно броят на неумрелите в света на диска рязко нараства. Докато другите видове Смърт се опитват да изберат някого от своя кръг като заместник, хората, които умират, не стават мъртви, а продължават да се разхождат.",bul,bul,"[136686.0, 12305.0, 1917.0, 11537.0, 21213.0, 20835.0, 22581.0, 13013.0, 14691.0, 10974.0, 40926.0, 11633.0, 18532.0, 21714.0, 20191.0]"
"Междувременно Ема помага на Татко Мумин да напише пиеса и семейството решава да я представи на сцена. Птици разпръскват красивите афиши за представлението из околността. Горските деца, които създават все повече грижи на своя „осиновител по неволя“, намират един такъв и убеждават Снусмумрик да ги заведе на театър. Друг афиш е намерен от Хемула, който охранява Муминтрол, Госпожица Снорк и Филифьонката. Тримата арестанти го убеждават да отиде на представлението и той оставя своя братовчедка да ги пази. След като затворниците убеждават малката хемулка в невинността си, тя ги пуска и отиват заедно в театъра. Цялото муминско семейство и техните близки се събират на сцената; макар че се отклонява от сценария, представлението пожънва успех. Хомсчето и Мисата толкова харесват живота в театъра, че решават да останат там.",bul,bul,"[278477.0, 25581.0, 4172.0, 24302.0, 47637.0, 43509.0, 47362.0, 27659.0, 30690.0, 23402.0, 86568.0, 24190.0, 38281.0, 45104.0, 41009.0]"
"Лученец (на словашки: Lučenec) е град в южна Словакия, административен център на окръг Лученец в Банскобистришки край. Населението му е около 28 500 души (2011).",bul,bul,"[50825.0, 6479.0, 1113.0, 6473.0, 11836.0, 10234.0, 11146.0, 7262.0, 7798.0, 6080.0, 20276.0, 5636.0, 9303.0, 10872.0, 9952.0]"
"Роден е на 7 октомври 1847 година в Холице, Източна Бохемия (тогава в Австрийската империя, днес Чехия), в семейството на общински лекар. През 1872 завършва медицина в Университета в Прага и заминава за Южна Африка като лекар. Мечтата му е да продължи изследванията на любимия си пътешественик Дейвид Ливингстън в Африка. Заселва се близо до Кимбърли, където практикува медицина.",bul,bul,"[129078.0, 13774.0, 2338.0, 12648.0, 25861.0, 22308.0, 23966.0, 15098.0, 16656.0, 12315.0, 40248.0, 12301.0, 19794.0, 22431.0, 20546.0]"
"Релефът на общината е предимно слабо хълмист. Територията ѝ попада в северозападната част на Западната Дунавска равнина. Основната характеристика на релефа са обширните междудолинни гърбици, които са заравнени или слабо наклонени, а между тях са разположени дълбоко всечените долини на реките Войнишка и Видбол (десни притоци на Дунав) и техните притоци. Като цяло теренът се понижава от югозапад на североизток. Най-високата точка на общината се намира в най-западната ѝ част, северозападно от село Бранковци, на границата с община Кула – 314 m н.в., а най-ниската точка – на противоположния североизточен край, в коритото на Войнишка река – 74 m н.в.",bul,bul,"[236581.0, 23973.0, 3746.0, 21588.0, 41770.0, 39029.0, 41742.0, 26144.0, 29089.0, 22327.0, 77022.0, 21122.0, 34897.0, 41515.0, 38061.0]"
"През 1972 г. постъпва в болницата в тежко състояние. Докато лежи там, започва да пише роман. Завършва книгата си, но тя не е публикувана. Единствен читател остава синът му Райко Белопитов: „Романът бе озаглавен „Какво се случи през 2000-та година?“. Той разглежда бъдещето, когато Светът се вразуми и не се дели по политически причини на Запад и Изток, когато човечеството се откаже от войната и въоръжението, настъпи един социален и хуманен строй, когато с освободените средства хората започнат да правят чудеса.“",bul,bul,"[176148.0, 16495.0, 2634.0, 16304.0, 29994.0, 26852.0, 30501.0, 17373.0, 19344.0, 15690.0, 59476.0, 15846.0, 24411.0, 28446.0, 26454.0]"
"Електромагнитното взаимодействие се проявява между частиците, имащи електрически заряд, както и между електрически неутралните съставни частици, части от които притежават заряд. Например, неутронът е електрически неутрална частица, но в състава му влизат заредени кварки и затова той участва в електромагнитни взаимодействия (в частност, притежава ненулев магнитен момент).",bul,bul,"[107671.0, 10556.0, 1591.0, 10285.0, 18916.0, 17529.0, 19242.0, 12344.0, 13277.0, 9537.0, 36975.0, 9680.0, 15195.0, 18368.0, 16208.0]"
"Ранд се среща със Сеанчан, нашественици от чужд континент. Техният лидер, Тюон, отказва предложението му за мир, след като усеща тъмна аура около него, започнала да се появява след като той е използвал Вярната сила. Веднага след срещата Тюон се обявява за Императрица и подготвя светкавична атака срещу Бялата кула.",bul,bul,"[105423.0, 10142.0, 1619.0, 8908.0, 16662.0, 16676.0, 16774.0, 10946.0, 12345.0, 8429.0, 30468.0, 8921.0, 15207.0, 16632.0, 15955.0]"
"ФК Созопол играе домакинските си мачове на „Арена Созопол“, който има европейски лиценз категория 3. Стадионът разполага с електрическо осветление и е с капацитет 3500 места. Снабден е с модерна озвучителна система.",bul,bul,"[71940.0, 7140.0, 1202.0, 7014.0, 13463.0, 11804.0, 13461.0, 8058.0, 8772.0, 7085.0, 24632.0, 7060.0, 10830.0, 12631.0, 11364.0]"
"Тялото и главата на им са плоски, защото те прекарват голяма част от времето лежейки на морското дъно. Във вътрешната част на устата си имат зъби за сдъвкване на малки риби и ракообразни, но въпреки това често пъти ги преглъщат цели. Рибите трион дишат с два дихателни отвора точно зад очите, които пренасят водата до хрилете им. Тялото им е покрито с мънички кожни зъбчета, които придават на кожата грапав вид. Цветът им обикновено е маслиново зелен.",bul,bul,"[165562.0, 15402.0, 2325.0, 14110.0, 26943.0, 25818.0, 27846.0, 16322.0, 18426.0, 13992.0, 48941.0, 14667.0, 23183.0, 26667.0, 25327.0]"
"(2010, оценка) 0–14 години: 18.9% (мъже 470,253; жени 447,472)15–64 години: 66.2% (мъже 1,641,821; жени 1,575,980)65 над години: 14.9% (мъже 314,678; жени 407,995)",bul,bul,"[56185.0, 14250.0, 3562.0, 10863.0, 17627.0, 19324.0, 16204.0, 17983.0, 17367.0, 10438.0, 24049.0, 8939.0, 17266.0, 19883.0, 16803.0]"
"По-известната Берлинска стена е физически отделна, с по-слабо развита и по-къса гранична преграда около Западен Берлин, на повече от 155 km източно от Вътрешногерманската граница. Берлин е разделен по подобен начин от 4-те Велики сили след Втората световна война, макар целият град да е в Съветската зона; така е превърнат в анклав на Западна Германия (без официално да е част от нея), обграден от източногерманска територия.",bul,bul,"[137401.0, 13894.0, 2161.0, 11642.0, 27645.0, 21794.0, 22822.0, 14719.0, 16352.0, 11040.0, 40996.0, 11851.0, 19312.0, 22129.0, 20656.0]"
"След поражението на ГКП и ДАГ от август 1949 година, Пандо Войнов емигрира в Източна Европа. Участва дейно в живота на гръцката политическа емиграция. Председател на организацията „Илинден“, предназначена за „славяномакедонската“ част от гръцката комунистическа емиграция в Румъния, Унгария, Чехословакия и Полша (април 1952 - юни 1956). Длъжност, която той самият отрича да е заемал.",bul,bul,"[141360.0, 15073.0, 2462.0, 13584.0, 25925.0, 23272.0, 26095.0, 16013.0, 17711.0, 13416.0, 45100.0, 13430.0, 21169.0, 25400.0, 22609.0]"
"През юли 1823 година Александър Пушкин успява да се прехвърли на работа в Одеса в канцеларията на генерал-губернатора на Новорусия Михаил Воронцов. Не след дълго двамата влизат в конфликт, заради небрежното отношение на Пушкин към работата му и флирта му със съпругата на генерала Елизавета Воронцова. През 1824 година излиза поемата му „Бахчисарайски фонтан“, която също има успех.",bul,bul,"[120882.0, 12943.0, 2080.0, 11491.0, 21206.0, 20894.0, 21034.0, 13849.0, 15283.0, 10790.0, 46759.0, 10681.0, 18302.0, 21785.0, 19488.0]"
"За разлика от другите видове свръхнови, тип Ia свръхновите се наблюдават във всички видове галактики, дори в елиптичните, като липсват и определени райони на звездна формация в който да се наблюдават по-често както с другите типове.",bul,bul,"[71305.0, 6661.0, 1078.0, 6623.0, 11899.0, 11115.0, 12880.0, 7521.0, 8374.0, 6518.0, 21340.0, 6548.0, 10169.0, 11842.0, 11133.0]"
"През февруари 1982 г. няколко служители от чикагските правоохранителни органи са простреляни. Това се случва в Полицейска зона № 2, където командва детектив Бърдж и той извършва арести и разследвания, при които обвиняемите твърдят, че са измъчвани. Това води до разследване на неговите действия. Няколко обвиняеми правят самопризнания, но макар отначало да са осъдени, впоследствие са оправдани или помилвани. Бърдж е разследван за методите си на получаване на самопризнания, но е оневинен, тъй като резултатът е раздвоено жури. След повторен процес през 1989 г. отново е оправдан. Въпреки това през 1991 г. е отстранен от Полицейското управление на Чикаго, а през 1993 г., след като Комисията за преразглеждане на Полицейското управление отсъжда, че наистина е употребил мъчения, е уволнен.",bul,bul,"[261905.0, 25433.0, 4316.0, 24237.0, 43822.0, 41139.0, 44627.0, 27229.0, 30355.0, 22721.0, 83535.0, 23309.0, 37894.0, 42273.0, 40683.0]"
"Долна Преспа е историко-географска област в Централните Балкани, около Малкото Преспанско езеро, разделена след Балканската война през 1912 година между Гърция, Албания и Сърбия. Днес сръбската част е в Република Македония.",bul,bul,"[75859.0, 8215.0, 1334.0, 7031.0, 13790.0, 12660.0, 14203.0, 8928.0, 9686.0, 6983.0, 24407.0, 7065.0, 11352.0, 14197.0, 12143.0]"
"Обсадата на Силистра през 1854 година е най-мащабното предприятие на руската армия на Дунавския театър на бойните действия по време на Кримската война. Решителният отпор на османския гарнизон, нерешителността на руското командване и заплахата за тила на обсаждащите сили от Австрия водят до вдигане на обсадата след едномесечна борба. С това се проваля и замисълът за антиосманско въстание в България.",bul,bul,"[133746.0, 13719.0, 2008.0, 11686.0, 23133.0, 20975.0, 22759.0, 14207.0, 15891.0, 11512.0, 44980.0, 11207.0, 19048.0, 23107.0, 20501.0]"
"По време на престоя си в Михайловское Александър Пушкин завършва започнатите още в Одеса стихотворения „Разговор книгопродавца с поэтом“, в което формулира професионалното си кредо, и „К морю“, в което коментира властта на историческите обстоятелства над личността, пише поемата „Цыганы“ и продължава работата си по „Евгений Онегин“. Същевременно през есента на 1824 година продължава своите автобиографични записки, изоставени след пристигането в Кишинев, и започва да обмисля драмата „Борис Годунов“, която завършва в края на следващата година.",bul,bul,"[166934.0, 17447.0, 2628.0, 15729.0, 29137.0, 27775.0, 29251.0, 18545.0, 20129.0, 15008.0, 65092.0, 15203.0, 24354.0, 28204.0, 25896.0]"
"Към архива функционират читалня, библиотека, изложбена зала. В научно-справочната библиотека са заведени 4860 тома специализирана литература по история, архивистика и други области на науката, речници, енциклопедии, справочници, пътеводители, каталози, документални сборници и периодични издания от Възраждането до наши дни.",bul,bul,"[99812.0, 9760.0, 1513.0, 8827.0, 18336.0, 15487.0, 17206.0, 10504.0, 11666.0, 8715.0, 35724.0, 8927.0, 14141.0, 16686.0, 15524.0]"
"Свръхновите могат също да бъдат разделени според вида на техния спектър. При повечето свръхнови от тип II се наблюдават широки линии на излъчване издаващи голямата скорост на раздуване на ударната вълна, докато малка част имат определени тесни линии за които се счита че са породени от взаимодействията на ударната вълна с околозвезден материал. Такива свръхнови с тесни линии се наричат тип IIn.",bul,bul,"[119658.0, 11784.0, 1793.0, 10587.0, 19835.0, 18547.0, 20009.0, 12496.0, 13650.0, 10014.0, 36139.0, 10275.0, 16865.0, 18632.0, 18216.0]"
"Брюнѐт(на френски: brunette)вид френска любовна песен,която се изпълнява на един или повече гласове.Има пасторален сюжет и е била широко разпространена през 17 век във Франция.През 18 век става популярна в цяла Европа и намира място в творчеството на много композитори.Жан-Филип Рамо я изолзва доста често в своите опери,като при него най-ясно е изразена мелодичната линия.Брюнета носи понякога фалшива простота и наивност,често весела шеговитост зад която обикновено се крие сериозна тематична линия.Тази фалшива простота го доближава до водевила oсобено в сантименталните тематични моменти.",bul,bul,"[196318.0, 20525.0, 3100.0, 22570.0, 34235.0, 32284.0, 37149.0, 22357.0, 24555.0, 18683.0, 68190.0, 18121.0, 28673.0, 33182.0, 30378.0]"
Според Стефан Веркович към края на 19 век Костурино (Кустуряни) е българо-мохамеданско селище с мъжко население 314 души и 90 домакинства. Съгласно статистиката на Васил Кънчов („Македония. Етнография и статистика“) към 1900 година Костурино (Костурени или Костурчани) е смесено българо-християнско и българо-мохамеданско селище. В него живеят 250 българи-християни и 700 българи-мохамедани.,bul,bul,"[148764.0, 17550.0, 2792.0, 15879.0, 27523.0, 28744.0, 29880.0, 20241.0, 21993.0, 15793.0, 49420.0, 14811.0, 25225.0, 33784.0, 26561.0]"
"Обитават тропичните и субтропичните зони на Атлантическия, Индийския и Тихия океан. Придържат се към плитките шелфови води, навлизат и в устия на големи реки с полусолени и сладки води.",bul,bul,"[64735.0, 6534.0, 937.0, 5843.0, 11006.0, 11304.0, 11009.0, 7220.0, 8079.0, 5928.0, 23090.0, 5535.0, 9502.0, 11379.0, 10192.0]"
"Американизацията е процесът на влияние на американската култура върху културата на други страни – в области като популярна култура, средствата за масова информация, кухнята, техниката, стопанските и политически практики. Понятието е употребено за първи път в 1907 година.",bul,bul,"[70728.0, 7475.0, 1158.0, 6825.0, 12704.0, 11911.0, 12490.0, 8190.0, 8948.0, 6830.0, 24893.0, 6692.0, 10593.0, 12501.0, 11453.0]"
"Източна Германия поетапно я изгражда от 1952 до края на 1980-те год. Фортификациите служат за спиране на потенциалните емигранти от Източна Германия към Запада. Твърди се, че около 1000 души са загинали в опита да я пресекат. Източногерманските граждани са подложени на драстични мерки за ограничаване в придвижването.",bul,bul,"[108966.0, 11107.0, 1872.0, 10529.0, 22738.0, 17471.0, 19400.0, 11736.0, 12991.0, 9888.0, 34506.0, 10374.0, 15773.0, 17908.0, 16899.0]"
"Гилерме е роден и израснал в Бразилия. Той получава руско гражданство и на 22 ноември 2015 г. е повикан в националния отбор на Русия за приятелски мач срещу Литва и Франция. Той дебютира на 26 март 2016 г., заменяйки своя колега дебютант Станислав Крицюк при победата с 3:0 и става първият натурализиран играч отвъд бившия Съветски съюз, който играе за руския национален отбор. Част е от състава за Евро 2016, но не играе в нито един мач.",bul,bul,"[152777.0, 16753.0, 2741.0, 16194.0, 26900.0, 25656.0, 28662.0, 17478.0, 19436.0, 17821.0, 52310.0, 16740.0, 23602.0, 26870.0, 25045.0]"
"Нова Скотия, Ню Брънзуик, Британска Колумбия и Остров Принц Едуард са били отделни колонии преди влизането си в състава на Канада. Нюфаундленд е бил доминион в Британската общност.",bul,bul,"[61891.0, 7091.0, 1083.0, 6327.0, 10808.0, 12212.0, 10683.0, 8007.0, 9008.0, 5935.0, 19605.0, 5880.0, 10391.0, 11610.0, 10438.0]"
"Паметникът на загиналите в Бяла руски офицери и войници – в квартал „Ханищата“, близо до двата моста над Янтра, на пътя Русе – Велико Търново",bul,bul,"[53960.0, 5342.0, 880.0, 4920.0, 9274.0, 8629.0, 9039.0, 5636.0, 6311.0, 4498.0, 18267.0, 4430.0, 7813.0, 9643.0, 8473.0]"
"Големи надежди по отношение на хармонизирането на режима бяха възлагани на обявената през 2015 г. от Европейската комисия планирана реформа на авторското право в рамките на единния цифров пазар. За голямо разочарование на неправителствените организации в сектора и съществена част от академичната общност, свободата на панорамата така и не намери място в окончателно предложения от Комисията през септември 2016 г. проект за законодателен пакет.",bul,bul,"[129722.0, 13288.0, 2056.0, 13414.0, 24101.0, 20290.0, 24021.0, 13770.0, 15322.0, 12172.0, 41716.0, 11821.0, 18599.0, 20954.0, 20168.0]"
"Главният неразрешен проблем на свръхновите от тип II, се състои в начина на прехвърляне на енергия между неутринотата и останалата част от звездата, посредством което се образува ударната вълна на експлозията. Счита се че около 1% от общата енергия е необходимо да се отдаде от неутринотата, но дори тази малка част поражда проблеми в теоретичен план. През 90-те години е разработен модела на конвекционното преобръщане, който описва конвекция на неутринота или на сгъстяваща се материя от външните слоеве на звездата.",bul,bul,"[163760.0, 15780.0, 2454.0, 14628.0, 27421.0, 25133.0, 28379.0, 16769.0, 18530.0, 14571.0, 50420.0, 14733.0, 23131.0, 25371.0, 24860.0]"
"От 1855 г. до пенсионирането си през 1885 г., Лоренц фон Щайн е професор по Политическа икономия в Университета във Виена. Работата му от този период се счита за основа на международната наука за публичната администрация. Той също така влияе на практиката на публичните финанси.",bul,bul,"[81686.0, 9024.0, 1537.0, 8559.0, 17224.0, 13915.0, 14892.0, 9411.0, 10554.0, 7534.0, 26092.0, 7753.0, 12421.0, 13916.0, 13283.0]"
"През 1936 година Любен Димитров се връща в България, за да се ожени за племенницата на Андрей Ляпчев Милка Наумова. Димитров се среща с вече освободените Йордан Чкатров и Асен Аврамов и посещава в затвора членовете на Централния комитет на ВМРО Владимир Куртев и Георги Настев, като взима от тях послание до МПО. Димитров участва и на конференцията на възстановените Македонски братства, като защитава идеята за автономия на Македония, като най-подходяща в международен план.",bul,bul,"[155710.0, 15600.0, 2542.0, 14437.0, 27015.0, 25043.0, 26646.0, 16733.0, 18446.0, 13986.0, 49825.0, 13997.0, 22497.0, 26554.0, 23912.0]"
"Калифорния Гитар Трио (на английски: California Guitar Trio) е музикална група, състояща се от трима китаристи, и основана през 1991 г. Тримата - Пол Ричардс от Солт Лейк Сити, щата Юта; Бърт Ламс от Афлигем, Белгия; и Хидейо Мория от Токио, Япония - се събират на курс по китарно майсторство през 1987 г., в който Робърт Фрип ги обучава на Новото стандартно наместване (НСН). След като изкарват няколко курса на Фрип по китарно майсторство, тримата започват да изнасят концерти под шапката на Робърт Фрип и Лигата на майсторите китаристи.",bul,bul,"[168663.0, 18942.0, 3589.0, 15653.0, 29588.0, 31118.0, 30137.0, 21501.0, 23969.0, 16126.0, 50808.0, 17037.0, 27848.0, 30026.0, 28548.0]"
"Разпространен е в Австралия (Западна Австралия, Куинсланд и Северна територия), Индия, Индонезия (Калимантан и Ява), Китай, Малайзия, Малдиви, Мозамбик, Провинции в КНР, Тайван и Тайланд.",bul,bul,"[58627.0, 8019.0, 1108.0, 5573.0, 11293.0, 13555.0, 9854.0, 8570.0, 9566.0, 6021.0, 20446.0, 6105.0, 11987.0, 11636.0, 11623.0]"
"Агатополската или Ахтополската епархия (на гръцки: Ιερά Επισκοπή Αγαθουπόλεως) е епархия на Цариградската патриаршия със средище град Ахтопол (Агатопол), съществуваща от XV до XIX век. От 1 октомври 1998 година е титулярна епископия на Българската православна църква.",bul,bul,"[87824.0, 11298.0, 1769.0, 10054.0, 17337.0, 18225.0, 18957.0, 12661.0, 13994.0, 10001.0, 30243.0, 9292.0, 15865.0, 20465.0, 16500.0]"
"Той наследява крепостта Лебенау на Залцах и се нанася там през през 1104 г. Построява около 1130 г. замък Лебенау близо до Лауфен на Залцах. Той получава също собствености в Горна Бавария, Каринтия, Долна Щирия и Крайна.",bul,bul,"[75581.0, 8785.0, 1612.0, 8143.0, 20423.0, 14449.0, 14143.0, 9913.0, 10807.0, 6803.0, 24583.0, 6803.0, 12542.0, 14582.0, 12871.0]"
"Елизабет, кралица на Унгария и Полша,след смъртта на съпруга си е регент на малолетната си дъщеря Мария. За да не загуби реалната регентска власт, започва преговори с краля на Франция Шарл V Мъдри, предлагайки ръката на Мария на неговия син Луи Орлеански. Ситуацията е усложнена от обстоятелството, че преди това следва да се развали годежа със Сигизмунд Люксембургски, за което е необходимо папско разрешение, а Унгария и Франция признават различни папи в условията на продължаващата Велика Западна схизма. Признаваният от Франция за папа Климент VII дава разрешение за разваляне на годежа. След това през април 1385 година става условна сватба между Мария и Луи Орлеански, в отсъствие на жениха.",bul,bul,"[227226.0, 22987.0, 3381.0, 23478.0, 38884.0, 36506.0, 41028.0, 24726.0, 27539.0, 20391.0, 70732.0, 20928.0, 32429.0, 37790.0, 34939.0]"
"Сведения за мотивите на Евтимий Търновски да се заеме с реформа на писмения български език могат да бъдат открити в „Похвално слово за Евтимий“ от Григорий Цамблак и „Сказание за буквите“ от Константин Костенечки. Григорий разказва, че Евтимий се заема с превод на книги от гръцки на български език, тъй като е недоволен от по-старите преводи, правени често от недостатъчно подготвени хора. С натрупването си, техните грешки довеждат до сериозно изопачаване на свещените текстове, до погрешно тълкуване на смисъла им и появата на ереси. Сведението се потвърждава от известието, че търновските книжовници се заемат първо с поправката на основните за християнството книги — четирите евангелия, Стария завет, „Апостола“. За разлика от писателите и преводачите от Преславската книжовна школа, които предпочитат свободния и смислов превод, търновските книжовници се придържат към точното предаване на гръцките оригинали. Писменият български език, който те налагат, е изкуствен и отдалечен от народния говор. Поради това оценките за значимостта на Евтимиевата реформа са противоречиви. Дмитрий Лихачов определя характера ѝ като консервативен. Не се подлага на съмнение обаче мащабността на начинанието, превърнало се в „официална книжовна политика, осигурена с поддръжката на царя“. Правилата, изработени от Евтимий, се прилагат както при превод, така и при създаването на оригинални произведения.",bul,bul,"[460429.0, 44198.0, 6913.0, 40226.0, 79474.0, 70106.0, 79220.0, 46690.0, 51701.0, 41005.0, 150561.0, 40360.0, 62877.0, 74854.0, 69188.0]"
"Подобно на други кирилиски букви, Ы първоначално е лигатура между Ъ и І (тогавашно і, без точка или с две точки) или И (тогавашно и, изписвано като днешно н). В старите ръкописи, тази буква винаги се е срещала като ЪІ или ЪИ. Днешната форма еволюира след изясняването на еровите гласни ъ и ь в старобългарския език.",bul,bul,"[110149.0, 12008.0, 1885.0, 10754.0, 18931.0, 19315.0, 19148.0, 13903.0, 15030.0, 9740.0, 41506.0, 9806.0, 17565.0, 20049.0, 18014.0]"
"Токсодонът е имал дължина на тялото около 2,7 m, и височина около 1,5 m в холката и е приличал на едър носорог, с глава на хипопотам. Заради позицията на носовите му отвори се смята, че токсодонът има добре развита муцуна. Имал е масивен скелет, за който се предполага, че е поддържал голямо мускулесто тяло. То е с къси крака с три развити пръста, като повечето от телесното тегло се е поемало от средния.",bul,bul,"[146033.0, 14097.0, 2209.0, 12965.0, 25434.0, 23547.0, 24637.0, 15444.0, 17082.0, 13123.0, 44605.0, 12943.0, 20916.0, 24253.0, 22690.0]"
"Гилерме прави официалния си дебют за тима на 12 юли 2009 г. в руската Премиер лига срещу Том Томск (0:0), оттогава е титулярен вратар в Локомотив. През 2010 г. той променя номера си от 85 на 1. Играе през всички 30 мача за този сезон.",bul,bul,"[83589.0, 9781.0, 1612.0, 9280.0, 16209.0, 15279.0, 16587.0, 10598.0, 11635.0, 10119.0, 32762.0, 9354.0, 13774.0, 16279.0, 14236.0]"
"Diarivm Lvdovici Comitis Witgensteinii … Anni MDLXX. In: Heinrich Christian von Senckenberg: Sammlung von ungedruckt- und raren Schriften, zu Erläuterung … der Geschichten von Teutschland, Bd. II. Johann Friedrich Fleischer, Frankfurt am Main 1745 (Google-Books) [Tagebuch zum Reichstag von Speyer 1570]",deu,bul,"[21836.0, 7149.0, 2717.0, 12517.0, 40194.0, 11834.0, 17110.0, 10659.0, 9843.0, 10340.0, 9244.0, 7938.0, 8388.0, 16220.0, 10319.0]"
"Обитава океани, морета, лагуни и рифове в райони с тропически и субтропичен климат. Среща се на дълбочина от 1 до 40 m, при температура на водата от 25,7 до 29,3 °C и соленост 32,6 — 36,1 ‰.",bul,bul,"[72195.0, 8997.0, 1529.0, 8921.0, 14832.0, 14060.0, 15028.0, 10490.0, 11028.0, 8936.0, 28742.0, 8656.0, 12733.0, 15758.0, 13458.0]"
"Албрехт Теодор Емил граф фон Роон (30 април 1803 - 23 февруари 1879) е пруски военен деец и политик. Роон, заедно с Ото фон Бисмарк и Хелмут фон Молтке Старши, е една от водещите фигури в пруското правителство по време на ключовото седмо десетилетие от 19. век, когато, след Френско-пруската война, повечето германски държави, начело с Прусия, образуват Германската империя.",bul,bul,"[122254.0, 15575.0, 2635.0, 13505.0, 29569.0, 24532.0, 22527.0, 17023.0, 19174.0, 11411.0, 38222.0, 12040.0, 21298.0, 24927.0, 21601.0]"
"С нарастването на атомната маса на елементите участващи в термоядрения синтез, като цяло намалява отделената енергия, тъй като ядрата на по-тежките елементи (но не по-тежки от желязото) имат по-висока свързваща енергия, която ги прави по-стабилни в енергиен план от леките елементи.",bul,bul,"[98031.0, 9430.0, 1409.0, 8985.0, 16508.0, 15393.0, 16478.0, 10446.0, 11280.0, 8714.0, 32837.0, 9040.0, 13758.0, 15880.0, 14932.0]"
"Капиталовият разход се амортизира в продължителността на живота на инвестицията, което може да варира като очаквания от пет до 40 години, зависимост от инвестицията. Този период от време е известен като период на възстановяване, и възстановителните периоди за основни активи са положени така, че компаниите знаят колко да извадят като капиталови разходи. Амортизацията означава, че компанията не може да извади стойността на капиталовия разход изведнъж и вместо това го разпростира през дължината на живота на инвестицията. Например, инвестиция от 40 000 евро за охранителни системи може да има възстановителен период от 10 години, който означава, че се изваждат по 4 000 евро на година.",bul,bul,"[195408.0, 19252.0, 3137.0, 17198.0, 32770.0, 30900.0, 31622.0, 20340.0, 22621.0, 15639.0, 56201.0, 16152.0, 28437.0, 31819.0, 30449.0]"
"Църквата „Свети Николай“ в Скала Потамияс е от 1836 година, „Свети Йоан Предтеча“ е средновековна, обновена в 1839 година, а гробищната църква „Свети Архангел Михаил“ е построена около 1840 година. Южно от Потамия са манастирският храм „Свети Димитър“ от 1845 година и „Свети Георги“ от 1896 година.",bul,bul,"[113244.0, 13023.0, 2170.0, 10929.0, 21137.0, 19368.0, 21722.0, 13635.0, 14733.0, 11720.0, 36543.0, 11489.0, 17477.0, 21423.0, 18915.0]"
Указ № 3305/обн. Дв бр. 78/09.10.1987 г. – заличава община Дунавци и присъединява селата Медешевци и Милчина лъка и техните землища към община Грамада;,bul,bul,"[56855.0, 7532.0, 1373.0, 7432.0, 12190.0, 12304.0, 11646.0, 9158.0, 9751.0, 6465.0, 27560.0, 5778.0, 11128.0, 13011.0, 11219.0]"
"Интересно е да се спомене, че върху вградена на пода пред олтара каменна плоча има уникални надписи написани на старогръцки, на която са увековечени имената на ктиторите на храма. След като са преведени от специалисти се установява, че върху плочата са имената на поп Димо, Милоулу, Христо, Гемиджоулу Вълчо и датата на освещаването 16 март 1806 година. Сега е открита и още една плоча с надписи в женското отделение на църквата, но още не са преведени.",bul,bul,"[151251.0, 14349.0, 2386.0, 12772.0, 24767.0, 23367.0, 26638.0, 15690.0, 17235.0, 12834.0, 48902.0, 13085.0, 20863.0, 26056.0, 22421.0]"
"Бълбук е """"сладката"""" в групата, въпреки че е на същата възраст. При нея преобладава съставката захар. Получава името си, защото е """"сладка и балонеста"""". Тя е най-милата и срамежливата, държи се най-детински и е най-лесно да я разплачеш. Затова понякога е подценявана като боец, но не е по-слаба от сестрите си. Бръшлян често я нарича """"бебе"""" заради характера и. Тя е дружелюбна, невинна, игрива и наивна, но може и много да се ядосва. Обича животните (с изключение на хлебарките) и да рисува с пастели. Любимата и играчка е лилаво октоподче, наречено """"Окти"""". Има светлоруса коса, вързана на две къси опашчици, сини очи и нейният цвят е светлосиньото. Специалната и сила е да пищи.",bul,bul,"[263447.0, 23986.0, 3655.0, 23046.0, 42476.0, 39321.0, 46256.0, 25021.0, 28119.0, 22799.0, 79774.0, 23780.0, 35721.0, 42340.0, 38956.0]"
"Втората главна нишка в сюжета следва Егвийн ал-Вийр, Амирлин на бунтовничките Айез Седай. След пленяването ѝ в Бялата кула в предишната книга Егвийн се стреми по всякакъв начин да подкопае влиянието на Елайда а'Ройхан, Амирлин на Кулата, и да заздрави разхлабените връзки в нея. Понижена до новачка, тя има свободата да се движи из цялата кула, но след като публично обвинява Елайда, последната я нарича слугиня на Тъмния и нарежда да я затворят. Егвийн е освободена след като Елайда не може да докаже обвиненията си.",bul,bul,"[178160.0, 17751.0, 2928.0, 16532.0, 29888.0, 30213.0, 29669.0, 19326.0, 21665.0, 15452.0, 52590.0, 16427.0, 26572.0, 30446.0, 27870.0]"
Втора английска дивизия (на английски Football League Second Division) е второто най-високо ниво във футболната пирамида на Англия в периода 1892 - 1992 г. и третото от 1992 до 2004 г. След 2004 г. тя е преименувана на Английска първа футболна лига.,bul,bul,"[78467.0, 9888.0, 1915.0, 8624.0, 15215.0, 15315.0, 15614.0, 10915.0, 12117.0, 8544.0, 26960.0, 8149.0, 14382.0, 15320.0, 14869.0]"
"Kakuro and other fiendish number puzzles (2006)Какуро и други коварни игри с числа, изд.: „Егмонт България“, София (2006), прев. Виделина Димитрова",bul,bul,"[32901.0, 4755.0, 1680.0, 4271.0, 7384.0, 7500.0, 6894.0, 5945.0, 5943.0, 4011.0, 12515.0, 3746.0, 6698.0, 7991.0, 6720.0]"
"Почти веднага след основаването си, Акура започва да участва в американски състезания, най-вече в сериите Спийд Уърлд Чалъндж, организирани от Sports Car Club of America (SCCA) и IMSA GT, организирани от International Motor Sports Association (IMSA). През 1991 г. Акура подписва договор с отбора на Комптек Рейсинг, според който от фирмата предоставят двигателя на Акура NSX, който трябва да се използва в болидите Комтпек Спайс в лекия клас (Кемъл Лайтс) в сериите за прототипи IMSA GT. Този състезателен автомобил още в дебютната си година печели шампионата в своя клас, включително и победа в 24-те часа на Дайтона. Следващите два сезона Акура и Комтек отново триумфират с титлата в Кемъл Лайтс, като най-престижните победи през тези две години са отново на 24-те часа на Дайтона през 1992 г. и 12-те часа на Себринг през 1993 г.",bul,bul,"[247893.0, 27736.0, 5424.0, 25728.0, 44212.0, 43973.0, 45080.0, 30889.0, 34062.0, 24172.0, 75766.0, 23652.0, 39991.0, 42439.0, 41054.0]"
Провинция Нюфаундленд и Лабрадор се състои от две имена. Името Нюфаундленд (на латински Terra Nova) се употребява от около 1500 г. Най-вероятно за първи път е използвано от португалският изследовател Жоао Ваз Корте Реал през 1472 г. Лабрадор най-вероятно носи името на португалския навигатор Жоао Фернандес Лабрадор посетил района през 1495 г.,bul,bul,"[105576.0, 13716.0, 2484.0, 13444.0, 19949.0, 21574.0, 22110.0, 14534.0, 16304.0, 16191.0, 35266.0, 14260.0, 19046.0, 20803.0, 19404.0]"
"религиозните вярвания, на прабългарите до приемане на християнството ги свързват с бога на тюрките и монголите – Тангра, който вероятно а бил и техен върховен бог. Сред доказателствата за наличието на бог Тангра в българския пантеон е колоната от Мадара, на която личи полуизтрит надпис на старогръцки, в който се разчита името Тангра – ТАГГРА и думата „бог“ (ΘYO). Като доказателство за тенгризма на прабългарите често се използва и сборник на Германската академия на науките от 1866 г. в който се цитира османско-турски препис на средновековен арабски текст с автор Рашид ал-Дин, който на свой ред се позовава на неидентифициран византийски ръкопис, където се споменава божието име на разни езици, като в езика на прабългарите посоченото име е Тенгри.",bul,bul,"[250808.0, 25657.0, 4126.0, 23072.0, 45388.0, 42871.0, 44130.0, 28709.0, 31436.0, 23069.0, 83829.0, 22348.0, 36649.0, 47260.0, 38857.0]"
В 117 СОУ „Св. св. Кирил и Методий“ са създадени и активно работят ученически клубове – Ученически парламент; Вокална група; Младежки клуб на БЧК; Клуб „Млад огнеборец“; Клуб „Зебра“.,bul,bul,"[67600.0, 7025.0, 1153.0, 6458.0, 12672.0, 11531.0, 11992.0, 7942.0, 8558.0, 6534.0, 26624.0, 6455.0, 10645.0, 12159.0, 10980.0]"
"До края на 60-те години изпълнява ритъм енд блус и привлича вниманието на Лонг Джон Болдри, като известно време участва в неговата група. По-късно пее в групите „Стиймпакет“ и „Шотгън“, солист в групата на Джеф Бек (записва с него 2 албума – „Truth“, 1968 г. и „Beck Ola“, 1969 г.).",bul,bul,"[96538.0, 10529.0, 2336.0, 9648.0, 18029.0, 17946.0, 17882.0, 12336.0, 13460.0, 9372.0, 32192.0, 9483.0, 15336.0, 17605.0, 16137.0]"
"За да напомня, че е било селце, „Селската чешма“ е останала „селска“. Жителите и до ден днешен си перат килимите на нея и идват да си наливат вода, както едно време.",bul,bul,"[59342.0, 5509.0, 864.0, 5212.0, 10234.0, 9048.0, 10598.0, 5935.0, 6367.0, 5356.0, 18059.0, 5355.0, 7933.0, 10522.0, 8785.0]"
Извършва педагогическа дейност в Париж. Преподава в Националната висша музикална консерватория в града. От 1960 година е професор в частната консерватория „Маргарит Лонг“.,bul,bul,"[52346.0, 5755.0, 959.0, 8830.0, 9966.0, 8906.0, 11610.0, 6251.0, 6893.0, 6163.0, 17485.0, 5871.0, 8167.0, 9131.0, 8557.0]"
"Крепостта, довършена малко преди войната с помощта на пруски военни инженери, се състои от вътрешен пояс от бастиони, ограден с каменни фортове на височините западно, южно и източно от града. От края на март руснаците започват систематична артилерийска бомбардировка на тези укрепления, на първо време с батареи, разположени на левия бряг на Дунав и близките острови.",bul,bul,"[118423.0, 11573.0, 1745.0, 10668.0, 20503.0, 18526.0, 20086.0, 12112.0, 13708.0, 9938.0, 39922.0, 9824.0, 16537.0, 19180.0, 17761.0]"
"„Диалектически материализъм“, учебник за студенти по медицина и стоматология, под ред. на проф. Г. Векилов, Медицина и Физкултура, София, 1986",bul,bul,"[47147.0, 5477.0, 898.0, 5045.0, 9991.0, 8741.0, 8799.0, 6031.0, 6546.0, 4923.0, 18171.0, 4553.0, 7510.0, 9703.0, 7973.0]"
"Всяка провинция се управлява от министър-председател и лейтенант-губернатор. Всяка територия се управлява от комисар и лейтенант-губернатор. В Сравнителната таблица са дадени подробности относно федералното, провинциалното и териториалното управление.",bul,bul,"[79313.0, 8121.0, 1253.0, 7133.0, 13354.0, 13221.0, 13029.0, 8885.0, 9679.0, 6804.0, 25915.0, 7122.0, 11995.0, 13240.0, 12374.0]"
"В края на декември 1905 г. Паскин заминава за Париж като вече известен автор. Във френската столица се сближава и общува с кръга художници, посещаващи „Кафе дю Дом“, известни като „домистите“. През 1906 г. негови карикатури под псевдонима „Паскин Русчук“ са публикувани в списание „Българан“, а на следващата година Паскин урежда първата си самостоятелна графична изложба в Берлин в галерията на Паул Касирер. През 1908 г. посещава парижките частни академии и излага свои рисунки на Есенния салон. Той е бил една от най-ярките фигури в космополитния артистичен кръг на Монпарнас.",bul,bul,"[196539.0, 20415.0, 3268.0, 24008.0, 36315.0, 31664.0, 37176.0, 21690.0, 23850.0, 18557.0, 67739.0, 18800.0, 28429.0, 32468.0, 30046.0]"
"Във външнополитически план Бела Кун първоначално прави опити за споразумение с Антантата. Той се среща с южноафриканския министър-председател Ян Смутс, но двамата не успяват да постигнат съгласие. През април войски на Румъния и Чехословакия, подкрепяни от Франция, започват настъпление срещу Унгария. Унгарските войски имат известен успех срещу Чехословакия, но през лятото румънските войски влизат в столицата Будапеща и на 1 август принуждават комунистите да напуснат правителството. Очакваното съветско нападение срещу Румъния не се реализира поради загубите, търпени от Червената армия в Украйна.",bul,bul,"[210262.0, 21203.0, 3249.0, 20168.0, 37126.0, 32769.0, 36194.0, 21765.0, 24614.0, 18186.0, 61136.0, 18328.0, 30263.0, 33715.0, 32341.0]"
"„Една жена на 33“ е български игрален филм (драма) от 1982 година на режисьора Христо Христов, по сценарий на Боян Папазов. Оператор е Атанас Тасев. Музиката във филма е композирана от Кирил Цибулка.",bul,bul,"[69625.0, 8048.0, 1364.0, 7552.0, 13768.0, 12634.0, 13330.0, 8660.0, 9474.0, 7443.0, 22384.0, 7202.0, 11286.0, 14214.0, 12001.0]"
"В средата на 90-те години на 20 век се забелязва спад в продажбите. Основните причини са две. Според някои това се дължи на относително скучния дизайн на моделите, които според мнозина се отличават от Хондите, предназначени за японския пазар само по емблемата и други дребни детайли. Другата причина е смяната на наименованията на моделите, започнала през 1996 г. (оттогава Ледженд се продава като RL) и завършила през 2001 г. (Интегра купе става RSX, а Интегра седан - TSX). Новосъздадените модели също получават дву- и трибуквени наименования по подобие на основните си конкуренти. Именно това изиграва лоша шега на шефовете на Акура. Те виждат, че сред американците името на модела """"Ледженд"""" е по-популярно от името на марката """"Акура"""", но в крайна сметка това име е заменено от неизвестното и все още анонимно """"RL"""". Показателен е фактът, че в САЩ Акура продава средно по 50.000 бройки Ледженд годишно, а през 2002 г. успява да пласира само 9.392 бройки RL. По общ брой продажби през 2002 г. Лексъс (234.000), БМВ (232.000) и Мерцедес (213.000) задминават значително Акура (166.000).",bul,bul,"[376740.0, 39814.0, 6845.0, 36060.0, 64994.0, 62397.0, 67267.0, 44918.0, 48817.0, 33569.0, 132665.0, 34151.0, 57238.0, 62374.0, 60167.0]"
"Дебютът на Акура в сериите е повече от успешен. На 12-те часа на Себринг болидът на Андрети финишира на първо място в класа си и на второ в общото класиране, Лолата на Фернандес заема второто място в класа и трето в общото класиране, а Хайкрофт - на четвърто в класа си и на шесто в общото класиране. В края на сезона Хайкрофт, Фернандес и Андрети Грийн завършват съответно на трето, четвърто и пето място. През сезон 2008 Акура пуска още един заводски тим - Де Феран Моторспорт, като четирите отбора използват новия болид ARX-01b. Хайкрофт записва общо четири победи в класа си и една в общото класиране, а Андрети Грийн - съответно две и една. След края на сезона Хайкрофт Рейсинг, Андрети Грийн Рейсънг, Фернандес Рейсинг и Де Феран Моторспорт заемат второ, четвърто, пето и шесто място в крайното класиране. През сезон 2009 Хайкрофт и Де Феран ще се състезават в клас LMP1 с новия прототип Акура ARX-02, а Фернандес ще остане в клас LMP2 с обновена версия на ARX-01.",bul,bul,"[310761.0, 33608.0, 6165.0, 33374.0, 55780.0, 53908.0, 59142.0, 37060.0, 41402.0, 32645.0, 94964.0, 31789.0, 48561.0, 52471.0, 49891.0]"
"Тази визия обединява две конкретни средносрочни цели за програмния период 2007-2013 г.: • Засилване на конкурентоспособността на икономиката с оглед на постигането на висок и устойчив растеж; • Развитие на човешкия капитал с цел осигуряване на по-висока заетост, доходи и социална интеграция.",bul,bul,"[98338.0, 9364.0, 1566.0, 10443.0, 18234.0, 15232.0, 18850.0, 10340.0, 11385.0, 9692.0, 31484.0, 9507.0, 14223.0, 16672.0, 15420.0]"
"Франсоа-Андре Деникен Филидор (на френски: François-André Danican Philidor) е един от най-силните шахматисти през втората половина на XVIII век. Той побеждавал с лекота всичките си противници, написал книга за шахмата и оставил теоретични изследвания, които имат стойност и в наши дни. Филидор бил не само изключителен шахматист, но и талантлив музикант. Той написал няколко опери, които имали голям успех.",bul,bul,"[110144.0, 11615.0, 2181.0, 17601.0, 21287.0, 19019.0, 23674.0, 12888.0, 14214.0, 12262.0, 37882.0, 11793.0, 16954.0, 20092.0, 18245.0]"
"JASPERS (на английски: Joint Assistance in Supporting Projects in European Regions) – насърчава сътрудничеството между ЕК, ЕИБ, ЕБВР (Европейска банка за възстановяване и развитие) и държавата членка в подготовката на големи проекти.",bul,bul,"[54709.0, 6762.0, 1542.0, 7495.0, 11599.0, 10588.0, 11424.0, 7349.0, 7869.0, 6459.0, 18974.0, 5961.0, 9562.0, 10835.0, 10123.0]"
"Активно обучение (на английски: аctive learning) е ъмбрела термин, отнася се за процес на усвояване на нови знания и умения посредством въвличането на обучаемите в извършването на различни щателно подготвени учебни дейности.",bul,bul,"[62386.0, 6328.0, 1130.0, 5556.0, 10949.0, 10445.0, 10357.0, 7002.0, 7689.0, 5664.0, 22394.0, 5651.0, 9178.0, 10485.0, 9622.0]"
"През 1896 година в центъра на селото е издигната голямата трикорабна базилика „Св. Архангел Михаил”, до която е камбанарията. От 1992 г. черквата „Св. Св. Константин и Елена” е обявена за паметник на културата.",bul,bul,"[82998.0, 8838.0, 1401.0, 7788.0, 14666.0, 13645.0, 15414.0, 9414.0, 10330.0, 7783.0, 28978.0, 7672.0, 12636.0, 14946.0, 13381.0]"
"Според Световен атлас на генетичните смешения публикуван в списание Сайънс през 2014 г. българите са носители на 2% сибиро-монголски ДНК-частици, примесени в региона през 9 век, което според авторите кореспондира с претопяването на прабългарите в завареното население. Според същия анализ чувашите, които също претендират прабългарска връзка, са носители на около 9 % източноазиатска ДНК, която е примесена на 3 пъти през различни времеви интервали, като приноса през 9 век е обвързан от авторите със създаването на Волжска България и смесването на прабългарите със завареното, основно европеидно население. Присъствието на тези източноазиатски компоненти в Европа е преценено като последица на преселението на малки групи азиатски номади през ранното Средновековие. В тази връзка, някои учени предполагат, че генетичния принос на прабългарите в двата региона е бил незначителен и на практика днес е трудно установим.",bul,bul,"[290787.0, 28331.0, 4511.0, 26457.0, 50199.0, 46715.0, 50975.0, 30863.0, 34378.0, 25660.0, 93530.0, 25120.0, 41480.0, 48525.0, 44358.0]"
"Friedrich Hausmann: Die Grafen zu Ortenburg und ihre Vorfahren im Mannesstamm, die Spanheimer in Kärnten, Sachsen und Bayern, sowie deren Nebenlinien, erschienen in: Ostbairische Grenzmarken – Passauer Jahrbuch für Geschichte Kunst und Volkskunde, Nr. 36, Passau 1994 (S. 9 – 62).",deu,bul,"[21864.0, 7009.0, 2218.0, 10916.0, 44565.0, 12030.0, 14432.0, 10685.0, 9687.0, 8816.0, 9813.0, 6541.0, 8814.0, 16036.0, 10659.0]"
"Неговият правнук Франсоа дьо Ангулем (внук на неговия син Жан) става през 1515 г. крал на Франция като Франсоа I, зет и наследник на умрелия без мъжки наследник Луи XII.",bul,bul,"[52938.0, 6345.0, 1110.0, 10485.0, 10705.0, 10839.0, 12610.0, 7685.0, 8361.0, 6552.0, 17699.0, 6174.0, 9370.0, 11073.0, 9672.0]"
"1572 – SN 1572 – Свръхнова в съзвездието Касиопея, наблюдавна от Тихо Брахе. В книгата му De Nova Stella за първи път се употребява термина „нова“. Видима величина: -4;",bul,bul,"[53969.0, 7015.0, 1558.0, 7228.0, 11671.0, 10833.0, 12169.0, 7927.0, 8452.0, 6804.0, 18075.0, 6366.0, 9750.0, 11187.0, 10142.0]"
"((en)) On the Nonexistent (htm) in Sextus Empiricus, Adv. Ac. I, 65-87 ;On Non-Existence(pdf)-Jstor, transl. from the Greek in Hermann Diels's """"Die Fragmente der Vorsokratiker",deu,bul,"[9931.0, 4255.0, 3406.0, 7388.0, 12957.0, 5822.0, 8968.0, 5787.0, 4905.0, 5968.0, 4457.0, 4808.0, 4498.0, 7896.0, 5413.0]"
Маринато прави своя професионален дебют за Атлетико Паранаенсе при загубата с 0:1 от Насионал Атлетико Клубе на 13 февруари 2005 г. Гилерме постепенно си спечелва място и играе в 18 мача за първенство и 3 мача от бразилската купа през сезон 2007.,bul,bul,"[78539.0, 9570.0, 1675.0, 9964.0, 15436.0, 14991.0, 18348.0, 10437.0, 11367.0, 13641.0, 26206.0, 11880.0, 13561.0, 14961.0, 13933.0]"
"Целта на тази програма е подобряване качеството на живот на хората в България чрез подобряване на човешкия капитал, постигане на високи нива на заетост, повишаване на производителността, достъп до качествено образование и учене през целия живот и засилване на социалното включване.",bul,bul,"[84614.0, 7750.0, 1186.0, 7906.0, 14806.0, 12490.0, 15365.0, 8199.0, 9048.0, 7638.0, 25554.0, 7470.0, 11519.0, 13004.0, 12699.0]"
"Изграждането на настоящото съоръжение започва в началото на 2010 г. и преминава в три етапа за три години. Стадионът има две трибуни - „Северна“ и „Южна“, които са с капацитет от 2000 и 1500 места. Трибуните са изцяло покрити с козирки. Под едната трибуна са разположени 18 магазина, билетен център, кафене и сладкарница. Стадионът разполага с два паркинга за общо 300 автомобила.",bul,bul,"[143687.0, 14032.0, 2240.0, 13566.0, 25909.0, 21989.0, 25416.0, 14691.0, 15983.0, 13288.0, 47141.0, 13002.0, 20240.0, 23392.0, 22039.0]"
"Първите плавбази в Руския императорски флот се появяват заедно с първите подводници. Ако в Балтийския флот не съществуват особени проблеми с базирането на подводниците, то корабите на Сибирската флотилия (базирани в Далечния изток) са в пълна зависимост от тиловите съдове на обезпечение.",bul,bul,"[96505.0, 9782.0, 1396.0, 7870.0, 15672.0, 15110.0, 15160.0, 9981.0, 11124.0, 7455.0, 36358.0, 7551.0, 13586.0, 15300.0, 14611.0]"
"Ричард Джон „Дик“ Грейсън (на английски: Richard John """"Dick"""" Grayson) е измислен супергерой, който се появява в комиксите на ДиСи Комикс. Появява се за пръв път в Detective Comics б. 38, издаден през май 1940 г. Създаден е от Бил Фингър, Боб Кейн и Джери Робинсън. В комиксите е представен като акробат в групата Летящите Грейсън. Семейството му загива при инцидент в цирка. Осиновява го Брус Уейн, който го съжалява за случилото се. Момчето случайно разкрива самоличността на Брус Уейн. Превръща се в Робин-момчето чудо. Заедно с Човека-прилеп образуват Динамичното Дуо. В следващите комикси, показват как е преминал от Робин-момчето чудо в Найтуинг. Това нещо е показано в „Новите приключения на Батман“. След като вече не е някогашния Робин, на негово място застава Джейсън Тод. След смъртта му идва Тим Дрейк В комиксовата поредица „Малките титани“ той е лидер на едноименната организация. Показват го и като Найтуинг. Бърт Уорд го играе в сериала „Батман“ (1966-1968). Четвъртия Робин е Стефани Браун, което е и първото момиче да поеме тази длъжност. След нея костюмът на Робин бива зает от биологичния син на Брус Уейн и Талиа ал Гул, Деймиън Уейн.",bul,bul,"[394128.0, 42415.0, 7772.0, 36375.0, 65362.0, 70430.0, 67636.0, 45981.0, 51587.0, 36626.0, 112443.0, 36362.0, 62320.0, 67356.0, 65083.0]"
"Обаче в друга своя статия от същата година Айнщайн поставя под въпрос самите основи на класическия електромагнетизъм. Теорията му за фотоелектричния ефект (за която получава Нобелова награда за физика) съдържа твърдението, че светлината може да съществува като дискретни порции, подобни на частици (кванти), които по-късно стават известни като фотони. Тази негова теория на фотоефекта увеличава напредъка, постигнат при решаването на проблема за ултравиолетовата катастрофа от Макс Планк през 1900. В своята работа Планк показва, че горещите обекти имат електромагнитно излъчване и то е на дискретни пакети, което води до извода, че от т. нар. абсолютно черно тяло се излъчва точно определено количество енергия - Закон на Планк. Тези два резултата изпадат в директно противоречие с класическия възглед за светлината като непрекъсната вълна. Теориите на Планк и Айнщайн пряко предшествуват създаването на квантовата механика, формулирана през 1925, която се наложило да бъде последвана и от квантова теория на електромагнетизма. Тази теория, завършена през 40-те години на 20 век, е известна като квантова електродинамика и е една от най-точните физически теории.",bul,bul,"[362048.0, 36417.0, 5688.0, 33432.0, 64003.0, 59495.0, 62298.0, 39219.0, 43788.0, 31925.0, 111621.0, 32112.0, 53101.0, 58747.0, 56343.0]"
"Вследствие на това по време на Втората световна война съветските подводници се обслужват от преоборудвани кораби, които нямат всичко необходимо и често самите е трябвало да бъдат ремонтирани и обслужвани от екипажите на подводниците.",bul,bul,"[66045.0, 6165.0, 984.0, 5566.0, 10817.0, 10155.0, 11185.0, 6880.0, 7469.0, 5594.0, 24453.0, 6017.0, 9153.0, 10637.0, 9678.0]"
"Любен Антонов Димитров е български общественик, деец на Македонската патриотична организация и трети редактор на вестник „Македонска трибуна“.",bul,bul,"[40756.0, 4529.0, 707.0, 4230.0, 7853.0, 7233.0, 7557.0, 4982.0, 5457.0, 3954.0, 14030.0, 3867.0, 6330.0, 8162.0, 6683.0]"
"Джартан Поскит е роден на 15 май 1956 г. в Йорк, Англия. Завършва Колингууд колидж на Университета на Дърам. Още в университета започва да пише скечове и текстове за песни.",bul,bul,"[58908.0, 6675.0, 1152.0, 5921.0, 10581.0, 11690.0, 10636.0, 7576.0, 8461.0, 5747.0, 20244.0, 5748.0, 9911.0, 11689.0, 9810.0]"
"Един от най-известните му експерименти е с Магдебургските полукълба, състоящ се от две еднакви, кухи, плътно прилепени едно до друго полукълба, от които е изтеглен въздухът. С тях през 1654 в Магдебург той демонстрира силата на атмосферното налягане (прибл. 1 кг на см2). За разделянето на Магдебургското полукълбо е било необходимо да се приложи върху всяко силата на 8 коня.",bul,bul,"[126841.0, 13383.0, 2116.0, 12268.0, 24308.0, 21591.0, 23000.0, 14594.0, 15904.0, 11876.0, 40541.0, 11805.0, 18999.0, 21817.0, 20241.0]"
"Правоъгълното число може да бъде изразено също като n² + n. N-тото правоъгълно число е сборът на първите n четни естествени числа, както и разликата между (2n − 1)² и n-тото шестоъгълно число. Правоъгълните числа могат да се открият и с формулата (n+1)*n.",bul,bul,"[81712.0, 9743.0, 1781.0, 8136.0, 14992.0, 14961.0, 14660.0, 10677.0, 11265.0, 8040.0, 26240.0, 7696.0, 13206.0, 15409.0, 14199.0]"
"((de)) Karl Theodor von Inama-Sternegg, Stein, Lorenz von. In: Allgemeine Deutsche Biographie (ADB). Band 35, Duncker & Humblot, Leipzig 1893, S. 661–666.",deu,bul,"[12985.0, 5124.0, 1940.0, 7727.0, 26290.0, 7824.0, 8836.0, 7297.0, 6675.0, 5774.0, 6088.0, 4594.0, 5820.0, 10262.0, 6745.0]"
"Клее е роден на 18 декември 1879 г. в Мюнхенбухзее, край Берн в Швейцария. Майка му е швейцарка, а баща му – германец, преподавател по музика. Съгласно швейцарското законодателство Клее получава гражданството на баща си. В края на живота си прави опити да получи швейцарско гражданство, но така и не успява.",bul,bul,"[101429.0, 10542.0, 1786.0, 10640.0, 22965.0, 17396.0, 18423.0, 11682.0, 13036.0, 9532.0, 33699.0, 9866.0, 15474.0, 18081.0, 15992.0]"
"Видът е разпространен в Ангола, Ботсвана, Замбия, Зимбабве, Демократична република Конго, Малави, Мозамбик, Намибия, Танзания и Южна Африка.",bul,bul,"[55672.0, 6586.0, 947.0, 5803.0, 10112.0, 11055.0, 9841.0, 7413.0, 8101.0, 6206.0, 16470.0, 5652.0, 9794.0, 9814.0, 9812.0]"
"Елемаг, по-късно известен като Елинагос Франтцес (на гръцки: Ἐλίναγος ὁ Φραντζὴς) е български болярин от времето на Първото българско царство, управлявал в името на цар Самуил крепостта Белиград, дн. Берат в Южна Албания.",bul,bul,"[74722.0, 9349.0, 1516.0, 8798.0, 14643.0, 15291.0, 15800.0, 10840.0, 11769.0, 8621.0, 25504.0, 8512.0, 13568.0, 16165.0, 13485.0]"
"Причината е, засилващото се умствено заболяване на френския крал Шарл VI. Той страда от шизофрения или биполярно разстройство. Затова, Луи Орлеански си оспорва регентството и настойничеството над него с Жан Безстрашни. Враждата между двамата е публично известна и е източник на политически вълнения и смутове във Франция. Луи има първоначално предимство, като брат, а не като първи братовчед на краля, но репутацията му на женкар и слуха за любовната афера с кралица Изабела Баварска го прави изключително непопулярен.",bul,bul,"[170059.0, 16646.0, 2612.0, 19618.0, 28771.0, 26867.0, 32106.0, 17749.0, 19895.0, 16130.0, 49990.0, 15920.0, 24299.0, 27636.0, 26075.0]"
"Раните византийски текстове използват като заменяеми наименованията хуни, българи, кутригури и утигури. В тях българите са идентични, част са от хуните или поне са сродини на тях. Посочените в Именник на българските канове – Авитохол и Ирник днес се отъждествяват с Атила и Ернах. Въпросът с произхода и расата на самите хуни също не е напълно изяснен. Днес преобладава мнението, че те са свързани с народа хунну, създал през 2 век пр.н.е. свое държавно обединение северно от Китай. Те са добре известни на китайските летописци като част от северните „варварски“ нашественици срещу които е била издигната Великата китайска стена. Връзка на старобългарите с далечния изток някои изследователи намират и в „прабългарския календар“. Хуните вероятно произлизат от северния клон на хунну, изтласкан около 93 г. от сянби в днешен Северен Казахстан. През следващите два века те живеят в този район и вероятно са повлияни от местното арийско население на тохарите. Според тази хипотеза хуно-българите произлизат от същата група народи, от която са аварите и няколко века по-късно се появяват угрите, тюрките и татаро-монголите. Не трябва да се забравя и съществуването на един чисто арийски-европоиден клон на хунските племена – белите хуни или ефталитите, чиято държава от 440 г. господства над Бактрия. Всичко изложено прави въпроса за расовата принадлежност и произхода на хуно-прабългарите още по-нееднозначен.",bul,bul,"[474563.0, 48908.0, 7258.0, 42774.0, 84659.0, 78449.0, 83841.0, 52417.0, 58030.0, 42461.0, 155923.0, 41287.0, 68767.0, 82241.0, 73691.0]"
"Богата е историята на село Долно Луково. В миналото то наброява 70 къщи с около 320 жители. През 1958 година започва масово изселване на местното население. След това там се заселват жители от Крумовградско. Днес жителите на Долно Луково са около 112 души. Докато през Възраждането основният поминък е пашкулопроизводството и зеленчукопроизводството, сега поминъкът е тютюнопроизводство и сусамопроизводство.",bul,bul,"[135944.0, 13335.0, 2204.0, 12264.0, 24188.0, 21108.0, 24557.0, 14538.0, 15595.0, 12529.0, 45435.0, 12670.0, 19489.0, 23951.0, 21434.0]"
"Архивът е създаден през 1960 г. в резултат на административно-териториалната реформа от 1959 г. като отдел на Окръжно управление на МВР – Видин на основата на Указ № 515 на Президиума на Народното събрание и ПМС № 344 от 18.04.1952 г. От 1961 г. е на административно подчинение на Окръжен народен съвет – Видин, от 1988 г. е в структурата на Община Видин. През 1992 г. преминава на пряко административно подчинение на Главно управление на архивите при Министерски съвет. От 1978 г. получава статут на дирекция, а през 2010 г. е преструктуриран в отдел. От 2000 година архивът се помещава в училищна сграда, построена през 1925 г. и преустроена за нуждите на архива.",bul,bul,"[232553.0, 25101.0, 4392.0, 24033.0, 44468.0, 38437.0, 43184.0, 26628.0, 29331.0, 23400.0, 89359.0, 22348.0, 36510.0, 39701.0, 38890.0]"
Рибите трион са станали мощен символ в много страни. Ацтеките почитали тези риби и ги наричали „Земно чудовище“. Технитете триони са използвани от някои азиатски шамани при церемонии за прогонване на демони и зли духове.,bul,bul,"[71481.0, 6875.0, 1066.0, 6385.0, 11907.0, 11223.0, 12508.0, 7421.0, 8298.0, 6224.0, 23283.0, 6486.0, 10117.0, 12066.0, 10829.0]"
"Контакторът е апарат за управление с две устойчиви положения (включено и изключено), чието задвижване е автоматично (пневматично, хидравлично, електромагнитно).",bul,bul,"[47789.0, 5274.0, 701.0, 4685.0, 8489.0, 7652.0, 8534.0, 5467.0, 5880.0, 4430.0, 16761.0, 4628.0, 7125.0, 7962.0, 7674.0]"
"Поминъкът на населението се формира традиционно от земеделието. Отглеждането на сусам е най-екзотичният подотрасъл, запазен и до днес. Местната кооперация отглежда сусам на 70 дка. За да се постигнат високи добиви от сусама, от голямо значение е сеитбата. Тя се извършва на ръка. Възрастни хора разказват, че от шепа сусамово семе трябва да се направят най-малко 36 хвърляния в нивата. Сеитбата се прави при залез слънце през късна пролет. Ивайловград е едно от малкото места в страната, където все още работи таханджийница.",bul,bul,"[184486.0, 17236.0, 2607.0, 15998.0, 30759.0, 28620.0, 31257.0, 17999.0, 19919.0, 16362.0, 61053.0, 16091.0, 25394.0, 30175.0, 27938.0]"
"През 1933 г. емигрира в Париж, където работи над книга за Жак Офенбах и буржоазния Париж от неговото време (публ. 1937). През 1939 г. е интерниран от френските власти като поданик на държава от противниковия лагер, през 1940 г. през Марсилия и Лисабон се добира до САЩ. През 1941-1943 г. работи в Музея за съвременно изкуство в Ню Йорк, изучава актуалната немска кинопропаганда, със стипендии на фондациите Рокфелер и Гугенхайм се занимава с история на немското кино. В резултат се появява най-прочутата книга на Кракауер „От Калигари до Хитлер. Психологическа история на немското кино“ (1947, на англ. език), където създаването и развоят на фашистката идеология се проследява чрез анализ на поетиката на филмите на немския експресионизъм, по-точно чрез това как е разработена темата „човекът и властта“.",bul,bul,"[278335.0, 30546.0, 5218.0, 34458.0, 56566.0, 47363.0, 53748.0, 32639.0, 36037.0, 27875.0, 91431.0, 26477.0, 42323.0, 48111.0, 45024.0]"
"През 30-те години терминът „гей“ се разбира от мнозинството от американците със значението „хомосексуален“: това става ясно от филма от 1938 година Bringing Up Baby, в който актьорът Кари Грант бива хванат поради комично недоразумение, облечен в женски дрехи. Запитан защо се е облякъл по този начин, той отговаря с раздразнение: Because I just went gay all of a sudden. („Защото току-що съвсем ненадейно станах гей!“).",bul,bul,"[130585.0, 13353.0, 2885.0, 12351.0, 23219.0, 21350.0, 23017.0, 14291.0, 15655.0, 11945.0, 41007.0, 12025.0, 19319.0, 22158.0, 20964.0]"
"Вечеслав Тунев е работил в Комитета по туризъм. Бил е репортер в БТА, кореспондент в Атина, завеждащ отдел „Балкански страни“ на БТА, зам.-главен и главен редактор на редакция „Международна информация“, репортер в отдел „Балканска информация“, завеждащ отдел „Анализи“ на вестник 24 часа.",bul,bul,"[104115.0, 10630.0, 1596.0, 10133.0, 18861.0, 16713.0, 18259.0, 11304.0, 12337.0, 9299.0, 35830.0, 9380.0, 15629.0, 18007.0, 16395.0]"
"Giovanni Levi (Università Ca'Foscari - Italy): Violence and resistance in cultural transmission, YouTube, публикуван от CHAM - Centro de História d'Aquém e d'Além-Mar на 9.12.2015 г.",ita,bul,"[16415.0, 3595.0, 2010.0, 9623.0, 6871.0, 5094.0, 17959.0, 4505.0, 4232.0, 12825.0, 8208.0, 9042.0, 5086.0, 6556.0, 5624.0]"
"Целта на ОП """"Транспорт"""" е развитието на железопътната, пътната и водна инфраструктура, както и стимулиране развитието на комбиниран транспорт в съответствие с транспортната политика на Европейския съюз и установените изисквания за развитие на Транс-европейската транспортна мрежа за постигне на устойчивост на българската транспортна система.",bul,bul,"[89576.0, 9054.0, 1309.0, 8792.0, 16279.0, 13693.0, 16162.0, 9376.0, 10432.0, 8086.0, 29662.0, 7716.0, 12612.0, 14383.0, 13717.0]"
"Святото място – около дупката, е осеяно на този ден с десетки запалени свещи и много пролетни цветя, които обграждат икона на Св. Богородица. Жените, които участват в ритуалите на върха пеят стара народна песен посветена на култовото място: „Ой, миленки Свети Духо, кога гръмнеш, кога тряснеш, всичка се земя затриса...“",bul,bul,"[120292.0, 11060.0, 1829.0, 10178.0, 19608.0, 19095.0, 20432.0, 12377.0, 13608.0, 10329.0, 38859.0, 10175.0, 16534.0, 20749.0, 18049.0]"
"Бела Кун е роден през 1886 г. в Силадичех (днес Чеху Силваниеи), Трансилвания. Баща му е нотариус, евреин, а майка му е унгарска протестантка, но и двамата не са религиозни. Завършва калвинистко основно училище и гимназия в Коложвар (днес Клуж Напока). През следващите години работи в същия град като журналист, симпатизиращ на Унгарската социалдемократическа партия. По това време е и служител в Коложварския съвет за социално осигуряване, който по-късно го обвинява в злоупотреби. През 1913 г. се жени за Ирен Гал, учителка по музика.",bul,bul,"[191324.0, 20481.0, 3254.0, 19669.0, 36817.0, 32368.0, 36406.0, 21886.0, 24980.0, 18525.0, 60000.0, 18758.0, 28975.0, 34249.0, 30849.0]"
"Горгий (на гръцки: Γοργίας, Горгиас) е древногръцки софист, въвел обучението по реторика в Атина. Обикновено се счита, че той е първият философ, въвел теориите на солипсизма и нихилизма.",bul,bul,"[67365.0, 7472.0, 1263.0, 7056.0, 12554.0, 12361.0, 13052.0, 8614.0, 9379.0, 6863.0, 23517.0, 6565.0, 10968.0, 12888.0, 11394.0]"
"Роден е в Битоля (на турски Манастир) в 1832 година, затова носи прякора Манастърлъ (битолчанин). Управлява Островния вилает през 1873 година и по-късно отново от 1883 до 1884 г. От юни 1876 до юли 1877 г. (или от 1877 до 17 май 1877 г.) управлява Босненския вилает в Сараево. От юни 1877 до юли 1878 година е валия на Янински вилает. От юни 1878 до декември 1879 година е валия на Косовския вилает в Скопие. От септември до декември 1880 година е министър на вакъфите, а от март до ноември 1881 г. (или от май 1880 до октомври 1881 г.) е валия в Триполи. От февруари 1884 до декември 1886 година управлява Бурсенския вилает, от декември 1886 до март 1888 г. е айдънски валия в Смирна, а от март 1888 до ноември 1889 г. е сирийски валия в Дамаск.",bul,bul,"[294047.0, 36434.0, 6965.0, 32352.0, 58214.0, 59002.0, 57485.0, 42126.0, 45876.0, 30971.0, 99749.0, 30305.0, 49416.0, 74826.0, 51350.0]"
"Йордан Иванов Парцалев се включва в четата на Бачо Киро и Поп Харитон едва 21-годишен и взема участие в епичните битки с многохилядна турска армия, башибозук и черкези, предвождани от Фазлъ паша. Успява да се измъкне по чудо от блокадата, после със своя другар Кирил Пенчев от с. Мусина бродят около двайсет дни из Балкана, за да търсят други чети, към които да се присъединят. Когато не ги откриват, се завръщат по родните си места. Йордан Парцалев отива в дома на своята вуйна, която го скрива във все още топлата пещ, откъдето е извадила хляба, като му дава масури, с които да диша свеж въздух от една дупчица и замазва капака, все едно пече още хляб. А в това време турците претърсват селото за оцелели комити и техните остри щикове се забиват навред. След като не го откриват, той се прехвърля след известно време в гр. Лясковец, а след амнистията от турския султан е представен на Дунавския валия, който му издава документ, с който се гарантира животът му.",bul,bul,"[339221.0, 32010.0, 5212.0, 30437.0, 57036.0, 54198.0, 59409.0, 34407.0, 38054.0, 30580.0, 100640.0, 30674.0, 47109.0, 63623.0, 51825.0]"
"Произлиза от знатната сенаторска фамилия Сулпиции, клон Галба и е син на Гай Сулпиций Галба (историк и претор) и внук на Сервий Сулпиций Галба (претор 54 пр.н.е.).",bul,bul,"[57027.0, 7223.0, 1164.0, 7297.0, 11306.0, 11989.0, 12924.0, 8322.0, 9051.0, 7478.0, 19190.0, 7268.0, 9952.0, 12203.0, 10284.0]"
Растежът и развитието на кафявото алпийско говедо в български условия е обект на изследване от агронома и академик на БАН Никола Платиканов.,bul,bul,"[46330.0, 4665.0, 764.0, 4262.0, 7896.0, 7552.0, 7981.0, 4967.0, 5530.0, 4355.0, 15191.0, 4137.0, 6765.0, 7991.0, 7305.0]"
"Sexus (1949)Сексус. Том 1, изд. Парадокс, София (1993), прев. Иван Киров (Тоби)Сексус. Том 2, изд. Парадокс, София (1993)Сексус, изд. Парадокс, София (2001)",bul,bul,"[49421.0, 7521.0, 1736.0, 7173.0, 11652.0, 12489.0, 10610.0, 9270.0, 9582.0, 7272.0, 27169.0, 6284.0, 10589.0, 12195.0, 10314.0]"
"През 1837 г., затънал в дългове, докато според слуховете жена му е замесена в скандална любовна връзка, Александър Пушкин призовава на дуел смятания за неин любовник Жорж Дантес. По време на дуела и двамата са ранени, но Пушкин смъртоносно. Той умира два дни по-късно. Всъщност Пушкин е улучен смъртоносно по случайност. Поетът се цели дълго време в своя опонент и накрая Дантес изгубва търпение и стреля. Вместо да уцели Пушкин в крака, както е било планирано, той го уцелва в корема, което за жалост се оказва фатална грешка.",bul,bul,"[196956.0, 18830.0, 3059.0, 18960.0, 33187.0, 30816.0, 34035.0, 20029.0, 22266.0, 17170.0, 61754.0, 17338.0, 27352.0, 31998.0, 29845.0]"
"Досега най-разпространена е тюркската теория за произхода на прабългарите която се налага в 20 век и се споделя от редица международни и български автори и авторитетни издания като Енциклопедия Британика, Брокхауз, но се оспорва от средата на 20 век и особено силно днес от някои наши учени, които причисляват прабългарите най-общо казано към арийските ирански народи, което засега може да се приеме като една добре аргументирана, но небезспорна работна хипотеза.",bul,bul,"[148688.0, 14673.0, 2264.0, 13652.0, 25690.0, 23511.0, 27083.0, 15741.0, 17432.0, 13650.0, 48178.0, 13657.0, 21002.0, 25058.0, 22766.0]"
Градът и районът се обслужват от летище Зарзаитин - Ин Аменас чрез държавните авиокомпании „Ер Алжери“ и „Тасили Еърлайнс“ (дъщерна компания на „Ер Алжери“ и „Сонатрак“).,bul,bul,"[63128.0, 7336.0, 1229.0, 8649.0, 11406.0, 12181.0, 12412.0, 7897.0, 8707.0, 6825.0, 18699.0, 6695.0, 10539.0, 12376.0, 10528.0]"
"Той е четвъртият син на маркграф Енгелберт I фон Спанхайм († 1096) и съпругата му Хедвиг Билунг от Саксония († 1112), дъщеря на херцог Бернхард II от род Билунги. По баща е внук на Зигфрид I фон Спанхайм. Брат му Хайнрих IV е херцог на Каринтия и маркграф на Верона, брат му Енгелберт е маркграф на Истрия (1103 – 1134) и херцог на Каринтия.",bul,bul,"[130030.0, 17416.0, 3082.0, 14230.0, 40792.0, 26337.0, 25228.0, 18610.0, 20744.0, 12589.0, 36856.0, 12060.0, 22771.0, 25991.0, 23852.0]"
"„Интер“ ПИК (на азербайджански: İnter Peşəkar İdman Klubu, Интер Пешекар Идман Клубу) е азербайджански футболен клуб, основан през 1997 г. в град Баку.",bul,bul,"[42838.0, 6787.0, 1133.0, 5467.0, 10534.0, 13535.0, 8446.0, 9130.0, 10214.0, 5334.0, 19841.0, 5194.0, 9453.0, 22250.0, 9759.0]"
В статистиката на Васил Кънчов („Македония. Етнография и статистика“) от 1900 г. в района на Алинци са отбелязани Алинци Долно със 150 жители българи християни и Пусто Алинци със 114.,bul,bul,"[65506.0, 7639.0, 1260.0, 7229.0, 12411.0, 12588.0, 13018.0, 8846.0, 9475.0, 6969.0, 22786.0, 6660.0, 11090.0, 14491.0, 11652.0]"
"Стойността на функцията на Мьобиус μ(x) за което и да е правоъгълно число е x = n(n + 1) и освен по обичайния начин може да се пресметне и като :μ(x) = μ(n) μ(n + 1). Фактът, че последователните числа са взаимно прости, води до няколко интересни свойства за правоъгълните числа (като произведение на две последователни числа). Всеки отделен прост множител на правоъгълното число присъства само в един от множителите му. От това следва, че правоъгълното число не се дели на квадрата на никое число, ако и само ако n и n + 1 също не се делят на квадрат. Броят на различните прости множители на правоъгълното число е сборът на броя на тези на n и n + 1.",bul,bul,"[199827.0, 21905.0, 4058.0, 19369.0, 35680.0, 33989.0, 34902.0, 23767.0, 24843.0, 18742.0, 62508.0, 18323.0, 31091.0, 34609.0, 33111.0]"
"Триото е издало 16 албума: седем студийни компактдиска с оригинални песни и комбинация от други работи, обхващащи разнообразни жанрове, четири концертни записа, както и коледно CD с коледна музика. Лемс също така издава солов албум с прелюдии на Бах, озаглавен Nascent.",bul,bul,"[85830.0, 8030.0, 1427.0, 8302.0, 15221.0, 13839.0, 15714.0, 9007.0, 10264.0, 7668.0, 26600.0, 8045.0, 12310.0, 14666.0, 13230.0]"
"През март 1919 г. представители на Антантата нареждат унгарските войски да се изтеглят още по-навътре в територията на страната. Искането не е прието от правителството, което подновява военните действия. В тежката ситуация, в която попада, то търси подкрепата на Русия и включва Бела Кун и комунистите в правителството, отстъпвайки пред всички негови искания. На 21 март е обявено създаването на Унгарска съветска република. Самият Кун получава поста на комисар по външните работи.",bul,bul,"[158638.0, 15500.0, 2472.0, 14947.0, 27827.0, 24552.0, 28831.0, 16515.0, 18479.0, 14263.0, 53252.0, 14495.0, 22485.0, 25823.0, 24192.0]"
"Поповяне е село в Западна България, Софийска област, община Самоков. В селото има конна база с ездитни коне и пансион за коне на територията на стопанската коооперация.",bul,bul,"[54260.0, 5575.0, 892.0, 5069.0, 9684.0, 9017.0, 9748.0, 6030.0, 6620.0, 5028.0, 18246.0, 4821.0, 8067.0, 9905.0, 8816.0]"
"Електромагнитното взаимодействие е едно от четирите фундаментални взаимодействия във физиката, възникващо между обектите с електрически заряд. Другите три фундаментални взаимодействия са силното взаимодействие (на него се дължи съществуването на атомните ядра), слабото взаимодействие (свързано с някои форми на радиоактивния разпад) и гравитационното взаимодействие (между частиците, притежаващи маса). Всички останали взаимодействия в природата са свързани с тези четири.",bul,bul,"[127960.0, 13027.0, 1865.0, 11762.0, 22121.0, 20535.0, 22399.0, 13792.0, 15346.0, 11222.0, 41312.0, 11054.0, 18539.0, 20875.0, 20271.0]"
"Около 86% от населението са членове на Евангелистката Лутеранска Църква на Норвегия. Други християнски общности (Евангелистката лутеранска свободна църква, Католическата църква, Методистката църква и др.) събират около 4,6%. Мюслюлмани са около 1,5%. Около 5% са атеисти.",bul,bul,"[100266.0, 11452.0, 1857.0, 9245.0, 19270.0, 17682.0, 17678.0, 12691.0, 13980.0, 9611.0, 33826.0, 9498.0, 15817.0, 18373.0, 16376.0]"
"Египетска кухня акцентира върху употребата на бобови култури и зеленчуци, тъй като равнината и делтата на река Нил, където се произвеждат големи количества, разнообразни и висококачествени зеленчукови култури.",bul,bul,"[61855.0, 5815.0, 928.0, 5784.0, 10562.0, 9759.0, 11153.0, 6399.0, 7050.0, 5326.0, 18807.0, 5529.0, 8741.0, 10821.0, 9431.0]"
"Като цяло правителството на Съединените щати играе само улесняваща роля при разпространението на филми, телевизии, книги, списания и т.н. Въпреки това, по време на окупацията на бившите вражески оси след Втората световна война правителството играе основна роля в преструктурирането на медиите в тези страни, за да се елиминира тоталитаризмът и да се насърчи демокрацията срещу комунизма. Например, в Германия, американската окупационна щаб, службата на военното правителство, САЩ (OMGUS) през 1945 г. започва собствен вестник, базиран в Мюнхен. Die Neue Zeitung е издаден от немски и еврейски емигранти, които са избягали в САЩ преди войната. Мисията му беше да унищожи нацистките културни останки и да насърчи демокрацията, като изложи на германците как действа американската култура. Имаше много подробности за спорта, политиката, бизнеса, Холивуд и модата, както и международните дела. [9] Американизирането ще продължи да се разпростира върху Желязната завеса още преди падането на Съветския съюз и периодично след това.",bul,bul,"[315510.0, 31936.0, 5212.0, 26362.0, 53789.0, 49125.0, 49647.0, 32986.0, 37106.0, 23644.0, 88408.0, 25637.0, 45441.0, 50329.0, 48822.0]"
Материалното право и като антоним е неразривно свързано с процесуалното право. Те могат да бъдат разглеждани и като две страни на една правна категория - правната регулация и процесуалните способи за административна и съдебна защита на субективните права по регламентираните обществени отношения.,bul,bul,"[81557.0, 8103.0, 1193.0, 7572.0, 14559.0, 12659.0, 15005.0, 8530.0, 9464.0, 7603.0, 27122.0, 7698.0, 11232.0, 13260.0, 12186.0]"
"Преди 1132 г. Зигфрид се жени втори път за графиня Аделхайд фон Дисен, дъщеря на граф Арнолд фон Дисен. Та донася крепостта Хоенбург и други територии.",bul,bul,"[50569.0, 6237.0, 1060.0, 5473.0, 13847.0, 9897.0, 9366.0, 6928.0, 7515.0, 4754.0, 16456.0, 4714.0, 8434.0, 10316.0, 8641.0]"
"От еврейско семейство. През 1907-1913 следва архитектура в Дармщат, Берлин и Мюнхен, слуша курсове философия и социология. През 1914 г. получава диплома за инженер, до 1920 г. работи като архитект в Оснабрюк, Берлин и Мюнхен. Към края на Първата световна война се сприятелява с младия Теодор Адорно и става неговият ранен философски наставник. През 1964 г. последният си спомня, че „в продължение на години Кракауер редовно четеше с мен „Критика на чистия разум“ в съботните следобеди. Без ни най-малко преувеличение мога да кажа, че на това четене дължа повече отколкото на моите университетски преподаватели. Ако в своите по-нататъшни прочити на философски текстове не се впечатлявах толкова от тяхното единство и системна последователност, а повече ме интересуваше играта на силите, действащи под повърхността на всяка една затворена доктрина и във всеки от случаите разглеждах цялостните философски системи като силови полета, несъмнено Кракауер бе този, който ме подтикна към това"""" .",bul,bul,"[325458.0, 34314.0, 5659.0, 31874.0, 69673.0, 54211.0, 57923.0, 36484.0, 40275.0, 29766.0, 105807.0, 29912.0, 47145.0, 55254.0, 50636.0]"
"Институцията на градските права постепенно загива с развитието и централизацията на националното управление. В Нидерландия последният град, получил реални градски права, както са дефинирани по-горе, е Вилемстад през 1586 г. По време на Република Съединени провинции само Блокзейл получава градски права (през 1672 г.) След Батавската революция през 1795 г. се формират общини по френски модел и градските права са премахнати със закон. Въпреки че те са частично възстановени след 1813 г., градовете не получили отново правомощията, които имали преди: писането на закони и правосъдието са вече част от държавата. След конституцията от 1848 г. и Общинския закон от 1851 г. разликата между градове, градчета и села е заличена завинаги.",bul,bul,"[218015.0, 22636.0, 4327.0, 23839.0, 45038.0, 35880.0, 39505.0, 24929.0, 27631.0, 19926.0, 64240.0, 19973.0, 32708.0, 36897.0, 34716.0]"
"На автомобилното изложение в Детройт през 2006 г. Акура обявява плановете си от 2007 г. да участва с няколко заводски отбора с чужди шасита и собствен V8 двигател в клас LMP2 на Американските серии Льо Ман, година по-късно и на 24-те часа на Льо Ман и да произвежда собствено шаси, а през 2009 г. да започне да се състезава в по-високия клас LMP1. По-късно Акура анонсира кои фирми ще произвеждат шаситата - това са Лола Рейсинг Карс от Хънтингдън, Англия и Кураж Компетисион от Льо Ман, Франция. Двигателят пък ще бъде 3.4-литров V8 (най-големият, който позволяват правилата на състезанията), коструиран от Хонда САЩ. Това е първият агрегат на Хонда, чието производство протича изцяло на територията на САЩ и първият V8 двигател, използван от Акура. Трите заводски отбора са Андрети Грийн Рейсинг на Майкъл Андрети, Хайкрофт Рейсънг на Дънкан Дейтън и Фернандес Рейсинг на Адриан Фернандес. Първите два използват шасита Кураж LC75 и задачата им е да работят по шасито и аеродинамиката, а отборът на Фернандес използва шаси Лола B06/40 и основната му задача е да подобрят двигателя. До първото състезание през 2007 г., двата тима с Кураж LC75 до такава степен са модифицирали и преобразили шасито, че Акура кандидатства за хомологация пред IMSA и Automobile Club de l'Ouest (ACO). След като получава документите, преименува болида на ARX-01a.",bul,bul,"[439801.0, 47299.0, 8963.0, 48281.0, 79319.0, 75749.0, 81682.0, 52026.0, 57397.0, 44104.0, 132028.0, 43976.0, 69078.0, 74373.0, 71528.0]"
"Пиер ван Хойдонк е бивш холандски футболист от суринамски произход, централен нападател. Считан е за един от най-добрите изпълнители на преки свободни удари. На клубно ниво е най-известен като футболист на Селтик, Фейенорд и Фенербахче. През 2002 г. е избран за Футболист на годината в Холандия.",bul,bul,"[99762.0, 11173.0, 1758.0, 10963.0, 19163.0, 17154.0, 19237.0, 11867.0, 13258.0, 10317.0, 31014.0, 10283.0, 15788.0, 17656.0, 16462.0]"
"При по-масивна звезда гравитацията е достатъчно голяма за да сгъсти материала достатъчно за да могат да протекат реакции превръщащи въглерод в по-тежки елементи. В ядрото на такава звезда подобно на глава лук се обособяват слоеве от химически елементи с нарастваща атомна маса по посока на центъра. За такава звезда е характерна нестабилността на отделянето на енергия, като ядрото периодично се свива и сгъстява след изчерпване на запаса на даден елемент, докато достигне температура достатъчна за реакцията на следващия по-тежък елемент, след което се раздува поради интензивното протичане на реакциите. Такива звезди биват наричани променливи. Всеки пореден цикъл на разширение и свиване води до загуба на част от най-външните слоеве на звездата в междузвездното пространство.",bul,bul,"[254550.0, 23803.0, 3574.0, 21929.0, 42139.0, 38491.0, 43307.0, 25289.0, 27952.0, 21863.0, 76253.0, 22737.0, 34714.0, 40229.0, 38110.0]"
"Провеждането на майския събор на върха е свързано и със Св. Христофор – светецът предпазващ от внезапна и нелепа смърт. Според едно друго запомнено предание, преди векове невръстно дете се изгубило в местността около върха. Близките на детето го търсили дълго, но напразно. Едва след няколко дни, когато вече съвсем се отчаяли, хората открили изгубеното дете. За всеобщо изумление детето било здраво и по нищо не личало, че дни наред се е скитало само из гората. Това се случило точно в деня на Св. Христофор. Затова в негова чест на майския събор се извършва религиозен обред с курбан, който е един от най-старите оцелели и запазени обредни празници в България. На ритуала се събират жителите на всички околни села Ляски, Мосомище, Копривлен, както и от гр. Гоце Делчев.",bul,bul,"[271706.0, 25912.0, 4049.0, 23453.0, 45717.0, 41748.0, 47800.0, 27335.0, 29993.0, 24099.0, 86107.0, 23498.0, 37527.0, 44789.0, 41169.0]"
"Ритигау (на немски: Rittigau) е средновековно гау-графство в днешна Долна Саксония, Германия. Ритигау е малка част на северозапад от Лизгау. Обхваща територията около Нортхайм и е родното място на графовете на Нортхайм.",bul,bul,"[73467.0, 8440.0, 1586.0, 7641.0, 21590.0, 14451.0, 14380.0, 9819.0, 10721.0, 7300.0, 23858.0, 7480.0, 12096.0, 14238.0, 12179.0]"
"Eugène Jarry: La Vie politique de Louis de France, duc d’Orléans, 1372–1407. Orleans, Paris 1889 (Réimpression. Slatkine-Megariotis, Genf 1976).",fra,bul,"[10450.0, 3505.0, 2228.0, 23872.0, 10674.0, 5361.0, 14332.0, 5382.0, 4745.0, 9267.0, 4679.0, 7500.0, 5136.0, 8075.0, 6586.0]"
"Hogen H. Die Modernisierung Des Ich: Individualitatskonzepte Bei Siegfried Kracauer, Robert Musil Und Elias Canetti. Würzburg: Königshausen & Neumann, 2000.",deu,bul,"[9889.0, 2987.0, 1501.0, 5498.0, 20904.0, 5430.0, 6514.0, 4711.0, 4328.0, 4222.0, 3961.0, 3241.0, 3784.0, 7300.0, 4770.0]"
"Закон за прехода на количествените натрупвания в качествени изменения - идеята е, че в течение на години се натрупват малки, незначителни изменения, които в един критичен момент, изведнъж и скокообразно, водят до появата на нещо качествено ново.",bul,bul,"[70679.0, 6818.0, 1075.0, 6610.0, 12441.0, 11010.0, 12964.0, 7472.0, 8149.0, 6527.0, 23608.0, 6656.0, 9991.0, 11534.0, 10964.0]"
През 1997 г. дебютира в криминалната литература с трилъра „Alfabethuset“ (Азбучна къща). Книгата става бестселър в Дания и в международен план. Следващите му трилъри „Og hun takkede guderne“ (И тя благодари на боговете) и „Washington dekretet“ (Вашинтонския декрет) също са бестселъри.,bul,bul,"[96806.0, 10093.0, 1892.0, 10811.0, 21388.0, 16126.0, 18761.0, 11222.0, 12338.0, 9638.0, 31255.0, 9417.0, 14842.0, 18527.0, 15863.0]"
"Желаейки да отстрани Клеопатра от трона, младият Птолемей XIII се съюзява с другата си сестра Арсиноя IV и заедно с останалата им лоялна част от египетската армия обявяват война на Цезар и Клеопатра (декември 48 пр.н.е.). На 14 януари 47 пр.н.е. египетските сили загубват в битката против Гай Юлий Цезар близо до Мареотис - езерата до делтата на Нил. Птолемей XIII бяга, но корабът му потъва и той се удавя в Нил.",bul,bul,"[154855.0, 16444.0, 2663.0, 15359.0, 26794.0, 26069.0, 29053.0, 17937.0, 19665.0, 14909.0, 49265.0, 15293.0, 23000.0, 27188.0, 24402.0]"
"Той е син на Орхомен и внук на Зевс, според други източници той е внук или син на Посейдон. Миний е свързан с Йолк в Тесалия чрез аргонавтите. Там той е смятан за прародител на минийските аргонавти. Павзаний описва гробът на Орхомен и къщата на богатствата на Миний, микенския гроб на Орхомен.",bul,bul,"[100533.0, 10066.0, 1738.0, 8980.0, 17431.0, 16969.0, 18135.0, 11550.0, 12548.0, 8843.0, 30414.0, 9480.0, 14603.0, 17959.0, 15574.0]"
"Вилхелм II (1569 – 1623), граф цу Сайн-Витгенщайн-Хахенбург, женен I. 1591 г. за Анна Елизабет фон Сайн (1572 – 1608), II. 1609 г. за Анна Отилия фон Насау-Саарбрюкен (1592 – 1635)",bul,bul,"[55759.0, 11909.0, 2573.0, 11243.0, 30241.0, 18763.0, 16129.0, 15225.0, 15958.0, 9459.0, 26686.0, 8493.0, 15266.0, 18945.0, 14398.0]"
"Маймуна гений създадена заедно с реактивните момичета. Когато професора слага химикал хикс в сместа за перфектни момичета, неговото шимпанзе - Джоджо поглежда в съда. След силен взрив, кожата му става зелена и му пониква гигантски мозък. След като бива отритнат от къщата на професора, Джоджо се прекръства на Моджо Джоджо. Построява си обсерватория на върха на вулкан в центъра на Таунсвил. Целта му е да унищожи реактивните момичета.",bul,bul,"[150405.0, 13953.0, 2387.0, 13479.0, 24177.0, 24960.0, 25434.0, 15593.0, 17536.0, 12387.0, 45684.0, 12983.0, 21635.0, 24920.0, 22840.0]"
"Юлиус (Юлий) Мордекай Пинкас (на френски: Julius Mordecai Pincas), известен повече като Жул Паскин или Паскен (Pascin) е френски художник, роден в Княжество България.",bul,bul,"[38572.0, 5585.0, 1217.0, 7977.0, 9873.0, 9353.0, 9431.0, 6870.0, 7408.0, 5788.0, 16738.0, 5095.0, 7962.0, 9584.0, 7861.0]"
"Липополизахаридите (ЛПЗ, също се срещат като „липогликани“) са големи органични молекули съдържащи липид и полизахарид съединени чрез ковалентна връзка. Те се намират върху външните стени на грам-негативни бактерии, изпълняват функциите на ендотоксини и предизвикват силна имунна реакция у животните.",bul,bul,"[98596.0, 10263.0, 1536.0, 9348.0, 17236.0, 17054.0, 17516.0, 11564.0, 12548.0, 9489.0, 30884.0, 9277.0, 14798.0, 17672.0, 15535.0]"
"При нормални обстоятелства липид А е фосфорилиран глукосаминов дизахарид точкуван с множество мастни киселини. Тези хидрофобни киселинни вериги закрепват ЛПЗ върху бактериалната мембрана, а останалата част на ЛПЗ се насочва към заобикалящата среда. Участъкът на липид А е отговарен за основната токсичност на грам-негативните бактерии. При разрушаването на стената на бактерията, липидните остатъци се отделят под формата на ендотоксини и причиняват основните болестни симптоми като треска, диария и дори циркулаторен колапс – шок и възможен фатален край.",bul,bul,"[180143.0, 17941.0, 2799.0, 15331.0, 29997.0, 29708.0, 29835.0, 19971.0, 21857.0, 15297.0, 53814.0, 16012.0, 25917.0, 30865.0, 27309.0]"
"През 2001 г. Хойдонк подписва с Фейенорд. Оформя нападателно дуо с Йон Дал Томасон. Сезон 2001/02 е блестящ за Хойдонк - той става голмайстор на първенството с 24 гола, а отборът завършва трети в Ередивизи. Пиер е с основен принос за спечелването на Купата на УЕФА същия сезон, отбелязвайки 2 гола на финала с Борусия Дортмунд, завършил 3:2. Нападателят става и голмайстор на турнира с 8 попадения. През 2002/03 Хойдонк вкарва 28 гола в 28 срещи - средно по 1 гол на мач. Фейенорд за втора победна година завършва на трето място.",bul,bul,"[212733.0, 23746.0, 4209.0, 23526.0, 41615.0, 37407.0, 40956.0, 25986.0, 28793.0, 22555.0, 67664.0, 21280.0, 34798.0, 38215.0, 36398.0]"
"В съвременния турски език вакъф означава благотворителна фондация. Мюсюлманската институция, която се грижи за ислямските светини на Харам ал Шариф в Йерусалим, също е известна като Вакъфът.",bul,bul,"[63071.0, 6872.0, 981.0, 5621.0, 10786.0, 11990.0, 10218.0, 7634.0, 8711.0, 5400.0, 20545.0, 5564.0, 9839.0, 14124.0, 10370.0]"
То е дадено на римско-германския кайзер като част от Средновековното кралство Италия (лат. Regnum Italiae или Regnum Italicum след завоюването на Лангобардското кралство).,bul,bul,"[47169.0, 5404.0, 1038.0, 5837.0, 10670.0, 8499.0, 12654.0, 6276.0, 6676.0, 5923.0, 14174.0, 5645.0, 7638.0, 9558.0, 8329.0]"
"За заемането на висши държавни и църковни постове се изисква задължително доказване от страна на кандидата, че произлиза само от „стари християни“. Папа Николай V се противопоставя, но изискването се прилага от местните органи на власт, в университетите, при възлагането на военни поръчки и т.н.",bul,bul,"[96371.0, 9150.0, 1467.0, 8585.0, 17166.0, 14536.0, 16954.0, 9768.0, 10560.0, 8408.0, 29795.0, 8439.0, 13096.0, 15365.0, 14138.0]"
"Въпреки спадът в продажбите, през 90-те години Акура става доста популярна сред феновете на тунинга. В тези среди Хонда има репутация на производител на коли, които са лесни за тунинговане; тази репутация се прехвърля и върху Акура.",bul,bul,"[74727.0, 6963.0, 1124.0, 6661.0, 12368.0, 11533.0, 12149.0, 7725.0, 8575.0, 6227.0, 24114.0, 6520.0, 10796.0, 11863.0, 11274.0]"
"части от езика, държавната и военна организация. Лингвистичните данни в съвременния български език и във всички останали оцелели до днес населения, произхождащи пряко от прабългарите и определящи се като такива: и в Поволжието, и в Кавказ, и в Добруджа еднозначно определят основата на езика към хуно-тюркските. Това важи и за някои известни ни прабългарски имена. Държавната и военната организация, терминология и практики се признава от всички авторитетни учени, че са с хуно-тюркски произход;",bul,bul,"[156508.0, 15366.0, 2340.0, 13896.0, 27246.0, 24687.0, 27003.0, 16675.0, 18590.0, 13612.0, 55752.0, 13231.0, 21605.0, 27029.0, 23693.0]"
"Тирамисуто е сред най-популярните десерти; сервира се във всякакви, не само италиански ресторанти и сладкарници. Рецептата му е адаптирана за торти, пудинги, сладоледи и други варианти на десерти. Вместо кафе могат да се използват други съставки като сок от ягоди, малини или лимон, както и шоколад.",bul,bul,"[92037.0, 8517.0, 1352.0, 8677.0, 15478.0, 14501.0, 17774.0, 9401.0, 10626.0, 8637.0, 29757.0, 8803.0, 13069.0, 15548.0, 13914.0]"
"След откриването на Астрея последват откритията на хиляди други астероиди. Всъщност след откриването му, останалите четири са понижени от планети в астероиди. Става ясно, че те просто са най-големите по размери от новият клас небесни тела — астероидите.",bul,bul,"[82466.0, 7799.0, 1228.0, 7357.0, 13275.0, 12625.0, 13722.0, 8316.0, 9296.0, 7386.0, 24772.0, 7267.0, 11534.0, 12989.0, 12346.0]"
Сходството на формата на профилите на яркостта на всички известни тип Ia свръхнови е довело до тяхното използване в качеството на стандартни свещи на галактическата астрономия. Все още не са установени точните причини за това сходство. В края на 90 те години на 20 век при наблюдения на тип Ia свръхнови беше установено че Вселената се разширява с ускоряващо се темпо.,bul,bul,"[109680.0, 10849.0, 1642.0, 9453.0, 17654.0, 17362.0, 18378.0, 11981.0, 13086.0, 8649.0, 39195.0, 8684.0, 15594.0, 17305.0, 16802.0]"
"Вътрешногерманската граница (на немски: Innerdeutsche Grenze) или германско-германска граница (Deutsch-Deutsche Grenze), представлява първоначално междузонална граница (Zonengrenze) между окупационните зони на Съюзниците на остатъчната територия на бившата Нацистка Германия, а по-късно и междудържавна граница между Германската демократична република (ГДР, разговорно наричана Източна Германия) и Федералната република Германия (ФРГ, аналогично наричана Западна Германия).",bul,bul,"[133206.0, 14646.0, 2431.0, 12979.0, 37292.0, 23284.0, 23830.0, 16839.0, 18455.0, 11789.0, 40770.0, 12061.0, 20470.0, 24549.0, 21720.0]"
"Провинция Британска Колумбия носи името на британския кораб """"Колумбия"""", чийто екипаж е един от първите изследвал крайбрежието на провинцията.",bul,bul,"[40533.0, 4603.0, 706.0, 4089.0, 7284.0, 7792.0, 7649.0, 5243.0, 5712.0, 4237.0, 13654.0, 4229.0, 6719.0, 7882.0, 6697.0]"
"Ахтопол, споменаван още в различни източници и различни епохи като Тира(х) Перонтик-он (ус), Агатубулус, Гатополи, Гастополи, Ахтебулу и т. н., възниква около тракийския укрепен дворец-кула Авлеу-тейхос (Аюлеу-тейхос) при днешния Синеморец и е един от петте известни епископски центрове на влизащото днес в територията на България южно черноморско крайбрежие.",bul,bul,"[122622.0, 13460.0, 2080.0, 11597.0, 22012.0, 23349.0, 22678.0, 15887.0, 17362.0, 12550.0, 43046.0, 11852.0, 19131.0, 27340.0, 19817.0]"
"Костурени или Костурино (на гръцки: Ξιφιανή, Ксифяни, до 1953 година Ξυφώνια или Ξυφώνεια, Ксифония, до 1922 година Κωστούργιαννη, Костуряни) е село в Егейска Македония, Гърция, в дем Мъглен (Алмопия), административна област Централна Македония.",bul,bul,"[80735.0, 12182.0, 2021.0, 11617.0, 17789.0, 21078.0, 20734.0, 14798.0, 16112.0, 12078.0, 29073.0, 10976.0, 18245.0, 22869.0, 18384.0]"
Дейвид Култард който спечели пол-позиция за Уилямс се завъртя в заграващата обиколка и отпадна от състезанието. Обаче състезанието бе спряно в резултат инцидента след завоя Аскари което бе в задната част на колоната. Това даде шанс на Култард да се завърне с резервния автомобил.,bul,bul,"[97208.0, 9522.0, 1599.0, 9450.0, 15992.0, 15964.0, 17314.0, 10214.0, 11569.0, 8962.0, 28146.0, 8983.0, 14581.0, 15745.0, 15052.0]"
"През следващите месеци Пушкин продължава да работи активно и често посещава съседното имение на Прасковя Осиповна, която разполага с голяма библиотека. До края на живота си той остава в близки приятелски отношения с Осипова и нейното голямо семейство. През 1825 година в дома на Осипова среща Анна Керн, с която се познава още от Петербург, и ѝ посвещава известното стихотворение „Я помню чудное мгновенье…“. По това време той се увлича по билярда и според спомените на съвременници става много добър играч.",bul,bul,"[157182.0, 16046.0, 2453.0, 14329.0, 26296.0, 25489.0, 27068.0, 16710.0, 18489.0, 13505.0, 57822.0, 13559.0, 22797.0, 25687.0, 24504.0]"
"Структурните фондове (СФ) са основният финансов инструмент на Европейския съюз за провеждането на неговата кохезионна (регионална) политика. Една от основните цели на тази политика е постигането на по-голямо икономическо и социално сближаване между страните-членки по отношение на доходи, богатство и възможности. Всички райони могат да кандидатстват, но най-бедните райони получават най-голяма подкрепа. Основен индикатор за оценка на регионите е брутният вътрешен продукт на глава от населението, макар че той не винаги отразява точно социалните и икономическите реалности.",bul,bul,"[177010.0, 17392.0, 2530.0, 17932.0, 32055.0, 26680.0, 32687.0, 17866.0, 19893.0, 16485.0, 54304.0, 16520.0, 24642.0, 27769.0, 27069.0]"
"Примери за тотипотентност са израстването на ново растение само от корен, когато то е било откъснато или отсечено, и развитието на нов организъм от листа, клони и други. Процеса на образуване de novo на цял организъм от диференцирана клетка е свързан с процеса на дедиференциация, при който диференцираните клетки започват да се делят и възобновяват своето ембрионално-активно състояние. Делящите се клетки могат да останат в недиференцирано състояние образувайки калус или да навлизайки в процес на редиференциация да образуват нови тъкани, органи или цял организъм.",bul,bul,"[176945.0, 16754.0, 2673.0, 15983.0, 29188.0, 28336.0, 30471.0, 18794.0, 20446.0, 15384.0, 53300.0, 16054.0, 24512.0, 29658.0, 26437.0]"
"Традиционната питка, се използва за топене в сосове и пълнене с хумус, кебап, гирос, фалафел или за приготвянето на сандвичи. Повечето питки се пекат при висока температура (450°С), вследствие на което кръглите питки се надуват драматично. След това се отваря есната страна на питката и се оформа джоб, който се пълни с различни видове плънка, и да се използва в различни ястия.",bul,bul,"[132286.0, 12137.0, 2015.0, 11758.0, 22199.0, 21488.0, 22275.0, 13265.0, 14831.0, 11739.0, 40319.0, 11915.0, 18713.0, 22930.0, 20049.0]"
"На този етап капитализмът ерозира, класовата борба ескалира и единственият изход е в пролетарската революция и установяване на „диктатура на пролетариата“, която да контролира средствата за производство и да преразпредели справедливо ресурсите и продуктите на принципа """"на всекиго според нуждите, от всекиго според възможностите"""".",bul,bul,"[97170.0, 9784.0, 1434.0, 9448.0, 17011.0, 15255.0, 17442.0, 10073.0, 11236.0, 9025.0, 31304.0, 9064.0, 13688.0, 16134.0, 15054.0]"
Участва в Септемврийско въстание (1923) в Самоковско и Ихтиманско. След въстанието е заловен е въдворен в Софийския затвор. Освободен през 1924 г. и убит в Самоков.,bul,bul,"[64688.0, 6950.0, 1222.0, 6361.0, 12190.0, 11416.0, 11569.0, 7897.0, 8684.0, 6211.0, 23202.0, 6394.0, 10220.0, 13113.0, 10922.0]"
"Александър Пушкин се ражда на 6 юни (26 май стар стил) 1799 г. в Москва и е кръстен на 19 юни в църквата „Богоявление“ в Елохово. Летните месеци на 1805 – 1810 г. той прекарва при своята баба по майчина линия Мария Ганибал в село Захарово край Звенигород. Детски впечатления от този период са отразени в някои от ранните му стихотворения, като „Монах“ (1813), „Бова“ (1814), „Послание к Юдину“ (1815), „Сон“ (1816). Баба му пише за него, че има непостоянни настроения и е умен и обича книгите, но се учи зле.",bul,bul,"[181277.0, 20936.0, 3621.0, 17737.0, 32538.0, 32339.0, 32587.0, 22080.0, 23918.0, 17493.0, 77100.0, 17134.0, 28102.0, 32534.0, 29936.0]"
