sentences,predictions,labels,"results (['Bulgarian', 'Chinese', 'English', 'French', 'German', 'Hindi', 'Italian', 'Japanese', 'Korean', 'Portuguese', 'Russian', 'Spanish', 'Thai', 'Turkish', 'Vietnamese'])"
"Anton (or Antonius) Maria Schyrleus (also Schyrl, Schyrle) of Rheita (1604–1660) ((in Czech) Antonín Maria Šírek z Reity) was an astronomer and optician. He developed several inverting and erecting eyepieces, and was the maker of Kepler’s telescope. """"Things appear more alive with the binocular telescope,"""" he wrote, """"doubly as exact so to speak, as well as large and bright.""""[1] His binocular telescope is the precursor to our binoculars.",deu,eng,"[106000.0, 9500.0, 72500.0, 80000.0, 227000.0, 72500.0, 122000.0, 6500.0, 1000.0, 14000.0, 11000.0, 61000.0, 68000.0, 174000.0, 73500.0]"
"Zvi Zamir (Hebrew: צבי זמיר‎) born Zvicka Zarzevsky (born 1925) was a major general in the Israel Defense Forces and the Director of the Mossad from 1968 to 1974. Born in Poland, Zamir immigrated with his family to the then British Mandate of Palestine when only seven months old. At the age of 18 Zamir began his military career, first as a soldier in the Haganah's Palmach, a unit that included future Israeli leaders among the likes of Moshe Dayan and Yitzhak Rabin. During the 1948 Arab–Israeli War, Zamir fought in the newly created Israel Defense Forces. After the war he continued climbing the chain of command, eventually promoted to the Commander of the Southern Command. His final IDF post before being appointed Mossad Director came in 1966 when he was appointed the military attaché to London.",tur,eng,"[216566.0, 15469.0, 101297.0, 200598.0, 131736.0, 126746.0, 277444.0, 18962.0, 2994.0, 28942.0, 64870.0, 85329.0, 140219.0, 351795.0, 125249.0]"
Texas A&M hired Kennedy in May 2011 after Mark Turgeon left for the Maryland head coaching job. Kennedy previously coached at A&M from 1990-91. Kennedy stated at the press conference that A&M is his destination job and he plans to retire there. He was given the honors of SEC Men's Basketball Coach of the Year in 2016.,ita,eng,"[73206.0, 5478.0, 51792.0, 52788.0, 51792.0, 43824.0, 126990.0, 1494.0, 1992.0, 6474.0, 36852.0, 61254.0, 51294.0, 118524.0, 46812.0]"
"Philip Johnson architectural drawings, 1943-1994 (bulk 1943-1970).Held by the Department of Drawings & Archives, Avery Architectural & Fine Arts Library, Columbia University.",tur,eng,"[40754.0, 5964.0, 36778.0, 49700.0, 47215.0, 24850.0, 75047.0, 4473.0, 497.0, 2982.0, 994.0, 19880.0, 27335.0, 108346.0, 32305.0]"
"AVCO Embassy Pictures, the film's financial backer, preferred either Charles Bronson or Tommy Lee Jones to play the role of Snake Plissken to Carpenter's choice of Kurt Russell, who was trying to overcome the """"lightweight"""" screen image conveyed by his roles in several Disney comedies. Carpenter refused to cast Bronson on the grounds that he was too old, and because he worried that he could lose directorial control over the picture with an experienced actor. At the time, Russell described his character as """"a mercenary, and his style of fighting is a combination of Bruce Lee, The Exterminator, and Darth Vader, with Eastwood's vocal-ness."""" All that matters to Snake, according to the actor, is """"the next 60 seconds. Living for exactly that next minute is all there is."""" Russell used a rigorous diet and exercise program in order to develop a lean and muscular build. He also endeavored to stay in character between takes and throughout the shooting, as he welcomed the opportunity to get away from the Disney comedies he had done previously. He did find it necessary to remove the eyepatch between takes, as wearing it constantly seriously affected his depth perception.",tur,eng,"[252960.0, 7440.0, 110112.0, 167648.0, 195920.0, 128960.0, 313968.0, 12400.0, 4960.0, 16368.0, 992.0, 113088.0, 129952.0, 336784.0, 124992.0]"
"Ilex mucronata, formerly the type species of Nemopanthus, is native to eastern North America. Nemopanthus was treated as a separate genus with eight species. of the family Aquifoliaceae, now transferred to Ilex on molecular data; it is closely related to Ilex amelanchier.",ita,eng,"[63855.0, 3960.0, 38610.0, 80190.0, 49500.0, 33660.0, 194535.0, 4950.0, 24255.0, 9900.0, 29700.0, 57915.0, 33660.0, 124740.0, 38610.0]"
"Orner, along with actress Cate Blanchett, was one of only two Australians nominated for an Oscar in 2008. Most commentators predicted that Michael Moore's Sicko would win the Best Documentary category. However, to the surprise of many, Orner's Taxi to the Dark Side, which examines US torture practices in Afghanistan, Iraq and Guantanamo Bay, received the award.",ita,eng,"[90402.0, 3952.0, 62738.0, 93860.0, 61256.0, 50388.0, 205010.0, 3458.0, 30628.0, 5434.0, 27664.0, 74100.0, 48412.0, 160550.0, 53846.0]"
"The Berliner Joyce design, a conventional biplane of mixed metal and fabric construction with staggered wings and the pilot and observer seated in tandem in open cockpits, first flew in May 1931. By that time the rival XOK-1 was already destroyed in a crash. Following trials that lasted into 1932, BuAer awarded Berliner-Joyce a contract.",deu,eng,"[46342.0, 5423.0, 49300.0, 52258.0, 132617.0, 39933.0, 81838.0, 1479.0, 493.0, 2958.0, 986.0, 36482.0, 44863.0, 105009.0, 47328.0]"
"Inspired by his tempestuous relationships with his wives Anna Gordy and Janis Hunter, Gaye added more of a personal depth in the songs he recorded for the album.",ita,eng,"[21156.0, 1476.0, 30996.0, 29028.0, 27060.0, 16728.0, 65436.0, 984.0, 1968.0, 1476.0, 492.0, 25584.0, 15744.0, 44280.0, 17220.0]"
"All 14 tracks were written and produced by Woodruff, one of which features vocal by reggae singer Half Pint and one of which features vocals from Woodruff's close friend, T.J. O'Neill. Woodruff cowrote five of the tracks with O'Neill; the two had spent time traveling abroad together in Indonesia, Australia, Fiji, Thailand, and New Zealand starting in 2010, finding mutual inspiration for songwriting.",ita,eng,"[64321.0, 8347.0, 68740.0, 91817.0, 70704.0, 46154.0, 245009.0, 2946.0, 36334.0, 6874.0, 39771.0, 83961.0, 54501.0, 165467.0, 50573.0]"
"President Jimmy Carter's commutation of her federal sentence to the 22 months served freed Hearst eight months before she would have had a parole hearing. The 1979 release was under stringent conditions and she remained on probation for the state sentence on the surplus store plea. President Ronald Reagan reportedly gave serious consideration to pardoning Hearst. She recovered full rights when President Bill Clinton granted her a pardon on January 20, 2001, his last day in office.",tur,eng,"[24990.0, 4410.0, 68110.0, 53410.0, 10780.0, 47040.0, 77910.0, 2450.0, 490.0, 5390.0, 0.0, 980.0, 54880.0, 88690.0, 52430.0]"
"EuropaCorp has international rights to the film, which will be released through EuropaCorp's new distribution company RED (Relativity EuropaCorp Distribution). STXfilms will distribute it in the United States.",fra,eng,"[29829.0, 2445.0, 30807.0, 82152.0, 18093.0, 25428.0, 56724.0, 489.0, 1956.0, 9291.0, 1467.0, 19560.0, 23472.0, 37653.0, 24450.0]"
"In addition to """"Dream Warriors,"""" the single contained the songs """"Back for the Attack"""", a previously unreleased track, and """"Paris Is Burning,"""" from the album Breaking the Chains.",ita,eng,"[39528.0, 5368.0, 29280.0, 43432.0, 29280.0, 18544.0, 73688.0, 1952.0, 0.0, 4392.0, 0.0, 24400.0, 18056.0, 63440.0, 20984.0]"
"Two months after her release from prison, Hearst wed Bernard Lee Shaw (1945–2013), a policeman whom she had met when he was part of a dozens-strong private security detail protecting her on bail. The marriage lasted until his death in 2013. They had two children, Gillian and Lydia Hearst-Shaw. Hearst became prominent on the East Coast society and charitable fundraising scene, and was particularly involved with a foundation helping children suffering from AIDS.",ita,eng,"[22889.0, 4383.0, 75972.0, 58927.0, 16071.0, 50161.0, 96426.0, 2922.0, 487.0, 1948.0, 487.0, 487.0, 53083.0, 61849.0, 50161.0]"
"(B) securing freedom of choice in a marketless, moneyless and stateless ‘scarcity–society’ which has not yet achieved universal autarky (self-sufficiency).",eng,eng,"[21384.0, 4374.0, 34506.0, 23328.0, 6804.0, 18468.0, 30132.0, 1458.0, 972.0, 5346.0, 972.0, 15552.0, 19440.0, 34506.0, 23328.0]"
"It is a member of the common stonechat superspecies, but it is distinct, together with its closest relative the Madagascan stonechat S. sibilla being insular derivatives of the African stonechat. Its ancestors probably diverged from the sub-Saharan African lineage as it spread across the continent some 2-2.5 mya during the Late Pliocene.",ita,eng,"[78570.0, 4850.0, 48015.0, 80995.0, 48500.0, 38315.0, 182845.0, 970.0, 13095.0, 5820.0, 8730.0, 59655.0, 41225.0, 141135.0, 49470.0]"
"In 2013, Tom Hamilton also began playing with Joe Russo, Dave Dreiwitz, Marco Benevento and Scott Metzger in a Grateful Dead tribute band called Joe Russo's Almost Dead.",ita,eng,"[46464.0, 8228.0, 30976.0, 37752.0, 50336.0, 23716.0, 98736.0, 2904.0, 8712.0, 8228.0, 13552.0, 28556.0, 20812.0, 84700.0, 24200.0]"
"Inclusive Democracy (ID) is a project that aims for direct democracy; economic democracy in a stateless, moneyless and marketless economy; self-management (democracy in the social realm); and ecological democracy.",eng,eng,"[2415.0, 1449.0, 47817.0, 26082.0, 14490.0, 20769.0, 35742.0, 966.0, 0.0, 4347.0, 0.0, 483.0, 20286.0, 31878.0, 23667.0]"
"At the beginning of 1987, Kent Music Report was renamed as the Australian Music Report, it was used by major record companies in preference to ARIA's own charts. Kent continued production of his music reports until 1996 and sold off his interests in the Australian Music Report which continued to the end of 1998 when changes in technology, such as barcoding, enabled point-of-sale information to be sent directly to ARIA. This meant that he could no longer compile reliable sales information.",ita,eng,"[21208.0, 5302.0, 81458.0, 55430.0, 13496.0, 56394.0, 99292.0, 964.0, 1446.0, 5302.0, 964.0, 33258.0, 57840.0, 83386.0, 68444.0]"
"By the 1990s, he had formed the """"Tim Reynolds Three"""" or TR3, and had added other influences to his repertoire; music from Nine Inch Nails, Bob Marley and Marilyn Manson. In addition, he continued to learn to play other instruments, including the sitar, sarod, the mandello, keytar, tubular bells and other """"exotic"""" instruments that are not commonly seen in Western rock artists of the rock and roll musicians of the time.",tur,eng,"[105339.0, 3848.0, 72150.0, 89947.0, 41847.0, 62530.0, 143819.0, 7696.0, 481.0, 4810.0, 3367.0, 48100.0, 49062.0, 151996.0, 55796.0]"
"In June 2000, writer Tamar Lewin of The New York Times wrote """"Growing Up, Growing Apart"""", a lengthy feature highlighting how an ethnically diverse trio struggled to maintain friendships and cope with teen life at Columbia. The story trailed Aqeelah Mateen, an African-American Muslim, Kelly Regan, an Irish Catholic, and Johanna Perez-Fox, a Puerto Rican Jew; the group quickly became ambassadors for the school, and for their respective ethnic groups. The article wasn't controversial, per se, but directed national attention to the school district and to Columbia specifically.",ita,eng,"[32160.0, 5280.0, 79200.0, 61920.0, 38400.0, 64320.0, 115680.0, 2400.0, 960.0, 18720.0, 480.0, 57120.0, 60000.0, 78720.0, 66720.0]"
"In 2003-04, Shealy was one of the political consultants hired by Thomas Ravenel of Charleston in his unsuccessful multimillion-dollar run in the Republican primary for U.S. Senate.",tur,eng,"[51253.0, 5748.0, 38320.0, 24429.0, 20118.0, 25387.0, 42631.0, 1437.0, 1437.0, 2874.0, 1916.0, 20118.0, 23471.0, 55085.0, 23950.0]"
"At Fox, he was second-billed in the pirate film A High Wind in Jamaica (1965), supporting Anthony Quinn. He had a cameo in The Loved One (1965).",ita,eng,"[47322.0, 7648.0, 32504.0, 39674.0, 25812.0, 23422.0, 79348.0, 2390.0, 478.0, 6692.0, 7648.0, 20554.0, 21988.0, 79348.0, 22944.0]"
"In Val-de-Bussy of Marne-la-Vallée, Bussy-Saint-Georges is from 1985 the leading and main support of the built-up area, as a real and independent new town (French: Ville nouvelle) with a unique status of local and new town. The others towns decided to be organized around a common agglomeration system of new towns.",fra,eng,"[44838.0, 13833.0, 60579.0, 612945.0, 26712.0, 41022.0, 120204.0, 2862.0, 0.0, 9540.0, 477.0, 30051.0, 40068.0, 84429.0, 51993.0]"
"Since Minnesota state parks and trails are authorized by the state legislature, some trails have been established in state statute, yet no usable mileage has been constructed.",eng,eng,"[7140.0, 952.0, 29036.0, 14756.0, 6664.0, 14280.0, 24276.0, 0.0, 0.0, 952.0, 0.0, 0.0, 14756.0, 19040.0, 20944.0]"
"In October 2013, Business Insider reported that Page's paralyzed vocal cords are caused by an autoimmune disease called Hashimoto's thyroiditis, and prevented him from undertaking Google quarterly earnings conference calls for an indefinite period.",ita,eng,"[25175.0, 1900.0, 40850.0, 26600.0, 15200.0, 22800.0, 47500.0, 1425.0, 0.0, 2850.0, 0.0, 0.0, 22325.0, 44650.0, 24700.0]"
"Setareki Tawake (born 1 March 1969 in Kavala, Kadavu) is a retired Fijian rugby union player, who was capped for Fiji on 31 occasions. He played as Openside flanker or Number 8. He played in two Rugby World Cups. He was also a soldier",ita,eng,"[85794.0, 4740.0, 37446.0, 68256.0, 47400.0, 35550.0, 156894.0, 5214.0, 27966.0, 14694.0, 3318.0, 86268.0, 36498.0, 151680.0, 42186.0]"
"The age distribution of the population (as of 2000) is children and teenagers (0–19 years old) make up 21% of the population, while adults (20–64 years old) make up 61% and seniors (over 64 years old) make up 18%.",tur,eng,"[71423.0, 3784.0, 66693.0, 35948.0, 16082.0, 44462.0, 65747.0, 946.0, 0.0, 2365.0, 23177.0, 2838.0, 40205.0, 78045.0, 38786.0]"
"Dissatisfied with other documentaries made on the subject, she produced a special for the Travel Channel titled Secrets of San Simeon with Patricia Hearst, in which she took viewers inside her grandfather's mansion Hearst Castle, providing unprecedented access to the property.",eng,eng,"[7552.0, 1416.0, 46728.0, 30208.0, 8496.0, 26432.0, 45312.0, 944.0, 472.0, 2832.0, 944.0, 16520.0, 23600.0, 36816.0, 25016.0]"
"Cyberpunk pioneer William Gibson credits the film as an influence on his novel Neuromancer. """"I was intrigued by the exchange in one of the opening scenes where the Warden says to Snake 'You flew the Gullfire over Leningrad, didn't you?' It turns out to be just a throwaway line, but for a moment it worked like the best SF where a casual reference can imply a lot."""" Popular videogame director Hideo Kojima has referred to the movie frequently as an influence on his work, in particular the Metal Gear series. Solid Snake is partially influenced by Snake Plissken. In Metal Gear Solid 2: Sons of Liberty Snake actually uses the alias """"Pliskin"""" to hide his real identity during most of the game. J. J. Abrams, producer of the 2008 film Cloverfield, mentioned that a scene in his film, which shows the head of the Statue of Liberty crashing into a New York street, was inspired by the poster for Escape from New York. Empire magazine ranked Snake Plissken #29 in their """"The 100 Greatest Movie Characters"""" poll.",ita,eng,"[226080.0, 14130.0, 108330.0, 220428.0, 181335.0, 136590.0, 419190.0, 11304.0, 2355.0, 24492.0, 35325.0, 96084.0, 126228.0, 403176.0, 128583.0]"
"By 1919, 30,000 women across the state officially belonged to local suffrage associations. They joined the MWSA, the NWP, and other organizations. Their numbers and continued activities convinced lawmakers to act. In 1919, the Minnesota legislature recognized women's right to vote in presidential elections. The same year, the legislature ratified the Nineteenth Amendment. However, the amendment did not take effect until 1920, when it was ratified by two-thirds the required of the states.",ita,eng,"[52640.0, 3290.0, 81310.0, 70030.0, 23970.0, 53580.0, 129250.0, 3290.0, 0.0, 4700.0, 470.0, 10340.0, 57810.0, 85540.0, 56870.0]"
"Ivan Lopez, from Mexico, was originally scheduled to face Crisanto Pitpitunge, from the Philippines, in a featured flyweight bout but Crisanto pulled from the fight due to an injury. Jessie Rafols, also from the Philippines, was chosen as his replacement.",ita,eng,"[42210.0, 2814.0, 43148.0, 53466.0, 31892.0, 29547.0, 108808.0, 1876.0, 0.0, 7035.0, 17822.0, 50183.0, 38458.0, 99428.0, 33299.0]"
"In 2007, Shealy represented SC Rep. Henry Brown, Jr. in his 1st District Race and SC State Senator Dick Elliot in his Senate Campaign for the 2008 elections.",ita,eng,"[45864.0, 4212.0, 38376.0, 41184.0, 39780.0, 24336.0, 88452.0, 1872.0, 3276.0, 2340.0, 21060.0, 21528.0, 20124.0, 73476.0, 23868.0]"
"In the early 1980s, he evolved his psychedelic rock style into a more electronic music-oriented sound. The """"Secret Sinema"""" and """"Flame Over Philadelphia"""" singles, which were released in 1980 and 1985 respectively, became college radio hits. In 1984, Clark released Into The Vision, which featured appearances from Allen Ravenstine of Pere Ubu and Cheetah Chrome of The Dead Boys, as well as the Beat Generation author William S. Burroughs. During this time, he immersed himself more deeply into his Native American heritage, adopting the middle name """"Tamanend"""", which is what his grandfather called him as a child. In between 1986 and 1999, he stopped releasing new material and devoted his time to his children, although he continued to compose music and perform at occasional concerts.",ita,eng,"[119552.0, 12609.0, 88730.0, 275063.0, 171856.0, 86395.0, 528644.0, 6071.0, 71451.0, 11675.0, 79857.0, 156912.0, 92933.0, 325032.0, 97603.0]"
"The church was built in the middle of the 12th century, and is the only remaining medieval round church in the Diocese of Skara. It derives its shape from originally being built to serve several different purposes; apart from a place of worship, it also served a defensive purpose, i.e. it was a fortified church. The church has been altered successively throughout the centuries. The church porch is not original though it may date from the Middle Ages. The large wooden spire was built in 1666, and a burial chapel for the Spens family was built in 1660. The burial chapel has served as the sacristy since 1810. Among the furnishings, the baptismal font is the oldest and dates from the 13th century. The altarpiece was donated to the church in 1748, while the pulpit was made in 1709. The church has two church bells, the larger of them was made in 1526. The vaults supporting the church ceiling were probably built at the end of the Middle Ages.",tur,eng,"[150518.0, 9320.0, 109976.0, 126752.0, 195254.0, 114170.0, 214826.0, 1864.0, 466.0, 15378.0, 1398.0, 104850.0, 117898.0, 261892.0, 122092.0]"
"According to Fotopoulos, """"the allocation of economic resources is made first, on the basis of the citizens' collective decisions, as expressed through the community and confederal plans, and second, on the basis of the citizens' individual choices, as expressed through a voucher system"""".",ita,eng,"[55800.0, 1860.0, 49755.0, 30225.0, 8370.0, 30225.0, 59985.0, 930.0, 0.0, 5115.0, 930.0, 930.0, 26040.0, 43710.0, 33015.0]"
"Todd Tamanend Clark (born Todd Clark; August 10, 1952) is an American poet, composer, multi-instrumentalist, cultural historian, author, artist, and activist. He is known for """"his musical blend of Native American heritage, glam fashion consciousness, cyberpunk attitude, and often skeptical, always opinionated lyrical approach to scientific and sociological subjects.",ita,eng,"[20416.0, 4640.0, 40368.0, 42224.0, 16704.0, 36656.0, 75632.0, 2320.0, 1392.0, 2784.0, 928.0, 464.0, 39904.0, 45936.0, 40368.0]"
"In 1968, Marvin Gaye went to New York to record a series of ballads with arranger Bobby Scott, as Gaye continued his attempts to become a successful pop crooner. Sessions ended abruptly, however, when Gaye felt the recordings were too poor for his liking. Disappointed, he stopped pursuing a career as a crooner, while recording pop hits for Motown. In 1977, two years after buying his own studio, and shortly after reworking the live album, Live at the London Palladium, Gaye began to return to finishing up work on his shelved ballads project.",ita,eng,"[130566.0, 3704.0, 66209.0, 120843.0, 73154.0, 58338.0, 207424.0, 5556.0, 0.0, 9260.0, 38892.0, 51856.0, 57875.0, 199553.0, 60653.0]"
"It was one thing to build a glass cathedral in California, and another to build a corporate headquarters skyscraper in the center of Manhattan, the showcase of modern architecture. Shortly after the Crystal Cathedral, working in collaboration with John Burgee, he completed one of his most recognizable buildings, the AT&T building (later named the Sony Building, and now 550 Madison Avenue. Built between 1978 and 1982, a skyscraper with an eight-story high arched entry and a split pediment at the top which resembled an enormous piece of 18th-century Chippendale furniture. It was not the first work of Postmodern architecture- Robert Venturi and Frank Gehry had already built smaller scale postmodern buildings, and Michael Graves had completed the Portland Building in Portland Oregon (1980–82) two years before the AT&T Building; and most of the building was in a traditional modernist style; but because of its Manhattan location and size it became the most famous example of postmodern architecture.",ita,eng,"[221760.0, 10164.0, 136290.0, 206514.0, 153384.0, 106260.0, 581196.0, 12936.0, 36960.0, 11550.0, 87780.0, 172788.0, 105798.0, 356202.0, 113652.0]"
"He was also the publisher of the fetish magazine AtomAge, which featured many of his clothing designs. It had two sister publications, The Rubberist and Dressing For Pleasure, both of which are now published by Dave Watson of G&M Fashions.",eng,eng,"[7837.0, 3227.0, 47022.0, 29965.0, 17979.0, 24433.0, 45178.0, 1383.0, 0.0, 1844.0, 922.0, 922.0, 22589.0, 39646.0, 33192.0]"
"He then moved to Damascus where he studied for about 10 years under many Islamic scholars such as Shaykh Abd al-Fattah Abu Ghudda, Imam Muhammad Zahid al-Kawthari, Dr. Nur al-Din `Itr, Shaykh Adib Kallas, Shaykh Wahbi al-Ghawji, Shaykh Muhammad al-Yaqoubi, Dr. Samer al-Nass, Dr. Wahba Zuhayli, Shaykh Abd al-Hadi Kharsa, Shaykh Muhammad Muti al-Hafiz, Shaykh Bassam al-Hamzawi and Shaykh Munir al-Hayek. He began is studies of hadith with Imam al-Dhahabi’s Siyar a`lam al-nubala. During his time in Damascus, Haddad continued to meet Shaykh Muhammad Nazim al-Haqqani at his home in Cyprus as well as in Damascus. In Mecca, he studied under Shaykh Dr. Muhammad Alawi al-Maliki. In Morocco he studied under Sidi Mustafa Bassir and in Beirut, he studied under Shaykh Husayn Usayran, the last of the close students of Qadi Shaykh Yusuf al-Nabhani.",tur,eng,"[261740.0, 39100.0, 75440.0, 299460.0, 179400.0, 151340.0, 584660.0, 18400.0, 51060.0, 62560.0, 4140.0, 189060.0, 129260.0, 820180.0, 158240.0]"
"An inscription recovered in Rome documents the cursus honorum of Sabucius. His earliest recorded offices were administrative posts following the praetorship. Next was his service as a juridicus in Roman Britain c. 172-175, which was followed by the prefecture of the aerarium militare c. 176-179. Birley dates his next offices, governorship of Gallia Belgica to c. 180-183, and proconsul of Achaea to 184/185.",ita,eng,"[83538.0, 9639.0, 53244.0, 95472.0, 73899.0, 55539.0, 256581.0, 3672.0, 41769.0, 23868.0, 1836.0, 107406.0, 58752.0, 187731.0, 70686.0]"
"1st place in Freedom of the Press, Best Local Non-Staff Column, Best Investigative/In-depth Story or Series, Best News Feature Story, Best Spot News Story, Best Special Section or Campaign (Advertising), Best Editorial Writing, Best-In-House Promotion, Best Illustration, Best Information Graphic, Best Non-staff story, Editorial of the Year, Best Online Writing in 2013, Nevada Press Association",ita,eng,"[25190.0, 10534.0, 52670.0, 59998.0, 30686.0, 39846.0, 105340.0, 10076.0, 1374.0, 4122.0, 2290.0, 38014.0, 43052.0, 59540.0, 55876.0]"
ICF medalists for Olympic and World Championships – Part 1: flatwater (now sprint): 1936–2007 at WebCite (archived 2009-01-21). Additional archives: Wayback Machine (archived 2010-01-05).,ita,eng,"[46157.0, 9597.0, 48899.0, 42501.0, 29705.0, 37931.0, 63980.0, 3656.0, 914.0, 1828.0, 914.0, 914.0, 35189.0, 46614.0, 36560.0]"
"The founder of the Estonian Cricket Association (ECA) is Barry Jason, who holds the world record for the most countries played in by one person, 128 in total. Estonians who have recently made the grade as international players include Andres Burget, Glebs Bihanovs, Andrus Kämbre, and Kristjan Kogerman.",tur,eng,"[74328.0, 4104.0, 41040.0, 67488.0, 84360.0, 36936.0, 134064.0, 2280.0, 1368.0, 7296.0, 5928.0, 46968.0, 32832.0, 155496.0, 42408.0]"
"In 2011, she participated at the Reinas Paraguayas del Bicentenario 2011 contest, it was held in Asuncion, on 23 June 2011. At the end of the night Riquelme was crowned as the new Miss Universo Paraguay giving her the right to represent Paraguay at the Miss Universe held in São Paulo, Brazil.",spa,eng,"[90090.0, 6370.0, 54145.0, 86905.0, 55055.0, 38675.0, 166985.0, 1820.0, 1365.0, 72345.0, 28210.0, 174720.0, 44590.0, 137410.0, 45045.0]"
Bussy-Saint-Georges has a strong power of attraction on young dynamic families who wish to live in a comfortable environment where the quality of life has been mixed with an intelligent urbanization and a large set of services for the population. 50% of the Buxangeorgiens are less than 30 years old.,fra,eng,"[46762.0, 4994.0, 50848.0, 355028.0, 14982.0, 31780.0, 67646.0, 908.0, 454.0, 7264.0, 4086.0, 29510.0, 36774.0, 82174.0, 36320.0]"
"During the 1990s, following the demise of the Global Wrestling Federation, Hart and Chris Adams were involved in many Texas-based wrestling promotions, including an ill-fated attempt to revive World Class (billed as World Class II: The Next Generation) at the Dallas Sportatorium. Hart retired in 1999, but made a surprise return in Major League Wrestling (MLW), during the promotion's Reloaded Tour on January 9–10, 2004. Hart appeared following the main event (on January 9) pitting Low Ki against Homicide, where the three laid out several wrestlers from the locker room, as well MLW president Court Bauer.",ita,eng,"[106455.0, 10419.0, 65232.0, 130917.0, 89241.0, 67044.0, 315288.0, 4077.0, 43941.0, 7248.0, 57078.0, 115515.0, 70668.0, 228765.0, 80181.0]"
"In 1982, one of his paintings was reproduced in the form of a UNICEF stamp. His paintings are housed in many museums such as the Art Museum of the Americas in Washington, D.C., at the Ponce Museum of Art in Puerto Rico, at the Museum of Latin American Art in Long Beach, the Chicago Art Institute and the José Luis Cuevas Museum in Mexico City.",ita,eng,"[86332.0, 4972.0, 59664.0, 76840.0, 33900.0, 41584.0, 94016.0, 3164.0, 452.0, 7684.0, 22600.0, 54692.0, 40680.0, 81360.0, 47008.0]"
"Following the Seagram Building He built several smaller projects in a more personal, expressive style, with ornament touches and features far from the sobriety of the modernist style; the Synagogue of Port Chester New York, with a plaster vaulted ceiling and narrow colored windows (1954–56); the Art Gallery of the University of Nebraska with an array of symmetrical arcs (1963); (the Roofless Church in New Harmony, Indiana with a mushroom-shaped roof covered with wood shingles (1960). In 1960 he also built a severely modernist monastery building for in the expansion of St. Anselm's Abbey in Washington, D.C..",ita,eng,"[83435.0, 9471.0, 88396.0, 105083.0, 96965.0, 64944.0, 190773.0, 2255.0, 0.0, 13079.0, 0.0, 68552.0, 69454.0, 151536.0, 73513.0]"
"In 1967 Johnson entered a new phase of his career, founding a partnership with architect John Burgee. Johnson and Burgee won commissions for a series of new skyscrapers. including the IDS Center in Minneapolis (1973), and the two matching towers, facing each other like bookends, of Pennzoil Place in Houston, Texas. The two towers of Pennzoil Place have sloping roofs covering the top seven floors and are trapezoidal in form, created to leave two large triangual aras on the site, which are occupied with glass-covered lobbies designed like greenhouses. This idea was widely copied in skyscrapers in other cities.",tur,eng,"[130500.0, 4050.0, 84150.0, 121950.0, 95400.0, 65700.0, 205650.0, 4050.0, 450.0, 40500.0, 42300.0, 59400.0, 64800.0, 207000.0, 66150.0]"
"Obreption is a term used in Roman, Canon and Scots Law. The word Obreption has been described in on-line dictionaries with many meanings other than Canon law. The term obreption is still used in heraldry in Scotland.",eng,eng,"[14368.0, 3592.0, 52084.0, 31879.0, 10776.0, 23797.0, 45798.0, 898.0, 449.0, 24246.0, 0.0, 1347.0, 23348.0, 35022.0, 30981.0]"
"The noble monkey warrior is much loved for his humility and wisdom, along with his unlimited strength and power. He is seen as the epitome of selfless devotion as he never took a wife for no other could replace his love for Rama and Sita. When asked to accompany the divine couple to the next world he refused to go as he wished to live in this one for as long as Rama-Sita's names were praised here by man.",hin,eng,"[17472.0, 2240.0, 72576.0, 40768.0, 7168.0, 83776.0, 71232.0, 896.0, 0.0, 5376.0, 448.0, 896.0, 45696.0, 63168.0, 43904.0]"
"Columbia High School was the first school in the nation to observe Earth Day, on April 17, 1970. Due to the fact that Columbia was on spring break on April 22, when Earth Day was scheduled for national observance, the presentation was known as Earth Day Minus Five and a specially prepared flag was run up the main flagpole. The all-day observance, which was coordinated by biology teacher Jeffrey Himmelstein, began with Congressman Joseph Minish as the keynote speaker; several noted scientists from the area conducted seminars. Featured was an assembly with films and slide shows that were created by several students and environmentally themed folk songs were sung.",ita,eng,"[127395.0, 3576.0, 88059.0, 113985.0, 94764.0, 64815.0, 217689.0, 2235.0, 1341.0, 5364.0, 1341.0, 70179.0, 62580.0, 164943.0, 68391.0]"
"In October 2006, a beta-version of RISC OS Six was made available for download by subscribers to the Select scheme. RISC OS Six represents the next generation of RISCOS Ltd's stream of the operating system. Significant portability, stability and internal structure improvements, including full 26/32-bit neutrality, have laid the foundations for the company's future releases, all of which will be based on version 6. The first product to be based on RISC OS Six will be Select Edition 4. RISC OS Six is 32-bit-neutral and can be built to run in either 26-bit or 32-bit modes. It runs on the Risc PC and A9home, but it doesn't run on newer-generation hardware such as the Iyonix PC and ARMini, which do not support the 26-bit addressing used on the older Acorn computers and require specific hardware support for the newer ARMv5 and ARMv7 architecture chips that they use.",ita,eng,"[201146.0, 6244.0, 123988.0, 139598.0, 129340.0, 103918.0, 331824.0, 12488.0, 892.0, 7136.0, 61102.0, 113284.0, 105256.0, 254666.0, 127556.0]"
"In 1988, following a 400% increase in crime, the United States government has turned Manhattan into a giant maximum-security prison. A 50-foot (15 m) containment wall surrounds the island and routes out of Manhattan have been dismantled or mined, while armed helicopters patrol the rivers, and all prisoners there are sentenced to life, with no means of leaving.",ita,eng,"[35155.0, 4450.0, 60520.0, 43610.0, 16020.0, 36490.0, 67195.0, 1335.0, 445.0, 5340.0, 890.0, 445.0, 37380.0, 53845.0, 45835.0]"
"During this period of time Columbia gained increasing fame for its academic excellence. Educators generally considered it to be one of the most outstanding high schools in the United States. Much of that reputation was due to Henry W. Foster, Superintendent from 1900 to 1927, and John H. Bosshart, Principal from 1920 to 1927. Bosshart succeeded Foster as Superintendent, and later served as the first head of the New Jersey Department of Education.",ita,eng,"[17316.0, 2664.0, 79032.0, 52836.0, 25752.0, 55056.0, 101232.0, 1332.0, 444.0, 4884.0, 444.0, 23088.0, 48396.0, 66600.0, 54168.0]"
"In 2007, Scottish actor Gerard Butler was close to signing a deal in which he would play Snake Plissken in a remake of Carpenter's film. Neal Moritz was to produce and Ken Nolan was to write the screenplay which would combine an original story for Plissken with the story from the 1981 film, although Carpenter hinted that the film might be a prequel.",tur,eng,"[76196.0, 3987.0, 46072.0, 112965.0, 59362.0, 37212.0, 146633.0, 3987.0, 0.0, 7088.0, 0.0, 32782.0, 39427.0, 147962.0, 40313.0]"
"Otospermophilus is a genus of ground squirrels in the family Sciuridae, containing three species. Otospermophilus was formerly placed in the large ground squirrel genus Spermophilus, as a subgenus or species group. Since DNA sequencing of the cytochrome b gene has shown Spermophilus to be paraphyletic to the prairie dogs and marmots, it is now separated, along with six other genera.",ita,eng,"[69836.0, 3978.0, 47736.0, 81770.0, 53924.0, 43758.0, 196248.0, 2652.0, 22542.0, 35360.0, 29614.0, 62764.0, 42874.0, 149838.0, 56576.0]"
"In 2007, Reynolds and fellow professional skateboarders, Jim Greco and Erik Ellington, established Bakerboys Distribution, a company that distributes seven brands, some of which are owned by past and current Baker riders:",ita,eng,"[43659.0, 2646.0, 29547.0, 40131.0, 37044.0, 20727.0, 115542.0, 1323.0, 16758.0, 4410.0, 18963.0, 39249.0, 19845.0, 73647.0, 22491.0]"
"Since 1985, Bussy-Saint-Georges has been integrated in the perimeter of the new town plan of Marne-la-Vallée and received a total of 180.50 hectares as additional territories coming from the nearest towns (Bussy-Saint-Martin, Collégien, Ferrières).",fra,eng,"[71280.0, 10120.0, 39600.0, 423720.0, 42240.0, 31680.0, 132440.0, 880.0, 7480.0, 9680.0, 19800.0, 47960.0, 33880.0, 134640.0, 44880.0]"
"Coburn also appeared in dozens of television roles including, with Roberts, several episodes of NBC's Bonanza. Coburn appeared twice each on two other NBC westerns Tales of Wells Fargo with Dale Robertson, one episode in the role of Butch Cassidy, and The Restless Gun with John Payne in """"The Pawn"""" and """"The Way Back"""", the latter segment alongside Bonanza's Dan Blocker.",ita,eng,"[81654.0, 5268.0, 46095.0, 100970.0, 59265.0, 43461.0, 197550.0, 5268.0, 23706.0, 10975.0, 27218.0, 60143.0, 41705.0, 154528.0, 41705.0]"
"Glycerol-3-phosphate gets converted back to dihydroxyacetone phosphate by an inner membrane-bound mitochondrial glycerol-3-phosphate dehydrogenase 2 (GPDH-M), this time reducing one molecule of enzyme-bound flavin adenine dinucleotide (FAD) to FADH2. FADH2 then reduces coenzyme Q (ubiquinone to ubiquinol) which enters into oxidative phosphorylation. This reaction is irreversible.",tur,eng,"[65700.0, 10512.0, 44676.0, 53874.0, 18834.0, 52122.0, 60444.0, 5256.0, 438.0, 13578.0, 2190.0, 31098.0, 40296.0, 120450.0, 54750.0]"
"Reynolds and Matthews performed on a 2008 album called Songs for Tibet, an initiative to support Tibet, Dalai Lama Tenzin Gyatso and to underline the human rights violations allegedlly committed against Tibet by China. On 4 October 2009 Reynolds performed with Matthews in St. Louis, Missouri to support Farm Aid in 2009.",tur,eng,"[52440.0, 4807.0, 58121.0, 38019.0, 57247.0, 36271.0, 89585.0, 1311.0, 0.0, 3496.0, 437.0, 32338.0, 37582.0, 94392.0, 37145.0]"
"Bailey's closing defense statement was """"But simple application of the rules, I think, will yield one decent result, and, that is, there is not anything close to proof beyond a reasonable doubt that Patty Hearst wanted to be a bank robber. What you know, and you know in your hearts to be true is beyond dispute. There was talk about her dying, and she wanted to survive.",ita,eng,"[38368.0, 1744.0, 64092.0, 41420.0, 14388.0, 35752.0, 65836.0, 3052.0, 0.0, 1308.0, 436.0, 1308.0, 36624.0, 47960.0, 37932.0]"
The following list contains members of Estonia's squad for the ICC European T20 Division 3 Championship and ICC European T20 Division 2 Championship:,tur,eng,"[33060.0, 4350.0, 24360.0, 20010.0, 14355.0, 16095.0, 25665.0, 1305.0, 435.0, 3480.0, 2175.0, 5220.0, 16530.0, 42630.0, 23055.0]"
"Sohail was at the heart of the match-fixing scandal that rocked cricket in the 1990s: as captain of the national team, his whistle-blowing may have negatively affected his international career.",hin,eng,"[9548.0, 4340.0, 30380.0, 21266.0, 12152.0, 46004.0, 30380.0, 434.0, 0.0, 3906.0, 0.0, 434.0, 19096.0, 32550.0, 22134.0]"
"The cochoas (from cocho, Nepali for Cochoa purpurea) are medium-sized frugivorous, insectivorous and molluscivorous birds in the genus Cochoa. Their bright contrasting plumage patterns, sexual dimorphism and feeding habits made their systematic position difficult to ascertain in early times, Richard Bowdler Sharpe placed them with the Prionopidae in 1879 while many considered them as some kind of aberrant thrush. The genus was previously included in the Old World flycatcher family Muscicapidae but molecular phylogenetic studies have shown that it is more closely related to the thrush family Turdidae.",ita,eng,"[139859.0, 9959.0, 60187.0, 120807.0, 85301.0, 74909.0, 267161.0, 7361.0, 12990.0, 23815.0, 45465.0, 80971.0, 61919.0, 243779.0, 75342.0]"
"The next morning, Ike and five of his henchman go to Tombstone to face off against the Earps at the O.K. Corral. Holliday, who is sick from tuberculosis, joins them. Though Virgil and Morgan are wounded in the gunfight, all six in Clanton's gang are killed, including Billy, who is given a chance to surrender but refuses. After the fight is over, Wyatt joins Holliday for a final drink before heading off to California to meet Laura, as promised.",ita,eng,"[61344.0, 6480.0, 54432.0, 80784.0, 57888.0, 47088.0, 181440.0, 1296.0, 10368.0, 5616.0, 25488.0, 71712.0, 45792.0, 124848.0, 46656.0]"
"Amalya Lyle Kearse (born 1937, class of 1955), judge; first female African American partner in a Wall Street law firm, first female United States Court of Appeals judge.",ita,eng,"[11637.0, 3448.0, 34911.0, 22412.0, 12499.0, 20688.0, 35773.0, 1293.0, 0.0, 3448.0, 0.0, 431.0, 18102.0, 33187.0, 22843.0]"
"Page also believed that the faster Google’s search engine returned answers, the more it would be used. He fretted over milliseconds and pushed his engineers—from those who developed algorithms to those who built data centers—to think about lag times. He also pushed for keeping Google’s home page famously sparse in its design because it would help the search results load faster.",ita,eng,"[15050.0, 1720.0, 55470.0, 37410.0, 9030.0, 33540.0, 60200.0, 430.0, 1720.0, 3010.0, 860.0, 0.0, 33110.0, 44290.0, 35260.0]"
"It is separated from the """"mainland"""" of Skye by a small sound called An Doirneil. It is not far from Claigan. The island doubles in size at low tide, and is really two islands connected by a thin isthmus. It is due south of Isay.",ita,eng,"[46332.0, 3003.0, 35178.0, 48906.0, 38610.0, 30030.0, 129129.0, 3432.0, 22308.0, 4719.0, 21879.0, 54912.0, 25740.0, 109824.0, 32175.0]"
"With the onset of the Industrial Revolution in the late 18th century and the concomitant development of precision engineering and component standardisation, locks and keys were manufactured with increasing complexity and sophistication.",eng,eng,"[3852.0, 856.0, 36380.0, 18832.0, 8988.0, 20544.0, 32528.0, 428.0, 0.0, 856.0, 1284.0, 428.0, 17548.0, 23968.0, 22256.0]"
"An aggressive batsman, Sohail's first appeared for the national team in a 1990 one-day International against Sri Lanka and enjoyed a successful international career. He was an important member of the team that won the 1992 Cricket World Cup in Australia and New Zealand.",tur,eng,"[42273.0, 1708.0, 27328.0, 49532.0, 29036.0, 64904.0, 70455.0, 3416.0, 0.0, 4270.0, 0.0, 23058.0, 28609.0, 82411.0, 34587.0]"
"On 11 July 2012, after failing to make a single appearance for Real's first team, Carvajal signed a five-year contract with Germany's Bayer 04 Leverkusen for a transfer fee of €5 million. The Spaniards added on a buy-back clause in the region of €6.5 million if they wanted to re-sign the player after one season, €7 million after two and approximately €8.5 million after three.",ita,eng,"[83070.0, 6390.0, 55806.0, 62196.0, 23004.0, 43878.0, 97980.0, 2556.0, 0.0, 8094.0, 3834.0, 44304.0, 49416.0, 88608.0, 54528.0]"
"In each era of construction, the chosen design was seen as controversial. The D-Wing, the most recent and most obvious addition to the School, boasts a dramatic modernist design typical of the late-1960s and early 1970s. The clash between this new (and already out-of-fashion) style and the original architecture of the A-Wing is especially visible from Parker Avenue.",ita,eng,"[44625.0, 5100.0, 61200.0, 42500.0, 16150.0, 39100.0, 75225.0, 2125.0, 0.0, 1700.0, 425.0, 0.0, 39525.0, 52700.0, 43350.0]"
"Locksmithing is a traditional trade, and in most countries requires completion of an apprenticeship. The level of formal education required varies from country to country, from a simple training certificate awarded by an employer, to a full diploma from an engineering college. Locksmiths may be commercial (working out of a storefront), mobile (working out of a vehicle), institutional, or investigational (forensic locksmiths). They may specialize in one aspect of the skill, such as an automotive lock specialist, a master key system specialist or a safe technician. Many also act as security consultants, but not all security consultants have the skills and knowledge of a locksmith.",ita,eng,"[8904.0, 2544.0, 95824.0, 58512.0, 21200.0, 61480.0, 109392.0, 2544.0, 424.0, 5512.0, 848.0, 848.0, 56816.0, 92856.0, 73776.0]"
"In 2000, there were 322 workers who commuted into the municipality and 487 workers who commuted away. The municipality is a net exporter of workers, with about 1.5 workers leaving the municipality for every one entering. Of the working population, 7.7% used public transportation to get to work, and 65.1% used a private car.",ita,eng,"[38916.0, 3807.0, 66834.0, 41454.0, 12267.0, 38493.0, 76563.0, 1692.0, 423.0, 10998.0, 423.0, 423.0, 36801.0, 54990.0, 42723.0]"
"Several units added to the Minnesota state park system over the years have since been redesignated or transferred to other agencies, including the system's very first unit, Camp Release State Memorial Wayside, created in 1889. In most cases these decisions were due to the unit being too small for a state park with little chance of expansion, or largely local use rather than attracting visitors from all over the state and beyond. Four of these units were redesignated as state waysides and are listed above. The other former units were:",ita,eng,"[50640.0, 3376.0, 73850.0, 51484.0, 28274.0, 46420.0, 88198.0, 844.0, 0.0, 2532.0, 422.0, 40512.0, 47264.0, 69630.0, 66254.0]"
"2-Aminothiazole is a heterocyclic amine featuring an thiazole core. It can also be considered a cyclic isothiourea. It possesses an odor similar to pyridine and is soluble in water, alcohols and diethyl ether. It is commonly used as a starting point for the synthesis of many compounds including sulfur drugs, biocides, fungicides, dyes and chemical reaction accelerators. 2-Aminothiazole can be used as a thyroid inhibitor in the treatment of hyperthyroidism and has antibacterial activity. Alternatively, its acid tartrate salt can be used. Recent studies using prion-infected neuroblastoma cell lines have suggested that aminothiazole may be used as a therapeutic drug for prion diseases.",tur,eng,"[136825.0, 10104.0, 61887.0, 77043.0, 32838.0, 64413.0, 100619.0, 2947.0, 421.0, 39574.0, 2526.0, 48836.0, 63150.0, 167137.0, 95146.0]"
"A crucial issue with respect to democracy in the social realm is democratisation of the household. One possible solution is the removal of the divide between the household and the public realm. Thus, some feminist writers, particularly eco-feminists, glorify the oikos and its values as a substitute for the polis and its politics. This can be understood as an attempt to dissolve the public into the private. At the other extreme, some Marxist feminists attempt to remove the public/private divide by dissolving all private space into a singular public, a socialised or fraternal state sphere. Another possible solution is, taking for granted that the household belongs to the private realm, to 'democratise' it in the sense that household relationships should take on the characteristics of democratic relationships, and that the household should take a form which is consistent with the freedom of all its members.",ita,eng,"[16380.0, 4200.0, 96600.0, 80640.0, 23940.0, 71820.0, 144060.0, 1680.0, 0.0, 10920.0, 1680.0, 420.0, 73080.0, 98280.0, 76860.0]"
"Recording sessions for the album started in 1977 at Marvin's recording studio. Some of the songs were constantly reworked by Gaye until he was satisfied with what he had recorded. """"Why Did I Choose You"""" was recorded twice, as was """"I Wish I Didn't Love You So"""", """"I Won't Cry Anymore"""" and """"The Shadow of Your Smile"""". Other songs Gaye recorded were songs of his own compositions including """"Stranger in My Life"""", """"Walkin' in the Rain"""" and """"Just Like"""".",ita,eng,"[108521.0, 13408.0, 59498.0, 139108.0, 69135.0, 53632.0, 240087.0, 4609.0, 33520.0, 7542.0, 34777.0, 102655.0, 54470.0, 206148.0, 54470.0]"
"Page focused on the problem of finding out which web pages link to a given page, considering the number and nature of such backlinks as valuable information for that page—the role of citations in academic publishing would also become pertinent for the research. Sergey Brin, a fellow Stanford PhD student, would soon join Page's research project, nicknamed """"BackRub."""" Together, the pair authored a research paper titled """"The Anatomy of a Large-Scale Hypertextual Web Search Engine"""", which became one of the most downloaded scientific documents in the history of the Internet at the time.",ita,eng,"[140448.0, 3344.0, 86526.0, 140030.0, 103664.0, 53086.0, 309738.0, 7524.0, 39710.0, 11286.0, 49742.0, 93214.0, 52250.0, 191026.0, 61446.0]"
"On September 18, 1975, Hearst was arrested in a San Francisco apartment with Wendy Yoshimura, another SLA member, by San Francisco Police Inspector Timothy F. Casey and FBI Special Agent Thomas J. Padden. While being booked into jail, she listed her occupation as """"Urban Guerilla"""" and asked her attorney to relay the following message: """"Tell everybody that I'm smiling, that I feel free and strong and I send my greetings and love to all the sisters and brothers out there.",tur,eng,"[51708.0, 4170.0, 62967.0, 56712.0, 32526.0, 48372.0, 105084.0, 6255.0, 417.0, 5838.0, 417.0, 42117.0, 44202.0, 110922.0, 47121.0]"
"On September 15, 2015, Gallitelli was appointed Head of Anti-Doping Bureau. The chairman of CONI Giovanni Malagò said, """"This is a person of great credibility, reference and curriculum"""".",ita,eng,"[46176.0, 4992.0, 39936.0, 52832.0, 32032.0, 20384.0, 255424.0, 3328.0, 15808.0, 8736.0, 20384.0, 37024.0, 23712.0, 80288.0, 27456.0]"
"The event was the second professional Mixed Martial Arts fight night to take place in Bahrain, after Desert Force 11 in March 7, 2014, but the first one involving a Bahrain-based promotion. The card was officially announced in the promotion's launching press conference, on July 27, 2016.",ita,eng,"[21165.0, 2490.0, 47725.0, 34860.0, 4980.0, 30710.0, 63080.0, 1660.0, 0.0, 4150.0, 415.0, 18675.0, 34860.0, 39010.0, 39840.0]"
"Page also helped to set up Singularity University, a transhumanist think-tank. Google is one of the institution's corporate founders and still funds scholarships at Singularity University.",eng,eng,"[12420.0, 2484.0, 36018.0, 20286.0, 7866.0, 16146.0, 27738.0, 828.0, 0.0, 1656.0, 0.0, 0.0, 16146.0, 28152.0, 18216.0]"
"According to Hearst's later testimony, she was in a closet blindfolded with her hands tied for a week, during which time DeFreeze repeatedly threatened her with death. She was let out for meals and, blindfolded, began to join in the political discussions; she was given a flashlight and SLA political tracts to learn. After she had been confined in the closet for weeks, """"DeFreeze told me that the war council had decided or was thinking about killing me or me staying with them, and that I better start thinking about that as a possibility."""" Hearst said """"I accommodated my thoughts to coincide with theirs"""". Asked for her decision, Hearst said she wanted to stay and fight with the SLA, and the blindfold was removed, allowing her to see her captors for the first time. After this she was given lessons on her duties, especially weapons drills, every day. Angela Atwood told Hearst that the others thought she should know what sexual freedom was like in the unit; she was then raped by William """"Willie"""" Wolfe, and later by DeFreeze.",tur,eng,"[111510.0, 5782.0, 110684.0, 186263.0, 109032.0, 88795.0, 265146.0, 2478.0, 1652.0, 3717.0, 0.0, 87143.0, 92512.0, 306859.0, 90034.0]"
"Danielle Colby was born in Davenport, Iowa, and brought up as a Jehovah’s Witness. By 2004, she was married with two children. Colby's television career eventually led to the breakup of her marriage. In May 2012, she told WQAD-TV that """"fame and notoriety are not easy for him to deal with at all, so the relationship ended up not working out"""".",ita,eng,"[49440.0, 3708.0, 57680.0, 78692.0, 50676.0, 36668.0, 102588.0, 1236.0, 412.0, 3296.0, 824.0, 34608.0, 39140.0, 93112.0, 37904.0]"
"Dispensations or graces are not granted unless there be some motive for requesting them, and the law of the Church requires that the true and just causes that lie behind the motive be stated in every prayer for such dispensation or grace.",eng,eng,"[11508.0, 1644.0, 44799.0, 25893.0, 6165.0, 19317.0, 31647.0, 1233.0, 411.0, 7398.0, 0.0, 822.0, 20961.0, 23016.0, 21783.0]"
"Coburn attended Los Angeles City College, where he studied acting alongside Jeff Corey and Stella Adler, and later made his stage debut at the La Jolla Playhouse in Herman Melville's Billy Budd.",ita,eng,"[25010.0, 3280.0, 19680.0, 27470.0, 29110.0, 15990.0, 59860.0, 2050.0, 4920.0, 6970.0, 12300.0, 28290.0, 16810.0, 51250.0, 20090.0]"
"According to ID supporters, democracy in the social realm should be a decisive step in the creation of the sufficient condition for a harmonious nature-society relationship, as the phasing out of patriarchal relations in the household and hierarchical relations in general should create a new ethos of non-domination which would engulf both nature and society.",ita,eng,"[19223.0, 2863.0, 53579.0, 27812.0, 9407.0, 26585.0, 56442.0, 409.0, 0.0, 4090.0, 409.0, 24131.0, 28630.0, 42945.0, 29448.0]"
"It was Wyatt's younger brother, Morgan, not James (Wyatt's older brother), who was ambushed and murdered in Tombstone. This occurred after the O.K. Corral gunfight, not before. Virgil Earp was also ambushed in Tombstone after the O.K. corral fight. He survived the attack, but was left with a permanently disabled arm.",ita,eng,"[46104.0, 5712.0, 51000.0, 65280.0, 43656.0, 32232.0, 147288.0, 2040.0, 27744.0, 4896.0, 0.0, 82824.0, 35904.0, 107304.0, 35496.0]"
"Another of his five sons, Sachem Orenda Clark (born February 21, 1988), has his own solo career as a multi-instrumentalist and also plays guitar on some of his father's albums.",ita,eng,"[9361.0, 4070.0, 41921.0, 27269.0, 7733.0, 20350.0, 45177.0, 814.0, 407.0, 3663.0, 407.0, 814.0, 21978.0, 28490.0, 22792.0]"
"Despite some improvement in key design since, the majority of locks today are still variants of the designs invented by Bramah, Chubb and Yale. Each locks combination is determined by the off-set of two small wheel-like apparatus. The change in position of the wheels on top of each other creates a unique combination for the lock.",ita,eng,"[31262.0, 1624.0, 71862.0, 43442.0, 5278.0, 28826.0, 74704.0, 812.0, 812.0, 2436.0, 0.0, 16240.0, 27608.0, 47502.0, 33292.0]"
"While living with her family in Chicago, she attended a burlesque performance starring comedian Margaret Cho and dancer Satan's Angel. This prompted in her a desire to become a burlesque dancer; and, after she moved back with her family to the Quad Cities area of Iowa, she created the professional burlesque troupe Burlesque Le Moustache, with nine performers, including Colby herself under the stage name Dannie Diesel, touring eastern Iowa and western Illinois. As of October 2014, Colby owned a burlesque academy called Dannie Diesel's Bump 'n' Grind Academy in the Rogers Park neighborhood of Chicago.",fra,eng,"[23895.0, 6075.0, 61155.0, 104490.0, 43740.0, 49005.0, 97605.0, 810.0, 1620.0, 5265.0, 405.0, 32400.0, 52245.0, 70875.0, 56700.0]"
Tawake played both 7's and 15's. He studied at Nasinu Secondary School and he represented them in both 7's and 15's rugby. He made his international debut in 15's against Samoa on 20 June 1992 in Suva.,tur,eng,"[38784.0, 6060.0, 33532.0, 32724.0, 34744.0, 29088.0, 74740.0, 3232.0, 1616.0, 3232.0, 1616.0, 36764.0, 32724.0, 83628.0, 37168.0]"
"During the 1936–37 season, Wright played 28 times for Aldershot as they finished bottom of the Football League. However, a fee of £2,500 saw him move to Derby County for the following season, where he played 25 times.",tur,eng,"[37479.0, 4433.0, 39897.0, 27807.0, 22165.0, 26598.0, 39897.0, 1209.0, 1209.0, 4433.0, 806.0, 22165.0, 26598.0, 51181.0, 33046.0]"
"Christians have identified a wealth of symbolism in its form. The sharpness of the leaves help to recall the crown of thorns worn by Jesus; the red berries serve as a reminder of the drops of blood that were shed for salvation; and the shape of the leaves, which resemble flames, can serve to reveal God's burning love for His people. Combined with the fact that holly maintains its bright colors during the Christmas season, it naturally came to be associated with the Christian holiday.",eng,eng,"[20904.0, 1608.0, 71154.0, 42210.0, 16884.0, 38190.0, 66330.0, 0.0, 0.0, 1206.0, 804.0, 804.0, 42210.0, 42612.0, 45024.0]"
"As with the case of direct democracy, economic democracy today is only feasible at the level of the confederated demoi. It involves the ownership and control of the means of production by the demos. This is radically different from the two main forms of concentration of economic power : capitalist and 'socialist' growth economy. It is also different from the various types of collectivist capitalism, such as workers' control and milder versions suggested by post-Keynesian social democrats. The demos, therefore, becomes the authentic unit of economic life.",ita,eng,"[44110.0, 3609.0, 66566.0, 72982.0, 32481.0, 44110.0, 87017.0, 802.0, 401.0, 13634.0, 2005.0, 22456.0, 44511.0, 72180.0, 50526.0]"
"Inaugural Eddie Scott/Bertha Woodard Human Rights Advocacy Award for """"Fatal Encounters,"""" """"On Paper"""" and """"When Hate Comes to Town"""" in 2015, The NAACP Reno-Sparks Branch No. 1112",tur,eng,"[26400.0, 5200.0, 28000.0, 24800.0, 21200.0, 21200.0, 38400.0, 2000.0, 800.0, 1600.0, 1200.0, 20400.0, 23200.0, 46400.0, 22800.0]"
"In 1946, after he completed his military service, Johnson returned to the Museum of Modern Art as a curator and writer. At the same time, he began working to establish his architectural practice. He built a small house, in th style of Mies, in Saaponack, Long Island in 1946. This was followed by one of this most famous buildings, which he built for himself; the Glass House in New Canaan, Connecticut, completed in 1949, which has become a landmark of modern architecture.",ita,eng,"[97755.0, 5985.0, 75411.0, 106932.0, 85785.0, 47880.0, 217455.0, 1596.0, 0.0, 5985.0, 8379.0, 54264.0, 49476.0, 164388.0, 52668.0]"
"The origins of the OJ stemmed from a 1929 Bureau of Aeronautics (BuAer) requirement calling for an observation ﬂoatplane intended for service aboard Omaha class light cruisers, readily convertible to wheels or ﬂoats and light enough to operate from the cruiser-type catapult. Prototypes were ordered from Keystone-Loening (then a subsidiary of Curtiss-Wright), Berliner-Joyce and Vought, and designated as the XOK-1, XOJ-1 and XO4U-1 respectively.",ita,eng,"[80794.0, 7562.0, 44178.0, 80794.0, 68058.0, 43382.0, 130146.0, 5174.0, 796.0, 8358.0, 796.0, 44178.0, 42984.0, 124176.0, 54128.0]"
"The crash site of American Airlines Flight 191 is located along the road as Higgins Road, just south of the road and north of O'Hare International Airport.",eng,eng,"[29775.0, 1985.0, 31363.0, 16277.0, 8337.0, 15483.0, 31363.0, 397.0, 397.0, 3176.0, 0.0, 3573.0, 13498.0, 26599.0, 16277.0]"
"1st place in General Excellence, Freedom of Information, Best Website, Editorial Cartoon, Writing in 2008, California Newspaper Publishers Association",tur,eng,"[20592.0, 2772.0, 22572.0, 26532.0, 16632.0, 12672.0, 34848.0, 1584.0, 396.0, 792.0, 396.0, 11880.0, 11880.0, 44352.0, 18216.0]"
"Stick Figure was founded in 2006 as a one-man band by multi-instrumentalist, songwriter, and producer Scott Woodruff. Woodruff, originally from Duxbury, Massachusetts, began playing instruments at the age of 17, and was primarily drawn to reggae . His style of layering tracks to create songs was particularly inspired by Keller Williams who utilized a looping method to create music.",ita,eng,"[58065.0, 5135.0, 40685.0, 35550.0, 60040.0, 32785.0, 98355.0, 1185.0, 395.0, 4345.0, 31600.0, 31600.0, 35945.0, 77025.0, 33970.0]"
"Page announced a major management restructure in October 2014 so that he would no longer need to be responsible for day-to-day product-related decision making. In a memo, Page said that Google's core businesses would be able to progress in a typical manner, while he could focus on the next generation of ambitious projects, including Google X initiatives; access and energy, including Google Fiber; smart-home automation through Nest Labs; and biotechnology innovations under Calico. Page maintained that he would continue as the unofficial """"chief product officer."""" Subsequent to the announcement, the executives in charge of Google's core products reported to then Google Senior Vice President Sundar Pichai, who reported directly to Page.",ita,eng,"[90620.0, 3940.0, 85498.0, 87468.0, 81164.0, 69738.0, 181634.0, 3546.0, 788.0, 5516.0, 45310.0, 61464.0, 62646.0, 164298.0, 64222.0]"
"The Religion of India: The Sociology of Hinduism and Buddhism is a book on the sociology of religion written by Max Weber, a German economist and sociologist of the early twentieth century. The original edition was in German under the title Hinduismus und Buddhismus and published in 1916. An English translation was made in 1958 and several editions have been released since then.",deu,eng,"[53841.0, 2358.0, 53055.0, 64845.0, 255450.0, 43623.0, 137550.0, 4716.0, 2751.0, 8646.0, 7467.0, 51483.0, 35763.0, 116328.0, 35763.0]"
"The very recognizable acoustic bass line that opens the song is occasionally played as organ music at some baseball stadiums, such as Nationals Park.",eng,eng,"[3136.0, 1176.0, 26264.0, 11368.0, 1568.0, 11368.0, 20384.0, 392.0, 392.0, 784.0, 0.0, 0.0, 10192.0, 14112.0, 12544.0]"
"Columbia's varsity football team has been notably unsuccessful in recent years, winning only two games over a span of five seasons, including three consecutive winless seasons from 2005–2007, but broke their 45-game losing streak with a 48−0 victory over Dickinson High School in the last game of the 2008 season. In 2009, The team finished 8−1 in the regular season, but lost to Westfield High School 41−6 in the first round of playoffs.",ita,eng,"[21896.0, 6256.0, 61387.0, 47311.0, 9384.0, 45747.0, 84847.0, 3910.0, 1173.0, 3910.0, 391.0, 782.0, 48484.0, 59432.0, 58259.0]"
"In 2014, 350 people contributed to an outdoor sculpture at Tacoma Art Museum. The towers she made were cast in bronze and she posted a micro-website with stories behind each blanket. Watt listens to her material and pulls from a deep sense of community and narrative to create works with history. Her works are both figurative and abstract.",ita,eng,"[56940.0, 3120.0, 48750.0, 58890.0, 12480.0, 28860.0, 84630.0, 1170.0, 390.0, 1170.0, 20280.0, 24180.0, 29640.0, 48750.0, 30420.0]"
"Political democracy presupposes a radical decentralisation (physical or administrative) within a confederal society, which, by itself, should enhance its environmentally friendly character. Furthermore, political democracy would create a public space, a fact which would significantly reduce the appeal of materialism by providing a new meaning of life to fill the existential void that the present consumer society creates. Economic democracy replaces the dynamics of the capitalist market economy leading to growth per se with a new social dynamic aiming at the satisfaction of demos' needs. If the satisfaction of demotic needs does not depend, as at present, on the continuous expansion of production to cover the 'needs' that the market system itself creates and if society is reintegrated with the economy, then there is no reason why the present instrumentalist view of nature will continue conditioning human behaviour. Particularly so, since unlike socialist models which are 'centralist', the aim of production in an Inclusive Democracy is not economic growth, but the satisfaction of the basic needs of the community and those non-basic needs for which members of the community express a desire and are willing to work extra for. This implies a new definition of economic efficiency, based not on narrow techno-economic criteria of input minimisation/output maximisation as in socialist models like Parecon, but on criteria securing full coverage of the democratically defined basic needs of all citizens as well as of the non-basic needs they decide to meet, even if this involves a certain amount of inefficiency according to the orthodox economics criteria.",ita,eng,"[147042.0, 3501.0, 140429.0, 225620.0, 35399.0, 118645.0, 281247.0, 2723.0, 389.0, 31898.0, 3501.0, 127592.0, 123702.0, 262575.0, 136928.0]"
"On 7 October, 1915, curlers gathered in Slater and Finlayson's store to discuss prospects for the formation of a second curling club in Regina. It was agreed that a second club would not only prove beneficial in the interests of curling in the city, but the additional rink would provide better accommodation for the Provincial Bonspiel. The Club was officially established on the day of October 14, 1915 when it was given the name of The Caledonian Curling Club of Regina. C. J. Watson, who had chaired the meetings, was named the first president of the club.",tur,eng,"[59752.0, 1940.0, 73720.0, 61304.0, 50828.0, 53156.0, 96612.0, 3104.0, 776.0, 3880.0, 1164.0, 46560.0, 53544.0, 116788.0, 60140.0]"
"Leo Romero left the Baker team in April 2009, and his departure led to a great amount of discussion among skateboarders and fans. Romero was awarded Thrasher magazine's """"Skateboarder of the Year"""" trophy in 2010.",ita,eng,"[23994.0, 3870.0, 38700.0, 26316.0, 7353.0, 22059.0, 45279.0, 1161.0, 387.0, 2322.0, 0.0, 23607.0, 24381.0, 29025.0, 25929.0]"
"The soundtrack for Truck Turner was composed by Isaac Hayes. Although many regard it as Shaft's equal in composition, the soundtrack never managed to reach the mass popularity of the Shaft soundtrack, mainly due to the financial decline of Stax Records and was originally released on a double record album on vinyl which are mostly found in the """"bargain bins"""". However, in 1993, it was released in a double-CD album alongside Hayes' other lesser-known soundtrack for the movie Three Tough Guys and again released on its own CD in 2002. Some of the music score was used by filmmaker Quentin Tarantino in the Kill Bill series.",ita,eng,"[109624.0, 4246.0, 58286.0, 115800.0, 64848.0, 54426.0, 194544.0, 3088.0, 772.0, 7720.0, 40916.0, 49794.0, 54812.0, 171770.0, 55584.0]"
"Bilton is a village in Northumberland, in England. It is situated near the River Aln, a short distance inland from the North Sea coast, close to Alnmouth. Alnwick is the nearest town.",tur,eng,"[46970.0, 1925.0, 25025.0, 19250.0, 22330.0, 21175.0, 38115.0, 1540.0, 0.0, 4235.0, 11165.0, 15400.0, 18480.0, 57750.0, 26180.0]"
"Most artificial market proponents reject the traditional socialist adoption of the labour theory of value as they believe it cannot be used as the basis for allocating scarce resources. The reason given is that even if the labour theory of value can give a (partial) indication of availability of resources, it certainly cannot be used as a means to express consumers’ preferences. Thus they feel that the labour theory of value cannot serve as the basis for an allocative system that aims at both meeting needs and, at the same time, securing consumer sovereignty and freedom of choice. Instead, the model proposed here is, in fact, a system of rationing, which is based on the revealed consumers’ preferences on the one hand, and resource availability on the other.",ita,eng,"[8832.0, 1536.0, 77568.0, 64896.0, 6528.0, 56448.0, 111360.0, 1152.0, 384.0, 14208.0, 768.0, 768.0, 58752.0, 70656.0, 66048.0]"
James Earp was the older brother of Wyatt and never involved in the law enforcement side of the family. He was present in Tombstone but worked as a bartender. Warren Earp was the youngest brother of the Earp brothers and bounced between Tombstone and California during 1880-82.,tur,eng,"[34470.0, 5362.0, 37151.0, 45194.0, 28342.0, 25278.0, 64344.0, 1532.0, 383.0, 6511.0, 11873.0, 21831.0, 26044.0, 66259.0, 26810.0]"
"The close of the 19th century and the beginning of the 20th brought significant changes in high school curriculum and school management. The Board of Education had by now replaced the old Board of Trustees. In 1890, """"manual training"""" was offered in school. By 1891, sciences had been added to the course of study. A tradition of excellence was beginning to evolve, and in 1892 two Columbia graduates were admitted to Cornell University. Musical enrichment was added in 1894 with the hiring of a singing teacher from New York City. Early in the 1900s the value of athletics was recognized and encouraged at Columbia by the organization of boys' and girls' teams. The student council was formed in 1912, and The Columbian student newspaper followed in 1915.",tur,eng,"[27886.0, 4584.0, 84804.0, 73726.0, 55008.0, 67996.0, 131026.0, 2674.0, 382.0, 5730.0, 764.0, 67996.0, 79074.0, 131790.0, 77164.0]"
"Kafru Bavakeh (Persian: كفروباوكه‎, also Romanized as Kafrū Bāvakeh; also known as Kafrū Bābākīyeh-e Şayyādī) is a village in Posht Tang Rural District, in the Central District of Sarpol-e Zahab County, Kermanshah Province, Iran. At the 2006 census, its population was 119, in 21 families.",tur,eng,"[144018.0, 13335.0, 20193.0, 85344.0, 92583.0, 75057.0, 216408.0, 17526.0, 31623.0, 32385.0, 34290.0, 92964.0, 58674.0, 470154.0, 80010.0]"
"The school was the 96th-ranked public high school in New Jersey out of 339 schools statewide in New Jersey Monthly magazine's September 2014 cover story on the state's """"Top Public High Schools"""", using a new ranking methodology. The school had been ranked 47th in the state of 328 schools in 2012, after being ranked 75th in 2010 out of 322 schools listed. The magazine ranked the school 89th in 2008 out of 316 schools. The school was also ranked 79th in the magazine's September 2006 issue, which surveyed 316 schools across the state. Schooldigger.com ranked the school 150th out of 381 public high schools statewide in its 2011 rankings (an increase of 29 positions from the 2010 ranking) which were based on the combined percentage of students classified as proficient or above proficient on the mathematics (82.5%) and language arts literacy (94.6%) components of the High School Proficiency Assessment (HSPA).",ita,eng,"[341240.0, 21280.0, 77140.0, 278540.0, 257260.0, 126160.0, 570760.0, 18620.0, 57760.0, 46360.0, 87020.0, 191900.0, 126540.0, 546440.0, 148200.0]"
"In 2012, the News & Review received a grant from the Sierra Health Foundation to help fund stories throughout California about the state's low rates of participation in CalFresh, colloquially known as food stamps.",ita,eng,"[39795.0, 2653.0, 26530.0, 40174.0, 29183.0, 17434.0, 97024.0, 1137.0, 14023.0, 1137.0, 12128.0, 34110.0, 20466.0, 69357.0, 23498.0]"
"The actual gunfight took place in a vacant lot behind the O.K. corral, next to a photography studio, not in the corral itself. It was not an """"event by appointment"""", as the prearrangement between Billy and Wyatt the night before depicts in the movie. It evolved the morning of the fight as the Earps responded to the chaos and threats raised by Ike Clanton after drinking himself into a rage the entire night before.",ita,eng,"[58590.0, 1890.0, 50274.0, 93366.0, 42714.0, 39690.0, 190134.0, 2268.0, 15498.0, 5670.0, 31752.0, 59724.0, 35910.0, 119070.0, 37422.0]"
"The earliest known lock and key device was discovered in the ruins of Nineveh, the capital of ancient Assyria. Locks such as this were later developed into the Egyptian wooden pin lock, which consisted of a bolt, door fixture, and key. When the key was inserted, pins within the fixture were lifted out of drilled holes within the bolt, allowing it to move. When the key was removed, the pins fell part-way into the bolt, preventing movement.",ita,eng,"[42978.0, 1131.0, 55042.0, 59566.0, 8294.0, 37700.0, 100659.0, 377.0, 0.0, 2639.0, 754.0, 22997.0, 36946.0, 76154.0, 39962.0]"
"He was killed in a helicopter which was shot down by Armenian forces near the Karakend village of Khojavend district in Nagorno-Karabakh, Azerbaijan. There were no survivors of the crash.",tur,eng,"[22184.0, 4136.0, 28952.0, 30832.0, 14288.0, 17672.0, 40608.0, 752.0, 376.0, 3384.0, 12032.0, 12408.0, 17296.0, 87984.0, 20304.0]"
"The citizen body is advised by experts but it is the citizen body which functions as the ultimate decision-taker . Authority can be delegated to a segment of the citizen body to carry out specific duties, for example to serve as members of popular courts, or of regional and confederal councils. Such delegation is made, in principle, by lot, on a rotation basis, and is always recallable by the citizen body. Delegates to regional and confederal bodies should have specific mandates.",ita,eng,"[23250.0, 2250.0, 66750.0, 61875.0, 18000.0, 51000.0, 69750.0, 0.0, 750.0, 8250.0, 1125.0, 750.0, 37500.0, 60375.0, 44250.0]"
"Leytron has an area, as of 2009, of 26.9 square kilometers (10.4 sq mi). Of this area, 7.27 km2 (2.81 sq mi) or 27.1% is used for agricultural purposes, while 8.09 km2 (3.12 sq mi) or 30.1% is forested. Of the rest of the land, 1.68 km2 (0.65 sq mi) or 6.3% is settled (buildings or roads), 0.15 km2 (37 acres) or 0.6% is either rivers or lakes and 9.73 km2 (3.76 sq mi) or 36.2% is unproductive land.",ita,eng,"[180642.0, 16456.0, 74800.0, 200464.0, 113322.0, 76670.0, 397188.0, 7106.0, 46750.0, 24684.0, 53108.0, 121176.0, 89386.0, 295460.0, 96866.0]"
"The third disc continues with more early examples of early reggae, stretching into the early 1970s. Freddie Notes & the Rudies sing a version of Bobby Loom's hit, """"Montego Bay"""". Also featured is Greyhound's version of """"Black and White"""", originally composed by David Arkin and Earl Robinson, which later supplied a major hit for Three Dog Night. Several pre-fame songs recorded Bob Marley and Peter Tosh with the Wailers are included on disc 3, which were produced by Lee """"Scratch"""" Perry. Tosh sings the lead vocal on """"400 Years"""" and Marley on """"Duppy Conqueror"""", """"Small Axe"""", """"African Herbsman"""".",ita,eng,"[129804.0, 20142.0, 62664.0, 109662.0, 77957.0, 57442.0, 280496.0, 10071.0, 39911.0, 15293.0, 36181.0, 129058.0, 57815.0, 227903.0, 64902.0]"
"Following the release of Dave Matthews first solo album, Some Devil, Matthews brought together many of the albums' collaborators and embarked on a small winter 2003/2004 U.S. tour. The group consisted of Trey Anastasio (of Phish) on guitar, Brady Blade on drums, Tony Hall on bass, Ray Paczkowski on keys, and Reynolds on guitar. Each show opened with a small acoustic Matthews and Reynolds set, and then followed with the full band set with Reynolds performing on electric guitar. Most of Some Devil was played live that tour, along with a wide variety of covers, including, by Reynolds' request, Peter Gabriel's hit """"Solsbury Hill"""".",ita,eng,"[91884.0, 7068.0, 65100.0, 161076.0, 80724.0, 62124.0, 341496.0, 7068.0, 43524.0, 11532.0, 50220.0, 111600.0, 60264.0, 212784.0, 69192.0]"
"In this shuttle, the enzyme called cytoplasmic glycerol-3-phosphate dehydrogenase 1 (GPDH-C) converts dihydroxyacetone phosphate (2) to glycerol 3-phosphate (1) by oxidizing one molecule of NADH to NAD+ as in the following reaction:",tur,eng,"[42665.0, 6678.0, 35987.0, 24486.0, 10388.0, 23744.0, 35987.0, 2968.0, 371.0, 5936.0, 1855.0, 18179.0, 23373.0, 64554.0, 30051.0]"
"As an art collector Johnson's eclectic eye supported avant-garde movements and young artists often before they became widely known. His collection of American art was strong in Abstract expressionism, Pop Art, Minimalism, Neo-Dada, Color Field, Lyrical Abstraction, and Neo-Expressionism and he often donated important works from his collection to institutions like MoMA, and other important private museums and University collections like the Norton Simon Museum, the Sheldon Museum of Art and the Iris & B. Gerald Cantor Center for Visual Arts at Stanford University among many others.",ita,eng,"[88800.0, 9250.0, 50690.0, 120620.0, 71410.0, 44030.0, 193510.0, 3700.0, 370.0, 9990.0, 30710.0, 48470.0, 45140.0, 172790.0, 52540.0]"
"The district had only the town of Saganoseki until December 31, 2004. But on January 1, 2005, Saganoseki, along with the town of Notsuharu (from Ōita District), was merged into the expanded city of Ōita, and Kita-Amabe District was dissolved as a result of this merger.",tur,eng,"[68265.0, 4797.0, 40959.0, 87822.0, 43542.0, 36162.0, 119556.0, 18819.0, 9225.0, 4797.0, 1107.0, 27675.0, 33210.0, 134685.0, 49446.0]"
"Bussy-Saint-Georges is located in the perimeter of the new city of Marne-la-Vallée as defined by the national government in 1966. But Marne-la-Vallée is just a geographical entity, precisely divided in 4 sectors. The city is in sector 3 of Marne-la-Vallée, also called Val-de-Bussy.",fra,eng,"[45632.0, 13616.0, 35696.0, 397072.0, 39008.0, 32016.0, 127696.0, 1472.0, 22080.0, 8832.0, 19136.0, 53728.0, 33856.0, 96048.0, 46368.0]"
"Snake is sent into Manhattan in a stealth glider, landing atop the World Trade Center. He tracks the President's life-monitor bracelet to a vaudeville theater, only to find it on the wrist of an insane old man. He meets """"Cabbie,"""" who takes Snake in his armored taxi cab to Harold """"Brain"""" Hellman, an advisor to the Duke and a former associate of Snake's. Brain tells Snake that the Duke plans to unify the gangs in a mass exodus across the heavily guarded Queensboro Bridge, using the President as a human shield and a map Brain has created to avoid the landmines. Snake forces Brain and his girlfriend Maggie to lead him to the Duke's compound at Grand Central Terminal. He finds the President, but is captured by the Duke's men.",ita,eng,"[71565.0, 4037.0, 60555.0, 77437.0, 33397.0, 63858.0, 113403.0, 1835.0, 367.0, 5505.0, 367.0, 48077.0, 62023.0, 85878.0, 65326.0]"
"Marvel Comics released the one-shot The Adventures of Snake Plissken in January 1997. The story takes place sometime between Escape from New York and before his famous Cleveland escape mentioned in Escape from L.A. Snake has robbed Atlanta's Center for Disease Control of some engineered metaviruses and is looking for buyers in Chicago. Finding himself in a deal that's really a set-up, he makes his getaway and exacts revenge on the buyer for ratting him out to the United States Police Force. In the meantime, a government lab has built a robot called A.T.A.C.S. (Autonomous Tracking And Combat System) that can catch criminals by imprinting their personalities upon its program in order to predict and anticipate a specific criminal's every move. The robot's first test subject is America's public enemy number one, Snake Plissken. After a brief battle, the tide turns when A.T.A.C.S. copies Snake to the point of fully becoming his personality. Now recognizing the government as the enemy, A.T.A.C.S. sides with Snake. Unamused, Snake sucker punches the machine and destroys it. As A.T.A.C.S. shuts down, it can only ask him, """"Why?"""" Snake just walks off answering, """"I don't need the competition"""".",tur,eng,"[238632.0, 12810.0, 99552.0, 210084.0, 137616.0, 116754.0, 341478.0, 6954.0, 366.0, 11346.0, 58194.0, 103578.0, 129930.0, 374052.0, 117486.0]"
"N&R Publications was founded in 2010 as a separate division of the company that produces advertorial publications for nonprofit organizations, government offices and businesses. The publications, which are inserted into all three News & Review papers as well as other newspapers around the country, use a journalistic approach to communicate complicated messages on behalf of the client organization. The custom publications range in topic, and include a breakdown of how to sign up for Covered California, how to protect yourself from mosquitoes, how The Salvation Army operates, and others.",ita,eng,"[45990.0, 2190.0, 62050.0, 42705.0, 13140.0, 40515.0, 77380.0, 1095.0, 365.0, 3650.0, 365.0, 37960.0, 40880.0, 73365.0, 54750.0]"
"After the structure of the society, Weber analysed the Hindu religious beliefs - ascetism and the Hindu view of the world, the Brahman orthodox doctrines, the rise and fall of Buddhism in India, the Hindu restoration and the evolution of guru.",hin,eng,"[5824.0, 1456.0, 31668.0, 18564.0, 17108.0, 35308.0, 32396.0, 364.0, 0.0, 4732.0, 728.0, 728.0, 18564.0, 22932.0, 21112.0]"
"On February 20, 1975, Hart and wrestlers Austin Idol and Bobby Shane were passengers on a Cessna 182 flown by wrestler Buddy Colt, which crashed into Tampa Bay in Florida, killing Shane.",ita,eng,"[32307.0, 2178.0, 27225.0, 56991.0, 37752.0, 18150.0, 94017.0, 2178.0, 8712.0, 6534.0, 10164.0, 29766.0, 18150.0, 71511.0, 21780.0]"
"Byron came through the Academy at Hull City and earned himself a one-year contract in 2006. He spent much of that first year on loan to first Conference North Hinckley United and then League Two Notts County. He did not make any senior appearances for Hull, and was released at the end of the season.",tur,eng,"[44888.0, 4344.0, 32580.0, 28598.0, 14842.0, 24978.0, 38010.0, 362.0, 362.0, 3258.0, 1086.0, 21720.0, 27512.0, 49232.0, 29684.0]"
"Following a January 2011 announcement, Page officially became the chief executive of Google on April 4, 2011, while Schmidt stepped down to become executive chairman. By this time, Google had over $180 billion market capitalization and more than 24,000 employees.",ita,eng,"[50901.0, 4332.0, 43681.0, 46930.0, 17328.0, 26714.0, 63897.0, 361.0, 361.0, 2166.0, 0.0, 20216.0, 24909.0, 62092.0, 27075.0]"
"Max Weinberg (born 1951, class of 1969), drummer for Bruce Springsteen and the E Street Band and band leader of The Max Weinberg 7 of Late Night with Conan O'Brien.",tur,eng,"[26280.0, 5760.0, 26640.0, 27720.0, 27000.0, 18360.0, 44280.0, 1080.0, 360.0, 3240.0, 11520.0, 12960.0, 16920.0, 54000.0, 19080.0]"
"Colby owns and operates 4 Miles 2 Memphis, a retro clothing boutique in the Wicker Park area of Chicago, which was opened at this location on January 18, 2013.",tur,eng,"[26207.0, 2513.0, 32310.0, 17232.0, 15078.0, 16514.0, 34464.0, 1436.0, 359.0, 2513.0, 0.0, 14719.0, 17232.0, 40926.0, 19027.0]"
"Sohail captained Pakistan in six Tests in 1998, becoming the first Pakistani captain to defeat South Africa in a Test Match. He led Pakistan through 22 One Day Internationals from 1996 to 1998, winning nine and averaging 41.5 with the bat. He also acted as acting captain of Pakistan against West Indies in Sharjah.",ita,eng,"[26134.0, 1790.0, 39380.0, 56564.0, 20764.0, 58712.0, 83772.0, 1432.0, 716.0, 3580.0, 1074.0, 0.0, 31862.0, 49762.0, 35800.0]"
"The girls' track and field team won the New Jersey Group IV indoor relay state championship in 1982, 1983, 1984, 1994, 1996, 1997, 1998, 2004, 2013 and 2014; the 10 state titles are ties for the most won by any girls track program. The boys' track team placed 5th at the Nike Indoor Nationals in the 4x400 meter relay in 2009, making it the best in history for Columbia boys and breaking a school record. In the 2010 outdoor season, both the girls' and boys' teams went to the New Balance Outdoor Nationals, where the girls' team won, making them #1 in the country, and the boys placed 6th.",bul,eng,"[142086.0, 4998.0, 87822.0, 71043.0, 18207.0, 69258.0, 134232.0, 7497.0, 1428.0, 2142.0, 357.0, 65331.0, 78897.0, 123879.0, 79611.0]"
"Ibtihaj Muhammad (born 1985, class of 2003), sabre fencer and member of the United States fencing team, best known for being the first Muslim woman to wear a hijab to compete for the U.S. team at the 2016 Summer Olympics.",tur,eng,"[27056.0, 4628.0, 35600.0, 30616.0, 13884.0, 22784.0, 37024.0, 3560.0, 712.0, 7120.0, 356.0, 19224.0, 27768.0, 71200.0, 27056.0]"
"In November 2014, Page's family foundation, the Carl Victor Page Memorial Fund, reportedly holding assets in excess of a billion dollars at the end of 2013, gave $15 million to aid the effort against the Ebola virus epidemic in West Africa. Page wrote on his Google+ page that """"My wife and I just donated $15 million....Our hearts go out to everyone affected.",ita,eng,"[37275.0, 2840.0, 54670.0, 63190.0, 11005.0, 31240.0, 107565.0, 1775.0, 355.0, 1065.0, 710.0, 29465.0, 33370.0, 76325.0, 34790.0]"
"Shealy owned a small chain of South Carolina newspapers including The Beaufort County News, The Lake Murray News, The Cayce-West Columbia News, The Northeast News, North Charleston News, Goose Creek, The Hanahan, and The New Irmo News. He also owned Gatsbees World Fair, an old fashioned soda shop.",ita,eng,"[43188.0, 4602.0, 36816.0, 52392.0, 34692.0, 25134.0, 98412.0, 2478.0, 1062.0, 7080.0, 15930.0, 29382.0, 22656.0, 84960.0, 34692.0]"
"In 2007, the News & Review, with the help of a small grant from the Association of Alternative Newsmedia, led 53 alternative weeklies across the country in a joint cover project marking the 10-year anniversary of the Kyoto Accord, the first international attempt to bring world leaders together to combat climate change.",tur,eng,"[50479.0, 3883.0, 43419.0, 51891.0, 35653.0, 24710.0, 76954.0, 706.0, 353.0, 2824.0, 0.0, 23651.0, 27534.0, 91427.0, 34241.0]"
"Of the built up area, housing and buildings made up 3.6% and transportation infrastructure made up 1.9%. Out of the forested land, 25.0% of the total land area is heavily forested and 3.8% is covered with orchards or small clusters of trees. Of the agricultural land, 0.4% is used for growing crops and 1.8% is pastures, while 11.0% is used for orchards or vine crops and 13.9% is used for alpine pastures. All the water in the municipality is flowing water. Of the unproductive areas, 12.0% is unproductive vegetation and 24.2% is too rocky for vegetation.",ita,eng,"[162272.0, 10560.0, 65472.0, 162272.0, 61600.0, 75680.0, 287936.0, 10208.0, 16896.0, 24288.0, 39776.0, 61248.0, 61952.0, 255200.0, 87296.0]"
"Affluent Romans often kept their valuables in secure locked boxes within their households, and wore the keys as rings on their fingers. The practice had two benefits: It kept the key handy at all times, while signaling that the wearer was wealthy and important enough to have money and jewelry worth securing.",ita,eng,"[7020.0, 702.0, 35451.0, 28431.0, 3861.0, 20358.0, 41067.0, 0.0, 351.0, 3159.0, 0.0, 351.0, 21060.0, 23166.0, 23166.0]"
"In 1893, the MWSA convinced the Minnesota Senate to take up women's suffrage. President Julia Bullard Nelson worked with Ignatius Donnelly, a Populist state senator. The Populists regularly supported a women's suffrage plank. Nelson herself was a Populist school superintendent candidate in 1894. Nelson and Donnelly initially sought the vote for women in municipal elections. However, the Senate went further. Its members voted to remove the word """"male"""" from the state's voting requirements. The bill passed thirty-two to nineteen. However, this change did not pass the House. That chamber did not have time to take it up before the legislative session ended. Even if it had passed the House, however, the voters of Minnesota would have had to approve it before it became law.",ita,eng,"[97650.0, 3500.0, 61250.0, 63350.0, 40250.0, 61950.0, 109900.0, 4900.0, 700.0, 2450.0, 0.0, 1050.0, 60900.0, 102900.0, 64050.0]"
"Coburn tried a change of pace, an adaptation of a Tennessee Williams play, Last of the Mobile Hot Shots (1970) directed by Sidney Lumet, but the film was not popular.",ita,eng,"[32806.0, 4537.0, 31061.0, 29316.0, 22685.0, 15007.0, 75384.0, 2443.0, 8027.0, 4537.0, 12913.0, 23383.0, 13960.0, 55491.0, 17450.0]"
"In 2002, in cooperation with AlterNet, the News & Review led a national project with more than 30 weeklies nationwide to cover the story of married priests and the Catholic Church reform movement.",ita,eng,"[22620.0, 2088.0, 30972.0, 19140.0, 21228.0, 15312.0, 33060.0, 696.0, 0.0, 0.0, 348.0, 1392.0, 15312.0, 24708.0, 20184.0]"
"The new schoolhouse was a two-story wood structure, topped by a thin steeple and a lofty weather vane. It was completed before the fall term of 1815. The Trustees decided """"That the price of tuition in this school be fixed at $1.75 per quarter for spelling, reading and writing; for Arithmetic in addition to the above branches the sum of $0.25 cts and for Grammar or Geography the further sum of twenty-five cents."""" The cost of firewood was to be """"divided equally among the scholars."""" On May 10, 1816, the Trustees adopted a seal for the school in the form of """"a spread eagle standing on a globe with the word Excelsior underneath in Roman Capitals.",ita,eng,"[36435.0, 3470.0, 80504.0, 57602.0, 28454.0, 55867.0, 85709.0, 2429.0, 694.0, 7634.0, 694.0, 347.0, 56908.0, 53091.0, 61766.0]"
"Nate warns Truck of the hit out on him. Truck frames Annie for shoplifting, and the police arrest her. Truck visits Nate again in the hospital. Truck gives Nate Jerry's gun for protection, and then they shoot Blue's goons when they burst in. Blue flees, but Truck shoots him. Blue dies a few minutes later in the driver's seat of his car. Truck confronts Dorinda and more goons at her house, and kills her when she reaches for a gun.",ita,eng,"[15916.0, 2076.0, 38060.0, 42904.0, 12110.0, 36676.0, 78888.0, 1384.0, 692.0, 2768.0, 0.0, 346.0, 40482.0, 51900.0, 37368.0]"
"The lever tumbler lock was greatly improved by Jeremiah Chubb in 1818. A burglary in Portsmouth Dockyard prompted the British Government to announce a competition to produce a lock that could be opened only with its own key. Chubb developed the Chubb detector lock, which incorporated an integral security feature that could frustrate unauthorised access attempts and would indicate to the lock's owner if it had been interfered with. Chubb was awarded £100 after a trained lock-picker failed to break the lock after 3 months.",tur,eng,"[40365.0, 2415.0, 60375.0, 50025.0, 30015.0, 37950.0, 79695.0, 1380.0, 0.0, 1725.0, 345.0, 36570.0, 40710.0, 99015.0, 46230.0]"
"Hearst was born in San Francisco, California, the third of five daughters of Randolph Apperson Hearst and Catherine Wood Campbell. She grew up primarily in Hillsborough. She attended Crystal Springs School for Girls in Hillsborough and the Santa Catalina School in Monterey. Patty attended Menlo College in Atherton, California prior to transferring as a junior to the University of California, Berkeley. Despite her wealthy grandfather, Patty Hearst's father was only one of a number of heirs, and did not have control of the Hearst interests. Her parents did not consider it necessary to take any measures for her personal security. At the time of her abduction, she was a sophomore at the University of California, Berkeley, studying art history, and living with her fiancé, Steven Weed.",ita,eng,"[88408.0, 1720.0, 70864.0, 112488.0, 65016.0, 52288.0, 180256.0, 3096.0, 344.0, 6880.0, 0.0, 49192.0, 56416.0, 173376.0, 56760.0]"
"For years, Abdul Kareem Al-Selwady vs Rami Aziz was one of the hottest rivalries in Middle East. The Iraqi started calling out the opponent when he was still the Desert Force featherweight champion, but the fight never took place in the promotion. With both fighters signing with Brave simultaneously, the agreement for the anticipated bout came soon and the promotion was marked by an intense war of words.",tur,eng,"[30527.0, 2401.0, 39788.0, 31899.0, 11319.0, 30870.0, 54880.0, 2058.0, 343.0, 2744.0, 343.0, 19894.0, 31556.0, 55566.0, 34643.0]"
"The idea of an artificial market was first proposed by the anarchist theorists Pierre-Joseph Proudhon and Mikhail Bakunin with their respective systems of Mutualism and collectivist anarchism. who suggested replacing traditional currency with a system of """"labour-cheques"""" while still retaining basic market relations for goods and services.",tur,eng,"[30096.0, 4446.0, 36594.0, 66348.0, 26334.0, 23598.0, 59850.0, 1026.0, 342.0, 3762.0, 8550.0, 18126.0, 22230.0, 71136.0, 26334.0]"
"On April 3, 1974, two months after she was abducted, Hearst announced on an audiotape that she had joined the SLA and assumed the name """"Tania"""" (inspired by the nom de guerre of Haydée Tamara Bunke Bider, Che Guevara's comrade).",ita,eng,"[30690.0, 3751.0, 38874.0, 77066.0, 30008.0, 24211.0, 96503.0, 2387.0, 1023.0, 2728.0, 17732.0, 32395.0, 21483.0, 93434.0, 24893.0]"
"Gambia Cricket Association is the official governing body of the sport of cricket in the Gambia and operates the Gambia national cricket team. Its current headquarters is in Banjul, Gambia. Gambia Cricket Association is Gambia's representative at the International Cricket Council and is an affiliate member and has been a member of that body since 2002. It is also a member of the African Cricket Association.",tur,eng,"[35700.0, 1360.0, 36720.0, 32640.0, 28560.0, 31620.0, 44200.0, 1020.0, 0.0, 2380.0, 1700.0, 25160.0, 29580.0, 67660.0, 36720.0]"
"The music video used clips from the movie A Nightmare on Elm Street 3: Dream Warriors, and primarily featured actress Patricia Arquette, and Robert Englund in the role of Freddy Krueger. The video featured various scenes from the film, combined with a small amount of original footage of Arquette's character Kristen being menaced by Freddy Krueger before being rescued by Dokken who drives Freddy off with the power of rock music. At the end of the video Freddy wakes up in bed screaming revealing that the video was his nightmare and exclaims, """"What a nightmare! Who were those guys?",ita,eng,"[84411.0, 5424.0, 49155.0, 85428.0, 75258.0, 43731.0, 258657.0, 3390.0, 36951.0, 6102.0, 36951.0, 112209.0, 42714.0, 142041.0, 44070.0]"
"During the 1960 to 1961 season, Coburn co-starred with Ralph Taeger and Joi Lansing in the NBC adventure/drama series, Klondike, set in the Alaskan gold rush town of Skagway.",ita,eng,"[34476.0, 5408.0, 29744.0, 20956.0, 29744.0, 19942.0, 56446.0, 1014.0, 8788.0, 2366.0, 10816.0, 25012.0, 18252.0, 51714.0, 19604.0]"
"The most famous tourists to Estonia have been Sir Tim Rice, and his team the Heartaches, the MCC, the Lord's Taverners and most recently Carmel & District Cricket Club captained by Timothy Abraham.",tur,eng,"[19883.0, 2359.0, 26960.0, 17187.0, 12132.0, 18872.0, 27634.0, 674.0, 337.0, 2359.0, 674.0, 10110.0, 13817.0, 30667.0, 16513.0]"
"Deathwish released a tribute skateboard deck in June 2014 to provide Dixon with a financial base to rebuild his life after his release from prison. The deck was sold with a letter from Ellington explaining Dixon's situation and his relationship to Deathwish/Bakerboys (""""Antwuan is one of the reasons we started Deathwish. He's been here since day one and he'll be here as long as we are.""""), in addition to a pre-addressed envelope for owners of the decks to be able to send Dixon a letter while he remained in prison.",ita,eng,"[15792.0, 4704.0, 49728.0, 43680.0, 22848.0, 40320.0, 76944.0, 2352.0, 336.0, 11088.0, 336.0, 1680.0, 43008.0, 54096.0, 43008.0]"
"In 2013, a grant from the Sacramento Emergency Foodlink allowed the SN&R to conduct independent research, reporting and distribution of articles on the subject of poverty in the Sacramento region from November 2012 to October 2013.",ita,eng,"[37855.0, 2680.0, 30485.0, 29480.0, 11725.0, 18760.0, 49245.0, 1005.0, 335.0, 1005.0, 0.0, 17420.0, 20770.0, 37855.0, 21775.0]"
"Glaser was educated at St Edmund Hall, Oxford, graduating from Oxford University with a First Class degree in English Literature in 1995, before gaining her PhD in early modern literature in 2000 at Birkbeck, University of London.",ita,eng,"[17702.0, 668.0, 25718.0, 21376.0, 24048.0, 20040.0, 31396.0, 1002.0, 334.0, 1336.0, 0.0, 12358.0, 19706.0, 29726.0, 19038.0]"
"Both Matthews and Reynolds have an open taping policy that additionally extends to TR3, which is available on his website. The pair contend that no two concerts are alike, due in great part to Reynolds' inspired exploration of the melody on stage.",eng,eng,"[4995.0, 666.0, 39294.0, 17649.0, 7326.0, 16317.0, 32301.0, 333.0, 0.0, 999.0, 0.0, 9990.0, 15651.0, 30969.0, 17982.0]"
"The municipality is located in the Martigny district. It consists of the hamlets of Leytron-Plan, Produit, Montagnon, Les Places, Dugny and Le Fou, which are at elevations of 497–1,041 meters (1,631–3,415 ft) and the settlement of Ovronnaz at 1,350 m (4,430 ft).",fra,eng,"[69388.0, 6972.0, 27556.0, 275892.0, 57436.0, 32204.0, 107236.0, 3320.0, 1328.0, 7636.0, 1328.0, 29216.0, 34528.0, 100928.0, 46812.0]"
"Kemperi (Georgian: ქემფერი) is a village in Khashuri Municipality of Shida Kartli region in Georgia. The village is located 11.5 km (7.1 mi) from Khashuri and 6.5 km (4.0 mi) from Surami, 800 m (2,625 ft) above sea level. According to the 2002 census it had a population of 470.",tur,eng,"[141337.0, 13571.0, 30452.0, 99300.0, 55939.0, 56270.0, 179071.0, 6951.0, 23832.0, 8937.0, 39389.0, 53953.0, 48326.0, 219784.0, 49650.0]"
"Finally, political or direct democracy implies a very different conception of citizenship than the usual liberal and socialist conceptions. In this conception, political activity is not a means to an end, but an end in itself so that one does not engage in political action simply to promote one's welfare but to realize the principles intrinsic to political life, such as freedom, equality and solidarity. This, in contrast to the liberal and social-democratic conceptions which adopt an 'instrumentalist' view of citizenship, i.e. a view which implies that citizenship entitles citizens with certain rights that they can exercise as means to the end of individual welfare.",ita,eng,"[5610.0, 2640.0, 54780.0, 67650.0, 13860.0, 43560.0, 79200.0, 990.0, 0.0, 4290.0, 660.0, 660.0, 43560.0, 61380.0, 46200.0]"
"Brave 1: The Beginning (also known as Brave 1 and Brave: The Beginning) was a mixed martial arts event held live by Brave Combat Federation on Friday September 23, 2016 at the Khalifa Sports City in Isa Town, Bahrain. The event was broadcast live online and locally through Bahrain TV.",ita,eng,"[51324.0, 4935.0, 29939.0, 51653.0, 28294.0, 25333.0, 115150.0, 4935.0, 4935.0, 14147.0, 21056.0, 30926.0, 28623.0, 93765.0, 30926.0]"
"In the late 1970s Johnson applied landscape architecture to two significant projects in Texas. The Fort Worth Water Gardens opened in 1974, creating an urban landscape where visitors experience water in distinct ways. And in 1977 Johnson completed the spiraling white chapel and meditation garden at Thanks-Giving Square in Dallas.",ita,eng,"[33456.0, 2624.0, 38048.0, 46248.0, 29848.0, 23944.0, 106272.0, 984.0, 5904.0, 1312.0, 6560.0, 40672.0, 26240.0, 73472.0, 25912.0]"
"The Bidwell Bungle, 1995: After purchasing 1,380 acres of land on the south side of Big Chico Creek, CN&R discovered that the city of Chico had been flummoxed by the sellers and had overpaid by as much as $1 million",tur,eng,"[31392.0, 3924.0, 35643.0, 23544.0, 7848.0, 21255.0, 40875.0, 2943.0, 654.0, 2943.0, 327.0, 16677.0, 20274.0, 41529.0, 24852.0]"
"Iraq War for Dummies, 2003: Days before the United States invaded Iraq, this cover story warned that it might take """"many years and cost hundreds of billions of dollars"""" to build a new nation in Iraq",eng,eng,"[6194.0, 1630.0, 29014.0, 16952.0, 8150.0, 15974.0, 24776.0, 652.0, 652.0, 652.0, 652.0, 652.0, 15322.0, 21842.0, 16952.0]"
"The terms of the armistice called for the immediate demobilization of all Bulgarian military activities. It ordered the evacuation of Bulgarian-occupied Greek and Serbian territories, placed limits and restrictions to the size of Bulgaria's military employment and required Bulgaria to return military equipment that had been taken from the Greek Fourth Army Corps during the Bulgarian occupation of Eastern Macedonia in 1916. German and Austrian-Hungarian troops had to leave Bulgaria within 4 weeks. Bulgaria and especially Sofia were not to be occupied, but the Allies had the right to temporarily occupy some strategic points and to transfer troops over Bulgarian territory.",ita,eng,"[122525.0, 3250.0, 45175.0, 84175.0, 42250.0, 48100.0, 124800.0, 975.0, 650.0, 3575.0, 2600.0, 1950.0, 41600.0, 98800.0, 50700.0]"
"Ampeg Dan Armstrong, B.C. Rich Warlock USA seven-string, Fender Jaguar, Fender Stratocaster, Gibson SG Gothic, NS Design NXTa (fretted electric violin), Parker Fly Deluxe Vibrato, Paul Reed Smith Custom 24, Rickenbacker 360 twelve-string, Steinberger GL2S, Steinberger GM5T",tur,eng,"[55404.0, 8424.0, 29160.0, 44388.0, 65772.0, 25272.0, 62532.0, 2916.0, 324.0, 6480.0, 648.0, 21060.0, 25272.0, 84240.0, 31752.0]"
"The sufficient condition for the reproduction of a political democracy refers to the citizens' level of democratic consciousness and, as David Gabbard & Karen Appleton point out, """"the responsibility of cultivating the democratic consciousness requisite to this conception of citizenship falls to paideia"""" which involves not simply education but character development and a well-rounded knowledge and skills, i.e. the education of the individual as citizen, which alone can give substantive content to the public space. This is particularly so because democracy can only be grounded on the conscious choice of citizens for individual and collective autonomy. Thus it cannot be the outcome of any social, economic or natural """"laws"""" or tendencies dialectically leading to it, let alone any divine or mystical dogmas and preconceptions. In this sense, neither representative democracy nor soviet democracy meet the conditions for political democracy, and are simply forms of political oligarchy, where political power is concentrated in the hands of various elites, i.e. professional politicians, and party bureaucrats respectively.",ita,eng,"[89471.0, 2261.0, 73967.0, 89471.0, 25840.0, 66538.0, 209304.0, 2584.0, 969.0, 9367.0, 6137.0, 64600.0, 70091.0, 125001.0, 70091.0]"
"The school's fencing team is one of the largest in the nation, having over 100 freshmen join the team in the last year alone. The boys' team is consistently ranked among the top in the state, while the girls' team has won the state championship 8 out of 10 years. The girls' team record for the combined 1999-2005 seasons was 94−4. In 2006, the girls' fencing team defeated Bernards High School 19−8 to win the NJSIAA 2006 Girls' team fencing state tournament. Columbia won the 2007 Boys' Team Fencing state championship with a 16-11 win over Voorhees High School. The team's head coach, Dr. Arthur Paulina, won his milestone 300th victory during the 06-07 season. In the 2008−09 season, the boys' fencing team took home the épée state title. In the 2009−10 season, the girls' team won District III, but finished 5th in the state, losing in the quarterfinals to Governor Livingston High School. The boys' team won the Cetrulo Tournament and the NJSIAA/Bollinger District 3 championships, earning them a top seed going into the NJSIAA state championship Tournament. The boys' team won state championships for the first time since 2007 in a 15−12 win over Bernards High School. In the 2010−11 season, the girls placed No. 3 in the team state championships after defeating Governor Livingston High School in the consolation meet. The boys won their second consecutive state championship defeating Montclair High School (New Jersey) in the final by a 14-13 score. In the 2012 NJSIAA/Bollinger tournament, Columbia lost in the final to second-seeded West Morris Mendham High School by a score of 14−13, ending the school's 49-match winning streak.",ita,eng,"[316848.0, 18354.0, 147476.0, 196098.0, 173236.0, 152628.0, 410228.0, 11914.0, 3220.0, 11914.0, 2254.0, 179676.0, 165508.0, 380282.0, 173558.0]"
"Omer Caha, """"The Death of Feminism as an Antisystemic Movement or the Success of Feminism to Change the System from Within?""""; Takis Fotopoulos, """"Takis Fotopoulos' reply to Omer Caha's Dialogue Article"""", Democracy & Nature, Vol.9, No.2, (July 2003).",tur,eng,"[61632.0, 7704.0, 26001.0, 68694.0, 55854.0, 26643.0, 137388.0, 2568.0, 14766.0, 22149.0, 22470.0, 43335.0, 28248.0, 144771.0, 31458.0]"
"Mark Rudd (born 1947, class of 1965), activist who led student war protests at CHS and later at Columbia University, and went on to help found The Weathermen.",ita,eng,"[20800.0, 3200.0, 25600.0, 15680.0, 10880.0, 15680.0, 27200.0, 2240.0, 0.0, 960.0, 0.0, 12160.0, 14720.0, 26880.0, 15360.0]"
"After completing the Glass House, he completed two more houses in New Canaan in a style similar to that of Mies; the Hodgson House (1951) and the Wiley House (1953). In 1953 he also created an architectural sculpture garden for the Museum of Modern Art in New York.",ita,eng,"[23925.0, 2552.0, 37961.0, 23606.0, 20735.0, 23287.0, 46893.0, 638.0, 0.0, 1914.0, 638.0, 319.0, 23606.0, 31581.0, 23925.0]"
"On August 10, 2015, Page announced on Google's official blog that Google had restructured into a number of subsidiaries of a new holding company known as Alphabet Inc with Page becoming CEO of Alphabet Inc and Sundar Pichai assuming the position of CEO of Google Inc. In his announcement, Page described the planned holding company as follows:",ita,eng,"[33708.0, 1272.0, 43248.0, 27030.0, 13356.0, 27348.0, 45156.0, 1272.0, 1590.0, 5088.0, 636.0, 11766.0, 26394.0, 42612.0, 28620.0]"
"The song spent two weeks at the top of the Billboard Hot 100 from February 23, 2002. It was followed by another Ja Rule duet, """"Ain't It Funny (Murder Remix)"""" by Jennifer Lopez, featuring Ja Rule.",ita,eng,"[42795.0, 3804.0, 27896.0, 49135.0, 25994.0, 20922.0, 94466.0, 951.0, 12997.0, 4438.0, 14582.0, 29798.0, 20922.0, 77982.0, 22507.0]"
"In 2003, both Page and Brin received a MBA from IE Business School, in an honorary capacity, """"for embodying the entrepreneurial spirit and lending momentum to the creation of new businesses."""" In 2004, they received the Marconi Foundation's prize and were elected Fellows of the Marconi Foundation at Columbia University. In announcing their selection, John Jay Iselin, the Foundation's president, congratulated the two men for """"their invention that has fundamentally changed the way information is retrieved today."""". Page and Brin were also Award Recipients and National Finalists for the EY Entrepreneur of the Year Award in 2003.",tur,eng,"[87532.0, 3160.0, 61936.0, 60672.0, 45504.0, 44240.0, 93536.0, 1580.0, 0.0, 5056.0, 19908.0, 42028.0, 44240.0, 105860.0, 48980.0]"
"This is a list of the 558 MPs or Members of Parliament elected to the 314 constituencies of the Parliament of Great Britain in 1768, the 13th Parliament of Great Britain.",eng,eng,"[16065.0, 1890.0, 32130.0, 17325.0, 6930.0, 18585.0, 24885.0, 630.0, 1260.0, 1890.0, 1575.0, 0.0, 16380.0, 27405.0, 19215.0]"
"In Leytron about 725 or (34.1%) of the population have completed non-mandatory upper secondary education, and 192 or (9.0%) have completed additional higher education (either university or a Fachhochschule). Of the 192 who completed tertiary schooling, 54.7% were Swiss men, 29.7% were Swiss women, 7.3% were non-Swiss men and 8.3% were non-Swiss women.",tur,eng,"[97654.0, 9106.0, 41134.0, 95770.0, 115866.0, 41448.0, 179608.0, 5338.0, 12560.0, 15072.0, 28574.0, 43960.0, 42704.0, 183376.0, 45216.0]"
"Her model career began at age 14 when she won the Elite Model Look Paraguay 2005 contest, and went to China to represent Paraguay. She was chosen as a finalist for the Miss Hawaiian Tropic 2009 in Punta del Este, Uruguay. Also in 2009, she participated at the Yanbal Fashion Week, in Ecuador, it was the second time that the CN Models International Search 2009 were held and it was won by Alba. In May 2010, she represented Paraguay at the Miss Beauty of the World 2010 held in People's Republic of China, she was among the Top 10 finalists.",tur,eng,"[71051.0, 8764.0, 53836.0, 97030.0, 56653.0, 48202.0, 137720.0, 2504.0, 313.0, 24727.0, 17215.0, 103603.0, 53210.0, 158065.0, 57905.0]"
"In regard to extraterrestrial life, Schyrleus wrote, """"If Jupiter has…inhabitants…they must be larger and more beautiful than the inhabitants of the Earth, in proportion to the [size] of the two spheres."""" However, he did not dare to confirm the existence of Jovian beings due to certain theological difficulties; Schyrleus wondered, for example, if beings on other planets maintained their primitive state of innocence, or if they are cursed by original sin like humans are.[4]",tur,eng,"[48984.0, 1560.0, 49296.0, 71136.0, 73008.0, 36504.0, 97656.0, 3120.0, 0.0, 4368.0, 624.0, 32448.0, 35256.0, 112944.0, 37128.0]"
"Gibril Haddad was born in 1960 in Beirut, Lebanon to a middle-class Lebanese Catholic family. He has described his extended family as a mix of Orthodox and Roman/Maronite Catholics. He was raised in a mixed neighborhood and attended a Jesuit school that his father and grandfather had attended before him. In 1977, his father died during the Lebanese Civil War and his family was forced to flee Lebanon for the United Kingdom where Haddad completed high school. Later his family moved to the United States where Haddad attended Columbia College in New York City and graduated with a Bachelor of Arts degree. He then returned to Lebanon and got a job at his old school. Two years later, he left Lebanon again and enrolled in a French literature graduate program at Columbia University, New York. Haddad states he spent most of his time after classes at the local church or library and occasionally visited his mother.",ita,eng,"[39497.0, 2799.0, 69353.0, 212413.0, 17416.0, 56913.0, 230762.0, 2799.0, 0.0, 6220.0, 311.0, 49760.0, 62511.0, 152390.0, 67176.0]"
"In Dodge City, Kansas, Wyatt finds out that Holliday and Kate are in town. Holliday tells him he has no money, so Wyatt allows him to stay if he promises to not fight while he is in town. Meanwhile, gorgeous gambler Laura Denbow (Rhonda Fleming) is arrested for playing cards since women are not allowed to gamble. She is released and allowed to play in the side rooms of the saloon. Wyatt is forced to deputize Holliday because a bank robber kills a cashier and Wyatt's other deputies are out in a posse catching another outlaw. The bank robbers attempt to ambush Wyatt outside of town, but are instead killed by Wyatt and Holliday.",ita,eng,"[61380.0, 1860.0, 40920.0, 49600.0, 55180.0, 43400.0, 117180.0, 2790.0, 0.0, 4960.0, 310.0, 56110.0, 44330.0, 107570.0, 43400.0]"
"Watt won the 2009 Bonnie Bronson Fellowship Award, the 2007 Anonymous Was A Woman Award, the 2006 Joan Mitchell Foundation Fellowship, and the 2005 Eiteljorg Museum Artist Fellowship.",tur,eng,"[34917.0, 4326.0, 21012.0, 36462.0, 33063.0, 17613.0, 42024.0, 1545.0, 309.0, 3399.0, 10815.0, 13596.0, 19158.0, 54075.0, 18540.0]"
"When Blue points out that Dorinda will not be able to deal with Truck, they agree to share the cost of getting rid of Truck, and Blue will take over more control of Gator's stable. Blue's men force Nate to call Truck and tell him that there is a big job. Truck does not feel sober enough after a night of partying, so he calls Jerry, who dies in Blue's ambush.",ita,eng,"[30800.0, 616.0, 40656.0, 27412.0, 5852.0, 27104.0, 59136.0, 308.0, 308.0, 1540.0, 0.0, 0.0, 28336.0, 32340.0, 27720.0]"
"In 1993, Kent used his resources to research charting history back to 1970, he added information from the weekly Kent Music Report and the Australian Music Report to publish them in book form as Australian Chart Book, 1970–1992. He later followed with Australian Chart Book (1940–1969) in 2005, Australian Chart Book (1993–2005) in 2006, The Australian top 20 book (1940–2006) in 2007, and Australian Chart Chronicles (1940–2009).",ita,eng,"[94863.0, 6754.0, 58637.0, 90258.0, 27630.0, 46357.0, 143676.0, 3070.0, 614.0, 3070.0, 307.0, 41138.0, 50348.0, 113897.0, 58330.0]"
"PC Magazine has praised Google as among the Top 100 Web Sites and Search Engines (1998) and awarded Google the Technical Excellence Award for Innovation in Web Application Development in 1999. In 2000, Google earned a Webby Award, a People's Voice Award for technical achievement, and in 2001, was awarded Outstanding Search Service, Best Image Search Engine, Best Design, Most Webmaster Friendly Search Engine, and Best Search Feature at the Search Engine Watch Awards."""" In 2002, Page was named a World Economic Forum Global Leader for Tomorrow and along with Brin, was named by the Massachusetts Institute of Technology (MIT)'s Technology Review publication as one of the top 100 innovators in the world under the age of 35, as part of its yearly TR100 listing (changed to """"TR35"""" after 2005).",ita,eng,"[134946.0, 9486.0, 76500.0, 127602.0, 104346.0, 63648.0, 334458.0, 6732.0, 28152.0, 11322.0, 56304.0, 100368.0, 68850.0, 220320.0, 79560.0]"
"1st place in Freedom of the Press in the Urban Weeklies category, Best Spot News Story, Silver Star Award, Best Non-staff Story, Best Business Feature, Best Non-staff Column, Best Sports Feature, Best Entertainment Writing, Best Critical Writing, Best Page One Design, Best Large Space Ad, Best Special Section or Campaign Advertising,Best Online Writing in 2014, Nevada Press Association",ita,eng,"[30500.0, 3965.0, 39040.0, 48800.0, 18910.0, 25620.0, 73200.0, 6405.0, 1220.0, 1220.0, 1220.0, 24400.0, 26230.0, 56425.0, 33855.0]"
"In 2014, they headlined their first national tour, with numerous sold out shows including a performance at West Hollywood’s renowned Roxy Theatre that sold out two weeks before the show date..",bul,eng,"[28880.0, 1520.0, 26144.0, 14592.0, 7600.0, 13680.0, 25840.0, 304.0, 0.0, 1216.0, 2432.0, 3344.0, 12160.0, 23104.0, 13984.0]"
"If, on the other hand, silence had been observed concerning something that essentially changed the state of the case, the concealment or suppression of statements or facts that according to law or usage should be expressed in an application or petition for a rescript is called subreption.",eng,eng,"[19998.0, 1818.0, 43026.0, 23634.0, 3636.0, 17574.0, 33330.0, 1212.0, 909.0, 1515.0, 303.0, 2727.0, 17271.0, 30906.0, 19998.0]"
"Testifying for the prosecution, Dr. Harry Kozol said Hearst had been """"a rebel in search of a cause"""" and her participation in the robbery had been """"an act of free will."""" Prosecutor James L. Browning Jr. asked the other psychiatrist testifying for the prosecution, Dr. Joel Fort, if Hearst was in fear of death or great bodily injury during the robbery, to which he answered """"No"""" as Bailey angrily objected. Fort assessed Hearst as amoral, and said she had voluntarily had sex with Wolfe and Defreeze, an accusation which Hearst denied both in court and outside. Prosecutor Browning tried to show writings by Hearst indicated her testimony had misrepresented her interactions with Wolfe. She said she had been writing the SLA version of events, and had been punched in the face by William Harris when she refused to be more effusive about what she regarded as sexual abuse by Wolfe. The court heard testimony from the prosecution psychiatrists that included mention of Hearst's sexual experiences that had occurred years before her kidnapping and the bank robbery.",ita,eng,"[77614.0, 4530.0, 63118.0, 103284.0, 99962.0, 67044.0, 176368.0, 1510.0, 906.0, 5134.0, 302.0, 61608.0, 64628.0, 169724.0, 66440.0]"
"Hamilton has been the primary songwriter, guitarist, and vocalist for Brothers Past, as well as co-producer for all of their recorded releases.",ita,eng,"[9632.0, 1806.0, 17759.0, 9933.0, 2408.0, 9632.0, 18361.0, 0.0, 0.0, 602.0, 0.0, 3612.0, 8729.0, 15050.0, 9933.0]"
"In January 2013, Page participated in a rare interview with Wired, in which writer Steven Levy discussed Page's """"10X"""" mentality—Google employees are expected to create products and services that are at least 10 times better than those of its competitors—in the introductory blurb. Astro Teller, the head of Google X, explained to Levy that 10X is """"just core to who he [Page] is,"""" while Page's """"focus is on where the next 10X will come from."""" In his interview with Levy, Page referred to the success of YouTube and Android as examples of """"crazy"""" ideas that investors were not initially interested in, saying: """"If you’re not doing some things that are crazy, then you’re doing the wrong things."""" Page also stated that he was """"very happy"""" with the status of Google+, and discussed concerns over the Internet in relation to the SOPA bill and an International Telecommunication Union proposal that had been recently introduced:",ita,eng,"[128100.0, 3900.0, 72900.0, 129900.0, 31500.0, 63600.0, 184500.0, 5100.0, 1500.0, 7500.0, 300.0, 59700.0, 66600.0, 173100.0, 69300.0]"
"Coburn was one of the villains in Charade (1963), starring Cary Grant and Audrey Hepburn. He was then cast as a glib naval officer in Paddy Chayefsky's The Americanization of Emily, replacing James Garner, who had moved up to the lead when William Holden pulled out. This led to Coburn being signed to a seven-year contract with 20th Century Fox.",ita,eng,"[54119.0, 6578.0, 35581.0, 82524.0, 44850.0, 30199.0, 157573.0, 2691.0, 18538.0, 8970.0, 21528.0, 51129.0, 28106.0, 111527.0, 28704.0]"
"Gibril Fouad Haddad (born 1960) (Arabic: جبريل فؤاد حداد‎; Arabic pronunciation: [gɪbriːl fʊɑːd ħadda:d]) is a Lebanese-born Islamic scholar, hadith expert (muhaddith), author, and translator of classical Islamic texts. He was featured in the inaugural list of 500 Most influential Muslims and has been called """"one of the clearest voices of traditional Islam in the West"""", a """"prominent orthodox Sunni"""" and a """"staunch defender of the traditional Islamic schools of law."""" He holds ijazas from over 150 scholars across the Muslim world. He resides with his family in Brunei Darussalaam and is a visiting fellow at the Sultan Omar Ali Saifuddin Center for Islamic Studies, University Brunei Darussalam. He is also a staunch critic of Wahhabism and Salafism.",tur,eng,"[149596.0, 14006.0, 44700.0, 134398.0, 98340.0, 82546.0, 215156.0, 9536.0, 5364.0, 34568.0, 35760.0, 73606.0, 72712.0, 273862.0, 78076.0]"
"In this conception of democracy, the public realm includes not just the political realm, as is usual the practice in the republican or democratic project (Hannah Arendt, Cornelius Castoriadis, Murray Bookchin et al.), but also the economic, 'social' and ecological realms. The political realm is the sphere of political decision-making, the area in which political power is exercised. The economic realm is the sphere of economic decision-making, the area in which economic power is exercised with respect to the broad economic choices that any scarcity society has to make. The social realm is the sphere of decision-making in the workplace, the education place and any other economic or cultural institution which is a constituent element of a democratic society. The public realm could be extended to include the """"ecological realm"""", which may be defined as the sphere of the relations between society and nature. Therefore, the public realm, in contrast to the private realm, includes any area of human activity in which decisions can be made collectively and democratically.",ita,eng,"[78111.0, 1782.0, 82863.0, 185328.0, 95931.0, 62667.0, 276210.0, 1782.0, 1188.0, 13365.0, 60291.0, 61479.0, 63261.0, 222453.0, 66528.0]"
"Two different stories exist about Rheita's early life. The most popular account holds that he is of Czech origin, born in 1597. According to this story he was a priest and a member of the order of Capuchin friars at Rheita, Bohemia, hence his name. At the outbreak of the Thirty Years' War in 1618, he left the order and established himself in Belgium.",ita,eng,"[46176.0, 2960.0, 40848.0, 57720.0, 33152.0, 28712.0, 75184.0, 2664.0, 1184.0, 3552.0, 1184.0, 14800.0, 28712.0, 50320.0, 31672.0]"
"Southeastern Louisiana hired Kennedy in 1999 and he steadily improved his alma mater, winning 10 games in his first season and doubling that total four seasons later, winning the Southland Conference regular-season championship. His sixth team went 24-9, the most wins in school history, and won both the conference regular-season and tournament titles. The Lions advanced to the NCAA tournament for the first time in school history, where it lost to Oklahoma State 63-50.",bul,eng,"[51920.0, 4130.0, 32450.0, 35990.0, 13275.0, 29795.0, 48085.0, 1770.0, 295.0, 4130.0, 295.0, 27730.0, 33040.0, 41890.0, 39825.0]"
"Filming started at the Naval base of Toulon, France on 26 April 2017. Some scenes were filmed with Colin Firth at the commercial port of Brest, France between the 2 May and the 6th May 2017, including scenes aboard the rescue ship Atlantic Tonjer, serving as the Seaway Eagle. On 8 May 2017, it was reported that besides France, shooting will also take place in locations throughout Europe, including Belgium and Norway.. On 12 July 2017 the crew was in Jette (Brussels) and scenes were filmed in """"Salle Excelsior"""" (Place Cardinal Mercier).",fra,eng,"[74088.0, 5880.0, 56742.0, 208740.0, 63798.0, 42336.0, 178752.0, 2058.0, 0.0, 6762.0, 32928.0, 63210.0, 45276.0, 135240.0, 48510.0]"
"Carvajal made his Bundesliga debut on 1 September 2012 in a 2–0 home win against SC Freiburg, being subsequently named to the Team of the Week. He scored his first goal for his new club on 25 November, netting the second in an eventual 2–1 success at TSG 1899 Hoffenheim.",ita,eng,"[50103.0, 4981.0, 22268.0, 50982.0, 78817.0, 21682.0, 108117.0, 1758.0, 9669.0, 4395.0, 2051.0, 44536.0, 27249.0, 89658.0, 33695.0]"
"Reynolds and Matthews performed together several times in April 2008: in support of Presidential candidate Barack Obama, at the """"Seeds of Compassion"""" show in Seattle, Washington, and at Jack Johnson's Kokua Festival at the Waikiki Shell on the island of Oahu, in Honolulu, Hawaii.",tur,eng,"[38544.0, 1752.0, 30076.0, 36792.0, 26280.0, 18980.0, 64824.0, 1168.0, 0.0, 2044.0, 0.0, 16352.0, 19856.0, 65700.0, 19272.0]"
"Prominent original exterior features include carved limestone detail, numerous false chimneys, steeply pitched slate roofs, and a seven-story clock tower. While it is not known for certain that Columbia High School was inspired by any earlier structures, there is a strong resemblance to Laynon Hall at Queen's University of Belfast. At the very top of the clock tower is a copper pyramidal structure. The entire pyramid structure rotates, and one side opens, serving as an observatory. The observatory is equipped with a large refracting telescope made by John Brashear. That telescope is no longer functional, but there is a more modern Celestron C11 reflecting telescope that is used by students. Two levels below are the E. Howard & Co. Style #3 clock works. Alongside the clock is an enormous bronze bell by the Meneely Bell Foundry. Inside the school can be found rooms with fireplaces, hallways with beautiful faience wall tiles by John Scott Award recipient Herman Carl Mueller of Trenton, and mosaic inlaid terrazzo floors in the front hall. The front foyer was recently renovated, removing non-period lighting and mid-century acoustic tile. The restoration included doors that more closely replicated the 1926 originals, a new terrazzo floor, and dramatic lighting of the zodiac-inspired plaster ceiling. Recently, dubious student art dating from as far back as the 1970s was painted over, among other improvements. The auditorium includes a three-manual Ernest M. Skinner Organ. Although it is little used and not completely functional, the organ is one of the few unmodified Skinners in existence and has received an Organ Historical Society citation. Regrettably, on either side of the stage the large plaster grills that hide the organ pipes were water damaged. The original auditorium chandeliers have also been removed. A similar story exists with regard to the swimming pool; while the original vaulted Catalan Guastavino tile ceiling remains, the chandeliers are gone, and a giant arched window is blocked by a later addition.",ita,eng,"[186531.0, 6402.0, 132405.0, 253752.0, 163251.0, 125421.0, 461817.0, 6693.0, 1164.0, 20661.0, 45105.0, 132987.0, 125421.0, 404199.0, 140262.0]"
"On 3 June 2013, Real Madrid exercised its buy-back option on Carvajal, who became the team's first signing for 2013–14 for a fee believed to be in the region of €6.5 million. This was confirmed by Bayer's director of football Rudi Völler, who stated: """"Real Madrid noticed the outstanding performances by Dani this season, and it was only a matter of time before they exercised their buy-back option."""" Shortly after the move, he spoke of his happiness to return, thanking the president, the fans and the club at a press conference.",ita,eng,"[71340.0, 4640.0, 42340.0, 83230.0, 60030.0, 40020.0, 150510.0, 2320.0, 0.0, 5510.0, 23200.0, 45240.0, 42920.0, 139200.0, 45240.0]"
"La Jonchère. At the beginning of the 19th century, this was a great farm. The owner was M. Martin de Longchamps, who also owned Fontenelles. It was a féculerie in 1836, which dominated all the intensive potato production in the region. Unfortunately from 1845 potato blight affected the activity and then completely stopped it. The farmers decided to replace it with sugar beet. The domaine de la Jonchère was used for establishing the installations of the new product.",fra,eng,"[36992.0, 4624.0, 32079.0, 439858.0, 9537.0, 33813.0, 68782.0, 2023.0, 0.0, 5202.0, 578.0, 12138.0, 36414.0, 57222.0, 39882.0]"
Illinois Route 72 is an east–west state road in northern Illinois. It runs from the intersection with Illinois Route 73 north of Lanark east to Illinois Route 43 (Harlem Avenue) in Chicago. This is a distance of 110.71 miles (178.2 km).,tur,eng,"[48960.0, 3456.0, 25056.0, 35136.0, 22464.0, 21024.0, 57024.0, 2016.0, 0.0, 5760.0, 288.0, 18432.0, 22176.0, 60192.0, 26784.0]"
"A bout between Russia's Eldar Eldarov and Ireland's Peter Queally, from SBG Ireland, was in the works for this card but Queally didn't reach an agreement with Brave and Eldar ended up facing Kevin Koldobsky, also from SBG.",tur,eng,"[29848.0, 2009.0, 21238.0, 45059.0, 26978.0, 20377.0, 67445.0, 1722.0, 287.0, 9471.0, 6027.0, 22960.0, 19229.0, 72037.0, 22386.0]"
"In 2003, CrossGen published John Carpenter's Snake Plissken Chronicles, a four-part comic book miniseries. The story takes place a day or so after the events of Escape from New York. Snake has been given a military Humvee after his presidential pardon and makes his way to Atlantic City. Although the director's cut of Escape from New York shows Snake was caught after a bank job, this story has Snake finishing up a second heist that was pre-planned before his capture. The job entails stealing the car in which John F. Kennedy was assassinated from a casino before delivering it to a buyer in the Gulf of Mexico. Snake partners with a man named Marrs who ends up double crossing him. Left for dead in a sinking crab cage, Snake escapes and is saved by a passing fisherman named Captain Ron (an in-joke referring to Kurt Russell's 1992 comedy, Captain Ron). When Ron denies Snake's request to use his boat in order to beat Marrs to the robbery, Snake decides to kill him. When Snake ends up saving Ron from the Russian mob who wants money, Ron changes his mind and helps Snake. Once at the casino, Snake comes face-to-face with Marrs and his men, who arrive at the same time, ending in a high-speed shootout. Snake gets away with the car and its actress portraying Jackie Kennedy, leaving Marrs to be caught by the casino owner, who cuts him a deal to bring his car back and live. After some trouble, Snake manages to finally get the car to the buyer's yacht, using Ron's boat, and is then attacked by Marrs. Following the firefight, the yacht and car are destroyed, Marrs and Captain Ron are dead, and Snake makes his escape in a helicopter with the 30 million credits owed to him for the job.",ita,eng,"[238810.0, 10296.0, 91520.0, 230230.0, 158158.0, 114114.0, 593450.0, 4004.0, 100386.0, 9152.0, 103818.0, 222794.0, 123552.0, 407264.0, 115258.0]"
"The first Komsomol shock construction project was announced for the blast furnace #2 (later became known as """"Komsomolskaya"""") at the Magnitogorsk Iron and Steel Works in 1930-32. The last construction project was an air converting rolling mill for hot rolling at the same Magnitogorsk Iron and Steel Works in 1986-90.",ita,eng,"[33060.0, 4275.0, 34770.0, 47595.0, 55005.0, 31065.0, 101175.0, 570.0, 15675.0, 2565.0, 51015.0, 42180.0, 27930.0, 86070.0, 36765.0]"
"Page attended the Okemos Montessori School (now called Montessori Radmoor) in Okemos, Michigan, from 1975 to 1979, and graduated from East Lansing High School in 1991. He attended Interlochen Center for the Arts as a saxophonist for two summers while in high school. Page holds a Bachelor of Science in computer engineering from the University of Michigan, with honors and a Master of Science in computer science from Stanford University. While at the University of Michigan, Page created an inkjet printer made of Lego bricks (literally a line plotter), after he thought it possible to print large posters cheaply with the use of inkjet cartridges—Page reverse-engineered the ink cartridge, and built all of the electronics and mechanics to drive it. Page served as the president of the Beta Epsilon chapter of the Eta Kappa Nu fraternity, and was a member of the 1993 """"Maize & Blue"""" University of Michigan Solar Car team. As an undergrad at the University of Michigan, he proposed that the school replace its bus system with a PRT System which is essentially a driverless monorail with separate cars for every passenger. He also developed a business plan for a company that would use software to build a music synthesizer during this time.",ita,eng,"[128084.0, 9372.0, 82360.0, 125244.0, 104228.0, 74124.0, 241116.0, 3124.0, 852.0, 7100.0, 3976.0, 73556.0, 84348.0, 207320.0, 87756.0]"
"The quarry reservoir, Llyn Cob, was once known as Llyn Owain Lawgoch, after the last male survivor of the princely house of the Kingdom of Gwynedd.",tur,eng,"[20376.0, 1981.0, 16131.0, 13867.0, 8207.0, 11886.0, 23772.0, 566.0, 566.0, 1981.0, 4811.0, 6792.0, 10754.0, 29149.0, 13018.0]"
"Takis Fotopoulos, """"Globalisation and the multi-dimensional crisis: The Inclusive Democracy approach"""", Theomai journal, No. 4 (2nd semester 2001). Retrieved 4 January 2014.",ita,eng,"[34404.0, 2538.0, 17484.0, 22278.0, 32712.0, 14946.0, 46530.0, 2538.0, 0.0, 2820.0, 1128.0, 19176.0, 18330.0, 41736.0, 22278.0]"
"In the 1640s he was a professor of philosophy at Trier. In 1642, he was in Cologne conducting astronomical observations and optical measurements, and in 1643 his work Novem stellae circa Jovem visae, circa Saturnum sex, circa Martem nonnullae (""""Nine stars seen around Jupiter, six around Saturn, several around Mars"""") appeared. In 1645, he published Oculus Enoch et Eliae, siue, Radius sidereomysticus, a very influential work on optics and astronomy.",ita,eng,"[69688.0, 3653.0, 34844.0, 63225.0, 50299.0, 35968.0, 119987.0, 3091.0, 562.0, 10397.0, 4496.0, 36811.0, 36249.0, 87110.0, 46927.0]"
"Ilex in Latin means the holm-oak or evergreen oak (Quercus ilex). Despite the Linnaean classification of Ilex as holly, as late as the 19th century in Britain, the term Ilex was still being applied to the oak as well as the holly – possibly due to the superficial similarity of the leaves. The name """"holly"""" in common speech refers to Ilex aquifolium, specifically stems with berries used in Christmas decoration. By extension, """"holly"""" is also applied to the whole genus. The origin of the word """"holly"""" is considered a reduced form of Old English hole(ġ)n, Middle English Holin, later Hollen. The French word for holly, houx, derives from the Old Low Franconian *hulis (Middle Dutch huls). Both are related to Old High German hulis, huls, as are Low German/Low Franconian terms like Hülse or hulst. These Germanic words appear to be related to words for holly in Celtic languages, such as Welsh celyn, Breton kelen(n) and Irish cuileann.",tur,eng,"[115080.0, 11200.0, 51800.0, 212240.0, 209440.0, 75320.0, 239960.0, 8400.0, 1400.0, 8400.0, 26880.0, 76720.0, 67760.0, 250880.0, 97160.0]"
"Many students and teachers were enlisted during World War I, which had a significant effect on life at Columbia. Pupils in assembly regularly delivered patriotic """"four-minute speeches."""" Every room in the school had a full complement of war posters.",eng,eng,"[9765.0, 1953.0, 25389.0, 13392.0, 8649.0, 13950.0, 22041.0, 279.0, 0.0, 1116.0, 0.0, 0.0, 13392.0, 19530.0, 14229.0]"
"In the school year 2016-2017, 42% of the students were African American and 47% were Caucasian. Within this black-and-white composition are found a variety of ethnic backgrounds including Jamaican, Nigerian, Haitian, African-American, English, French, Jewish, Polish, Italian, and Irish. There has been much discussion regarding the Racial Academic Achievement Gap in the school district, and the tracking is often cited as the most glaring example of a racial disparity.",ita,eng,"[12232.0, 3614.0, 58658.0, 41422.0, 10842.0, 31136.0, 64218.0, 278.0, 278.0, 3614.0, 556.0, 1112.0, 30858.0, 33360.0, 36418.0]"
"Ilex , or holly, is a genus of 400 to 600 species of flowering plants in the family Aquifoliaceae, and the only living genus in that family. The species are evergreen or deciduous trees, shrubs, and climbers from tropics to temperate zones worldwide.",tur,eng,"[37395.0, 1385.0, 27977.0, 19944.0, 14958.0, 18282.0, 29916.0, 554.0, 0.0, 2216.0, 277.0, 16066.0, 18559.0, 40165.0, 25761.0]"
"David Kent (born 1941) is an Australian music historian and pop culture writer. Kent produced the Kent Music Report, compiling the national music chart from May 1974 to 1996; it was known as the Australian Music Report from 1987. The music reports were a weekly listing of the National Top 100 chart positions of singles and albums. Kent's music reports were used by Australian Recording Industry Association (ARIA) as its 'official' ARIA Charts from mid-1983 until July 1988 when ARIA developed an in-house chart.",ita,eng,"[55200.0, 3864.0, 40572.0, 70656.0, 52716.0, 37812.0, 108744.0, 4968.0, 552.0, 3588.0, 27048.0, 33396.0, 40848.0, 107640.0, 48024.0]"
"Maurice Herzog Sport Complex, including athletics training tracks, football space, archery practicing area, gymnastic room, climbing wall, a table tennis room.",fra,eng,"[3575.0, 825.0, 19250.0, 35750.0, 9625.0, 9075.0, 17050.0, 275.0, 0.0, 2750.0, 825.0, 825.0, 10450.0, 12650.0, 9625.0]"
"Hanna is currently on the Board of Victim Support Service, and is Patron of numerous local sporting clubs. He was the longest-serving member of the Seaview High School Governing Council and had been President of Friends of Glenthorne and the Reynella Business & Tourism Association.",tur,eng,"[31510.0, 1370.0, 23290.0, 16166.0, 23564.0, 15344.0, 25756.0, 274.0, 0.0, 3288.0, 548.0, 13700.0, 14522.0, 39456.0, 20002.0]"
"On 2 July 2015, Katsikas signed a year contract with the Dutch club Twente for an undisclosed fee. Twente coach Alfred Schreuder was pleased with this transfer as he could build on Katsikas' experience. On 9 September 2015 in the training, Katsikas has suffered a cruciate ligament rupture and he is going to undergo a surgery which makes him miss the remainder of the season. The Greek centre back is expected to stay on the sidelines for six to nine months missing potentially the start of Twente's pre-season over the summer 2016. On 21 August, Katsikas made his comeback in the awaygame against FC Groningen.",tur,eng,"[73983.0, 5187.0, 53508.0, 91728.0, 77259.0, 43134.0, 153699.0, 2184.0, 273.0, 3822.0, 20202.0, 39039.0, 48321.0, 163254.0, 48594.0]"
"One OJ-2 modiﬁed in early 1934 with an NACA-type cowling and enclosed cockpits was delivered for trials as the XOJ-3, but after a crash it was rebuilt and returned to service as an OJ-2.",ita,eng,"[8704.0, 1904.0, 22032.0, 16592.0, 9248.0, 16320.0, 27472.0, 1360.0, 272.0, 544.0, 544.0, 5440.0, 15776.0, 23936.0, 19040.0]"
"A capable, rough-hewn leading man, his toothy grin and lanky physique made him a perfect tough guy in numerous leading and supporting roles in westerns and action films, such as The Magnificent Seven, Hell Is for Heroes, The Great Escape, Charade, Our Man Flint, In Like Flint, Duck, You Sucker!, and Cross of Iron. Coburn provided the voice of Henry Waternoose in the Pixar film Monsters, Inc.",ita,eng,"[64227.0, 7046.0, 30623.0, 60975.0, 44986.0, 28455.0, 135500.0, 3523.0, 18699.0, 10027.0, 19512.0, 59349.0, 29810.0, 107045.0, 31436.0]"
"David Kent was born in Sydney, Australia. He listened to local radio broadcasts of top hits such as """"Rock Around the Clock"""" by Bill Haley in 1955.",tur,eng,"[22680.0, 1890.0, 19980.0, 13770.0, 15660.0, 10530.0, 25920.0, 1080.0, 270.0, 1350.0, 810.0, 9180.0, 11880.0, 27810.0, 10530.0]"
"In 1971, Coburn starred in the Zapata Western Duck, You Sucker!, with Rod Steiger and directed by Sergio Leone, as an Irish explosives expert and revolutionary who has fled to Mexico during the time of the Mexican Revolution in the early 20th century. This was not as highly regarded as Leone's four previous Westerns but was hugely popular in Europe, especially France.",ita,eng,"[48151.0, 3228.0, 24479.0, 63484.0, 35508.0, 23672.0, 119436.0, 1883.0, 538.0, 2690.0, 1076.0, 33894.0, 25017.0, 87694.0, 26362.0]"
"It is the location of Foel Grochan, a slate quarry which together with Hen Chwarel and Ceunant Ddu formed the Aberllefenni Slate Quarry, which extracted rock from mediaeval times until the beginning of the 21st Century.",tur,eng,"[35912.0, 2412.0, 20636.0, 35108.0, 34036.0, 16616.0, 70752.0, 2144.0, 2680.0, 2948.0, 11524.0, 18224.0, 15276.0, 71020.0, 19832.0]"
the work of Colston Westbrook with Los Angeles Police Department's CCS (Criminal Conspiracy Section) and the State of California's Sacramento-based CII (Criminal Identification and Investigation) unit; and,eng,eng,"[7743.0, 3471.0, 21627.0, 13617.0, 5073.0, 10947.0, 19758.0, 1335.0, 0.0, 1335.0, 0.0, 10947.0, 12015.0, 18690.0, 13884.0]"
"What's Up Chuck, 1996: Award-winning investigative story about the curious relationship between big insurance and the California Insurance Commissioner Chuck Quackenbush",ita,eng,"[18620.0, 1862.0, 19684.0, 18088.0, 14630.0, 9842.0, 39368.0, 798.0, 1596.0, 1064.0, 7980.0, 15162.0, 9576.0, 33782.0, 9310.0]"
"On November 13, 2015, the group released their sixth studio album, Set in Stone. Set In Stone peaked at No.1 on the Billboard Reggae Albums chart, and spent 78 weeks on the chart. It appeared on six Billboard charts overall, including No. 101 on the Billboard 200, No. 24 on Digital Albums, No. 1 on Heatseekers Albums, No. 7 on Independent Albums, and No. 65 on the Top Album Sales chart.",tur,eng,"[59095.0, 7950.0, 48760.0, 67575.0, 36835.0, 32595.0, 80825.0, 1060.0, 2120.0, 4505.0, 19345.0, 25970.0, 36570.0, 91160.0, 40015.0]"
"Her occupations include former director of marketing at Chi-Huan Associates and mercenary. She is a mutated human/technology user and has been a member of the Crimson Cowl's Masters of Evil. Joystick was a member of the Thunderbolts which at the time also included Atlas, Blizzard, MACH-IV, Photon, Radioactive Man, Songbird, and Speed Demon.",ita,eng,"[43824.0, 3960.0, 33528.0, 48048.0, 28512.0, 20592.0, 96624.0, 1848.0, 3960.0, 1848.0, 11616.0, 31416.0, 21648.0, 72864.0, 24552.0]"
"Subject matter experts such as journalist Robert Moore, author of the novel upon which the film is based, along with David Russell, (Commodore, British Royal Navy who tried to save the men from Kursk), and submarine expert Ramsey Martin are advising the filmmakers.",ita,eng,"[21040.0, 789.0, 29456.0, 23407.0, 19988.0, 17358.0, 38661.0, 526.0, 263.0, 2104.0, 1315.0, 13676.0, 15780.0, 35505.0, 14991.0]"
"Andrew Shue (born 1967, class of 1985), actor best known for his leading role on the television series Melrose Place. He also appeared in the 2007 film, Gracie and served as producer for it",ita,eng,"[25414.0, 3668.0, 22532.0, 17292.0, 20698.0, 14148.0, 49518.0, 786.0, 10742.0, 3144.0, 11266.0, 31178.0, 15196.0, 40086.0, 15196.0]"
Weber pays special attention to Brahmins and considers why they occupied the highest place in Indian society for many centuries. With regards to the concept of dharma he concludes that the Indian ethical pluralism is very different both from the universal ethic of Confucianism and Christianity. He notes that the varna system prevented the development of urban status groups.,ita,eng,"[3915.0, 522.0, 33147.0, 31320.0, 24012.0, 32625.0, 49851.0, 1044.0, 522.0, 4698.0, 8352.0, 16704.0, 18270.0, 38889.0, 19575.0]"
"The News & Review is a group of free alternative weekly newspapers published by Chico Community Publishing, Inc. of Chico, California. The company publishes the Chico News & Review in Chico, California, the Sacramento News & Review in Sacramento, California and the Reno News & Review in Reno, Nevada.",ita,eng,"[31200.0, 3640.0, 29380.0, 29120.0, 21320.0, 15600.0, 68120.0, 520.0, 12480.0, 4160.0, 780.0, 42900.0, 16640.0, 54080.0, 25480.0]"
"Kent expanded his business and incorporated physical sales to supplement information from radio stations from 1976. By 1977, major record companies used his chart information in their advertising. Kent's staff sent surveys to retail stores, collated sales figures together with radio charts by states and then used his ranking system to assemble the national Kent Music Report. By 1982, retail sales by survey was the main source of Kent's reports.",ita,eng,"[27972.0, 1813.0, 44807.0, 24864.0, 9842.0, 25382.0, 51800.0, 1036.0, 518.0, 1554.0, 777.0, 23310.0, 26936.0, 35742.0, 31857.0]"
"John Sutcliffe (died 1987) was a British fashion designer and fetish photographer, famous in the 1950s, 1960s and 1970s as a designer of clothes for aficionados of leather, rubber and PVC fetishism, with an emphasis on rubber and leather catsuits, cloaks, and gasmasks.",tur,eng,"[20382.0, 3096.0, 26316.0, 25284.0, 13674.0, 19866.0, 39732.0, 1548.0, 774.0, 2064.0, 258.0, 18576.0, 22704.0, 42054.0, 22704.0]"
"In a closing prosecution statement that hardly made mention of Hearst having been kidnapped, prosecutor Browning suggested Hearst had taken part in the bank robbery without coercion. Browning also suggested to the jury that the female SLA members, being into feminism, would not have allowed Hearst to be raped. He said that Hearst having kept an Olmec carving given to her by Wolfe showed that she had lied about being subjected to rape by him.",ita,eng,"[6682.0, 514.0, 32125.0, 24158.0, 6939.0, 21845.0, 43433.0, 514.0, 257.0, 257.0, 257.0, 771.0, 22616.0, 23387.0, 22102.0]"
"Hamilton first played with Grateful Dead bassist, Phil Lesh on March 14–15, 2014 at Lesh's Terrapin Crossroads in San Rafael, CA as a member of Phil and Friends. This was followed by another concert at Terrapin Crossroads on October 6, 2014 which was billed as """"East Coast All-Stars"""", and a three night run on December 29–31 to close out 2014 at the Capital Theatre in Port Chester, NY billed as """"PhilRAD"""".",ita,eng,"[65536.0, 8192.0, 35584.0, 68352.0, 44800.0, 31232.0, 173824.0, 3584.0, 21248.0, 4608.0, 27392.0, 50432.0, 33792.0, 110848.0, 36352.0]"
"Back at Fox, Coburn made a second Flint film, In Like Flint (1967), which was popular but Coburn did not wish to make any more. He went over to Paramount to make a Western comedy, Waterhole No. 3 (1967), and the political satire The President's Analyst (1967). Neither film performed particularly well at the box office but over the years The President's Analyst has become a cult film. In 1967 Coburn was voted the twelfth biggest star in Hollywood.",ita,eng,"[66300.0, 4845.0, 36210.0, 84915.0, 49725.0, 35955.0, 164475.0, 2805.0, 24990.0, 5355.0, 24990.0, 66555.0, 34425.0, 120870.0, 34425.0]"
"Vulnerable is the third posthumous album by Marvin Gaye. Recorded in sessions throughout 1977, the album was a decade in the making, first being worked on in 1968 during sessions in New York with Bobby Scott. Reworked by Gaye a decade later, the album was originally going to be released in 1979 under the title, The Ballads, but was shelved. Two decades later, Motown released it under the title Vulnerable, including seven songs from the sessions and three alternate cuts.",ita,eng,"[39370.0, 1778.0, 37846.0, 62484.0, 35052.0, 29464.0, 108712.0, 3048.0, 254.0, 3556.0, 2540.0, 26416.0, 30226.0, 100838.0, 30734.0]"
"The World Branding Forum is the organiser of the World Branding Awards, an international award presented to some of the best global and national brands for their work and achievements in branding. It is also the owner of the award's """"Brand of the Year"""" logo, which is a registered trademark.",ita,eng,"[17204.0, 759.0, 28336.0, 19481.0, 5313.0, 14674.0, 41745.0, 506.0, 0.0, 1518.0, 253.0, 11132.0, 14421.0, 20493.0, 22011.0]"
Coburn's film debut came in 1959 as the sidekick of Pernell Roberts in the Randolph Scott western Ride Lonesome. He soon got a job in another Western Face of a Fugitive (1959).,tur,eng,"[24696.0, 2772.0, 17136.0, 25200.0, 19404.0, 12852.0, 36792.0, 1260.0, 252.0, 4536.0, 252.0, 10584.0, 14112.0, 44100.0, 14868.0]"
"In 2009, Page received an honorary doctorate from the University of Michigan during a graduation commencement ceremony. In 2011, he was ranked 24th on the Forbes list of billionaires, and as the 11th richest person in the U.S.",ita,eng,"[27108.0, 2259.0, 24598.0, 19327.0, 13805.0, 15813.0, 31124.0, 1004.0, 0.0, 1004.0, 0.0, 502.0, 17319.0, 25351.0, 18323.0]"
"Linus Yale, Jr. improved upon his father's lock in 1861, using a smaller, flat key with serrated edges that is the basis of modern pin-tumbler locks. Yale developed the modern combination lock in 1862.",ita,eng,"[20000.0, 1000.0, 27000.0, 19000.0, 11750.0, 13250.0, 29250.0, 1750.0, 250.0, 1500.0, 0.0, 11500.0, 14250.0, 24000.0, 17500.0]"
"The Australian Recording Industry Association (ARIA) was established by the six major record companies operating in Australia, EMI, Festival Records, CBS (now known as Sony Music), RCA (now known as BMG), WEA (now known as Warner Music) and Polygram (now known as Universal). ARIA licensed the Kent Music Report from mid-1983 to publish the ARIA Charts under their banner until the week ending 26 June 1988. ARIA had established its own research and chart publishing group and now competed with the Kent Music Report.",tur,eng,"[46065.0, 3486.0, 33615.0, 57768.0, 35358.0, 30876.0, 97110.0, 3237.0, 1245.0, 2988.0, 22410.0, 25647.0, 30129.0, 106323.0, 36852.0]"
"... entire Web was loosely based on the premise of citation—after all, what is a link but a citation? If he could devise a method to count and qualify each backlink on the Web, as Page puts it """"the Web would become a more valuable place.",eng,eng,"[15128.0, 1488.0, 29512.0, 14880.0, 6448.0, 14880.0, 27280.0, 496.0, 248.0, 1984.0, 496.0, 992.0, 13888.0, 20584.0, 16368.0]"
"The Colt Lightning Carbine or Colt Lightning Rifle was a slide-action (pump-action) rifle manufactured by Colt from 1884 to 1904 and was originally chambered in .44-40 caliber. Colt eventually made the Lightning Rifle in three different frame sizes, to accommodate a wide range of cartridges, from .22 Short caliber and .38-40 to .50-95 Express. Its profile somewhat resembles the pump-action rimfire rifles made by the Winchester Repeating Arms Company and Remington Arms. The Lightning saw use as a sporting arm in America and was adopted for use by the San Francisco Police Department, but was never as popular or as reliable as the various lever-action rifles of its day.",ita,eng,"[83486.0, 6175.0, 41002.0, 79040.0, 49894.0, 40755.0, 176358.0, 3952.0, 4693.0, 10621.0, 25441.0, 57551.0, 41249.0, 145236.0, 58045.0]"
"A model of economic democracy, as an integral part of an inclusive democracy, is described in Towards An Inclusive Democracy (ch 6), the first book-length description of inclusive democracy. The main characteristic of the proposed model, which also differentiates it from socialist planning models like Parecon, is that it explicitly presupposes a stateless, money-less and market-less economy that precludes private accumulation of wealth and the institutionalisation of privileges for some sections of society, without relying on a mythical post-scarcity state of abundance, or sacrificing freedom of choice. The proposed system aims at satisfying the double aim of:",tur,eng,"[45510.0, 1476.0, 48708.0, 33948.0, 19434.0, 32718.0, 59532.0, 492.0, 246.0, 5904.0, 4674.0, 30012.0, 30996.0, 75768.0, 36654.0]"
"Work then continued on a system of soft-loaded updated versions of the OS, released under an annual subscription release scheme named RISC OS Select in 2002.",eng,eng,"[2695.0, 1225.0, 24010.0, 9065.0, 2695.0, 9800.0, 19110.0, 980.0, 0.0, 2205.0, 1225.0, 5145.0, 8820.0, 12005.0, 12740.0]"
"All One Tribe Hand Drum, E-mu Pro/cussion, Linn Linndrum, Native American handmade rattles, Pollard Syndrums Quad, Rhythm Tech Maracas, Rhythm Tech Rainmakers, Rhythm Tech Shakers, Taos Hand Drum",tur,eng,"[19520.0, 3904.0, 17568.0, 17324.0, 25132.0, 12688.0, 33672.0, 1464.0, 1464.0, 2928.0, 244.0, 16836.0, 11224.0, 36600.0, 17324.0]"
"At the time of her arrest, Patty Hearst weighed only 87 pounds (40 kg) and was described by Dr. Margaret Singer in October 1975 as """"a low-IQ, low-affect zombie"""". Shortly after her arrest, there were some clear signs of trauma and several DSM-5 classifications: her IQ was measured at 112 from 130 previously (a loss of 18 points); there were huge gaps in her memory regarding her pre-Tania life; she was smoking heavily; she had nightmares. Without a mental illness or defect, a person was held fully responsible for any criminal action not done under duress, defined as a clear and present threat of death or serious injury rather than peer pressure or being a low ranking member of a conspiracy. Securing an acquittal on the basis of brainwashing would be completely unprecedented.",ita,eng,"[53460.0, 2187.0, 65124.0, 70956.0, 27945.0, 45684.0, 117126.0, 2430.0, 243.0, 4617.0, 729.0, 38637.0, 46656.0, 54675.0, 45927.0]"
"Philip Johnson's Glass House, along with Mies van der Rohe's Farnsworth House, was the subject of Sarah Morris's 2010 film Points on a Line. Morris filmed at both sites over the course of several months, among other locations including The Four Seasons Restaurant, the Seagram Building, Mies van der Roheʼs controversial 860–880 Lake Shore Drive Apartments, and Chicagoʼs Newberry Library.",ita,eng,"[50336.0, 4598.0, 30008.0, 41866.0, 60016.0, 27588.0, 72358.0, 2420.0, 242.0, 3388.0, 14036.0, 22506.0, 25168.0, 69696.0, 26136.0]"
"I played there [Miller's in Charlottesville] all the time. Dave Matthews was the bartender. I knew the rest of his [future] band way before that. We played together in Charlottesville since I moved there in 1981. I would play with LeRoi Moore and Carter Beauford. Dave moved to town in 1987. When the Dave Matthews Band started (1991), I already had my own band (TR3). I told him (Dave Matthews), """"I've got a band and I kind of like the way it is. You should start your band."""" I could see that he needed to do his own thing.",tur,eng,"[49405.0, 3856.0, 37355.0, 73023.0, 48682.0, 34704.0, 97846.0, 3374.0, 0.0, 3615.0, 32294.0, 32294.0, 35668.0, 101461.0, 36391.0]"
"With their right to vote secured, the MWSA became the Minnesota League of Women Voters, selecting Clara Ueland as their first president. The League is still active in Minnesota politics today, publishing a voting guide to inform voters on candidate positions on issues affecting women.",eng,eng,"[5520.0, 960.0, 23280.0, 14160.0, 7680.0, 13440.0, 23040.0, 240.0, 0.0, 1920.0, 0.0, 11280.0, 12720.0, 21600.0, 14880.0]"
"The character """"Rehme"""" was named after producer Robert Rehme, while """"Taylor"""", """"Romero"""" and """"Cronenberg"""" were named after the directors Don Taylor, George Romero and David Cronenberg respectively.",ita,eng,"[15057.0, 2868.0, 17208.0, 23900.0, 20793.0, 13145.0, 31309.0, 717.0, 239.0, 1195.0, 717.0, 6453.0, 10516.0, 29158.0, 11472.0]"
"Hearst's kidnapping was partly opportunistic, as she lived close to the SLA hideout. According to testimony, the main intention was to leverage the Hearst family's political influence to free two SLA members arrested for the killing of Oakland's first black superintendent, Marcus Foster. Faced with the failure to free the imprisoned men, the SLA demanded that the captive's family distribute $70 worth of food to every needy Californian – an operation that would cost an estimated $400 million. In response, Hearst's father took out a loan and arranged the immediate donation of $2 million worth of food to the poor of the Bay Area. The distribution descended into chaos, and the SLA refused to release Hearst.",tur,eng,"[51170.0, 2142.0, 48790.0, 74256.0, 42602.0, 35462.0, 135422.0, 714.0, 476.0, 4046.0, 714.0, 34034.0, 37604.0, 140182.0, 35938.0]"
"As Google's new CEO, Page's two key goals were the development of greater autonomy for the executives overseeing the most important divisions, and higher levels of collaboration, communication and unity among the teams. Page also formed what the media called the """"L-Team,"""" a group of senior vice-presidents who reported directly to him and worked in close proximity to his office for a portion of the working week. Additionally, he reorganized the company’s senior management, placing a CEO-like manager at the top of Google's most important product divisions, including YouTube, AdWords, and Google Search.",ita,eng,"[29388.0, 1659.0, 41001.0, 31995.0, 13746.0, 36261.0, 51903.0, 1896.0, 0.0, 3318.0, 474.0, 0.0, 31047.0, 51192.0, 32232.0]"
"Dream Warriors"""" is a song written by Dokken members George Lynch & Jeff Pilson for the movie A Nightmare on Elm Street 3: Dream Warriors. The song was released as a single in 1987, charting at number 22 on the Hot Mainstream Rock Tracks chart, and was also released on Dokken's fourth album, Back for the Attack.",ita,eng,"[48852.0, 4720.0, 22184.0, 56168.0, 40120.0, 20532.0, 106436.0, 2124.0, 14160.0, 7080.0, 13688.0, 44132.0, 21240.0, 75756.0, 22420.0]"
"In 2002 Hamilton produced a self-released recording for then unknown Philadelphia artist Kurt Vile in the basement of his West Chester, PA home.",eng,eng,"[10105.0, 940.0, 16920.0, 8460.0, 10340.0, 7520.0, 16450.0, 705.0, 470.0, 1175.0, 0.0, 7050.0, 7050.0, 13160.0, 8460.0]"
"Ismayilov's official burial was done at the Avenue of the Honored Ones Cemetery in Baku. A stadium in Baku, many schools and streets were named after him.",tur,eng,"[14976.0, 2106.0, 18252.0, 12402.0, 3510.0, 10296.0, 14742.0, 234.0, 468.0, 1638.0, 9594.0, 468.0, 7722.0, 55458.0, 12168.0]"
"Cornus canadensis is a slow-growing herbaceous subshrub growing 10–20 cm tall, generally forming a carpet-like mat. The above-ground shoots rise from slender creeping rhizomes that are placed 2.5–7.5 cm deep in the soil, and form clonal colonies under trees. The vertically produced above-ground stems are slender and unbranched. The leaves are oppositely arranged on the stem, but are clustered with six leaves that often seem to be in a whorl because the internodes are compressed. The leafy green leaves are produced near the terminal node and consist of two types: 2 larger and 4 smaller leaves. The smaller leaves develop from the axillary buds of the larger leaves. The shiny dark green leaves have 2 to 3 mm long petioles and leaf blades that are obovate. The blades have entire margins and are 3.5 to 4.8 cm long and 1.5 to 2.5 cm wide, with 2 or 3 veins and cuneate shaped bases and abruptly acuminate apexes. In the fall, the leaves have red tinted veins and turn completely red.",tur,eng,"[101821.0, 6291.0, 40775.0, 67803.0, 25863.0, 64541.0, 87841.0, 2563.0, 699.0, 9320.0, 699.0, 55687.0, 61512.0, 158207.0, 70832.0]"
"After four years as a solo practitioner, Johnson invited Alan Ritchie to join him as a partner. Ritchie had been a partner for many years in the Johnson-Burgee office and was the partner-in-charge of the AT&T building and the 190 South Lasalle Street office building. In 1994 they formed the new practice of Philip Johnson>Alan Ritchie Architects. During the next ten years they worked closely together and yet again explored new directions in architecture, designing buildings as sculptural objects. Some of the buildings that expressed this were the Chapel of St. Basil at the university of St. Thomas, the Cathedral of Hope in Dallas, the Habitable Sculpture (a 26-story apartment tower in lower Manhattan), The Children Museum in Guadalajara, Mexico, The Chrysler Center and DDC Showroom in NY. One of his last designs with Alan Ritchie, completed after his death, was the Urban Glass House, a condominium building in lower Manhattan which was an urban expression from his own earlier work, his famous Glass House residence. The final building he designed with Richie was the Pennsylvania Academy of Music building in Lancaster, Pennsylvania, which was completed in 2008. Alan Ritchie now continues the Johnson legacy and design excellence and continues to explore the many ideas they developed together.",ita,eng,"[81664.0, 5104.0, 74704.0, 68208.0, 37584.0, 63104.0, 118552.0, 2784.0, 696.0, 6728.0, 39904.0, 60784.0, 62872.0, 112984.0, 76328.0]"
"He was a pillar for club and country during the late 1960s and through the 1970s. He made his league debut in 1963 and spent 15 inspiring seasons with Aliyat Al-Shurta and with merger club Al-Shurta, where he was a key figure in the side along with Abid Kadhim, Majeed Ali, Latif Shandal and Riyadh Nouri. He became the first outfield player in the Iraqi League to play as a goalkeeper when he was forced to go in goal for the final few minutes of a 5-2 win over Al-Tijara after an injury to Raad Hammoudi. After making his international debut in 1967, Douglas quickly became a key influence as the midfield general in the heart of the Iraqi team.",ita,eng,"[57750.0, 5775.0, 40425.0, 81081.0, 51975.0, 42504.0, 152922.0, 5082.0, 924.0, 7161.0, 3465.0, 54054.0, 46893.0, 135597.0, 51282.0]"
"Born in Tottenham, London, Wright initially played for Essex outfit Harwich & Parkeston, but by 1932 he had joined Football League side Charlton Athletic. Between 1932 and 1935, Wright made 38 league appearances, despite being understudy to Sam Bartram as Charlton rose from the Third Division to the First Division.",ita,eng,"[28750.0, 2070.0, 19550.0, 24840.0, 28060.0, 18170.0, 63710.0, 690.0, 4140.0, 5520.0, 12650.0, 27140.0, 19090.0, 48760.0, 22540.0]"
"In February 2016, a former student filed a civil lawsuit against the school's baseball coaches. He alleged that the coaches had harassed bullied and intimidated him throughout his high school career.",ita,eng,"[2290.0, 458.0, 18549.0, 10534.0, 3435.0, 9847.0, 20610.0, 229.0, 0.0, 0.0, 458.0, 0.0, 10305.0, 14427.0, 10534.0]"
"Among the reactions to his appointment is that of then Defense Minister Ignazio La Russa, said: """" It was a very difficult choice because more than one generals were at the same level of degree and capacity and it was hard It was a weighted choice, on my proposal, welcomed by the entire Council of Ministers, who expressed great appreciation for the new general commander of the Leonardo Leonardo Gallitelli."""" Democratic Party Defense and Security Officers Roberta Pinotti and Marco Minniti expressed """"Great appreciation for the nomination to Commander-in-Chief of the Carabinieri, an excellent choice for expertise and experience. We are confident that General Gallitelli will do the best to accomplish the delicate task to which has been called.",ita,eng,"[54492.0, 3876.0, 48108.0, 84588.0, 40584.0, 34428.0, 585960.0, 2052.0, 228.0, 25992.0, 30552.0, 40812.0, 36936.0, 127908.0, 40356.0]"
"DeFreeze's projections of the military strength of the then dozen-strong SLA group were hyperbolic, and he gave himself a concomitantly grandiose title of 'field marshal'. Soltysik is believed to have created much of the SLA ideological material, which stated the organization was opposed to """"racism, sexism, agism, fascism, individualism, competitiveness, possessiveness and all other institutions that have made or sustained capitalism"""".",ita,eng,"[11804.0, 2043.0, 33823.0, 23608.0, 10215.0, 19068.0, 37001.0, 908.0, 454.0, 3178.0, 227.0, 19295.0, 19749.0, 31780.0, 23381.0]"
"Where bunchberry, a forest species, and Cornus suecica, a bog species, grow near each other in their overlapping ranges in Alaska, Labrador, and Greenland, they can hybridize by cross-pollination, producing plants with intermediate characteristics.",ita,eng,"[17176.0, 904.0, 21922.0, 15368.0, 23052.0, 16498.0, 49268.0, 1130.0, 10396.0, 1582.0, 7910.0, 29154.0, 12656.0, 32770.0, 14238.0]"
"Escape from New York was released on DVD twice by MGM (USA), and once by Momentum Pictures (UK). One MGM release is a barebones edition containing just the theatrical trailer. Another version is the Collector's Edition, a two-disc set featuring a High Definition remastered transfer with a 5.1 Stereo audio track, two commentaries (one by John Carpenter and Kurt Russell, another by producer Debra Hill and Joe Alves), a making-of featurette, the first issue of a comic book series titled John Carpenter's Snake Plissken Chronicles, and the ten-minute Colorado bank robbery deleted opening sequence.",ita,eng,"[42525.0, 4275.0, 34425.0, 61200.0, 43200.0, 32625.0, 134550.0, 2925.0, 1800.0, 7425.0, 0.0, 35775.0, 31275.0, 110700.0, 34875.0]"
"We still have a monumental architecture. To me, the drive for monumentality is as inbred as the desire for food and sex, regardless of how we denigrate it.",eng,eng,"[1568.0, 672.0, 21056.0, 11200.0, 4704.0, 8288.0, 17248.0, 0.0, 224.0, 1344.0, 0.0, 0.0, 8288.0, 17024.0, 9856.0]"
"Conservatoire: The Jean-Sébastien-Bach Conservatoire of Bussy-Saint-Georges opened its doors in 1995. Widened in 2004, the expanse for the reception of people was doubled. In 2006 more than 700 pupils and 45 employees were involved, 28 individual instrumental disciplines (some of these instruments are """"rare"""" such as harpsichord, viola de gamba or traditional Chinese ones: pipa, guzheng) and 10 steel band disciplines.",fra,eng,"[36126.0, 5352.0, 30997.0, 256896.0, 18286.0, 27429.0, 58872.0, 2453.0, 0.0, 4906.0, 16056.0, 22523.0, 30997.0, 65339.0, 29436.0]"
"This article incorporates text from a publication now in the public domain: Herbermann, Charles, ed. (1913). """"Obreption"""". Catholic Encyclopedia. New York: Robert Appleton.",tur,eng,"[24420.0, 2442.0, 11100.0, 29748.0, 27750.0, 11544.0, 43512.0, 666.0, 1776.0, 6882.0, 7104.0, 9768.0, 12654.0, 55722.0, 15096.0]"
"The Nikon Coolpix P900 is a superzoom digital bridge camera announced by Nikon on March 2, 2015. With 83× zoom limit and a maximum 2000 mm 35 mm equivalent focal length, it was the greatest-zooming bridge camera at the time of its announcement, a record it still maintains as of December 2017. It complements its shorter-zooming sister model, the Nikon Coolpix P610, which was announced a few weeks earlier.",ita,eng,"[60775.0, 3094.0, 35360.0, 64090.0, 36465.0, 26741.0, 105196.0, 3978.0, 663.0, 17680.0, 0.0, 25857.0, 27846.0, 98566.0, 36686.0]"
"As of 2000, there were 887 private households in the municipality, and an average of 2.3 persons per household. There were 273 households that consist of only one person and 54 households with five or more people. In 2000, a total of 868 apartments (45.7% of the total) were permanently occupied, while 902 apartments (47.4%) were seasonally occupied and 131 apartments (6.9%) were empty. As of 2009, the construction rate of new housing units was 21.6 new units per 1000 residents. The vacancy rate for the municipality, in 2010, was 1.7%.",tur,eng,"[91520.0, 4840.0, 55660.0, 96800.0, 76780.0, 38060.0, 143440.0, 4180.0, 2640.0, 9240.0, 14740.0, 29480.0, 41580.0, 155540.0, 55220.0]"
"2010 saw the publication of the first ever book about Sutcliffe and AtomAge - Dressing For Pleasure, a history of AtomAge is published by Fuel and edited by Jonny Trunk.",tur,eng,"[5256.0, 1752.0, 17739.0, 9198.0, 17958.0, 8541.0, 18615.0, 876.0, 1314.0, 438.0, 219.0, 8322.0, 8979.0, 25404.0, 10950.0]"
"He was selected for a Remington Products razor commercial in which he was able to shave off 11 days of beard growth in less than 60 seconds, while joking that he had more teeth to show on camera than the other 12 candidates for the part.",eng,eng,"[2398.0, 1308.0, 24198.0, 12426.0, 4796.0, 12862.0, 23544.0, 218.0, 0.0, 436.0, 436.0, 436.0, 12208.0, 17658.0, 13298.0]"
That Patricia Campbell Hearst and her parents disagreed bitterly over Patricia's political and personal relations. That a love affair between a black man and Patricia Hearst did take place prior to her relationship with her fiancé Steven Weed. That Mrs. Randolph A. Hearst subjected her daughter to extreme pressure to change her personal and political relationships.,ita,eng,"[19964.0, 651.0, 23002.0, 30380.0, 14105.0, 14322.0, 47089.0, 434.0, 0.0, 434.0, 0.0, 13237.0, 15190.0, 46872.0, 14322.0]"
"Working with John Burgee, Johnson did not confine himself to a single style, and was comfortable mixing elements of modernism and postmodernism. For the Cleveland Play House, he built a romanesque brick structure; for the Architecture School at the University of Houston, he said that his model was the French neoclassical architecture of the 18th-century architect French Claude-Nicolas Ledoux. His skyscrapers on the 1980s were skillfully constructed and clad in granite and marble, and usually had some feature borrowed from historic architecture. In New York he designed the Museum of Television and Radio, (now the Paley Center for Media) (1991).",ita,eng,"[56160.0, 4320.0, 38448.0, 81000.0, 40176.0, 31320.0, 130248.0, 3456.0, 11232.0, 5616.0, 13824.0, 50760.0, 31104.0, 85320.0, 36072.0]"
"Shealy was diagnosed with melanoma in 1983 and given a 30% chance of survival. Twenty-five years later, in August 2008, he announced that the cancer had recurred. The brain tumor affected the portion of Shealy's brain that influences the ability to communicate, read and write. Oscar Lovelace, Shealy's physician said that Shealy was """"having language difficulties and periods where he couldn’t remember what he needed to say. He was mixing up numbers and letters."""" Shealy died due to possible complications from the cancer on August 18, 2010.",ita,eng,"[19565.0, 1075.0, 42140.0, 30745.0, 12255.0, 28810.0, 59125.0, 1720.0, 645.0, 2580.0, 0.0, 26015.0, 33325.0, 35905.0, 29240.0]"
"Edward Burnaby Greene (c. 1735-1788) was an English landowner, poet and translator. He inherited the Norland estate in modern-day Holland Park in 1740 from his paternal grandfather, Thomas Greene. Four years after Greene's death, Benjamin Vulliamy purchased the Norland Estate for £4,270.",ita,eng,"[23754.0, 2568.0, 23754.0, 39376.0, 29318.0, 16906.0, 54570.0, 1712.0, 214.0, 2140.0, 16050.0, 16050.0, 19046.0, 49434.0, 19260.0]"
"Castle's Tematic division was dramatically closed in September 2005. As of December 2005, RISCOS Ltd are still trading under the name RISCOS Ltd.",eng,eng,"[3834.0, 1917.0, 21726.0, 11715.0, 7881.0, 8733.0, 20448.0, 426.0, 0.0, 1278.0, 0.0, 426.0, 8946.0, 12354.0, 11502.0]"
"The Cabinet of Rwanda consists of the Prime Minister, Ministers, Ministers of State and other members nominated by the President. Members of Cabinet are selected from political organisations based on the number of seats they hold in the Chamber of Deputies, but members of Cabinet cannot themselves belong to the Chamber.",fra,eng,"[14628.0, 848.0, 19080.0, 40492.0, 3816.0, 12508.0, 36676.0, 0.0, 0.0, 848.0, 424.0, 848.0, 12720.0, 35404.0, 15264.0]"
"Born in Tokyo, she studied at Waseda University but left before graduating. On stage, she participated in Shoji Kokami's troupe, Daisan Butai, and also appeared in plays directed by Yukio Ninagawa and Hideki Noda. She has appeared in over fifty Japanese TV dramas, including Brother Beat and the Onsen e ikō series.",ita,eng,"[34393.0, 1899.0, 17302.0, 36503.0, 24265.0, 20678.0, 69419.0, 17724.0, 12238.0, 4642.0, 0.0, 24054.0, 17935.0, 69419.0, 18568.0]"
"Agnieszka was exceptionally gifted. She completed her coursework much more quickly than other students and graduated from Marie Curie-Skłodowska High School in 1952. She trained as a swimmer at Legia Sports Club and studied journalism at the University of Warsaw (1957–61) and film-directing at the prestigious National Film School in Łódź (1957–61) but dropped film-directing and started writing. Osiecka published essays and articles in the student press during her university years. She joined the famous Student Satirical Theatre (STS) in 1954 and wrote 166 political and lyrical songs for this company. She used to say """"I am a journalist, that is why some of my songs are reports which rhyme."""" She served on the artistic board of the STS Theatre until it closed in 1972.",tur,eng,"[77700.0, 6090.0, 42630.0, 56910.0, 68880.0, 41160.0, 87360.0, 3360.0, 0.0, 7770.0, 2310.0, 36960.0, 42840.0, 117390.0, 45780.0]"
"The Réunion stonechat (Saxicola tectes) is a species of stonechat, endemic to the island of Réunion. This small passerine bird is common in clearings and open mountain bushlands there.",fra,eng,"[14421.0, 2090.0, 13585.0, 38247.0, 13585.0, 10659.0, 35530.0, 836.0, 0.0, 2090.0, 5852.0, 8987.0, 9405.0, 37620.0, 13376.0]"
"In the summer of 2009, Woodruff moved to the San Diego area and shortly after released his subsequent album, Smoke Stack. This album followed the same recording style of the previous two albums where he individually recorded and layered each track to create a song. Notable songs include “Livin’ It”, “Hawaii Song” and “Vibes Alive”.",ita,eng,"[8112.0, 1248.0, 23296.0, 18096.0, 6240.0, 15808.0, 33072.0, 832.0, 0.0, 1040.0, 208.0, 624.0, 15600.0, 21216.0, 16224.0]"
"While thousands of schools were constructed in the same era with little more than local notice, the opening of the present-day Columbia High School warranted articles in The Architect, Architecture, Architectural Record, American School and University, The Brick Builder, Pencil Points, and The American School Board Journal. Rendered in the Collegiate Gothic style by James O. Betelle of the Newark, New Jersey architectural firm of Guilbert & Betelle, the school served as a standard in design as evidenced by the inclusion of a floor plan in a 1930 Encyclopædia Britannica article, and later design homages such as John Marshall High School (Los Angeles, California). Collegiate Gothic, or Academic Gothic, construction was prevalent among schools and colleges in the 1920s, and was Betelle's preferred building style for both its scholastically historic roots and practical considerations. The 1927 main building still garners recognition, including recognition by Architectural Digest on its 2017 list of the """"Most Beautiful Public High School in Every State in America"""".",tur,eng,"[69345.0, 4554.0, 55062.0, 96048.0, 69552.0, 46782.0, 129996.0, 1656.0, 414.0, 26703.0, 621.0, 41814.0, 46368.0, 154008.0, 66240.0]"
BOOM! will release a crossover comics miniseries between Snake and Jack Burton titled Big Trouble in Little China / Escape from New York in October 2016.,tur,eng,"[12566.0, 1854.0, 13802.0, 7828.0, 8446.0, 6798.0, 11536.0, 1442.0, 0.0, 1442.0, 0.0, 5356.0, 7828.0, 20806.0, 7622.0]"
"On 18 August 2011, Sohail announced that he had joined Nawaz Sharif's political party, the Pakistan Muslim League (N). According to Sohail, the country needs seasoned and experienced leadership which he believes the PML-N offers.",hin,eng,"[17220.0, 1435.0, 17425.0, 14760.0, 4920.0, 33620.0, 19680.0, 1230.0, 205.0, 820.0, 820.0, 7380.0, 13735.0, 31980.0, 12095.0]"
"Hamilton formed Brothers Past in 1996, straight out of high school with classmates Joe D'Amico (bass), Nick Desiderio (drums), and his older brother Jim Hamilton (guitar). In 1998 Hamilton met Tom McKee and asked him to join the band as a keyboardist and vocalist. This initial line-up toured the Mid-Atlantic area heavily until 1999 when D'Amico, Desiderio, and the elder Hamilton brother left the band to pursue more normal life styles. Hamilton and McKee settled on hiring Clay Parnell and Rick Lowenberg as the new rhythm section in 2000 and began touring again in 2001.",ita,eng,"[34272.0, 5100.0, 32640.0, 44676.0, 15504.0, 30600.0, 79356.0, 1224.0, 816.0, 4284.0, 612.0, 24684.0, 33456.0, 53040.0, 34680.0]"
"Carvajal was selected as one of the three best right backs at the end of his first and only season, behind FC Bayern Munich's Phillip Lahm and FC Schalke 04's Atsuto Uchida. He received 16% of the total vote from the fans.",ita,eng,"[30653.0, 2030.0, 18473.0, 39991.0, 48314.0, 14616.0, 80185.0, 1827.0, 10150.0, 1827.0, 11774.0, 30856.0, 14819.0, 54810.0, 16849.0]"
"The Caledonian Curling Club (also known as the Callie Curling Club) has been one of the most prominent curling rinks in Canada for many years. The club was established on October 14, 1915. Since its beginning so many years ago, the club has harboured many provincial, national, and even Olympic champions. It has also been a second home to thousands of people over the years who have come to the rink to relax, socialize, and of course, play an enjoyable game of curling.",ita,eng,"[16564.0, 1010.0, 34542.0, 25250.0, 21614.0, 23028.0, 43632.0, 1616.0, 0.0, 2626.0, 0.0, 7272.0, 23836.0, 32320.0, 26260.0]"
"In November 2010, reports cited Jeremy Renner as being in talks to play Snake Plissken. In July 2011, Deadline Hollywood reported that New Line and Warner Bros. had dropped the option to remake the film, allowing other studios to potentially option it. On March 18, 2013, Joel Silver and his studio company Silver Pictures teamed with StudioCanal to reboot the film as a trilogy, starting with an origin story in a fashion similar to the way Rise of the Planet of the Apes restarted that franchise. On February 10, 2014, Collider interviewed Silver about the film saying that the film's script is inspired by the video game Batman: Arkham City. On January 13, 2015, 20th Century Fox won the bid for the film rights of the remake with Andrew Rona and Alex Heineman's The Picture Company will produce. On October 12, 2015, Neil Cross was announced to write the film's script. According to The Wrap's Umberto Gonzalez, Fox wants to relaunch the film as what they did with Planet of the Apes and the details of the film are that New York City won’t be a maximum security prison, Snake's real name and a new villain. In March 2017 it was announced that Robert Rodriguez will direct the remake with John Carpenter producing.",ita,eng,"[126630.0, 3819.0, 64320.0, 125223.0, 101304.0, 67938.0, 386925.0, 5427.0, 52662.0, 17688.0, 58290.0, 162810.0, 74169.0, 225522.0, 66531.0]"
"The starting point of the ID project is that the world, at the beginning of the new millennium, faces a multi-dimensional crisis (economic, ecological, social, cultural and political), which is shown to be caused by the concentration of power in the hands of various elites. This is interpreted to be the outcome of the establishment, in the last few centuries, of the system of market economy (in the Polanyian sense), Representative democracy, and the related forms of hierarchical structure. Therefore, an inclusive democracy is seen not simply as a utopia, but perhaps as the only way out of the crisis, based on the equal distribution of power at all levels.",ita,eng,"[21000.0, 400.0, 48400.0, 30400.0, 18600.0, 27200.0, 61400.0, 1000.0, 0.0, 3600.0, 1400.0, 26000.0, 28400.0, 35200.0, 32000.0]"
"A commercial, and in some respects a social doubt has been started within the last year or two, whether or not it is right to discuss so openly the security or insecurity of locks. Many well-meaning persons suppose that the discussion respecting the means for baffling the supposed safety of locks offers a premium for dishonesty, by showing others how to be dishonest. This is a fallacy. Rogues are very keen in their profession, and know already much more than we can teach them respecting their several kinds of roguery.",eng,eng,"[27064.0, 1393.0, 39800.0, 25273.0, 7363.0, 24278.0, 34427.0, 995.0, 199.0, 5174.0, 398.0, 20099.0, 21492.0, 34029.0, 24875.0]"
"Page wrote that the motivation behind the reorganization is to make Google """"cleaner and more accountable."""" He also wrote that there was a desire to improve """"the transparency and oversight of what we’re doing,"""" and to allow greater control of unrelated companies previously within the Google ecosystem.",ita,eng,"[4356.0, 594.0, 20196.0, 13464.0, 2574.0, 12078.0, 21384.0, 396.0, 0.0, 792.0, 0.0, 0.0, 11286.0, 11088.0, 12870.0]"
"Because Judge Carter had died, William Horsley Orrick Jr. decided on Hearst's sentence. He gave her seven years imprisonment, commenting that """"rebellious young people who, for whatever reason become revolutionaries, and voluntarily commit criminal acts will be punished"""".",eng,eng,"[13002.0, 788.0, 20488.0, 14578.0, 2955.0, 10835.0, 19503.0, 0.0, 0.0, 985.0, 591.0, 7486.0, 10638.0, 15957.0, 11623.0]"
"Lawrence Edward Page (born March 26, 1973) is an American computer scientist and Internet entrepreneur who co-founded Google with Sergey Brin.",ita,eng,"[15876.0, 2156.0, 11956.0, 19404.0, 13328.0, 8036.0, 34300.0, 588.0, 3136.0, 3332.0, 3724.0, 9800.0, 8428.0, 30772.0, 7840.0]"
"Mack """"Truck"""" Turner (Hayes) is a former professional football player who becomes a Los Angeles-based bounty hunter after an injury. Truck visits his girlfriend, Annie (Annazette Chase), who is in jail and wants to leave LA when released. Truck and his partner Jerry Barnes go to collect their bounty from Nate Dinwiddie, a bail bondsman, who refers them to Fogarty (Dick Miller), a bail bondsman after a pimp who skipped bail named Gator.",tur,eng,"[33540.0, 2145.0, 19695.0, 41730.0, 22620.0, 19695.0, 64350.0, 780.0, 0.0, 1560.0, 16575.0, 18525.0, 19500.0, 67275.0, 19500.0]"
"The theoretical project of Inclusive Democracy—as distinguished from the political project on which the ID movement is based—emerged from the work of political philosopher, former academic and activist Takis Fotopoulos, in the book Towards An Inclusive Democracy, and was further developed by him and other writers in the journal Democracy & Nature and its successor The International Journal of Inclusive Democracy, an electronic journal published by the International Network for Inclusive Democracy. In other words, the theoretical project of ID is a project emerging in Political Philosophy and the History of ideas about social change (see e.g. Marxism, Social Ecology project, the autonomy project, the Inclusive Democracy project, etc.). On the other hand, the political project of ID (as any political project for social emancipation) is a project emerging in the History of social struggle (e.g. along socialist movement, autonomist movement, classical (direct) democracy movement, etc.).",ita,eng,"[57036.0, 3298.0, 45008.0, 79734.0, 54902.0, 37636.0, 231636.0, 2134.0, 33174.0, 6014.0, 36278.0, 75272.0, 37830.0, 129204.0, 44814.0]"
"Hart became the booker for World Class Championship Wrestling (WCCW; then known as Big Time Wrestling) in 1976, a position he held until January 1983, then again from 1986-1988. The years between 1982 and 1985 are considered to be the """"Golden Years"""" of the promotion. Hart created the classic feud between the Von Erichs and the Fabulous Freebirds, as well as forming The Stable of H. & H. Ltd in 1982 with Arman Hussian that introduced characters (Bugsy McGraw, King Kong Bundy, Bill Irwin, Checkmate ,Killer Brooks & Ten Gu) thought he also managed the Great Muta, the One Man Gang and the Samoan Swat Team. Hart additionally managed talent such as """"Gorgeous"""" Gino Hernandez and Gentleman Chris Adams. Along with booking, he also managed Nord the Barbarian, Abdullah The Butcher, Al Perez and Jeep Swenson under the stable """"New Age Management"""".",ita,eng,"[104606.0, 10808.0, 39951.0, 122941.0, 104027.0, 45741.0, 251479.0, 4825.0, 30494.0, 13124.0, 33968.0, 98044.0, 45548.0, 167717.0, 55777.0]"
"He represented the Fiji sevens starting in 1996, until helping them to win the 1998 Hong Kong sevens. He was also part of the Fiji team to the 1998 Commonwealth Games where he was part of the silver winning team. He later played represented Suva in the Digicel Cup but missed three seasons while on peacekeeping duties in the Middle East. He also played his rugby in Japan. He missed most of the 2000-01 international seasons to play for his club in Brisbane, where he was based from 1996. He re-joined to the Test side for the RWC qualifiers in June 2002 and went to the 2003 Rugby World Cup but didn't play any game.",ita,eng,"[51648.0, 3264.0, 33216.0, 60864.0, 38208.0, 33216.0, 139776.0, 1536.0, 10176.0, 18240.0, 17856.0, 53952.0, 36864.0, 102912.0, 43392.0]"
"Hearst suffered a collapsed lung in prison (the beginning of a series of medical problems) and underwent emergency surgery, which prevented her from appearing to testify against the Harrises on eleven state charges including robbery, kidnapping and assault; she was also arraigned for those charges. Hearst, who was being held in solitary confinement for security reasons, was granted bail for an appeal in November 1976, on condition she was protected on bond. Dozens of bodyguards were hired by her father.",ita,eng,"[11651.0, 1146.0, 29605.0, 20437.0, 6685.0, 19291.0, 36863.0, 573.0, 0.0, 2101.0, 382.0, 191.0, 19482.0, 22347.0, 20055.0]"
"The former requires that basic macro–economic decisions have to be taken democratically, whereas the latter requires the individual to take important decisions affecting his/her own life (what work to do, what to consume, etc.). Both the macro–economic decisions and the individual citizens’ decisions are envisaged as being implemented through a combination of democratic planning and an artificial market. But, while in the ‘macro’ decisions the emphasis will be on planning, the opposite will be true as regards the individual decisions, where the emphasis will be on the artificial market.",ita,eng,"[5130.0, 950.0, 36480.0, 23180.0, 6840.0, 24510.0, 45220.0, 570.0, 0.0, 2470.0, 190.0, 570.0, 21090.0, 27550.0, 25270.0]"
"On April 15, 1974, she was recorded on surveillance video wielding an M1 carbine while robbing the Sunset District branch of the Hibernia Bank at 1450 Noriega Street in San Francisco. Hearst announced herself under her pseudonym of Tania. Two men who entered the bank while the robbery was occurring were shot and wounded. According to later testimony at her trial, a witness thought Hearst had been several paces behind the others when running to the getaway car.",ita,eng,"[25326.0, 1323.0, 29295.0, 26271.0, 23436.0, 20034.0, 76923.0, 1134.0, 3402.0, 2268.0, 18333.0, 32508.0, 21357.0, 54243.0, 20790.0]"
"After enrolling in a computer science PhD program at Stanford University, Page was in search of a dissertation theme and considered exploring the mathematical properties of the World Wide Web, understanding its link structure as a huge graph—his supervisor, Terry Winograd, encouraged him to pursue the idea, and Page recalled in 2008 that it was the best advice he had ever received. He also considered doing research on telepresence and autonomous cars during this time.",ita,eng,"[19552.0, 1128.0, 31584.0, 34028.0, 30268.0, 17672.0, 68244.0, 752.0, 0.0, 1504.0, 16356.0, 17108.0, 17860.0, 65424.0, 18988.0]"
"Ike Clanton brought murder charges against the Earps and Doc Holliday. The Cowboys claimed the Earps had killed the outlaws as they attempted to surrender. During the Spicer hearing, the coroner and witnesses presented conflicting evidence about whether the Cowboys had their hands in the air or guns in their hands or were trying to draw their weapon when the fighting started.",ita,eng,"[18139.0, 1870.0, 16456.0, 26554.0, 19074.0, 14025.0, 72369.0, 561.0, 12155.0, 2618.0, 0.0, 34595.0, 15334.0, 45628.0, 14212.0]"
"MGM's special edition of the 1981 film was not released until 2003 because the original negative had disappeared. The workprint containing deleted scenes finally turned up in the Hutchinson, Kansas salt mine film depository. The excised scenes feature Snake Plissken robbing a bank, introducing the character of Plissken and establishing a backstory. Director John Carpenter decided to add the original scenes into the special edition release as an extra only: """"After we screened the rough cut, we realized that the movie didn't really start until Snake got to New York. It wasn't necessary to show what sent him there."""" The film has been released on the UMD format for Sony's PlayStation Portable.",ita,eng,"[34038.0, 2046.0, 33666.0, 50592.0, 37200.0, 31620.0, 77376.0, 1488.0, 186.0, 2976.0, 558.0, 25854.0, 31062.0, 73284.0, 29946.0]"
"The lever tumbler lock uses a set of levers to prevent the bolt from moving in the lock. In its simplest form, lifting the tumbler above a certain height will allow the bolt to slide past. Lever locks are commonly recessed inside wooden doors or on some older forms of padlocks, including fire brigade padlocks.",eng,eng,"[3330.0, 555.0, 23680.0, 15170.0, 4255.0, 11285.0, 19610.0, 0.0, 0.0, 740.0, 185.0, 0.0, 11840.0, 13505.0, 16280.0]"
"As of 2000, there were 166 students in Leytron who came from another municipality, while 72 residents attended schools outside the municipality.",eng,eng,"[2024.0, 552.0, 17664.0, 9568.0, 2392.0, 6624.0, 14536.0, 184.0, 0.0, 1104.0, 0.0, 736.0, 7544.0, 13064.0, 8096.0]"
"His approach to guitar playing has been noted as adding to the band's diverse sound. His style was also described as sounding as if he """"played with metal files."""" Unlike the other members of the Cows, Thor was mostly influenced by the Blues, favoring such artists as Muddy Waters and The Rolling Stones. He was also known to bring hand-written notation into band practice.",ita,eng,"[5307.0, 1647.0, 18300.0, 14457.0, 6222.0, 13908.0, 25986.0, 366.0, 0.0, 2745.0, 183.0, 5673.0, 14457.0, 20130.0, 15738.0]"
"Page led the acquisition of Android for $50 million in 2005 to fulfill his ambition to place handheld computers in the possession of consumers so that they could access Google from anywhere. The purchase was made without Schmidt's knowledge, but the CEO was not perturbed by the relatively small acquisition. Page became passionate about Android, and spent large amounts of time with Android CEO and cofounder Andy Rubin. By September 2008, T-Mobile launched the G1, the first phone using Android software and, by 2010, 17.2 percent of the handset market consisted of Android sales, overtaking Apple for the first time. Android became the world’s most popular mobile operating system shortly afterward.",ita,eng,"[48412.0, 3276.0, 38402.0, 80262.0, 46410.0, 29848.0, 130312.0, 546.0, 182.0, 2366.0, 25480.0, 29666.0, 30940.0, 101920.0, 32760.0]"
"Roy Scheider (1932-2008, class of 1950), actor most widely known for his leading roles in Jaws and The French Connection (for which he was nominated for an Academy Award).",ita,eng,"[15747.0, 2172.0, 13756.0, 28417.0, 19729.0, 9593.0, 49051.0, 1267.0, 7059.0, 2896.0, 2172.0, 22625.0, 9955.0, 35476.0, 9774.0]"
"Back in Dodge City, Holliday learns Kate has left him for Ringo, who taunts Holliday to a shootout and throws liquor on him. Holliday steadfastly refuses to fight him. Shanghai Pierce (Ted de Corsia) and his henchmen ride into town, wound deputy Charlie Bassett (Earl Holliman) and attack a dancehall, but Wyatt and Holliday hold the men and defuse the situation. As Ringo attempts to intervene, Holliday shoots him in the arm. Holliday returns to his room and Kate is waiting for him, but he refuses to take her back. She swears she will see him dead. By now, Wyatt and Laura have fallen in love, but when he receives a letter from his brother, Virgil, asking him to come clean up Tombstone, Arizona, she refuses to go with him unless he changes. Holliday catches up to Wyatt on the trail and both head to Tombstone.",ita,eng,"[43560.0, 3240.0, 27900.0, 72360.0, 43560.0, 33660.0, 191160.0, 1980.0, 30780.0, 4680.0, 31680.0, 77400.0, 34560.0, 122400.0, 35100.0]"
"Not completely happy with their temporary name, in the Summer of 1997, a sign caught Cito's eye, just outside the Freestate town of Kroonstad, pointing to a little town called """"Wonderboom"""". In 2009, Danny de Wet left the band and was replaced by Garth McLeod, formerly of respected South African rock band Sugardrive. In 2013 Garth McLeod was killed in a motorcycle accident and was replaced by Jonathan Bell.",tur,eng,"[25597.0, 2506.0, 29893.0, 26671.0, 36516.0, 19869.0, 46182.0, 1253.0, 358.0, 2148.0, 7697.0, 17721.0, 18795.0, 51015.0, 21480.0]"
"They say the 23rd, but I’ve been in this high-school-diploma program so I can get my high school diploma and you get milestone credits. And with these milestone credits you can earn six weeks, which means 42 days off. So if that goes through I should be getting out the beginning of July.",eng,eng,"[4272.0, 1246.0, 31150.0, 13528.0, 1602.0, 13350.0, 25098.0, 712.0, 178.0, 178.0, 0.0, 178.0, 13172.0, 15842.0, 13706.0]"
Al-Ziyarat al-Iraqiyya ila al-Hadarat al-Barzakhiyya bil-Imdadat al-Haqqaniyya wal-Suhbat al-Jiliyya (“Haqqani Visitation to the Sanctuaries of Iraq with Shaykh ‘Abd al-Qadir al-Jili al-Madani”). Bilingual.,tur,eng,"[33099.0, 8496.0, 8496.0, 17700.0, 10266.0, 20355.0, 22479.0, 3009.0, 354.0, 7257.0, 531.0, 10797.0, 15930.0, 107970.0, 21771.0]"
"According to Takis Fotopoulos, an artificial market """"secures real freedom of choice, without incurring the adverse effects associated with real markets"""".",tur,eng,"[4224.0, 880.0, 10384.0, 6336.0, 6688.0, 6512.0, 11968.0, 1056.0, 0.0, 880.0, 176.0, 4752.0, 5104.0, 16016.0, 6688.0]"
To publish great newspapers that are successful and enduring. To create a quality work environment that encourages employees to grow professionally while respecting personal welfare. To have a positive impact on our communities and make them better places to live.,eng,eng,"[875.0, 350.0, 15400.0, 9275.0, 2275.0, 7700.0, 15225.0, 0.0, 0.0, 350.0, 350.0, 0.0, 8050.0, 11725.0, 10675.0]"
The disc tumbler lock or Abloy lock is composed of slotted rotating detainer discs. They are considered very secure and almost impossible to pick.,eng,eng,"[3480.0, 348.0, 12876.0, 7830.0, 4524.0, 5394.0, 9744.0, 174.0, 0.0, 696.0, 174.0, 4350.0, 5220.0, 8874.0, 7308.0]"
"The school participates in a joint ice hockey program with Nutley High School as the host school / lead agency, under an agreement that expires at the end of the 2018-19 school year.",eng,eng,"[7785.0, 1038.0, 15224.0, 7958.0, 2422.0, 8477.0, 14878.0, 173.0, 0.0, 519.0, 0.0, 2076.0, 8304.0, 9861.0, 9515.0]"
"Les Ordons (995 m) is a mountain of the Jura, located north-east of the Col des Rangiers in the canton of Jura. It houses the Les Ordons Transmission Tower.",fra,eng,"[12212.0, 1376.0, 9116.0, 189888.0, 17716.0, 7912.0, 15136.0, 516.0, 0.0, 2752.0, 172.0, 7224.0, 9116.0, 22532.0, 12900.0]"
"Some musical critics have regarded a number of Lee's projects as """"challenging and experimental""""; projects """"pushing musical and performance boundaries"""". In April 2012, her musical saw playing came to the attention of Eric Clapton, resulting in a request to record her at British Grove Studios. Lee has performed in countries and venues in both the Northern and Southern hemisphere including some unorthodox and unconventional locations including Japanese temples, circus tents, waterfalls – and even special concerts for babies.",ita,eng,"[19494.0, 1026.0, 22572.0, 18810.0, 7182.0, 17100.0, 31806.0, 855.0, 2223.0, 2052.0, 0.0, 171.0, 17784.0, 22401.0, 18468.0]"
"Stick Figure is collaborating with Mighty Tree in Denver, Colorado to promote Stick Figure Sour, a branded strain of the sativa-dominant Sour Diesel. Stick Figure Sour has also been released in Washington State and Colorado.",ita,eng,"[7990.0, 1190.0, 12580.0, 12750.0, 5440.0, 7140.0, 19550.0, 0.0, 510.0, 680.0, 0.0, 6630.0, 7310.0, 13260.0, 8840.0]"
"As of 2010, Leytron had an unemployment rate of 4.5%. As of 2008, there were 334 people employed in the primary economic sector and about 106 businesses involved in this sector. 207 people were employed in the secondary sector and there were 24 businesses in this sector. 779 people were employed in the tertiary sector, with 85 businesses in this sector. There were 1,086 residents of the municipality who were employed in some capacity, of which females made up 44.0% of the workforce.",tur,eng,"[77064.0, 9971.0, 29744.0, 58643.0, 48503.0, 25857.0, 112554.0, 5577.0, 9633.0, 15041.0, 20618.0, 28561.0, 25350.0, 130468.0, 33969.0]"
"American Pickers premiered on History, formerly known as the History Channel, on January 18, 2010. As of September 8, 2010, it was the top rated non-fiction series of 2010 among total viewers and adults 25-54.",ita,eng,"[26712.0, 4032.0, 17976.0, 23016.0, 17304.0, 11760.0, 42504.0, 2184.0, 0.0, 3192.0, 336.0, 9576.0, 12936.0, 38304.0, 14112.0]"
"It was his third major work on the sociology of religion, after The Protestant Ethic and the Spirit of Capitalism and The Religion of China: Confucianism and Taoism. In this work he deals with the structure of Indian society, with the orthodox doctrines of Hinduism and the heterodox doctrines of Buddhism, with the changes wrought by popular religiosity and their influence on the secular ethic of Indian society.",ita,eng,"[30227.0, 1169.0, 18203.0, 25885.0, 32231.0, 19706.0, 55110.0, 1503.0, 1336.0, 4509.0, 4175.0, 21710.0, 13861.0, 40414.0, 15865.0]"
"Asmat Regency is one of the regencies (kabupaten) in the southern portion of Papua Province of Indonesia. It was split off from Merauke Regency (of which it had been a part) on 12 November 2002. Asmat Regency consists of an area of 31,983.69 km2, and had a population of 76,577 at the 2010 Census; the latest official estimate (as at January 2014) is 94,227, mostly from the Asmat ethnic group. The administrative centre of the regency is the town of Agats.",ita,eng,"[62084.0, 3652.0, 21746.0, 49966.0, 33532.0, 24568.0, 105410.0, 3652.0, 996.0, 5976.0, 25066.0, 22078.0, 32702.0, 104912.0, 35026.0]"
"Birds are the main dispersal agents of the seeds, consuming the fruit during their fall migration. In Alaska, bunchberry is an important forage plant for mule deer, black-tailed deer and moose, which consume it throughout the growing season.",eng,eng,"[2640.0, 825.0, 15180.0, 8910.0, 2310.0, 8910.0, 11550.0, 165.0, 165.0, 1485.0, 165.0, 0.0, 7095.0, 11385.0, 9240.0]"
"Osiecka was born in Warsaw, the only child of Wiktor Osiecki, a Serbian-born pianist and composer, and a scholar Maria Sztechman of Serbian-Vlach descent. She spent her early years in Zakopane where her father played the piano at the Watra Restaurant. After World War II the Osiecki family moved to Warsaw and settled in the Saska Kępa borough. The small flat soon became Osiecka’s favourite place to work. She lived there almost her entire life and a commemorative plaque has been placed on the building by the Okularnicy Foundation.",tur,eng,"[43460.0, 1804.0, 22796.0, 28208.0, 51168.0, 22140.0, 67732.0, 3444.0, 3608.0, 3116.0, 11644.0, 33948.0, 22304.0, 68060.0, 24108.0]"
"The Sacramento News & Review (SN&R), founded in 1989, is the largest of the three News & Review papers, with a cumulative readership of roughly 330,000 people, according to the Winter 2015 Media Audit Report, run by International Demographics. The founding editor was Melinda Welsh; the paper's current editor is Eric Johnson.",ita,eng,"[19723.0, 2282.0, 17767.0, 26569.0, 18908.0, 13529.0, 63244.0, 1467.0, 2282.0, 815.0, 6357.0, 21027.0, 15485.0, 50530.0, 18419.0]"
"A keycard lock operates with a flat card using the same dimensions as a credit card or US and EU driver's license. In order to open the door, one needs to successfully match the signature within the keycard.",eng,eng,"[2754.0, 486.0, 17820.0, 9558.0, 1620.0, 7938.0, 14256.0, 0.0, 162.0, 2106.0, 0.0, 162.0, 7614.0, 10206.0, 9720.0]"
"Confederal allocation of resources is required because, although self-reliance allows many decisions to be made at the community level, much remains to be decided at the regional/national/supra-national level. However, it is delegates (rather than representatives) with specific mandates from the demotic assemblies who are involved in a confederal demotic planning process which, in combination with the proposed system of vouchers, effects the allocation of resources in a confederal inclusive democracy.",ita,eng,"[5635.0, 966.0, 25116.0, 20286.0, 2898.0, 15134.0, 28497.0, 805.0, 0.0, 2093.0, 0.0, 966.0, 15295.0, 20286.0, 18515.0]"
Al-Arba’un fi Fadli al-Shami wa-Ahlih wal-Hijrati ila Allahi wa-Rasulih (“The Excellence of Syro-Palestine and Its People in Emigrating to Allah and His Prophet: 40 Hadith”) Bilingual.,tur,eng,"[34240.0, 5120.0, 7040.0, 18080.0, 7520.0, 12480.0, 25600.0, 2240.0, 0.0, 4480.0, 640.0, 8960.0, 12000.0, 68480.0, 16320.0]"
"Tim Heath (c), Murali Mohan Rao (vc), Nand Lal Riar, Siva Arunachalam, Rana Rahman, Vineeth Govind, Peter van Buuren, Mike Tiffin, Marko Vaik (+), Kalle Vislapuu, Mart Tammoja, Remo Raud, Mario Tammoja Sasha Ruut",tur,eng,"[26553.0, 2703.0, 10176.0, 23691.0, 20670.0, 24963.0, 30846.0, 1908.0, 477.0, 2862.0, 1113.0, 8745.0, 11130.0, 49767.0, 15264.0]"
"Riley Hawk, son of professional skateboarder and company owner Tony Hawk, joined the Baker team in 2012 after riding for his father's company, Birdhouse.",ita,eng,"[9480.0, 474.0, 9322.0, 12482.0, 9006.0, 6794.0, 23226.0, 632.0, 474.0, 1422.0, 4424.0, 8216.0, 6794.0, 21014.0, 6952.0]"
"Each flower has highly elastic petals that flip backward, releasing springy filaments that are cocked underneath the petals. The filaments snap upward flinging pollen out of containers hinged to the filaments. This motion takes place in less than half a millisecond and the pollen experiences two to three thousand times the force of gravity. The Bunchberry has one of the fastest plant actions found so far requiring a camera capable of shooting 10,000 frames per second to catch the action.",eng,eng,"[5652.0, 942.0, 26847.0, 17270.0, 4553.0, 16171.0, 26690.0, 157.0, 157.0, 1884.0, 157.0, 314.0, 16171.0, 23864.0, 16799.0]"
"Coburn's third film was a major breakthrough for him - as the knife-wielding Britt in The Magnificent Seven (1960), directed by John Sturges for the Mirisch Company. Coburn was hired through the intervention of his friend, Robert Vaughn.",ita,eng,"[18252.0, 1716.0, 11856.0, 16224.0, 15912.0, 10764.0, 42744.0, 1248.0, 3588.0, 2184.0, 7800.0, 14664.0, 9828.0, 27768.0, 9828.0]"
"The first awards were held in both London and Paris, with the first ceremony taking place in the historic One Whitehall Place in London in 2014. The second ceremony took place at the iconic Hilton Paris Opera.",fra,eng,"[9765.0, 465.0, 14415.0, 22320.0, 7905.0, 7440.0, 20460.0, 0.0, 155.0, 620.0, 0.0, 6355.0, 7285.0, 21700.0, 10230.0]"
"Between 1961 and 1963, Wright spent time in India coaching the Indian youth team in preparation for the 1963 AFC Youth Championship in Malaya. Wright then inherited Syed Abdul Rahim's side to become the first foreign coach of the India national football team after Rahim died in 1963. Wright was tasked with taking his side to the 1964 AFC Asian Cup. They finished as runners-up to hosts Israel in the round-robin tournament, which to-date remains the best achievement in Indian professional football.",ita,eng,"[32802.0, 2772.0, 24948.0, 21868.0, 22946.0, 25872.0, 56672.0, 1078.0, 308.0, 3080.0, 462.0, 25718.0, 22176.0, 47740.0, 23716.0]"
"Coburn became a genuine star following the release of the James Bond parody film Our Man Flint (1966), playing super agent Derek Flint for Fox. The movie was a solid success at the box office.",ita,eng,"[15759.0, 1224.0, 10557.0, 14688.0, 11628.0, 7650.0, 34731.0, 459.0, 4284.0, 1683.0, 459.0, 11781.0, 6732.0, 24327.0, 8262.0]"
Jeremiah Chubb patented his detector lock in 1818. It won him the reward offered by the Government for a lock that could not be opened by any but its own key.,eng,eng,"[2280.0, 304.0, 13832.0, 6840.0, 1824.0, 5472.0, 10336.0, 0.0, 152.0, 456.0, 0.0, 152.0, 5776.0, 8360.0, 7752.0]"
"Joystick is also thought to be a bisexual. During Civil War, The Thunderbolts took on a group of college kids that had stolen M.A.C.H. IV's old suits of armor. After hearing Radioactive Man reference that one of them was a woman, Joystick tries to open up the armor stating """"Buddha said it's a chick in here... Just wanted to see if she was cute...",ita,eng,"[15704.0, 1812.0, 21442.0, 23103.0, 5285.0, 12986.0, 36693.0, 453.0, 0.0, 1359.0, 151.0, 11627.0, 14194.0, 26123.0, 13741.0]"
"Minnesota tried again in 1891, authorizing a state park around Lake Itasca both for its recreational opportunities and to protect the source of the Mississippi River. Interstate Park on the St. Croix River was created in 1895. Other sites were added over the next two decades, but with an inconsistent vision. Modest tracts of scenic land were acquired in Minneopa and Jay Cooke State Parks, but much effort was also expended on creating historical monuments relating to the Dakota War of 1862 and the Great Hinckley Fire. Moreover, most of the sites were being administered by the state auditor, who had many other duties. Itasca State Park, meanwhile, was being administered as a state forest. In 1923, state auditor Ray P. Chase excoriated this situation, calling for wiser selection of park lands and a dedicated commissioner. Chase's comments had an impact, and two years later the Department of Conservation was created to manage the state's natural resources, including the state parks. Originally part of the forestry division, the state parks received their own division in 1935 to take advantage of federal programs such as the Civilian Conservation Corps (CCC). In 1971, the department became the Minnesota Department of Natural Resources.",ita,eng,"[57750.0, 3600.0, 43650.0, 123900.0, 73650.0, 42000.0, 204900.0, 2250.0, 1050.0, 7050.0, 27000.0, 55050.0, 44250.0, 147750.0, 50550.0]"
"Kris Hanna (born 1962) is an Australian politician, and former member for Mitchell in the South Australian House of Assembly from 1997 until 2010. Originally elected as a member of the Australian Labor Party, Hanna joined the SA Greens in 2003 before becoming an independent member in 2006.",ita,eng,"[26224.0, 1192.0, 13857.0, 21456.0, 7748.0, 12218.0, 35611.0, 2086.0, 447.0, 3129.0, 6407.0, 7599.0, 12665.0, 30992.0, 13708.0]"
"General Leonardo Gallitelli (born 9 June 1948, Taranto) is an Italian general and politician. He served as Commander of the Carabinieri from June 2009 to January 15, 2015.",ita,eng,"[13616.0, 1480.0, 10508.0, 12136.0, 9916.0, 8288.0, 66748.0, 740.0, 0.0, 2220.0, 3552.0, 8436.0, 9916.0, 20868.0, 10656.0]"
"Page is the chief executive officer (CEO) of Google's parent company, Alphabet Inc. After stepping aside as Google CEO in August 2001, in favor of Eric Schmidt, he re-assumed the role in April 2011. He announced his intention to step aside a second time in July 2015 to become CEO of Alphabet, under which Google's assets would be reorganized. Under Page, Alphabet is seeking to deliver major advancements in a variety of industries.",ita,eng,"[26754.0, 1911.0, 26313.0, 47187.0, 27636.0, 16170.0, 59976.0, 441.0, 0.0, 3381.0, 147.0, 13671.0, 17640.0, 56889.0, 18375.0]"
"In Europe the genus is represented by a single species, the classically named holly Ilex aquifolium, and in continental Africa by this species and (Ilex mitis). Ilex canariensis, from Macaronesia, and Ilex aquifolium arose from a common ancestor in the laurel forests of the Mediterranean. Australia, isolated at an early period, has (Ilex arnhemensis). Of 204 species growing in China, 149 species are endemic. A species which stands out for its economic importance in Spanish-speaking countries is Ilex paraguariensis or Yerba mate. Having evolved numerous species that are endemic to islands and small mountain ranges, and being highly useful plants, many hollies are now becoming rare.",ita,eng,"[52122.0, 2336.0, 23944.0, 30222.0, 29784.0, 24382.0, 96068.0, 2044.0, 17520.0, 6424.0, 18250.0, 48034.0, 24090.0, 77088.0, 28762.0]"
"Douglas played for the Iraqi national team until 1978 and retired from playing a year later. He went on to coach at Al-Shurta and in his first season in charge, led the club to their first ever league title in 1979-1980. He continued to coach the club's youth teams after stepping down as head coach in 1983, but was renamed coach of the first team in 1985.",ita,eng,"[17255.0, 1595.0, 16820.0, 31755.0, 16095.0, 14645.0, 57855.0, 290.0, 145.0, 2465.0, 11455.0, 18705.0, 17400.0, 54520.0, 18560.0]"
"Estonia in May 2011 competed in the European T20 Division 3 Championships in Slovenia, where after all matches were completed, finished as runners-up to a highly experienced Swedish National Team.",eng,eng,"[8640.0, 1296.0, 11520.0, 7632.0, 8352.0, 6048.0, 11232.0, 288.0, 144.0, 432.0, 720.0, 0.0, 6480.0, 10656.0, 8208.0]"
"Alfred Charles Hobbs demonstrated the inadequacy of several respected locks of the time in 1851 at The Great Exhibition, and popularized the practice of full disclosure.",eng,eng,"[2145.0, 715.0, 11440.0, 7293.0, 3861.0, 5148.0, 9581.0, 572.0, 0.0, 715.0, 0.0, 4433.0, 4719.0, 7436.0, 6721.0]"
"In 2011, the Bill & Melinda Gates Foundation commissioned Watt to produce a site-specific artwork for their Seattle campus. The work, entitled Blanket Stories: Matriarch, Guardian and Seven Generations, is a 14-foot column of wool blankets from all over the world and is located in the building's lobby. Describing how the materials fit this specific location, Watt wrote, """"It's the first column I've made with the explicit goal of collecting and integrating blankets from around the world, echoing the Foundation's global mission; the column will be constructed of reclaimed blankets and reclaimed cedar, in resonance with the campus' goal of attaining LEED Gold certification.",ita,eng,"[40328.0, 1562.0, 27264.0, 22720.0, 8378.0, 21016.0, 40896.0, 994.0, 0.0, 1846.0, 142.0, 2130.0, 21300.0, 31098.0, 22436.0]"
"The Agnieszka Osiecka Okularnicy Foundation was founded by her daughter shortly after the poet's death. The Okularnicy Foundation promotes Osiecka’s work, runs the Poet's Archive, organizes the annual singing competition „Let us Remember Agnieszka Osiecka“, manages the Internet archive, and publishes books.",tur,eng,"[10011.0, 1269.0, 10857.0, 11703.0, 16779.0, 10434.0, 18330.0, 987.0, 141.0, 1974.0, 1833.0, 8601.0, 10434.0, 22419.0, 11139.0]"
"In 1999 Reynolds left Birdhouse Skateboards and started Baker Skateboards along with other professional skateboarders from Stereo, Zero, and other companies. In 2007, the skateboard deck brand signed a distribution deal with Blitz Distribution, the company that, at the time, was distributing Birdhouse and other brands, such as Fury and Hook-Ups (Blitz had originally been formed by Per Welinder and Hawk to distribute their own products). As of 2008, the brand was the top-selling brand under the Blitz Distribution umbrella. In regard to the original Baker logo, Reynolds has credited the design to Strickland and stated that it represented a motley company that consisted of talented skateboarders.",tur,eng,"[42840.0, 3080.0, 23520.0, 40320.0, 21280.0, 20720.0, 57260.0, 840.0, 280.0, 2520.0, 280.0, 18200.0, 22120.0, 57820.0, 23100.0]"
"Kaplan says the film was written for Lee Marvin, Robert Mitchum, or Ernest Borgnine. """"Larry Gordon at AIP said, """"Well, we can't get any of them so now it's a black picture."""" Isaac Hayes was cast and that's how that came about.",ita,eng,"[14178.0, 1112.0, 10703.0, 10564.0, 17375.0, 9452.0, 33082.0, 973.0, 7784.0, 1251.0, 6672.0, 16541.0, 9730.0, 27244.0, 9174.0]"
"In 1989, he stepped down as coach of Al-Shurta to work full-time as assistant to Under-19s coach Bill Asprey. Douglas was also assistant coach to Ammo Baba in the national team set-up from 1983–1984.",ita,eng,"[19872.0, 2622.0, 13938.0, 12558.0, 14214.0, 9522.0, 29118.0, 552.0, 138.0, 1518.0, 276.0, 12834.0, 9522.0, 27876.0, 9798.0]"
"After leaving WCW, Hart returned to Texas and began a new wrestling promotion in North Dallas, the Texas Wrestling Federation, which showcased many former stars of World Class and those who are competing in the USWA/World Class promotion.",tur,eng,"[7535.0, 685.0, 8083.0, 7124.0, 6302.0, 6576.0, 10686.0, 685.0, 0.0, 411.0, 4247.0, 6165.0, 6028.0, 16303.0, 7672.0]"
"Lee was given a full scholarship to attend Chetham's School of Music (along with her two sisters Song-a and Hae-a) in Manchester at the age of nine. In 1988, she was then awarded a full-scholarship place to study with the late Harvey Shapiro at the Juilliard School in New York where she graduated with a bachelor's degree in 1992. Lee returned to New York in 2007, to play a recital at Carnegie Hall as part of a piano trio with her sister Songa and pianist Louise Thomas.",ita,eng,"[21760.0, 1904.0, 23800.0, 34816.0, 28152.0, 17544.0, 76704.0, 1360.0, 16048.0, 1632.0, 9248.0, 27608.0, 19720.0, 60384.0, 19720.0]"
"Upon reaching adolescence, Reynolds was able to learn guitar and electric bass guitar, so he could perform in the family's local Church choir three times a week, with the secret added bonus that he was able to begin experimenting with learning what eventually became second nature; adding riffs infused with rock and roll, funk and soul music by the age of twelve. Upon graduation from high school, he moved away from home, and after moving from the Midwestern States, landed in Charlottesville, Virginia, finding jazz, jazz fusion, and experimental music enthusiasts there. Reynolds found the college town a more welcoming environment for him to branch out musically there than in any of his previous homes, and added to his experimentation other musical influences to his repertoire, including sixties psychedelic rock, citing some of his early influences as Jimi Hendrix, Carlos Santana and Led Zeppelin.",tur,eng,"[22275.0, 1215.0, 29835.0, 24570.0, 6615.0, 22410.0, 44955.0, 405.0, 135.0, 2160.0, 270.0, 23085.0, 23625.0, 49140.0, 24705.0]"
"Chico Beer Week is another annual event celebrating craft beer in Chico and is coordinated with local breweries, bars, restaurants and retailers responsible for the area's local craft-beer scene.",tur,eng,"[1072.0, 938.0, 8308.0, 5628.0, 6164.0, 4958.0, 8576.0, 0.0, 0.0, 1742.0, 268.0, 5092.0, 4958.0, 11256.0, 7236.0]"
"Kent continued to publish his Australian Music Report on a weekly basis until 1996. In 1993, Kent collated his charts into a book, Australian Chart Book, 1970–1992. He followed with Australian Chart Book (1940–1969) in 2005, Australian Chart Book (1993–2005) in 2006, and The Australian top 20 book (1940–2006) in 2007.",ita,eng,"[31255.0, 1995.0, 21812.0, 33782.0, 21147.0, 16758.0, 60914.0, 1197.0, 266.0, 2128.0, 133.0, 15827.0, 18753.0, 52003.0, 21014.0]"
"The ID project introduced a very different conception from the usual one of economic democracy. According to the ID project, economic democracy is the authority of demos (community) in the economic sphere—which requires equal distribution of economic power. Therefore, all 'macro' economic decisions, namely, decisions concerning the running of the economy as a whole (overall level of production, consumption and investment, amounts of work and leisure implied, technologies to be used, etc.) are made by the citizen body collectively and without representation. However, """"micro"""" economic decisions at the workplace or the household levels are made by the individual production or consumption unit through a proposed system of vouchers.",ita,eng,"[1716.0, 528.0, 30756.0, 26268.0, 6864.0, 18348.0, 43032.0, 924.0, 792.0, 2508.0, 264.0, 132.0, 18216.0, 22704.0, 21648.0]"
"The Roman road between northern and southern Roman Wales, Sarn Helen, probably ran through the village; the terrace of houses known as Pensarn (head of the causeway) may be a reference to it.",tur,eng,"[7860.0, 524.0, 9956.0, 6157.0, 5371.0, 6419.0, 11266.0, 393.0, 0.0, 1572.0, 3275.0, 4978.0, 5371.0, 15065.0, 6943.0]"
"More was needed. The old Columbia School could no longer safely accommodate the student population. A magnificent new structure was planned. The design process was unique in that the faculty and all members of the staff participated by submitting sketches, drawn to scale, of the facilities necessary to satisfy their needs. In 1926 construction began on the present Columbia High School building. Work was completed in September 1927, in time for the fall term. So well designed was this building that two years later its floor plan was described and pictured in the Encyclopædia Britannica in an article describing ideal American schools.",ita,eng,"[3120.0, 520.0, 22750.0, 16900.0, 8580.0, 15600.0, 28600.0, 0.0, 0.0, 910.0, 130.0, 390.0, 16510.0, 18460.0, 19500.0]"
"Although often associated with Komsomol, shock construction projects in more general term also included the Great Construction Projects of Communism.",eng,eng,"[1161.0, 387.0, 8256.0, 3483.0, 3870.0, 4773.0, 5676.0, 0.0, 129.0, 387.0, 3225.0, 0.0, 3096.0, 6708.0, 4773.0]"
"The Estonian cricket team represents the nation of Estonia in international cricket competitions. Granted affiliate status in June 2008, Estonian cricket relies upon the support of touring sides from Britain and other European nations to get matches to play. In the 2007 season they won over 80% of all their games and in 2008 they won 94% of their games (34 out of 36).",ita,eng,"[7296.0, 1152.0, 15616.0, 12032.0, 10624.0, 12416.0, 22528.0, 384.0, 128.0, 1024.0, 640.0, 128.0, 12928.0, 19072.0, 16512.0]"
"Haddad is a staunch defender of the traditional Islamic schools of law and an opponent of Salafism-Wahhabism. He has published a complete translation of Qadi Ibn Jahbal al-Dimashqi's refutation of Ibn Taymiyya's Al-`Aqidat al-Hamawiyat al-Kubra (""""The creed of the great people of Hama"""") as well as a primer on contemporary Salafism titled Albani and his Friends. He has criticized the Islamic Circle of North America (ICNA), the Islamic Society of North America (ISNA), and the World Assembly of Muslim Youth for promoting Salafism. He has also written a critique of Deobandi scholar Mufti Taqi Usmani's fatwa against the celebration of Muhammad's birthday (Mawlid).",tur,eng,"[44704.0, 5588.0, 17399.0, 44323.0, 30988.0, 35687.0, 104902.0, 2921.0, 14351.0, 8382.0, 17399.0, 36703.0, 23749.0, 127254.0, 30099.0]"
"Proposed within Inclusive Democracy as a solution to the problem of maintaining freedom of choice for the consumer within a marketless and moneyless economy, an artificial market operates in much the same way as traditional markets, but uses labour vouchers or personal credit in place of traditional money. Because of the use of a labour voucher system in consumption of goods and services, an economy using an artificial market would have no actual flow of money and thus the only kind of market that could exist would be a market for commercial goods and services, eliminating capital markets and labour markets.",ita,eng,"[1512.0, 252.0, 23184.0, 14868.0, 2268.0, 14238.0, 28728.0, 0.0, 252.0, 1764.0, 0.0, 252.0, 14994.0, 21546.0, 19152.0]"
"In 2014, BOOM! Studios began publishing an Escape From New York comic book by writer, Christopher Sebela. The first issue of the series was released on December 3, 2014 and the story picks up moments after the end of the film.",ita,eng,"[15875.0, 1000.0, 9625.0, 14500.0, 11125.0, 8000.0, 33750.0, 375.0, 125.0, 1625.0, 6750.0, 7125.0, 7750.0, 29375.0, 8375.0]"
"At the same time, pupil behavior was becoming less inhibited, much to the distress of the adult population. Henry W. Foster, Superintendent of the District from 1900–1927, described the conditions in 1913: """"Long before prohibition was adopted, venturesome boys were surreptitiously now and then bringing liquor to dances to add to the excitement. There was a decided reversion to animalistic excitement. Musical rhythm from the wilds of barbarism stirred the pulse. The dance abandoned the restraint and refinement of waltz and polka; Bunny Hug, Turkey Trot, Fox Trot, and Shimmey began to reign.",tur,eng,"[25296.0, 992.0, 23808.0, 22320.0, 19716.0, 18600.0, 28396.0, 1984.0, 372.0, 2232.0, 372.0, 15252.0, 17856.0, 44144.0, 17980.0]"
"In 2008, Reynolds once again joined Dave Matthews Band for the recording Big Whiskey and the Groogrux King with producer Rob Cavallo. It was Reynolds's first recording collaboration with Matthews since 2003's Some Devil and his first with the Dave Matthews Band since 1998's Before These Crowded Streets.",ita,eng,"[24108.0, 3075.0, 11439.0, 28536.0, 23739.0, 11193.0, 56826.0, 984.0, 7134.0, 5781.0, 7011.0, 22632.0, 10824.0, 41943.0, 12054.0]"
"With Facebook's influence rapidly expanding during the start of Page's second tenure, he finally responded to the intensive competition with Google's own social network, Google+, in mid-2011. After several delays, the social network was released through a very limited field test and was led by Vic Gundotra, Google's then senior vice president of social.",ita,eng,"[14640.0, 610.0, 18788.0, 19276.0, 5368.0, 11956.0, 31232.0, 366.0, 732.0, 1586.0, 1830.0, 8296.0, 9882.0, 26596.0, 11346.0]"
"The film was a big hit and earned $4.7 million on its first run and $6 million on re-release. Its Dimitri Tiomkin score, featuring the song """"Gunfight at the O.K. Corral"""", with lyrics by Ned Washington, sung by Frankie Laine, pushes the movie's momentum relentlessly throughout.",ita,eng,"[19723.0, 2783.0, 13552.0, 23837.0, 11616.0, 11979.0, 48642.0, 1331.0, 5445.0, 4719.0, 7623.0, 13552.0, 8954.0, 33638.0, 9196.0]"
"Under Schmidt's leadership, Google underwent a period of major growth and expansion, which included its initial public offering (IPO) on August 20, 2004. However, he always acted in consultation with Page and Brin when he embarked on initiatives such as the hiring of an executive team and the creation of a sales force management system. Furthermore, Page remained the boss at Google in the eyes of the employees, as he gave final approval on all new hires and it was Page who provided the signature for the IPO, the latter making him a billionaire at the age of thirty.",ita,eng,"[25560.0, 1200.0, 21240.0, 29280.0, 29040.0, 16320.0, 63960.0, 600.0, 0.0, 960.0, 1440.0, 19920.0, 17040.0, 49200.0, 16560.0]"
"In the 2007 federal election the most popular party was the CVP which received 42.45% of the vote. The next three most popular parties were the FDP (29.2%), the SVP (17.07%) and the SP (5.72%). In the federal election, a total of 1,149 votes were cast, and the voter turnout was 65.2%.",ita,eng,"[11781.0, 1190.0, 14756.0, 13328.0, 20468.0, 13685.0, 22848.0, 595.0, 476.0, 714.0, 0.0, 238.0, 10710.0, 14994.0, 12852.0]"
"The modern church of Notre-Dame du Val, built in 1997 by the architectural office Gonot-Marcenat. Fully made with modern components, the dome is in natural copper. The location is at 33, boulevard Thibaud-de-Champagne.",fra,eng,"[6254.0, 1770.0, 9676.0, 89208.0, 3540.0, 7080.0, 16756.0, 590.0, 118.0, 944.0, 0.0, 5546.0, 6608.0, 12862.0, 10620.0]"
"Alexandre Desplat will compose the movie score. The crew includes Catherine Marchand as the costume designer, Anthony Dod Mantle as the director of photography, Thierry Flamand as the production designer and Valdis Oskardottir as the film’s editor.",fra,eng,"[15795.0, 1170.0, 8424.0, 38025.0, 11700.0, 7371.0, 34632.0, 819.0, 2340.0, 3627.0, 6552.0, 9477.0, 6201.0, 27495.0, 7722.0]"
"Alba was born on February 5, 1991 in the capital city of Paraguay. Her parents are César Riquelme and Mabel Valenzuela. She has four siblings. In 2009 she finished high school at Trinity School in Luque, Greater Asunción, then she continues her studies at Universidad Americana with a major in public relations.",spa,eng,"[16472.0, 928.0, 13108.0, 13572.0, 3596.0, 8468.0, 19720.0, 812.0, 116.0, 3132.0, 348.0, 23432.0, 8932.0, 21228.0, 10324.0]"
"Hearst has appeared in feature films for director John Waters, who cast her in Cry-Baby, Serial Mom, Pecker, A Dirty Shame, and Cecil B. DeMented. With Cordelia Frances Biddle, Hearst collaborated on the writing of a novel titled Murder at San Simeon (Scribner, 1996), based upon the death of Thomas H. Ince on her grandfather's yacht.",ita,eng,"[27945.0, 3450.0, 13455.0, 19090.0, 18285.0, 11270.0, 44850.0, 1610.0, 6900.0, 3335.0, 7475.0, 21965.0, 10925.0, 37490.0, 10925.0]"
"Kennedy led A&M to its first conference title in 30 years when he shared the SEC crown with Kentucky in 2015-16. The Aggies also made the SEC Tournament final before losing to Kentucky in overtime. For his efforts, Kennedy was given a new 5-year contract. Coach Kennedy's squad that year also orchestrated arguably the greatest come-from-behind victory ever in both college and professional basketball history by overcoming a 12 point deficit in the final 44 seconds of the Second Round of the 2016 NCAA tournament. A&M would tie up the game before finally defeating Northern Iowa in double overtime in order to advance to the Sweet 16 against the University of Oklahoma.",ita,eng,"[31464.0, 2622.0, 20520.0, 32946.0, 23598.0, 18012.0, 87552.0, 1368.0, 1026.0, 2166.0, 17442.0, 24624.0, 19836.0, 51756.0, 20406.0]"
"On 2 March 2016, Matthias Schoenaerts was announced in the cast, reteaming with Vinterberg after Far from the Madding Crowd (2015). Colin Firth joined the cast on 26 May 2016. Léa Seydoux joined the cast on 7 February 2017, in the role of Tanya, the wife of Mikhail Kalekov, a Russian Navy captain-lieutenant played by Matthias Schoenaerts. Rachel McAdams was once in talks for the role of Tanya. Deadline.com also reported that Firth will play David Russell, a British naval commander who goes against Russia’s warnings so he can try to save the men on the Kursk.",ita,eng,"[40341.0, 3390.0, 19888.0, 60342.0, 43844.0, 19210.0, 97180.0, 2034.0, 13334.0, 3277.0, 16159.0, 28928.0, 20792.0, 66331.0, 20679.0]"
"The current village church was constructed on the location of a medieval church. François de la Rosque, parish priest, member of the lord of Bussy’s family, celebrated the consecration of the church in 1580. The construction was finished in 1595 and the baptism of the three bells followed on August 22, 1600: Louise, in reference to the foundation of the St-Louis chapel, Isabelle, first name of the wife of Louis Guibert, and Georges, patron saint of the parish. The church was restored in 19th century and, at the request of the inhabitants who were disappointed for not hearing the Angélus, the bell tower was raised in 1866 to the current height of 32 meters. The church became public property in 1905. Under the porch of the monument there is an 18th-century gravestone. It covered the body of abbot Duchesne buried in the chancel of the church. Inside, the body and the transept have a refined ogival style. The beams hold a painted vault in arch. On the right side, there is a Saint-Georges sculpture. On the left is a chapel, probably for the translation of relics in 1431, given to the parish of Bussy-Saint-Georges by the abott Duchesne, restored in 1904 thanks to a group of the Visitation of the Virgin. The baptistery has a renaissance underbody and the washbowl of ceremony is decorated with four angel’s heads. We can also notice an embedded stone font on the left of the entrance.",fra,eng,"[63952.0, 5040.0, 35056.0, 349776.0, 50736.0, 44352.0, 86352.0, 2688.0, 336.0, 6720.0, 1456.0, 37856.0, 49280.0, 111216.0, 44128.0]"
"The Palace skateboard brand, which won the """"Brand of the Year"""" award at Europe's Brighton Trade Show in January 2012, announced a distribution deal with Bakerboys in July 2014. The video appeared on the """"PWBC News"""" series that Palace produces.",ita,eng,"[1665.0, 777.0, 12099.0, 8769.0, 4218.0, 7104.0, 14319.0, 666.0, 777.0, 444.0, 666.0, 111.0, 7215.0, 10323.0, 8769.0]"
"Sutcliffe's legacy is the booming fetish clothing industry in Britain, Germany, the USA and many other parts of the world, the wide range of fetish events, such as the yearly Rubber Ball in the UK, and the large numbers of people who enjoy dressing up in exciting ways without fear of prosecution.",ita,eng,"[6270.0, 440.0, 12980.0, 7590.0, 10780.0, 7040.0, 13200.0, 330.0, 0.0, 220.0, 0.0, 5390.0, 7150.0, 12430.0, 8800.0]"
"In the 1870s, many women across Minnesota organized local women's suffrage groups. In 1875, the Minnesota legislature recognized women's right to vote in school board elections. However, many women wanted to vote in all elections. Seeing the need for a statewide agency, fourteen women formed the MWSA in Hastings in 1881. The Minnesota chapter was affiliated with the National American Woman Suffrage Association (NAWSA). Among the founders of the MWSA were Harriet Bishop and Sarah Burger Stearns. Stearns became the organization's first president. By 1882, the MWSA had grown to two hundred members. In 1885, MWSA-president Martha Ripley convinced NAWSA to hold their annual meeting in Minnesota. This national event demonstrated the importance of the Minnesota chapter to the larger organization. It also drew the attention of Minnesota's male lawmakers.",tur,eng,"[35643.0, 1308.0, 23108.0, 41747.0, 18639.0, 20710.0, 61803.0, 1417.0, 218.0, 2180.0, 218.0, 19620.0, 23108.0, 67035.0, 22454.0]"
"Brave 1 was originally supposed to be headlined by the welterweight bout between Lebanon's Mohammad Fakhreddine and Brazil's Thiago """"Monstro"""" Vieira. Six days before the fight, though, Fakhreddine suffered a knee injury and pulled from the fight, being replaced by Russia's Gadzhimusa Gaziev. Gaziev vs Vieira was then moved to the co-main event position on the fight card, with Abdul Kareem Al-Selwady vs Rami Aziz becoming the new main event of the evening.",tur,eng,"[26568.0, 2160.0, 11556.0, 31428.0, 15660.0, 13932.0, 51084.0, 1188.0, 108.0, 28404.0, 12636.0, 11556.0, 14364.0, 51732.0, 14472.0]"
"The SLA was formed through contacts made by a study group, coordinated by a University of California, Berkeley, professor. Its purpose was the tutelage of black inmates, and over time the ethos became increasingly radicalized. Eventually, black convicts were viewed as heroic political prisoners, victimised by a racist American society.",ita,eng,"[6420.0, 214.0, 12626.0, 7918.0, 2247.0, 7383.0, 13589.0, 214.0, 0.0, 1712.0, 107.0, 214.0, 6955.0, 10700.0, 8025.0]"
"According to Hearst's testimony, her captors had demanded she appear enthusiastic during the robbery and warned she would pay with her life for any mistake. Her defense lawyer F. Lee Bailey provided photographs showing that SLA members including Camilla Hall had pointed guns at Hearst during the robbery.",tur,eng,"[7208.0, 530.0, 8480.0, 12614.0, 5406.0, 6254.0, 17808.0, 318.0, 0.0, 636.0, 0.0, 5512.0, 6148.0, 22048.0, 6678.0]"
"Danielle Colby (born December 3, 1975) is an American reality television personality who co-stars on the History reality television show American Pickers.",ita,eng,"[6720.0, 1050.0, 6090.0, 8715.0, 5565.0, 3885.0, 15015.0, 525.0, 0.0, 1365.0, 2835.0, 3675.0, 4200.0, 13860.0, 4200.0]"
"Trey Walker, the field director for John McCain's 2000 presidential campaign, spoofed Shealy's email in 2002, when Larry Richter, Shealy's candidate for Attorney General was running against Walker's candidate, Henry McMaster. Walker sent an email that looked as if it came from one of Shealy's publications and contained allegations of a land deal between a drug dealer and Richter.",ita,eng,"[14872.0, 624.0, 12584.0, 17472.0, 7696.0, 9880.0, 26624.0, 416.0, 936.0, 936.0, 0.0, 8736.0, 10192.0, 23192.0, 10192.0]"
"Te Retimana Te Korou (?–1882) was a notable New Zealand tribal leader. Of Māori descent, he identified with the Ngati Kahungunu and Rangitane iwi.",tur,eng,"[10197.0, 1236.0, 3811.0, 11639.0, 7828.0, 5047.0, 20703.0, 515.0, 2163.0, 1648.0, 2575.0, 6592.0, 4429.0, 24926.0, 5768.0]"
"The earliest patent for a double-acting pin tumbler lock was granted to American physician Abraham O. Stansbury in England in 1805, but the modern version, still in use today, was invented by American Linus Yale, Sr. in 1848. This lock design used pins of varying lengths to prevent the lock from opening without the correct key. In 1861, Linus Yale, Jr. was inspired by the original 1840s pin-tumbler lock designed by his father, thus inventing and patenting a smaller flat key with serrated edges as well as pins of varying lengths within the lock itself, the same design of the pin-tumbler lock which still remains in use today. The modern Yale lock is essentially a more developed version of the Egyptian lock.",ita,eng,"[35802.0, 918.0, 28560.0, 35496.0, 27642.0, 17544.0, 84150.0, 306.0, 12342.0, 1530.0, 510.0, 31212.0, 17952.0, 60588.0, 19890.0]"
"Johnson joined Mies van der Rohe as the New York associate architect for the 39-story Seagram Building (1956). Johnson was pivotal in steering the commission towards Mies by working with Phyllis Lambert, the daughter of the CEO of Seagram. The commission resulted in the iconic bronze-and-glass tower on Park Avenue. The building was designed by Mies.The interiors of the Four Seasons and Brasserie restaurants were designed by Johnson",ita,eng,"[16261.0, 1818.0, 11312.0, 33734.0, 31108.0, 9999.0, 51813.0, 808.0, 5252.0, 1919.0, 7272.0, 15251.0, 9494.0, 35552.0, 11817.0]"
"Virtually nothing is known of the past of Janice before she first appeared as Joystick, including the origin and nature of her apparent superhuman powers. When she was much younger, her father, a gambler, taught her his philosophy to 'always have a card to play'. She then used this philosophy to great advantage when she helped a mobster rob her father to save her own life. Later, she was a student at the University of Arizona, living a life she later considered to be a bore. After her sophomore year, something happened to change her, apparently resulting in her death; in her """"new life,"""" she became determined to live life on the edge, and began taking extreme risks. She then disappeared for three years before reappearing as Joystick.",ita,eng,"[8300.0, 600.0, 16600.0, 16800.0, 3600.0, 15600.0, 30200.0, 500.0, 100.0, 500.0, 0.0, 0.0, 15500.0, 19300.0, 15600.0]"
"In 1941, at the age of 35, Johnson abandoned politics and journalism and enrolled in the Harvard Graduate School of Design, where he studied with Marcel Breuer and Walter Gropius. In 1941, Johnson designed and actually built his first building, a house still existing at 9 Ash Street in Cambridge, Massachusetts. The house, strongly influenced by Mies van der Rohe, has a wall around the lot which merges with the structure. After the United States entered World War II in December 1941, Johnson enlisted in the Army. He was investigated by the FBI for his contacts with the German government and his support for Coughlin, who opposed American intervention in the war, but he was cleared for service and entered the army. He spent his army service during the war in the United States.",tur,eng,"[34551.0, 1287.0, 23760.0, 39105.0, 21087.0, 18414.0, 50589.0, 1188.0, 0.0, 1584.0, 1287.0, 15642.0, 18711.0, 52965.0, 21384.0]"
"Plants in this genus have simple, alternate glossy leaves, frequently with a spiny leaf margin. The inconspicuous flower is greenish white, with four petals. They are generally dioecious, with male and female flowers on different plants.",tur,eng,"[4998.0, 294.0, 4802.0, 5782.0, 6762.0, 4900.0, 10486.0, 0.0, 0.0, 1078.0, 0.0, 4998.0, 4900.0, 18130.0, 5782.0]"
"Mainstream Newspapers, R.I.P., 1996: Cover story predicting the decline of daily newspapers by 2006, a prediction which has largely come true",eng,eng,"[776.0, 970.0, 9021.0, 4268.0, 1649.0, 4268.0, 6887.0, 0.0, 0.0, 776.0, 194.0, 0.0, 4074.0, 6693.0, 4947.0]"
"On March 20, 1976, Hearst was convicted of bank robbery and using a firearm during the commission of a felony. She was given the maximum sentence possible of 35 years' imprisonment pending a reduction at final sentence hearing, which Carter declined to specify.",tur,eng,"[8736.0, 576.0, 10752.0, 7488.0, 1824.0, 5760.0, 9216.0, 384.0, 0.0, 480.0, 192.0, 288.0, 5856.0, 11808.0, 6048.0]"
"Advocates of Participism and Parecon in particular reject markets in all forms in favour of democratic participatory planning. While Parecon also uses personal credit in place of money, prices are set according to the direct requests of consumers in democratic """"consumer councils"""" whose demands are relayed to economic facilitation boards who determine and set final prices based on a combination of marginal utility and opportunity cost. On the other hand, as Fotopoulos argues, """"no kind of economic organisation based on planning alone, however democratic and decentralized it is, can secure real self-management and freedom of choice.",tur,eng,"[14060.0, 475.0, 16910.0, 17100.0, 14060.0, 12065.0, 32015.0, 475.0, 95.0, 1330.0, 285.0, 13965.0, 11875.0, 32585.0, 14345.0]"
They have recently had several of our members complete & pass the ICC development course for Umpiring & also for Scoring both courses completed are for level 1.,eng,eng,"[376.0, 282.0, 7238.0, 3102.0, 658.0, 3760.0, 5452.0, 188.0, 0.0, 282.0, 94.0, 0.0, 3008.0, 4042.0, 5076.0]"
Giorgos Katsikas (Greek: Γιώργος Κατσικάς; born 14 June 1990) is a Greek professional footballer who plays as a central defender for Romanian club Dinamo București.,bul,eng,"[17949.0, 744.0, 3999.0, 7254.0, 7347.0, 8649.0, 11067.0, 744.0, 1302.0, 1581.0, 930.0, 4092.0, 7998.0, 17670.0, 7533.0]"
"According to Arran Gare, Towards an Inclusive Democracy """"offers a powerful new interpretation of the history and destructive dynamics of the market and provides an inspiring new vision of the future in place of both neo-liberalism and existing forms of socialism"""". David Freeman argues that Fotopoulos' approach in that book """"is not openly anarchism, yet anarchism seems the formal category within which he works, given his commitment to direct democracy, municipalism and abolition of state, money and market economy"""".",tur,eng,"[12512.0, 736.0, 11316.0, 9936.0, 12420.0, 9292.0, 22080.0, 368.0, 92.0, 1380.0, 276.0, 9108.0, 9660.0, 25024.0, 10212.0]"
"In May 1974, a surplus store manager observed a minor spur-of-the-moment theft by William Harris who had been shopping with Emily Harris, while Hearst waited across the road in a van. Accompanied by a female employee, the manager followed him out and confronted him. During the ensuing scuffle one of Harris's wrists was restrained, and his pistol fell out of his waistband. Hearst, who had been taught to use guns by her father, discharged the entire magazine of an automatic carbine into the overhead storefront, causing the manager to dive behind a lightpost. When he tried to shoot back with the pistol, Hearst, now firing single shots with another weapon, brought her fire closer, blasting fragments around him and holing the light post.",ita,eng,"[5915.0, 910.0, 17017.0, 15470.0, 5551.0, 14560.0, 26663.0, 455.0, 91.0, 1911.0, 91.0, 364.0, 15015.0, 18928.0, 15379.0]"
"Truck Turner (also known as Black Bullet) is a 1974 blaxploitation film, starring Isaac Hayes and Yaphet Kotto, and directed by Jonathan Kaplan. The screenplay was written by Michael Allin, Jerry Wilkes, and Oscar Williams. Hayes also scored the music for the soundtrack. The film was released by American International Pictures as a double feature with Foxy Brown.",ita,eng,"[15660.0, 630.0, 10890.0, 14040.0, 11250.0, 7740.0, 34110.0, 1080.0, 5490.0, 2160.0, 5670.0, 17010.0, 8100.0, 32130.0, 8280.0]"
"Escaping from the area, Hearst and the Harrises hijacked two cars, abducting the owners. One, a young man, found Hearst so personable that he was reluctant to report the incident. At the trial he testified to her having discussed the effectiveness of cyanide-tipped bullets, and repeatedly asking if he was okay. Police had surrounded their main base by the time they made their way back and on May 17, 1974, the six SLA members inside died in a gunfight. It was at first thought that Hearst had also perished. Subsequently her father publicly worried that she might be killed in revenge; to allay his fears, the abduction victim gave police a more complete account and a warrant was issued for Hearst's arrest for several felonies, including two counts of kidnapping.",ita,eng,"[15753.0, 1068.0, 20737.0, 16554.0, 6141.0, 15486.0, 29548.0, 89.0, 0.0, 1513.0, 356.0, 11303.0, 15486.0, 25543.0, 15397.0]"
"From the 2000 census, 1,958 or 92.0% were Roman Catholic, while 83 or 3.9% belonged to the Swiss Reformed Church. Of the rest of the population, there were 4 members of an Orthodox church (or about 0.19% of the population), and there were 12 individuals (or about 0.56% of the population) who belonged to another Christian church. There were 20 (or about 0.94% of the population) who were Islamic. There were 1 individual who belonged to another church. 48 (or about 2.26% of the population) belonged to no church, are agnostic or atheist, and 6 individuals (or about 0.28% of the population) did not answer the question.",ita,eng,"[34232.0, 1936.0, 24288.0, 35464.0, 14168.0, 18920.0, 59576.0, 1584.0, 968.0, 1056.0, 704.0, 13640.0, 19360.0, 51128.0, 21296.0]"
"Cornus canadensis is a mesophytic species that needs cool, moist soils. It inhabits montane and boreal coniferous forests, where it is found growing along the margins of moist woods, on old tree stumps, in mossy areas, and amongst other open and moist habitats.",tur,eng,"[4437.0, 348.0, 5307.0, 6264.0, 2958.0, 5133.0, 7569.0, 174.0, 87.0, 1566.0, 87.0, 4524.0, 4872.0, 7917.0, 6177.0]"
"A wafer tumbler lock is similar to the pin tumbler lock and works on a similar principle. However, unlike the pin lock (where each pin consists of two or more pieces) each wafer is a single piece. The wafer tumbler lock is often incorrectly referred to as a disc tumbler lock, which uses an entirely different mechanism. The wafer lock is relatively inexpensive to produce and is often used in automobiles and cabinetry.",ita,eng,"[1204.0, 258.0, 13760.0, 8342.0, 2408.0, 10234.0, 14964.0, 430.0, 86.0, 1032.0, 0.0, 0.0, 7224.0, 8084.0, 9030.0]"
"On December 11,2007, Woodruff released his first album The Sound of My Addiction under Ruffwood Records. Founded by Scott Woodruff, Ruffwood Records released all of Woodruff’s albums to date. The Sound of My Addiction established Stick Figure’s style of self-production. Woodruff created this album by """"recording instruments individually, [and] layering tracks on top of one another in unison"""", a style he used to create subsequent albums.",tur,eng,"[13600.0, 1105.0, 13175.0, 9520.0, 12070.0, 8245.0, 16745.0, 340.0, 85.0, 255.0, 85.0, 7990.0, 8585.0, 18700.0, 9095.0]"
"Aberllefenni was the terminus of the narrow gauge Corris Railway, which carried slate from the quarries for transshipment at Machynlleth. Aberllefenni Station (now demolished) was used as the basis for Glennock Station on the fictional Skarloey Railway and can be seen illustrated in the book Four Little Engines.",ita,eng,"[10668.0, 924.0, 5796.0, 12096.0, 22344.0, 6972.0, 28392.0, 756.0, 756.0, 2184.0, 5376.0, 8652.0, 6804.0, 25200.0, 6888.0]"
"In the war years, Wright played at Layer Road, the ground of his future club Colchester United alongside his future manager Ted Fenton while playing for an Eastern Command side. Having also played for Southern League side Chelmsford City, Wright signed for Essex rivals Colchester United on 11 July 1946. Despite playing 23 times for Colchester, the club initially decided to not retain Wright for the 1947–48 season, but a month later, a change of heart saw Wright re-sign. In his second season, he helped Colchester reach the fifth round of the FA Cup, but within weeks of the beginning of the 1948–49 season, Wright had suffered an injury that saw him lose his place to Ken Whitehead. His attempted comeback on 23 April 1949 against Merthyr Tydfil ended early due to injury, meaning Colchester were forced to play forward Vic Keeble in goal. It would be his final appearance for the club. He made 69 appearances for Colchester in all competitions.",ita,eng,"[33864.0, 2905.0, 19256.0, 43990.0, 26809.0, 18758.0, 95201.0, 1411.0, 1577.0, 3486.0, 14193.0, 27141.0, 20584.0, 72542.0, 23655.0]"
"During the 1910s, the movement picked up momentum again. In 1914, Clara Ueland - who would later become the MWSA's president in 1915 - organized a parade through Minneapolis of over 2000 suffrage supporters. This event gave the movement renewed attention. During this period, the MWSA had to contend with a rival organization, a Minnesota branch of the National Woman's Party (NWP). The NWP was more radical than the MWSA. It was much more likely to take direct action, such as hunger strikes, than the MWSA. Despite these differences in opinion, the two organizations often worked together.",ita,eng,"[20418.0, 574.0, 17302.0, 12382.0, 17548.0, 12382.0, 38048.0, 1148.0, 246.0, 820.0, 8036.0, 18040.0, 12956.0, 28372.0, 12874.0]"
One production OJ-2 modified with NACA cowling and enclosed cockpit; later reverted back to the standard OJ-2 configuration and returned to service.,eng,eng,"[810.0, 405.0, 5589.0, 2835.0, 1620.0, 2511.0, 4293.0, 162.0, 0.0, 162.0, 243.0, 0.0, 2430.0, 4617.0, 3078.0]"
"Tofig Ismayilov Kazym oglu (Azerbaijani: Tofiq İsmayılov Kazım oğlu; June 21, 1933 – November 20, 1991) was born in Baku, Azerbaijan and served as the first Secretary of State of Azerbaijan.",tur,eng,"[12080.0, 1120.0, 4640.0, 8560.0, 9200.0, 6080.0, 11440.0, 800.0, 400.0, 2320.0, 6640.0, 4160.0, 5680.0, 100560.0, 9600.0]"
"A smart lock is an electromechanics lock that gets instructions to lock and unlock the door from an authorized device using a cryptographic key and wireless protocol. Smart locks have begun to be used more commonly in residential areas, often controlled with smartphones. Smart locks are used in coworking spaces and offices to enable keyless office entry.",eng,eng,"[711.0, 158.0, 12561.0, 6083.0, 2449.0, 5372.0, 9875.0, 158.0, 316.0, 1106.0, 79.0, 237.0, 5530.0, 9875.0, 6794.0]"
"After the release of Burial Ground in 2012, Woodruff organized a live band which then went on tour with reggae band The Green starting in September 2012. This tour included eighteen stops along the East Coast of the United States.",tur,eng,"[4758.0, 624.0, 8268.0, 4290.0, 2808.0, 4212.0, 8970.0, 234.0, 78.0, 234.0, 0.0, 3900.0, 4524.0, 9516.0, 5148.0]"
"Mount Hope is a historic home located near New Baltimore, Fauquier County, Virginia. The house was built in four periods from the early-19th to early-20th centuries. The main dwelling is a 2 ½-story, three-bay, frame dwelling on a stone foundation and in the Greek Revival style. It features a double-story porch with a hipped roof and square wooden columns. Also on the property are the contributing bank barn, a machine shed, a smokehouse, and a spring house dating from the 19th century; an early-20th-century shed; a well; and the Hunton Family cemetery.",tur,eng,"[24563.0, 1155.0, 12397.0, 12782.0, 17402.0, 10703.0, 29491.0, 2079.0, 5159.0, 3388.0, 693.0, 18249.0, 13090.0, 35805.0, 13629.0]"
"Patricia Campbell Hearst (born February 20, 1954), granddaughter of American publishing magnate William Randolph Hearst, became internationally known for events following her 1974 kidnapping by a group known as the Symbionese Liberation Army. Hearst was found nineteen months after being abducted, by which time she was a fugitive wanted for serious crimes. She was held in custody, despite speculation that her family's resources would prevent her from spending time in jail. At her trial, the prosecution suggested that she had joined the Symbionese Liberation Army of her own volition. Hearst said she had been raped and threatened with death. She was found guilty of bank robbery. Hearst's sentence was commuted by President Jimmy Carter, and she was pardoned by President Bill Clinton.",ita,eng,"[27360.0, 1672.0, 16568.0, 38836.0, 26220.0, 12464.0, 68856.0, 988.0, 9956.0, 1824.0, 7220.0, 25840.0, 14820.0, 52212.0, 12692.0]"
"Johnson's publicly held archive, including architectural drawings, project records, and other papers up until 1964 are held by the Drawings and Archives Department of Avery Architectural and Fine Arts Library at Columbia University, the Getty, and the Museum of Modern Art.",ita,eng,"[4950.0, 375.0, 7200.0, 8325.0, 4050.0, 4575.0, 14550.0, 225.0, 75.0, 825.0, 75.0, 3525.0, 4275.0, 12000.0, 5100.0]"
"He was a member of the Greek U-21 team that participated in the 2009 Mediterranean Games and he played in the matches against Syria, Italy and Turkey.",tur,eng,"[4218.0, 370.0, 4070.0, 3774.0, 2072.0, 2812.0, 6882.0, 222.0, 0.0, 296.0, 148.0, 1998.0, 2886.0, 7326.0, 4440.0]"
"Epstein was shut out of the Cabinet by Premier Darrell Dexter when the NDP first formed government in June 2009. He was shut out of Cabinet a second time when Dexter shuffled his cabinet on May 30, 2012.",ita,eng,"[3723.0, 511.0, 5986.0, 8979.0, 1606.0, 4234.0, 14308.0, 365.0, 73.0, 365.0, 0.0, 3650.0, 4672.0, 12264.0, 4161.0]"
"Clark's music in the 1970s was described as """"electro-psychedelic glam-rock"""" and """"unique fusion of wild 60s-style experimentalism and proto-new wave synth-freakery."""" His early influences included the 1960s psychedelic rock of The Mothers Of Invention, The Doors, The Electric Prunes, Jimi Hendrix, and especially the early adopters of analog synthesizers such as The United States of America, Lothar and the Hand People, and Silver Apples, while he was also attuned to the sounds of the proto punk rock scene, such as The Seeds, The Music Machine, The Velvet Underground, The MC5, and The Stooges.",ita,eng,"[28728.0, 3744.0, 10080.0, 24624.0, 19152.0, 11376.0, 66312.0, 864.0, 7704.0, 2448.0, 9648.0, 20880.0, 12744.0, 43272.0, 11808.0]"
"The necessary condition for the establishment of a political democracy involves the creation of appropriate institutions, which secure an equal distribution of political power among all citizens. All political decisions (including those relating to the formation and execution of laws) are taken by the citizen body collectively and without representation.The citizen body of a particular geographical area consists of all residents beyond a certain age of maturity and irrespective of their gender, race, ethnic or cultural identity. The age of maturity is to be defined by the citizen body itself.",ita,eng,"[1775.0, 142.0, 12709.0, 7455.0, 2130.0, 7455.0, 14768.0, 355.0, 0.0, 710.0, 710.0, 0.0, 7384.0, 12354.0, 8733.0]"
"In 2015, the World Branding Forum sponsored the education programme at the Museum of Brands, Packaging & Advertising, enabling the museum to provide quality learning experiences to students attending education sessions in the museum each year. In 2014, the museum had over 10,000 students attending sessions.",ita,eng,"[9450.0, 700.0, 6720.0, 5880.0, 3150.0, 4830.0, 10290.0, 210.0, 0.0, 350.0, 0.0, 2660.0, 4970.0, 7560.0, 5810.0]"
"During an interview, Page recalled his childhood, noting that his house """"was usually a mess, with computers, science and technology magazines and Popular Science magazines all over the place"""", an environment in which he immersed himself. Page was an avid reader during his youth, writing in his 2013 Google founders letter: """"I remember spending a huge amount of time pouring over books and magazines"""". According to writer Nicholas Carlson, the combined influence of Page's home atmosphere and his attentive parents """"fostered creativity and invention"""". Page also played saxophone and studied music composition while growing up. Page has mentioned that his musical education inspired his impatience and obsession with speed in computing. """"In some sense I feel like music training led to the high-speed legacy of Google for me"""". In an interview Page said that """"In music you're very cognizant of time. Time is like the primary thing"""" and that """"If you think about it from a music point of view, if you're a percussionist, you hit something, it's got to happen in milliseconds, fractions of a second"""".",ita,eng,"[7728.0, 828.0, 19527.0, 15939.0, 5037.0, 15663.0, 28704.0, 552.0, 69.0, 2829.0, 138.0, 15042.0, 16836.0, 25530.0, 16491.0]"
"Marie Watt (born 1967) is a contemporary artist living and working in Portland, Oregon. Part Seneca, Watt has created work in many different media centered on contemporary Native American themes.",ita,eng,"[5440.0, 476.0, 4964.0, 10676.0, 5780.0, 2856.0, 18904.0, 136.0, 2720.0, 1496.0, 2788.0, 8160.0, 2924.0, 10132.0, 3536.0]"
"In 2006 Hamilton started playing sporadic acoustic concerts around the Philadelphia area billed as """"Tom Hamilton's American Babies"""", mainly as a way to stay occupied between Brothers Past tours. As the internal relationships in Brothers Past disintegrated and his musical tastes changed Hamilton focused more on acoustic oriented music and decided to make a new band geared towards his new muse. American Babies was formed in 2007 and soon after they released a self-titled album. This was followed by their sophomore release Flawed Logic in 2011 and third album Knives and Teeth on October 15, 2013. In 2016, American Babies released their forth album, An Epic Battle Between Light & Dark. Tom described the record as a discussion of both what it is like to experience depression and what it takes to maintain hope while in the midst of it.",ita,eng,"[17219.0, 1273.0, 13400.0, 13668.0, 6767.0, 12127.0, 25527.0, 469.0, 469.0, 804.0, 67.0, 10787.0, 13132.0, 24589.0, 13869.0]"
"In 1936, in the depths of the Great Depression, he left the Museum of Modern Art for a brief venture into journalism and politics. For a time he supported the extreme populist Governor of Louisiana Huey Long and Father Charles Coughlin, and traveled to Berlin as a correspondent for Coughlin's radically populist and often anti-Semitic newspaper Social Justice. In the newspaper, Johnson expressed, as the New York Times later reported, """"more than passing admiration for Hitler"""" Johnson observed the Nuremberg Rallies in Germany and, sponsored by the German government, covered the invasion of Poland in 1939. Many years later he told his biographer, Franz Shultze, “You simply could not fail to be caught up in the excitement of it, by the marching songs, by the crescendo and climax of the whole thing, as Hitler came on at last to harangue the crowd,” and told of being thrilled at the sight of “all those blond boys in black leather” marching past the Führer. In his 1994 biography of Johnson, Schultze wrote: """" In politics he proved to be a model of futility. He was never much of a political threat to anyone, still less an effective doer of either political good or political evil.",ita,eng,"[37422.0, 1188.0, 19470.0, 34584.0, 44154.0, 18414.0, 74184.0, 924.0, 1716.0, 2046.0, 15246.0, 26862.0, 18876.0, 49896.0, 20394.0]"
"Her various enemies include Batroc's Brigade (Batroc, Machete, Maximillian Zaran), Green Goblin (Phil Urich), Justin Hammer, HYDRA, Kaine, Shannon, Polestar, the Rhino, Spider-Man/Scarlet Spider (Ben Reilly), El Toro Negro, and Tremolo.",ita,eng,"[7540.0, 1430.0, 3640.0, 15340.0, 6695.0, 4550.0, 20800.0, 325.0, 1365.0, 975.0, 1820.0, 6890.0, 4355.0, 17745.0, 5005.0]"
"After the Civil War, improvements on the railroad contributed to a decided growth of population in the old Township of South Orange. The general character of the citizenry underwent a significant change and residents known as """"commuters"""" began to emerge in numbers. In 1867, a state law required that Columbia become a graded school. By 1877, the old two-story wooden building erected in 1815 was found to be woefully inadequate for the growing community. One resident complained that """"in very cold weather, with stoves at red heat, it is impossible to raise the temperature in the room above 55 degrees, and in such a place are sown the seeds of suffering, disease and death.",ita,eng,"[6464.0, 512.0, 12288.0, 10304.0, 3648.0, 9152.0, 15424.0, 704.0, 0.0, 1152.0, 384.0, 128.0, 9600.0, 15360.0, 10560.0]"
"Soliciting funds from faculty members, family and friends, Brin and Page scraped together enough to buy some servers and rent that famous garage in Menlo Park. ... [soon after], Sun Microsystems co-founder Andy Bechtolsheim wrote a $100,000 check to """"Google, Inc."""" The only problem was, """"Google, Inc."""" did not yet exist—the company hadn't yet been incorporated. For two weeks, as they handled the paperwork, the young men had nowhere to deposit the money.",ita,eng,"[14490.0, 882.0, 10143.0, 10899.0, 9702.0, 7497.0, 18774.0, 315.0, 0.0, 1071.0, 4851.0, 6930.0, 7245.0, 17451.0, 7560.0]"
"2007 saw the formation of the Estonian cricket league, which consists of four Tallinn-based teams who compete in a round-robin format. Players who are members of the Estonian Cricket League are eligible to be selected for the national side. 2007 and 2008 saw a victory for Kalev CC captained by Andres Burget.",tur,eng,"[3038.0, 682.0, 5952.0, 5580.0, 9486.0, 5332.0, 9176.0, 248.0, 248.0, 186.0, 372.0, 4464.0, 5022.0, 13268.0, 5890.0]"
"The state park system includes nine waysides, most of them along Minnesota State Highway 61 on the North Shore. These are parcels of land too small to be full-fledged parks, but with cultural or natural resources greater than would be overseen by the Minnesota Department of Transportation as highway waysides. Generally development is limited to a parking area and a short trail; sometimes there are sanitation facilities and picnic tables as well.",tur,eng,"[6771.0, 610.0, 7442.0, 5612.0, 3660.0, 5429.0, 8601.0, 122.0, 0.0, 610.0, 2135.0, 3355.0, 5429.0, 9333.0, 7320.0]"
"Based on the 2000 K-141 Kursk submarine disaster, in which 118 Russian sailors died. Kursk sank during a Russian naval exercise in the Barents Sea after explosions within the submarine. Twenty-three sailors survived the crash and desperately waited for help to arrive while their oxygen ran out minute-by-minute. The Russian government refused help from foreign governments for five days before agreeing to aid from the British and Norwegian governments.",ita,eng,"[9000.0, 900.0, 9120.0, 6960.0, 5100.0, 6360.0, 11700.0, 360.0, 660.0, 720.0, 1440.0, 1500.0, 6060.0, 9780.0, 7560.0]"
"Having risen through the Real Madrid youth ranks, he spent a season with Bayer Leverkusen before breaking into the first team in 2013, going on to win various domestic and international honours including three Champions League trophies.",ita,eng,"[3127.0, 413.0, 3481.0, 3540.0, 1888.0, 2655.0, 4189.0, 0.0, 59.0, 354.0, 0.0, 649.0, 2950.0, 3776.0, 3422.0]"
"Shealy's satirical newsletter, Gamecock Fever, drew criticism in 1991 and 1992 for its depiction of """"CockWheat,"""" a cartoon character that combined the features of Cocky, the mascot of the University of South Carolina and Buckwheat, the character from Our Gang. The CockWheat character was referred to as """"U.S.C.'s Token Black Mascot"""" in an issue of Gamecock Fever that was distributed before a USC football game. Student leaders at the University deemed the character derogatory and called for Shealy to stop publishing the newsletter, which contains slurs against Asian, black and Hispanic students.",tur,eng,"[10614.0, 1102.0, 8758.0, 8178.0, 10150.0, 8062.0, 14442.0, 522.0, 174.0, 812.0, 58.0, 7424.0, 8410.0, 18792.0, 8584.0]"
"In 1985, Columbia released the third and last Marvin Gaye album featured on their contract with Gaye. Columbia's parent label, CBS worked together with Motown to issue 'lost' recordings. Releasing Romantically Yours, the album featured the 1968 version of """"Why Did I Choose You"""" and two alternate 1977 recorded versions of """"I Won't Cry Anymore"""" and """"The Shadow of Your Smile"""" among others.",ita,eng,"[14079.0, 1596.0, 6954.0, 17214.0, 9006.0, 6156.0, 36993.0, 570.0, 5130.0, 5016.0, 4560.0, 15732.0, 6099.0, 27816.0, 6384.0]"
"To re-gain his match fitness, he signed a three-month loan deal back at Hinckley United in November 2007. In January 2008 he signed an 18-month contract with Hinckley United after being released by Notts County, but left the club in June 2008.",ita,eng,"[6104.0, 784.0, 5936.0, 4592.0, 1904.0, 4200.0, 7000.0, 168.0, 56.0, 168.0, 0.0, 672.0, 4480.0, 6104.0, 4424.0]"
"Jagdgeschwader 20 (JG 20) was a Luftwaffe fighter wing during the early phase of World War II in Europe. JG 20 was founded on 15 July 1939 in Döberitz comprissed of one Gruppe and two Staffeln. A third Staffel was added on 5 November 1939 in Brandenburg-Briest. The sole Gruppe was redesignated as 3rd Gruppe of Jagdgeschwader 51 (III./JG 51) on 4 July 1940. During the Battle of France it was subordinated to Luftflotte 2. The unit's commanders included Hauptmann Hannes Trautloft, from 19 September 1939 to 4 July 1940.",deu,eng,"[19745.0, 1760.0, 7260.0, 22715.0, 98670.0, 10120.0, 30470.0, 935.0, 440.0, 7645.0, 6325.0, 10615.0, 11770.0, 34265.0, 12045.0]"
"Cuban son originated in eastern Cuba in the late 19th century. The music's defining characteristic was a pulsing or anticipated bass that falls between the downbeat, leading to the creation of many bass instruments including the botija. Other instruments included a marímbula, serrucho, contrabajo and bajo. Other bass instruments were used according to the size of the musical arrangement or timbre of the bass instrument needed. The marímbula, for example, was used mainly for smaller ensembles because it was not easily heard, whereas the bajo, an electrical bass, could be easily projected and heard over many other instruments.",ita,eng,"[10800.0, 648.0, 6156.0, 15390.0, 7722.0, 7776.0, 34236.0, 810.0, 6480.0, 1890.0, 54.0, 29106.0, 7290.0, 25920.0, 8262.0]"
"The school's cross-country team won the Group IV boys' title in 1960 and has had a number of individual state champions. In 2008, a senior girl won the Essex County Championships.",ita,eng,"[1484.0, 159.0, 4717.0, 2756.0, 583.0, 3286.0, 4823.0, 106.0, 53.0, 212.0, 0.0, 159.0, 2756.0, 3286.0, 3339.0]"
"In 1980, Johnson completed a new building in a startling new style; The Crystal Cathedral in Garden Grove, California, a soaring glass neo-Gothic megachurch for the Reverend Robert H. Schuller. It became a Southern California landmark. In 2012 it was purchased by the Roman Catholic Diocese of Orange became the cathedral for Orange County.",ita,eng,"[8632.0, 884.0, 6708.0, 8164.0, 7748.0, 4160.0, 18876.0, 312.0, 1508.0, 1040.0, 2444.0, 6344.0, 4212.0, 15704.0, 4680.0]"
"Wright began his playing career with Harwich & Parkeston, but by 1932 he was on the books at Charlton, where he remained for three years. He spent time with Aldershot and then Derby County before the outbreak of World War II. He also appeared for Southern League sides Chelmsford City and Colchester United. He represented an England XI once in 1935 against an Anglo-Scot team in a friendly game for the King George V Jubilee Trust Fund.",tur,eng,"[7599.0, 612.0, 5406.0, 6069.0, 8058.0, 5304.0, 9435.0, 357.0, 0.0, 1122.0, 1530.0, 5304.0, 5610.0, 14586.0, 7038.0]"
"Rod Shealy, Sr. (December 22, 1953 – August 18, 2010) was a Republican political consultant and publisher from Lexington County, South Carolina. He worked on numerous campaigns as a political strategist, including those of André Bauer, Jim DeMint, Jake Knotts, Lindsey Graham, and George W. Bush. Shealy worked with Lee Atwater in the early 1970s and gained notoriety for negative campaigning.",ita,eng,"[10250.0, 800.0, 5850.0, 6300.0, 8950.0, 5200.0, 18900.0, 950.0, 4200.0, 1450.0, 2650.0, 9500.0, 6100.0, 14200.0, 5600.0]"
"Escape from New York is a 1981 American dystopian science-fiction action film co-written, co-scored and directed by John Carpenter. The film is set in what was near-future of 1997, in a crime-ridden United States that has converted Manhattan Island in New York City into the country's maximum security prison. When Air Force One is hijacked by terrorists and crashes into New York City, ex-soldier and federal prisoner Snake Plissken (Kurt Russell) is given 24 hours to rescue the President of the United States.",ita,eng,"[13818.0, 1470.0, 7350.0, 17885.0, 11515.0, 6517.0, 30821.0, 637.0, 980.0, 1127.0, 1274.0, 8379.0, 7252.0, 24990.0, 7693.0]"
"In a book he co-wrote with freelance writer, William Hoffman, Vegas P.I.: The Life and Times of America's Greatest Detective, he presented well-documented evidence that Donald DeFreeze was a police informant and an agent provocateur.",eng,eng,"[3888.0, 480.0, 5040.0, 3168.0, 1776.0, 2592.0, 4656.0, 336.0, 0.0, 432.0, 48.0, 1776.0, 2592.0, 4080.0, 2784.0]"
"The forum operates a newsroom, employing a team of writers who publishes industry news on its website. It is also an official media partner for various industry events including the Cannes Lions International Festival of Creativity, Real-Time Advertising Summit, the CMO Asia Summit, and CHARGE, an energy branding conference in Iceland.",ita,eng,"[3384.0, 329.0, 4982.0, 6439.0, 1457.0, 3243.0, 8695.0, 282.0, 0.0, 611.0, 47.0, 2632.0, 3149.0, 8460.0, 4512.0]"
"Hearst's grandfather, William Randolph Hearst, created the largest newspaper, magazine, newsreel and movie business in the world. Her great-grandmother was philanthropist Phoebe Hearst. The family was associated with immense political influence and anti-Communism going back to before World War II.",ita,eng,"[4416.0, 322.0, 4508.0, 5796.0, 1748.0, 2668.0, 10212.0, 184.0, 46.0, 506.0, 138.0, 2346.0, 2898.0, 8694.0, 3680.0]"
"The signatories were, for the Allies, the French General Louis Franchet d'Espérey, commander of the Allied Army of the Orient, and a commission appointed by the Bulgarian government, composed of General Ivan Lukov (member of the Bulgarian Army HQ), Andrey Lyapchev (cabinet member) and Simeon Radev (diplomat).",fra,eng,"[15660.0, 585.0, 3735.0, 17865.0, 5445.0, 3330.0, 10350.0, 450.0, 135.0, 1395.0, 2880.0, 3060.0, 3330.0, 13095.0, 4545.0]"
"in bold contrast to the limitations of the animal advocacy movement (AAM) and all other reformist causes, Takis Fotopoulos advances a broad view of human dynamics and social institutions, their impact on the earth, and the resulting consequences for society itself. Combining anti-capitalist, radical democracy, and ecological concerns in the concept of """"ecological democracy,"""" Fotopoulos defines this notion as """"the institutional framework which aims at the elimination of any human attempt to dominate the natural world, in other words, as the system which aims to reintegrate humans and Nature. This implies transcending the present 'instrumentalist' view of Nature, in which Nature is seen as an instrument for growth, within a process of endless concentration of power.",ita,eng,"[8888.0, 484.0, 7700.0, 13288.0, 9064.0, 7612.0, 29216.0, 484.0, 176.0, 1188.0, 0.0, 9900.0, 6820.0, 18084.0, 7964.0]"
"Stick Figure is an American reggae and dub band founded in 2006 and based in Northern California. The group has released six full-length albums and one instrumental album, all of which were written and produced by frontman and self-taught multi-instrumentalist Scott Woodruff. The live band consists of vocalist, producer and guitarist Scott Woodruff, keyboardist Kevin Bong, drummer Kevin Offitzer, bassist Tommy Suliman and keyboardist, backup vocalist and guitarist Johnny Cosmic. Cocoa, an Australian Shepherd, often joins the band onstage, and has accordingly been nicknamed Cocoa the Tour Dog.",ita,eng,"[12642.0, 1118.0, 6665.0, 10922.0, 11567.0, 5504.0, 29928.0, 344.0, 3956.0, 1075.0, 5031.0, 9288.0, 5719.0, 20597.0, 6149.0]"
"Everybody should design their own home. I'm against architects designing homes. How do I know that you want to live in a picture-window Colonial? It's silly, but you might want to. Who am I to say?",eng,eng,"[1890.0, 168.0, 4620.0, 2268.0, 714.0, 2268.0, 4032.0, 0.0, 42.0, 126.0, 0.0, 0.0, 2142.0, 2940.0, 2268.0]"
"Baker Skateboards is an American skateboarding company founded in 1999 by professional skateboarder Andrew Reynolds. The company's main products are skateboard decks, soft goods, accessories, and wheels.",tur,eng,"[1804.0, 164.0, 2624.0, 2501.0, 1927.0, 1681.0, 3772.0, 123.0, 0.0, 410.0, 0.0, 1681.0, 1763.0, 4920.0, 1927.0]"
"ARP 2600, ARP Avatar, ARP Quadra, ARP Odyssey, Dave Smith Instruments Pro 2, Dave Smith Instruments Prophet '08, E-mu Emulator II+HD, E-mu Emax, E-mu E-Synth, E-mu Morpheus, E-mu Orbit, E-mu Planet Earth, E-mu Vintage Keys, E-mu Xtreme Lead-1, Ensoniq MR-61, Ensoniq MR-Rack, Ensoniq TS-10, Hammond 102200, Korg Kronos 2–88, Maestro Theremin, Moog Etherwave Plus Theremin, Moog Memorymoog Plus, Moog Micromoog, Moog Minimoog Model D, Moog Minimoog Voyager, Moog Polymoog 203A, Moog Taurus 1, Moog Taurus 3, Oberheim Matrix-1000, Oberheim Xpander, Sequential Circuits Prophet-5",ita,eng,"[24360.0, 2240.0, 6400.0, 27320.0, 27400.0, 9720.0, 40840.0, 2080.0, 4040.0, 3960.0, 4120.0, 14320.0, 9200.0, 39280.0, 12200.0]"
"In Brazil, there is an expression called """"pego(a) com a boca na botija"""" (caught with his/her mouth on the milk jug), with similar meaning as """"caught with his hand in the cookie jar"""".",por,eng,"[4290.0, 585.0, 2574.0, 2535.0, 1950.0, 2028.0, 4017.0, 78.0, 78.0, 51675.0, 234.0, 3081.0, 2106.0, 5889.0, 2496.0]"
"Marques Brownlee (born 1993, class of 2011), also known by his YouTube username, MKBHD, is an American video blogger, best known for his technology-based YouTube channel.",ita,eng,"[3952.0, 342.0, 3382.0, 4256.0, 2470.0, 1976.0, 7942.0, 304.0, 760.0, 570.0, 722.0, 3154.0, 2014.0, 6840.0, 1938.0]"
"The final disc in the set covers the period between 1972 and 1975, when reggae was beginning to reach a much wider audience. Other songs by Bob Marley and Peter Tosh recorded with the Wailers appear on this side, such as """"Trenchtown Rock"""" and """"Brand New Second Hand"""". """"I Can See Clearly Now"""" provided a worldwide hit for Johnny Nash in 1972. He also does a rendition of Bob Marley's """"Stir It Up"""", included here. Also featured is """"Better Must Come"""" by Delroy Wilson and """"The Time Has Come"""", by Slim Smith. The set ends with """"Marcus Garvey"""", a tribute to the black nationalist, by Burning Spear.",ita,eng,"[13505.0, 1702.0, 6882.0, 13320.0, 8436.0, 6660.0, 35224.0, 1036.0, 4958.0, 5143.0, 4366.0, 14763.0, 6253.0, 28268.0, 6919.0]"
"Although the fitting and replacement of keys remains an important part of locksmithing, modern locksmiths are primarily involved in the installation of high quality lock-sets and the design, implementation, and management of keying and key control systems. Locksmiths are frequently required to determine the level of risk to an individual or institution and then recommend and implement appropriate combinations of equipment and policies to create a """"security layer"""" that exceeds the reasonable gain of an intruder.",eng,eng,"[720.0, 180.0, 5976.0, 3744.0, 900.0, 3240.0, 5904.0, 72.0, 36.0, 288.0, 72.0, 36.0, 3312.0, 3672.0, 4212.0]"
Limnomedusa macroglossa are found in open and forested areas on rocky soil along rivers. Tadpoles are found in temporary river-side pools and slow-flowing water.,tur,eng,"[1680.0, 175.0, 2240.0, 1820.0, 2135.0, 1575.0, 2345.0, 0.0, 35.0, 3430.0, 210.0, 1155.0, 1400.0, 4200.0, 1960.0]"
"The first disc features ska and other precursors to reggae. Colin Escott's liner notes point out the influence of American R&B on Jamaican acts. The set begins with """"Iron Bar"""", a traditional by Lord Tanamo, reflecting reggae's early mento roots. Derrick Morgan follows with the Latin-influenced """"Fat Man"""". Millie Small's 1964 offbeat version of """"My Boy Lollipop"""", previously recorded by Barbie Gaye, was the first ska song to achieve international success. Several of the songs, such as the Clarendonians's """"Rude Boy Gone to Jail"""" and Desmond Decker & the Aces' """"Rudie Got Soul"""" display a preoccupation with the """"rude boy"""" culture of post-colonial Jamaica that was fashionable in the lyrics of much ska and early reggae. Several other numbers by Desmond Decker & the Aces are featured in the set, and the disc also includes """"007 (Shanty Town)"""" (1967) and their worldwide 1968 hit """"Israelites"""", which heralded the transition from ska to reggae.",ita,eng,"[19448.0, 2312.0, 6834.0, 18428.0, 11254.0, 8670.0, 47566.0, 1326.0, 6324.0, 2176.0, 7038.0, 19686.0, 8432.0, 33388.0, 8500.0]"
"Columbia High School has also had many student-led walk-outs. In late March 2006 hundreds of students walked out after tensions with the principal regarding censorship issues and racial comments. The students were calling for her resignation. The next year a new acting principal was instated and the following school year she became the official principal. On April 27, 2010, hundreds of students participated in a statewide walkout of high school students protesting the budget cuts put in place by Chris Christie. On January 20, in protest of the presidential inauguration of Donald Trump, hundreds of CHS students participated in a school walk-out and marched to the Maplewood Town Hall building.",ita,eng,"[6105.0, 495.0, 6765.0, 5313.0, 1683.0, 5016.0, 8778.0, 396.0, 0.0, 297.0, 0.0, 4323.0, 5214.0, 6633.0, 5082.0]"
"Todd Tamanend Clark was born on August 10, 1952 in Greensboro, Pennsylvania, to Frederick Leland Clark (1923–2003) and Hope Ramona Harvey (1925–2001). He is Native American and is of Onodowaga (Seneca) and Lenape ancestry. He graduated from Waynesburg Central High School in 1970 and from Slippery Rock University of Pennsylvania with a B.A. in Communication in 1983. He then went on to graduate school at Indiana University of Pennsylvania studying art and anthropology.",ita,eng,"[8224.0, 768.0, 4704.0, 8960.0, 6432.0, 4352.0, 15072.0, 384.0, 96.0, 480.0, 3360.0, 3840.0, 4608.0, 13888.0, 5024.0]"
"In the weeks before he was murdered in Jonestown, Guyana, Representative Leo Ryan was collecting signatures for Hearst's release, mentioning his own Synanon mass death threats, comparisons to Manson, and questions of the Hearst case. Actor John Wayne, speaking after the Jonestown cult deaths, said it was odd that people had accepted the fact that Jim Jones had brainwashed 900 human beings into mass suicide, but would not accept that a group like the Symbionese Liberation Army could have brainwashed a kidnapped teenage girl.",ita,eng,"[6913.0, 341.0, 4526.0, 9796.0, 5487.0, 3627.0, 18972.0, 279.0, 2914.0, 403.0, 62.0, 7254.0, 3534.0, 13702.0, 3937.0]"
"On September 12, 2015 Hamilton played with the Grateful Dead's Bob Weir, Bill Kreutzmann, and Mickey Hart at the third annual Lockn' Festival in Arrington, Va during Billy & the Kids' headlining set.",ita,eng,"[4350.0, 330.0, 2640.0, 4320.0, 3540.0, 1710.0, 7770.0, 300.0, 330.0, 600.0, 1110.0, 2100.0, 1530.0, 6900.0, 1890.0]"
The OJ entered service with VS-5B and VS-6B in 1933 mainly for use on Omaha class light cruisers. Some OJs were used by reserve units with the first being VN-6R which were based near Washington to train reserve pilots and to enable staff officers to maintain their flying categories. By 1936 all the remaining aircraft were operated by reserve units and at the outbreak of the Second World War 29 aircraft were still in service. The Navy stopped the overhaul program for the aircraft and by the middle of 1941 all of them had been struck off charge.,ita,eng,"[4611.0, 319.0, 4234.0, 4118.0, 1218.0, 3683.0, 6322.0, 406.0, 0.0, 116.0, 116.0, 87.0, 4147.0, 3973.0, 4901.0]"
"Hans Zoller (born February 16, 1922) was a Swiss bobsledder who competed in the 1950s and 1960s. He won a gold medal in the four-man event at the 1957 FIBT World Championships in St. Moritz. He also competed in Bobsleigh at the 1964 Winter Olympics, where he finished 10th in both the two man and four man bobsled events.",tur,eng,"[8708.0, 560.0, 3052.0, 6328.0, 10808.0, 3136.0, 10752.0, 868.0, 308.0, 1372.0, 1764.0, 3360.0, 3836.0, 12096.0, 4228.0]"
"Shortly after the folding of WCCW, Hart continued to manage Al Perez in the National Wrestling Alliance (NWA)'s Jim Crockett Promotions in 1988, along with Larry Zbyszko. In 1989, he managed the stable J-Tex Corporation, which included Terry Funk, Dick Slater, Buzz Sawyer, The Dragonmaster, and The Great Muta. They feuded primarily with Ric Flair and Sting, but Ole and Arn Anderson later teamed up with Flair and Sting to even the sides up (and thus bringing back The Four Horseman briefly). J-Tex disbanded in early 1990.",ita,eng,"[7425.0, 1026.0, 3321.0, 11124.0, 7884.0, 3834.0, 21546.0, 837.0, 2565.0, 1404.0, 2997.0, 8316.0, 3996.0, 16038.0, 4671.0]"
"1st place in Feature Writing, Arts & Entertainment Coverage, Business/Financial Story, Sports Story, Special Issue in 2011, California Newspaper Publishers Association",tur,eng,"[1872.0, 260.0, 1742.0, 1924.0, 1326.0, 884.0, 2886.0, 104.0, 52.0, 104.0, 0.0, 936.0, 910.0, 3406.0, 1144.0]"
"Originally they formed a funk-rock supergroup """"The Electric Petal Groove Machine"""". Two weeks after the combination of the two groups, the band then still known as """"The Electric Petal Groove Machine"""", opened for Simple Minds on their South African tour.",ita,eng,"[1700.0, 175.0, 2250.0, 1550.0, 1325.0, 1400.0, 3225.0, 150.0, 0.0, 100.0, 0.0, 850.0, 1225.0, 1975.0, 1450.0]"
"Later he worked in the General Staff of the General Command, as the Superior Officer in the Provincial Command of Turin, the Operations Office of the General Command of the Army. He was promoted to Colonel and became deputy commander of the Carabinieri Region of Piedmont and Valle d'Aosta at the orders of General Francesco Delfino. He was in that position until 1993 and subsequently held the Provincial Command of Rome for five years. He was later the Head of the Second Division of the General Command. From 2000 to 2002 he was Senior Officer of the General Command and then Commander of the Carabinieri Officers' School . From 7 October 2003 to 4 September 2006, he headed the Campania Carabinieri Region.",ita,eng,"[10056.0, 528.0, 4080.0, 5544.0, 5088.0, 4128.0, 58320.0, 144.0, 2712.0, 1656.0, 3264.0, 7704.0, 4920.0, 13320.0, 5568.0]"
His memorable experience was when he played five Tests in a row during the 1999 World Cup where he played all his games for the full 80 minutes. He later coached the Akita Northern Bullets,tur,eng,"[1794.0, 115.0, 1541.0, 2047.0, 1633.0, 1564.0, 3496.0, 138.0, 46.0, 276.0, 920.0, 920.0, 1127.0, 3818.0, 1288.0]"
"He then joined Droylsden where he stayed for three years, before a brief period at Northwich Victoria where he made less than twenty starts. This was followed by a move to Welsh club Bala Town in June 2011.",ita,eng,"[1562.0, 154.0, 1496.0, 1254.0, 1122.0, 1144.0, 1936.0, 66.0, 22.0, 220.0, 44.0, 528.0, 1254.0, 1936.0, 1386.0]"
"Invention is not enough. Tesla invented the electric power we use, but he struggled to get it out to people... You have to combine both things: invention and innovation focus, plus the company that can commercialize things and get them to people.",eng,eng,"[147.0, 84.0, 2436.0, 1449.0, 609.0, 1071.0, 1995.0, 42.0, 0.0, 63.0, 0.0, 0.0, 1071.0, 1344.0, 1197.0]"
"The warded lock was also present from antiquity and remains the most recognizable lock and key design in the Western world. The first all-metal locks appeared between the years 870 and 900, and are attributed to the English craftsmen. It is also said that the key was invented by Theodorus of Samos in the 6th century BC.",tur,eng,"[1920.0, 140.0, 3440.0, 2060.0, 2220.0, 1560.0, 3120.0, 0.0, 0.0, 100.0, 40.0, 1440.0, 1640.0, 4060.0, 1900.0]"
"Appointed assistant principal cellist in 2003, Su-a has been a member of the Scottish Chamber Orchestra since 1993. She is also active in the experimental SCO Lab group and regularly participates in both the orchestra's education and community outreach programmes. In 2009, the SCO made an extensive tour of India, where the Lab group played as soloists alongside the Sarod Maestro, Ustad Amjad Ali Khan. A CD of their collaboration Samaagam was released in May 2011.",tur,eng,"[3135.0, 247.0, 2584.0, 4712.0, 2717.0, 3287.0, 7657.0, 171.0, 399.0, 513.0, 1577.0, 1900.0, 2337.0, 8303.0, 2470.0]"
"On 28 June 2017, the European adventure continues for the Greek centre back, after Dinamo București announced his acquisition for the next two years for an undisclosed fee. The 27-year-old centre back is a personal choice of the Romanian team's coach, Cosmin Contra, who sees a remarkable addition for his club. Dinamo București ended in third place in the 2016-17 Romanian Championship, behind FC Viitorul Constanța and FC Steaua București, taking the Europa League ticket. On 16 October 2017, he scored a brace in a 3-0 home win game against SC Juventus București. On 11 December 2017, he scored the second goal sealing a 2-0 home win game against FC Voluntari.",ita,eng,"[9720.0, 684.0, 3168.0, 8622.0, 3960.0, 3312.0, 18414.0, 90.0, 2664.0, 900.0, 3042.0, 6192.0, 4140.0, 11358.0, 4392.0]"
"Bruce Feirstein (born 1956), screenwriter and journalist best known for his screenplays for the James Bond films GoldenEye, Tomorrow Never Dies and The World Is Not Enough, and his best selling humor books, including Real Men Don't Eat Quiche.",tur,eng,"[2550.0, 306.0, 1428.0, 2499.0, 1785.0, 1071.0, 4420.0, 102.0, 170.0, 459.0, 697.0, 1275.0, 1054.0, 4811.0, 1173.0]"
"Combining their ideas, the pair began utilizing Page's dormitory room as a machine laboratory, and extracted spare parts from inexpensive computers to create a device that they used to connect the nascent search engine with Stanford's broadband campus network. After filling Page's room with equipment, they then converted Brin's dorm room into an office and programming center, where they tested their new search engine designs on the Web. The rapid growth of their project caused Stanford's computing infrastructure to experience problems.",ita,eng,"[176.0, 96.0, 2720.0, 1680.0, 688.0, 1680.0, 2832.0, 0.0, 16.0, 160.0, 32.0, 320.0, 1696.0, 1872.0, 1728.0]"
"Reynolds was performing in Charlottesville in the late 1980s when his friend, Nic Cappon, encouraged him to perform at a local bar, Miller's, where he met bartender Dave Matthews. Reynolds explains:",ita,eng,"[435.0, 60.0, 1080.0, 795.0, 360.0, 705.0, 1575.0, 45.0, 0.0, 0.0, 15.0, 0.0, 720.0, 945.0, 765.0]"
"The hire of volunteers for the projects was conducted in a framework of the state system of organizational mobilization, but more often through Komsomol mobilization by Komsomol travel tickets. One of active participants of the 1950s-80s construction projects were student construction brigades under a patronage of Komsomol. In 1980s the status of regional shock construction projects was granted to Youth Residential Complexes (MZhK).",rus,eng,"[1078.0, 238.0, 2198.0, 1540.0, 770.0, 1218.0, 2268.0, 14.0, 28.0, 140.0, 3458.0, 28.0, 1372.0, 2520.0, 1722.0]"
"Carvajal made his La Liga debut on 18 August 2013, in a 2–1 home win against Real Betis. One month later he played his first match in the UEFA Champions League, again featuring the full 90 minutes in a 6–1 away routing of Galatasaray SK for the group stage.",ita,eng,"[2249.0, 130.0, 923.0, 1794.0, 312.0, 962.0, 2652.0, 104.0, 13.0, 208.0, 39.0, 1365.0, 1066.0, 2067.0, 1339.0]"
"Alongside other players in the SCO, Robert McFall (violin), Brian Schiele (viola) and Scottish Ballet's principal bass player Rick Standley, Lee was a founding member of the group Mr McFall's Chamber which was formed to present classical music in new and inventive ways. Mr McFall's Chamber began as a string quartet playing avant-garde classical music in late-night club venues. The group has expanded to include a wide range of performers playing diverse repertoires from cartoon classics, through to progressive rock, jazz and tango nuevo. In 2010, they performed the works of the late Celtic fusion pioneer Martyn Bennett (Lee is also an Associate Member of the Marty Bennett Trust.) with the album Birds and Beasts, collaborated with Norwegian electronic jazz percussionist Thomas Strønen and worked with the idiosyncratic Dundee poet Michael Marra on the album Michael Marra.",ita,eng,"[3012.0, 300.0, 2592.0, 4932.0, 3960.0, 2256.0, 11472.0, 120.0, 1992.0, 492.0, 1956.0, 5328.0, 2328.0, 8736.0, 2532.0]"
"He followed it with What Did You Do in the War, Daddy? (1966), a wartime comedy from Blake Edwards which was made for the Mirisches; Coburn was top billed. The film was a commercial disappointment. Dead Heat on a Merry-Go-Round (1966) was a crime movie made at Columbia.",ita,eng,"[1815.0, 231.0, 1100.0, 1628.0, 2090.0, 935.0, 3531.0, 77.0, 583.0, 220.0, 110.0, 1463.0, 957.0, 3069.0, 957.0]"
"Catalinbread Antichthon, Catalinbread Belle Epoch Deluxe, Catalinbread Bicycle Delay, Catalinbread Fuzzrite, Chase Bliss Warped Vinyl, Death By Audio Ghost Delay, DigiTech DigiDelay, DigiTech DigiVerb, DigiTech Hyper Phase, DigiTech Metal Master, DigiTech Synth Wah, DigiTech Turbo Flange, DigiTech Whammy, Dunlop Crybaby From Hell, Earthquaker Levitation, Electro-Harmonix Talking Wah, Ensoniq DP/2, Ensoniq DP/4+, Ensoniq DP Pro, Hardwire Delay/Looper, Hardwire Stereo Chorus, Hardwire Stereo Phaser, Hardwire Supernatural, Hardwire Tremolo/Rotary, Keeley Compressor Plus, Keeley Mesmer, Keeley Monterey, Maestro Echoplex, Maestro Phase Shifter, Maestro Ring Modulator, Malekko Charlie Foxtrot, Malekko Scrutator, Malekko Sneak Attack, Mister Black Downward Spiral, Moog Minifooger Chorus, Moog Minifooger Delay, Moog Minifooger Drive, Moog Minifooger Flange, Moog Minifooger Trem, Moog Moogerfooger Analog Delay, Moog Moogerfooger Cluster Flux, Moog Moogerfooger Lowpass Filter, Moog Moogerfooger Ring Modulator, Moog Moogerfooger Twelve-Step Phaser, Moog Vocoder, Morley Bad Horsie, Morley Echo-Chorus-Vibrato, Morley Little Alligator, Mu-Tron Bi-Phase, MXR Digital Delay, MXR Pitch Transposer, Rivera Metal Shaman, Seymour Duncan Andromeda, Seymour Duncan Shape Shifter, SubDecay Harmonic Antagonizer, SubDecay Vitruvian Mod, SubDecay Vocawah",ita,eng,"[8760.0, 1730.0, 2500.0, 9540.0, 9320.0, 4010.0, 19560.0, 400.0, 2550.0, 2340.0, 2550.0, 8220.0, 4120.0, 16580.0, 4980.0]"
"The real gunfight was a 30-second long, face-to-face affair with only a few firearms, not a medium-range, heavily armed shootout as in the film.",eng,eng,"[72.0, 108.0, 801.0, 414.0, 45.0, 477.0, 630.0, 0.0, 9.0, 9.0, 0.0, 0.0, 378.0, 513.0, 387.0]"
"Reynolds toured as lead guitarist with the Dave Matthews Band in support of Big Whiskey and the GrooGrux King in early 2008. As of the summer tour of 2016, he is still a full-time member of the Dave Matthews Band.",ita,eng,"[896.0, 120.0, 696.0, 1360.0, 712.0, 480.0, 2864.0, 48.0, 384.0, 136.0, 416.0, 1232.0, 520.0, 1872.0, 560.0]"
Kennedy previously held the same position at Centenary and Southeastern Louisiana. He has served 13 seasons as a collegiate head coach and 13 as an assistant.,ita,eng,"[98.0, 35.0, 399.0, 322.0, 70.0, 238.0, 420.0, 28.0, 7.0, 56.0, 0.0, 7.0, 238.0, 315.0, 280.0]"
Oyama Station was opened on 10 April 1911. The station was absorbed into the JR East network upon the privatization of the Japanese National Railways (JNR) on 1 April 1987. A new station building was completed in March 2000.,tur,eng,"[900.0, 36.0, 444.0, 840.0, 714.0, 528.0, 1680.0, 300.0, 324.0, 450.0, 228.0, 726.0, 504.0, 1758.0, 624.0]"
"On March 20, 2015, Empty Mirrors Press published Epstein's political memoir """"Rise Again: Nova Scotia's NDP on the Rocks"""" an account of his 15 years in provincial politics, the history of the New Democratic Party in Nova Scotia, and his analysis of the successes and failures of the Dexter NDP government during its term in office.",ita,eng,"[220.0, 40.0, 630.0, 490.0, 165.0, 390.0, 760.0, 35.0, 0.0, 70.0, 5.0, 30.0, 440.0, 530.0, 460.0]"
He [Musk] wants to go to Mars to back up humanity. That’s a worthy goal. We have a lot of employees at Google who’ve become pretty wealthy. You’re working because you want to change the world and make it better ... I’d like for us to help out more than we are.,ita,eng,"[72.0, 16.0, 508.0, 280.0, 64.0, 284.0, 536.0, 12.0, 4.0, 20.0, 4.0, 8.0, 296.0, 356.0, 308.0]"
"Overall, the male is black above and white below, but also with a white supercilium (sometimes absent), half-collar, and greater covert patch, and a variable-sized orange patch on the breast. Females differ from males in being browner above, more buff-toned below, and often lacking the white greater covert patch. The white throat and (usually white) supercilium are the most prominent external differences from the African stonechat S. torquatus, which has a wholly black head including the throat and supercilium.",ita,eng,"[585.0, 45.0, 378.0, 459.0, 459.0, 345.0, 1254.0, 18.0, 9.0, 69.0, 297.0, 411.0, 357.0, 1065.0, 393.0]"
"Tim Reynolds (born 15 December 1957 in Wiesbaden, Germany) is a Grammy nominated multi-instrumentalist known as both a solo artist and as a lead guitarist for the Dave Matthews Band. One reviewer has declared Reynolds 'an under-rated master'.",ita,eng,"[136.0, 24.0, 170.0, 240.0, 112.0, 114.0, 374.0, 16.0, 0.0, 24.0, 4.0, 60.0, 118.0, 272.0, 128.0]"
"The total high school population was now approaching 2,400. The same committee which concluded that physical additions were needed also recommended a new organizational plan to prevent students from feeling depersonalized in such a large system. What grew out of this was the House Plan, which, in 1970, divided Columbia into four sub-schools of approximately 600 students each. The goal was to provide the intimacy of a small school within a large plant, and each of the houses had, for example, its own student council, intramural athletic teams, and newspapers. All of these were in addition to the traditional school-wide activities.",tur,eng,"[150.0, 7.0, 201.0, 139.0, 86.0, 144.0, 258.0, 1.0, 1.0, 11.0, 3.0, 131.0, 143.0, 284.0, 169.0]"
