sentences,predictions,labels,"results (['Bulgarian', 'Chinese', 'English', 'French', 'German', 'Hindi', 'Italian', 'Japanese', 'Korean', 'Portuguese', 'Russian', 'Spanish', 'Thai', 'Turkish', 'Vietnamese'])"
"बांग्लादेश के मुख्य न्यायाधीश का पद, बांग्लादेश सर्वोच्च न्यायिक पद है। इस पद पर विराजमान होने वाले पहले पदाधिकारी न्यायमूर्ति अब सादात मोहम्मह खान सयम थे, जोकि १६ दिसंबर १९७२ से नवंबर १९७५ तक इस पद पर रहे थे। तत्पश्चात, जनवरी २०१५ तक इस पद पर कुल २१ लोग विराजमान हो चुके हैं। वर्तमान मुख्य न्यायाधीश सुरेन्द्र कुमार सिन्हा इस पद पर १७ जनवरी २०१५ विराजमान हैं। वे हिन्दू धर्म के अनुयायी हैं, तथा बिष्णुप्रिय मणिपुरी समुदाय से आते हैं, तथा वे बांग्लादेश में किसी भी अल्पसंख्यक जातीय समूहों से नियुक्त पहली मुख्य न्यायाधीश है। न्यायमूर्ति भावनी प्रसाद सिन्हा भी एक ही समुदाय से हैं। न्यायमूर्ति महौदय नाज़मन आरा सुल्ताना इस पद को सुशोभित करने वाली पहली महिला न्यायाधीश थीं, और मैडम जस्टिस कृष्णा देबनाथ बांग्लादेश की पहली महिला हिंदू न्यायाधीश है। वर्तमान में सुप्रीम कोर्ट में छह महिला न्यायाधीशों रहे हैं।",hin,hin,"[407000.0, 118500.0, 3000.0, 220000.0, 183000.0, 6675000.0, 336000.0, 84000.0, 139500.0, 27000.0, 131000.0, 11000.0, 423000.0, 864500.0, 364500.0]"
गुरुत्वीय तरंगों का संसूचन (detection) आसान नहीं है क्योंकि जब वे पृथ्वी पर पहुँचती हैं तब उनका आयाम बहुत कम होता है और विकृति की मात्रा लगभग 10−21 होती है जो मापन की दृष्टि से बहुत ही कम है। इसलिये इस काम के लिये अत्यन्त सुग्राही (sensitive) संसूचक चाहिये। अन्य स्रोतों से मिलने वाले संकेत (रव / noise) इस कार्य में बहुत बाधक होते हैं। अनुमानतः गुरुत्वीय तरंगों की आवृत्ति 10−16 Hz से 104 Hz होती है।,hin,hin,"[145209.0, 47904.0, 7485.0, 112275.0, 84830.0, 3123740.0, 154690.0, 51397.0, 92814.0, 39920.0, 85828.0, 4491.0, 173652.0, 333332.0, 147704.0]"
उद्यान आभा तूफ़ान एक्स्प्रेस 3007 भारतीय रेल द्वारा संचालित एक मेल एक्स्प्रेस ट्रेन है। यह ट्रेन हावड़ा जंक्शन रेलवे स्टेशन (स्टेशन कोड:HWH) से 09:45AM बजे छूटती है और मुग़ल सराय जंक्शन रेलवे स्टेशन (स्टेशन कोड:MGS) पर 02:15AM बजे पहुंचती है। इसकी यात्रा अवधि है 16 घंटे 30 मिनट।,hin,hin,"[224598.0, 46314.0, 8964.0, 154878.0, 88644.0, 2374464.0, 273402.0, 23904.0, 51294.0, 25896.0, 44820.0, 61254.0, 193224.0, 475092.0, 111552.0]"
ज्ञानेन्द्रियों द्वारा बालक यह तो जान लेता है कि अमुक वस्तु कैसी है किन्तु वह यह नहीं जानता कि वह ऐसी क्यों है। बार-बार निरीक्षण व परीक्षण से वह इन कारणों को भी जान जाता है। अर्थात् वह अनुभव से तर्क की ओर बढ़ता है। बालक के अनुभूत तथ्यों को आधार बनाकर धीरे-धीरे निरीक्षण व परीक्षण द्वारा उनकी तर्कशक्ति का विकास करने का प्रयत्न करना चाहिये।,hin,hin,"[121765.0, 42742.0, 7455.0, 84490.0, 58149.0, 2568496.0, 126735.0, 44233.0, 77532.0, 24353.0, 67095.0, 4970.0, 136178.0, 258937.0, 111825.0]"
"राष्ट्रीय स्वयंसेवक संघ के ऐसे अनेक कार्यकर्ता हैं जिन्होंने पंडित जी के साथ अनेक अवसरों पर कार्य किया, उनमें प्रमुख हैं केदारनाथ साहनी, विजय कुमार मल्होत्रा, जगदीश अबरोल, बलराज मधोक, श्यामलाल शर्मा, दुर्गा दास वर्मा, चमन लाल गुप्ता, सहदेव सिंह, राजेन्द्र सिंह, मुलख राज परगाल और गोपाल सच्चर।",hin,hin,"[119536.0, 34224.0, 3472.0, 74400.0, 57040.0, 2458672.0, 124496.0, 25792.0, 35712.0, 17856.0, 40176.0, 33232.0, 157728.0, 203360.0, 106144.0]"
"तमाम अपीलों व दलीलों के बावजूद सरकार टस से मस न हुई और अन्तत: राजेन्द्रनाथ लाहिड़ी, पण्डित राम प्रसाद बिस्मिल,अशफाक उल्ला खाँ तथा ठाकुर रोशन सिंह- एक साथ चार व्यक्तियों को फाँसी की सजा सुना दी गयी। लाहिड़ी को अन्य क्रान्तिकारियों से दो दिन पूर्व १७ दिसम्बर को ही फाँसी दे दी गयी।",hin,hin,"[118305.0, 49500.0, 6435.0, 80190.0, 54450.0, 2563110.0, 115830.0, 26730.0, 49995.0, 10890.0, 34155.0, 54450.0, 142065.0, 334620.0, 109395.0]"
मस्तिष्क में बाहर की ओर धूसर भाग तथा अंदर की ओर श्वेत भाग रहता है तथा ठीक इससे उल्टा मेरु में रहता है। मस्तिष्क का धूसर भाग सीताओं के द्वारा कई सिलवटों से युक्त रहता है। इस धूसर भाग में ही तंत्रिका कोशिकाएँ रहती हैं तथा श्वेत भाग संयोजक ऊतक का होता है। तंत्रिकाएँ दो प्रकार की होती हैं : (1) प्रेरक (Motor) तथा (2) संवेदी (Sensory)।,hin,hin,"[129922.0, 32604.0, 7904.0, 82992.0, 36062.0, 2686866.0, 144248.0, 37544.0, 65702.0, 18278.0, 53352.0, 2470.0, 168454.0, 312702.0, 134368.0]"
"२०११ के बाद से य्म य्म य्न य्ल् ने क्षेत्र में पेहल कन्नड़ दैनिक समाचार पत्र बनाकर इस प्रकार खुद के लिए एक नया विकास पथ बानाया हे। अय्फोने और अन्रिओद् फोन के बाजार के लिए एप्लिकेशन जारी करने के लिए पहली कन्नड़ अखबार बनने के द्वारा अपने डिजिटल व्यापार पोर्टफोलियो का विस्तार किया। य्म य्म य्न य्ल् अपने साथी नेव्शुन्त्, मोबाइल उपयोगकर्ताओं के जाने पर अपनी पसंद के समाचार पत्र पढ़ने के लिए अनुमति देता है एक आवेदन के माध्यम से मोबाइल मंच पर खुद को स्थापित किया।",hin,hin,"[169099.0, 62611.0, 6409.0, 101065.0, 59653.0, 3701937.0, 212976.0, 44863.0, 70006.0, 13804.0, 66062.0, 4437.0, 176987.0, 384047.0, 163676.0]"
"चार्ल्स पंचम का पुत्र फिलिप द्वितीय स्पेन के शक्तिविस्तार में लगा रहा। उसने निचले प्रदेशों पर अपना सीधा स्वामित्व स्थापित करने के लिए वहाँ की राजनीतिक, आर्थिक और धार्मिक स्वतंत्रता का दमन किया। फलस्वरूप रोमन कैथोलिकों और प्रोटेस्टेंटों ने विद्रोह कर दिया। यह विद्रोह व्यापक रूप से १० वर्षों तक चला। १५७७ में प्रदेश का बड़ा भाग फिलिप द्वितीय की दमन नीति से मुक्त हो गया और विलियम उसका शासक बना। किंतु उत्तरी और दक्षिणी प्रांतों की एकता कायम न रह सकी। १५७८ में दक्षिणी प्रांत (वर्तमान वेल्जियम) विलियम के विरुद्ध हो गया। १५७९ में सात उत्तरी प्रांतों का यूट्रेक्ट संघ (Union of Utrecht) बना, जिसमें हालैंड का स्थान महत्वपूर्ण था।",hin,hin,"[220908.0, 84624.0, 7380.0, 189420.0, 121032.0, 4543620.0, 238128.0, 90528.0, 118572.0, 24600.0, 105780.0, 10824.0, 275028.0, 588924.0, 245508.0]"
एटीपी मास्टर्स श्रंखला एटीपी टूर द्वारा आयोजित नौ टेनिस प्रतियोगिताओं की श्रंखला है जो प्रति वर्ष यूरोप एवं उत्तरी अमेरिका में आयोजित की जाती हैं। इन स्पर्धाओं में प्रमुख पुरुष खिलाड़ियों का खेलना आवश्यक है।,hin,hin,"[66776.0, 30442.0, 8838.0, 51064.0, 37807.0, 1482329.0, 72177.0, 27005.0, 33388.0, 8838.0, 40262.0, 1473.0, 101146.0, 170868.0, 70213.0]"
"आदर्श रूप से रोबस्टा और अरेबिका दोनों को पानी से भरपूर मिटटी में उगाया जाता है, जिसमें पर्याप्त मात्रा में कार्बनिक पदार्थ हों और जो कम अम्लीय हो (pH 6.0–6.5) बहरहाल, भारतीय कॉफ़ी कम अम्लीय होती है, जिसका स्वाद संतुलित और मीठा हो सकता है, या निष्क्रिय और उदासीन हो सकता है। अरेबिका की ढलान कम से मध्यम होती है, जबकि रोबस्टा की ढलान कम से कुछ समतल होती है।",hin,hin,"[190120.0, 51450.0, 7350.0, 98980.0, 117110.0, 2741550.0, 149940.0, 34790.0, 84280.0, 19110.0, 65170.0, 73500.0, 188160.0, 388570.0, 162680.0]"
"2008 में, द सिस्टरहुड ऑफ़ द ट्रेवलिंग पैंट्स की अगली कड़ी द सिस्टरहुड ऑफ़ द ट्रेवलिंग पैंट्स 2 में लिवली ने फेरेरा, ब्लेडेल एवं टेम्ब्लिन के साथ अपनी भूमिका को दुहराया. पूर्ववर्ती फिल्म की तरह लिवली, उनकी तीन सह-अभिनेत्रियों और फिल्म के प्रति आलोचकों की सकारात्मक प्रतिक्रिया रही. जैसा कि नवम्बर 2009 तक, फिल्म की बॉक्स ऑफिस पर कमाई $ 44 लाख से अधिक थी जोकि इसकी पूर्ववर्ती से थोडा ज्यादा थी, जिस कारण यह लिवली की अब तक की सबसे अधिक व्यवसायिक सफल फिल्म बन गई है। 2009 में, लिवली एक हास्य फिल्म न्यूयोर्क, आई लव यू में गेब्रिएल डिमार्को की छोटी सी भूमिका में बहुत सारे कलाकारों के साथ नजर आईं थीं, जो 2006 में बनी फिल्म पेरिस जे टेम (Paris, je t'aime) की अगली कड़ी थी। अन्य कलाकारों में शिया लाबौफ, नेटली पोर्त्मान, हैडन क्रिसटेंसन, रशेल बिलसन और ऑरलैंडो ब्लूम शामिल थे। इसी की पूर्ववर्ती फिल्म की तरह यह भी लघु फिल्मों को जोड़कर एवं प्यार को तलाशने के विषय पर है बनाई गई थी। आलोचकों की सकारात्मक प्रतिक्रिया के बावजूद, बॉक्स ऑफिस पर इस फिल्म का प्रदर्शन कमजोर रहा.",hin,hin,"[597069.0, 131541.0, 8802.0, 371640.0, 242055.0, 7181454.0, 409782.0, 116382.0, 215160.0, 111492.0, 183375.0, 177996.0, 460149.0, 848904.0, 361371.0]"
"प्रथम विश्वयुद्ध के समय नीदरलैंड तटस्थ राष्ट्र था, किंतु १९४० में जर्मनी द्वारा आक्रांत होने के कारण इसे तटस्थता की नीति छोड़नी पड़ी। रानी विल्हेल्मिना (Queen Wilhelmina) अपने अन्य सरकारी अधिकारियों के साथ इंग्लैंड चली गई। युद्ध में डच ठहर नहीं सके और उन्हे भारी क्षति उठानी पड़ी। नीदरलैंड की बहुत संपत्ति जर्मनी ने लूट ली। १९४५ में मित्र राष्ट्रों (Allied Powers) ने उसे जर्मंनी के संकट से मुक्त कराया। १९४८ में विल्हेल्मिना की पुत्री जुलियाना सिंहासनारूढ़ हुई।",hin,hin,"[242048.0, 45384.0, 6344.0, 132736.0, 141520.0, 3444304.0, 177632.0, 67832.0, 88816.0, 26352.0, 76128.0, 77104.0, 202520.0, 476776.0, 173240.0]"
"मस्तिष्क ज्वर से पीड़ित किसी व्यक्ति में, रक्त परीक्षण उन चिह्नों का पता लगाने के लिये किये जाते हैं जो वृद्धि (उदा. सी-रिएक्टिव प्रोटीन, संपूर्ण रक्त गणना) और रक्त कल्चरकी जानकारी देते हैं।",hin,hin,"[55031.0, 25811.0, 7792.0, 55518.0, 32629.0, 1404021.0, 72076.0, 20454.0, 37012.0, 7792.0, 46265.0, 1948.0, 88634.0, 180190.0, 65258.0]"
"भारत में पुरुष भी मुन्दु के रूप में जाना जाता है कपड़े की शीट की तरह लंबे, सफेद हिंदेशियन वस्र पहनते हैं। यह मराठी में धोतर कहा जाता है। उत्तरी और मध्य भारतीय भाषाओं जैसे हिन्दी, ओड़िआ, ये मुन्दु, जबकि तेलुगु भाषा में वे पञ्च कहा जाता हैं, तमिल में वे वेश्ति कहा जाता है और कन्नड़ में यह पन्छे/लुंगी कहा जाता है कहा जाता है। धोती ऊपर, पुरुष शर्ट पहनते हैं।",hin,hin,"[158922.0, 52002.0, 9234.0, 79704.0, 54918.0, 2854278.0, 146772.0, 33534.0, 62208.0, 13122.0, 64152.0, 3888.0, 151632.0, 346032.0, 142398.0]"
भाषाविद हिन्दी एवं उर्दू को एक ही भाषा मानते हैं। हिन्दी देवनागरी लिपि में लिखी जाती है और शब्दावली के स्तर पर अधिकांशत: संस्कृत के शब्दों का प्रयोग करती है। उर्दू उर्दू लिपि में लिखी जाती है और शब्दावली के स्तर पर उस पर फ़ारसी और अरबी भाषाओं का प्रभाव अधिक है। व्याकरणिक रूप से उर्दू और हिन्दी में लगभग शत-प्रतिशत समानता है - केवल कुछ विशेष क्षेत्रों में शब्दावली के स्रोत (जैसा कि ऊपर लिखा गया है) में अंतर होता है। कुछ विशेष ध्वनियाँ उर्दू में अरबी और फ़ारसी से ली गयी हैं और इसी प्रकार फ़ारसी और अरबी की कुछ विशेष व्याकरणिक संरचना भी प्रयोग की जाती है। अतः उर्दू को हिन्दी की एक विशेष शैली माना जा सकता है।,hin,hin,"[242500.0, 74690.0, 4850.0, 159565.0, 108640.0, 4782585.0, 221645.0, 87785.0, 137740.0, 68870.0, 98455.0, 11640.0, 241530.0, 707130.0, 203700.0]"
"भोपाल भारत देश में मध्य प्रदेश राज्य की राजधानी है और भोपाल ज़िले का प्रशासनिक मुख्यालय भी है। भोपाल को झीलों की नगरी भी कहा जाता है क्योंकि यहाँ कई छोटे-बडे ताल हैं। यह शहर अचानक सुर्ख़ियों में तब आ गया जब १९८४ में अमरीकी कंपनी यूनियन कार्बाइड से मिथाइल आइसोसाइनेट गैस के रिसाव से लगभग बीस हजार लोग मारे गये थे। भोपाल गैस कांड का कुप्रभाव आज तक वायु प्रदूषण, भूमि प्रदूषण, जल प्रदूषण के अलावा जैविक विकलांगता एवं अन्य रूपों में आज भी जारी है। इस वजह से भोपाल शहर कई आंदोलनों का केंद्र है।",hin,hin,"[181016.0, 78892.0, 4356.0, 124388.0, 99704.0, 4186600.0, 183436.0, 62436.0, 98252.0, 28072.0, 97284.0, 6292.0, 221188.0, 506748.0, 181984.0]"
हाँगकाँग क्रिकेट टीम आईसीसी क्रिकेट की सदस्य एक क्रिकेट टीम है जो विभिन्न प्रारूपों में खेलती है। हाँगकाँग २०१६ में २०-२० विश्व कप में भी खेलने वाली है।,hin,hin,"[66171.0, 28014.0, 3381.0, 33327.0, 19320.0, 1141812.0, 55545.0, 21735.0, 21252.0, 6762.0, 25599.0, 483.0, 77763.0, 174363.0, 67620.0]"
यदि चेटना का स्तर बहुत कम हो या श्वसन विफलता के साक्ष्य हों तो जरूरत पड़ने पर मेकैनिकल वेंटिलेशन की आवश्यकता पड़ सकती है। यदि बढ़े हुये अंतःकपालीय दाब के चिह्न हो तो दाब की माप किये जाने के उपाय किये जा सकते हैं; यह सेरेब्रल परफ्यूसन दाब तथा विभिन्न उपचारों का इष्टतमीकरण करता है जिससे कि दवा (उदा. के लिये मैनिटॉल) के माध्यम से अंतः कपालीय दाब कम किया जा सके। दौरों का उपचार ऐंटीकॉनवलसेंट द्वारा किया जाता है। हाइड्रोकैफलस (CSF का बाधित प्रवाह) को अस्थायी या दीर्घ अवधि निकासी युक्ति जैसे कि सेरेब्रल शंट को डाले जाने की जरूरत पड़ सकती है।,hin,hin,"[176412.0, 82904.0, 7712.0, 227022.0, 84832.0, 4321612.0, 318602.0, 61696.0, 119536.0, 28920.0, 81458.0, 7230.0, 238108.0, 552854.0, 200512.0]"
२०१५- इसरो द्वारा खगोलीय शोध को समर्पित भारत की पहली वेधशाला एस्ट्रोसैट का आंध्र प्रदेश के श्रीहरिकोटा से पीएसएलवी द्वारा सफल प्रक्षेपण किया गया। यह सुदूरवर्ती खगोलीय पिंडों के अध्ययन को समर्पित भारत का पहला उपग्रह है।,hin,hin,"[90428.0, 18759.0, 4329.0, 55315.0, 28379.0, 1760460.0, 85137.0, 24531.0, 43771.0, 11544.0, 37037.0, 3367.0, 111592.0, 194805.0, 86099.0]"
"नाथपा झाकड़ी पनबिजली स्टेशन की क्षमता 1500 मेगावाट है और यह देश का सबसे बड़ा जलविद्युत प्लांट है। नाथपा झाकड़ी प्लांट प्रति वर्ष 6950.88 (6612) मिलियन यूनिट बिजली का उत्पादन करने के लिए डिजाइन किया गया है। इस प्लांट से विद्युत का आबंटन उत्तर भारतीय राज्यों हरियाणा, हि.प्र., पंजाब, जम्मू एवं कश्मीर, राजस्थान, उत्तर प्रदेश, उत्तराखण्ड तथा दिल्ली व चंडीगढ़ के सभी शहरों को होता है।",hin,hin,"[218400.0, 44640.0, 9120.0, 96960.0, 87840.0, 3033120.0, 144000.0, 26400.0, 66720.0, 23040.0, 66240.0, 9120.0, 197760.0, 346080.0, 131040.0]"
"रेस्त्रां, पेट्रोल स्टेशन, ट्रकिंग स्टेशन जैसे मिडी-फ़्रेंचाइज़ में पर्याप्त निवेश करना पड़ता है और व्यवसाय की तरह पूरा ध्यान देना पड़ता है।",hin,hin,"[57480.0, 19160.0, 8143.0, 40236.0, 14370.0, 1102179.0, 57480.0, 14370.0, 43110.0, 5748.0, 30177.0, 1437.0, 53169.0, 130288.0, 46942.0]"
"वयस्कों की अपेक्षा बच्चों में सहायक कॉर्टिकॉस्टरॉयड की भिन्न भूमिका है। हलांकि उच्च आय देशों के वयस्कों और बच्चों में कॉर्टिकॉस्टरॉएड के लाभ दिखते हैं, लेकिन कम आय वाले देशों में बच्चों पर इसके उपयोग को साक्ष्य का समर्थन नहीं मिलता है; इस अंतर का कारण स्पष्ट नहीं है। यहां तक कि उच्च आय देशों में, कॉर्टिकॉस्टरॉयड के लाभ केवल तब दिखते हैं जब वे ऐंटीबायोटिक्स की पहली खुराक से पहले दिये जाते हैं और यह वहां पर सबसे अधिक दिखते हैं जहां पर एच. इंफ्लुएंजा मस्तिष्क ज्वर के मामले हों, जिसका होना Hib टीके की शुरुआत के बाद नाटकीय रूप से घट गया है। इस प्रकार, कॉर्टिकॉस्टिरॉयड को शिशुओं को होने वाले मस्तिष्क ज्वर के अनुशंसित किया जाता है यदि इसका कारण एच. इंफ्लुएंजा है और यदि इसको एंटीबायोटिक्स की पहली खुराक के पहले दिया जाये; अन्य उपयोग विवादित हैं।",hin,hin,"[191678.0, 98468.0, 6214.0, 191200.0, 112808.0, 5195382.0, 284888.0, 102292.0, 154872.0, 38718.0, 159652.0, 5258.0, 313568.0, 679716.0, 266246.0]"
9वीं सदी में मैसूर के महावीराचार्य ने ’’गणित सार संग्रह’’ लिखा जिसमें उन्होंने लघुत्तम समापवर्त्य निकालने के प्रचलित तरीके का वर्णन किया है। उन्होंने दीर्घवृत्त के अंदर निर्मित चतुर्भुज का क्षेत्रफल निकालने का सूत्र भी निकाला। इस पर ब्रह्मगुप्त ने भी काम किया था। इनडिटर्मिनेट समीकरणों का हल निकालने की समस्या पर भी 9वीं सदी में काफी रुचि दिखलाई दी। कई गणितज्ञों ने विभिन्न प्रकार के इंडिटर्मिनेट समीकरणों का हल निकालने और निकटतम मान निकालने के बारे में योगदान दिया।,hin,hin,"[147870.0, 45792.0, 6201.0, 122589.0, 84906.0, 3557466.0, 161703.0, 53901.0, 94446.0, 24804.0, 82521.0, 70119.0, 200340.0, 385893.0, 169812.0]"
"ग़ौसाबाद , पाकिस्तान के पंजाब प्रांत के डेरा ग़ाज़ी ख़ान ज़िले का एक कस्बा और यूनियन परिषद् है। यहाँ बोले जाने वाली प्रमुख भाषा पंजाबी है, जबकि उर्दू प्रायः हर जगह समझी जाती है। साथ ही अंग्रेज़ी भी कई लोगों द्वारा काफ़ी हद तक समझी जाती है। प्रभुख प्रशासनिक भाषाएँ उर्दू और अंग्रेज़ी है।",hin,hin,"[106624.0, 43792.0, 4760.0, 79016.0, 49504.0, 2514232.0, 105196.0, 30464.0, 41888.0, 4760.0, 47124.0, 5712.0, 131376.0, 340340.0, 102816.0]"
"कैपिटोनिम और स्पेसिफ़िक डेसिग्नेटरों की प्रकृति अक्सर संबंधित होती है: दोनों मामलों में, शब्द मूल के जातिवाचक और व्यक्तिवाचक भाव एक दूसरे के साथ तर्कसंगत रूप में जुड़े हो सकते हैं। कुछ शब्दों को कैपिटोनिम या स्पेसिफ़िक डेसिग्नेटरों के रूप में देखा जा सकता है, मूल्यांकन व्यक्तिपरक है। उदाहरण के लिए:",hin,hin,"[87875.0, 59850.0, 4750.0, 74100.0, 60325.0, 1830175.0, 116375.0, 41325.0, 60325.0, 14725.0, 95950.0, 4275.0, 114475.0, 243675.0, 118750.0]"
"हाल के वर्षों में, सामाजिक उद्यम क्षेत्र ने फ़्रेंचाइज़िंग में रुचि दिखानी शुरू की है, जो नए व्यवसायों की स्थापना की प्रक्रिया को सरल और त्वरित बनाने के लिए आशावान है। व्यवसाय की अनेक संकल्पनाओं को, जैसे साबुन बनाना, खाद्यान्न की खुदरा बिक्री, जलजीवालय की देखभाल और होटल चलाना, विकलांग और असहाय लोगों को रोज़गार देने वाली सामाजिक फ़र्मों ने अपनाए जाने के लिए उपयुक्त माना है।",hin,hin,"[106650.0, 45504.0, 5688.0, 114234.0, 61620.0, 2712228.0, 142674.0, 55932.0, 81054.0, 20382.0, 99066.0, 5688.0, 179646.0, 357396.0, 145044.0]"
इस फ़िल्म में पाँच युगलों को ऊटी में अपने हनीमून पर दिखाया गया है जहाँ वो एक ही होटल में रह रहे हैं। उनमें से एक युगल अपनी वैवाहिक वर्षगाँठ मना रहै तथा अन्य सभी का विवाह अभी हुआ ही है। सभी युगल ऊटी में विभिन्न पर्यटनों तथा अन्य स्थलों पर जाते हैं तथा एक दूसरे को व्यक्तिगत स्तर पर जानने का प्रयास करते हैं। धीरे-धीरे एक-एक करके सभी की कहानियाँ सामने आती हैं।,hin,hin,"[101695.0, 32637.0, 4730.0, 82302.0, 73788.0, 2922667.0, 126764.0, 38313.0, 77099.0, 24596.0, 71896.0, 6622.0, 142373.0, 302720.0, 117304.0]"
"न्यायमूर्ति मोहम्मद अजमल मियां , पाकिस्तान की सर्वोच्च न्यायालय के पूर्व मुख्य न्यायाधीश थे, जोकी पाकिस्तान का उच्चतम् न्यायिक पद है। उन्होंने न्यायमूर्ति सैयद सज्जाद अली शाह की सेवानिवृत्ति के बाद यह पद संभाला था। सर्वोच्च न्यायालय में, बतौर न्यायाधीश नियुक्त होने से पूर्व, वे सिंध उच्च न्यायालय में न्यायाधीश थे।",hin,hin,"[163784.0, 40120.0, 3776.0, 95816.0, 55224.0, 2555408.0, 114696.0, 32568.0, 51448.0, 12272.0, 60888.0, 51448.0, 143960.0, 352584.0, 114696.0]"
"पहली शताब्दी ईसा से सबूत कुछ यूनानियों के साथ सांस्कृतिक आदान-प्रदान से पता चलता है। हिन्द-यूनानी प्रभाव समय की गान्धार कला में देखा जाता है। बुद्ध जो आधुनिक सम्घति कि कसय के बौद्ध भिक्षुओं का एक हिस्सा रूपों के अग्रदूत है ग्रीक हिमतिओन्, पहनने के रूप में चित्रित थे। मौर्य और गुप्ता के दौरान अवधि, लोगों के रूप में वैदिक बार कपड़े बिना सिले तीन टुकड़ा पहनने के लिए जारी रखा। अन्तरीया सफेद कपास के बने कपड़े के मुख्य आइटम थे या मलमल, कमर कयबन्ध् नामक एक सैश और उत्तरिय नामक एक दुपट्टा से बंधे शीर्ष आधा शरीर के कपड़ा के लिए उपयोग किया।",hin,hin,"[150720.0, 50397.0, 7065.0, 128112.0, 83367.0, 4215921.0, 219015.0, 55107.0, 66882.0, 31086.0, 95613.0, 2826.0, 206769.0, 456399.0, 193581.0]"
"आम तौर पर अमेरिका में फ़्रेंचाइज़िंग प्राधिकरण द्वारा लागू नियम बहुत कड़े और महत्वपूर्ण होते हैं और अधिकतर देशों को उनके अध्ययन की ज़रूरत होती है ताकि वे अपने देश में छोटे या प्रारम्भिक फ़्रेंचाइज़ की उनकी रक्षा करने में मदद कर सकें.[कृपया उद्धरण जोड़ें] ट्रेडमार्क के अलावा, प्रतिलिप्याधिकार और ऐसे ही विनियमों से शासित स्वामित्व सेवा मार्क भी होते हैं।",hin,hin,"[132070.0, 48410.0, 4230.0, 97290.0, 47000.0, 2444000.0, 124550.0, 34780.0, 67680.0, 17860.0, 75200.0, 4700.0, 145230.0, 282470.0, 118910.0]"
"वर्ष 2005 में अद्यतन फ़्रेंचाइज़ कानून का जन्म हुआ, """"वाणिज्यिक फ़्रेंचाइज़ के प्रशासन हेतु उपाय"""". पिछले विधान (1997) में विदेशी निवेशकों का कोई विशिष्ट समावेश नहीं किया गया। 2005 कानून की पुनरावृति, 2007 कानून की बदौलत आज फ़्रेंचाइज़ कानून अधिक स्पष्ट है.",hin,hin,"[130851.0, 53466.0, 7504.0, 147266.0, 60501.0, 2070635.0, 121940.0, 36113.0, 51590.0, 14539.0, 59094.0, 38458.0, 144921.0, 230748.0, 118188.0]"
(१) 1895 ई. में जब जापान ने चीन को परास्त कर उससे लियाओतुंग प्रायद्वीप तथा पोर्ट आर्थर पर अधिकार करना चाहा तो जर्मनी ने रूस और फ्रांस से मिलकर उस पर दबाव डाला कि वह इनको अपने अधिकार में न करे।,hin,hin,"[54288.0, 21996.0, 4680.0, 62712.0, 39312.0, 1583244.0, 79092.0, 28548.0, 41184.0, 12636.0, 28548.0, 3276.0, 95004.0, 181116.0, 63180.0]"
"ख़ज़रेत​ सुलतान या हज़रत सुलतान (अंग्रेज़ी: Khazret Sultan) मध्य एशिया का एक ४,६४३ मीटर (१५,२३३ फ़ुट​) ऊँचा पर्वत है जो उज़बेकिस्तान देश का सबसे ऊँचा पर्वत भी है। यह पामीर-अलाय पर्वत मंडल की गिस्सार पर्वत शृंखला में ताजिकिस्तान की सीमा के नज़दीक स्थित है। जब उज़बेकिस्तान सोवियत संघ का भाग था तो यह पहाड़ साम्यवादी पार्टी की २२वीं महासभा का पर्वत (бывший Пик им. ХХII съезда КПСС, Peak of the 22nd Congress of the Communist Party) के नाम से जाना जाता था।",hin,hin,"[274596.0, 63045.0, 7005.0, 115816.0, 99938.0, 3094809.0, 170455.0, 40162.0, 76588.0, 23350.0, 165318.0, 89197.0, 185399.0, 520705.0, 192871.0]"
"करणी माता मन्दिर उदयपुर शहर के केंद्र में स्थित है जो कि ज्यादा दूर नहीं है यह महाराणा प्रताप हवाई अड्डे महज २४ किलोमीटर की दूरी पर स्थित है जबकि उदयपुर सिटी रेलवे स्टेशन और उदयपुर सिटी बस डिपो से महज ४ किलोमीटर दूर स्थित है इनके अलावा भक्तजन स्थानीय तांगों ,ऑटो रिक्सो से भी पहुँच सकते हैं ये तांगे और ऑटो रिक्सो सिर्फ दूध तलाई झील तक ही जा पाते हैं इसके दूध तलाई झील से रस्सी के मार्ग (Ropway) से भी जा सकते हैं",hin,hin,"[143062.0, 41474.0, 5592.0, 92268.0, 63376.0, 3457254.0, 148654.0, 47998.0, 83880.0, 20038.0, 65240.0, 30756.0, 167294.0, 366742.0, 136072.0]"
"सभी क्षेत्रों में करार करने के लिए कानूनी परामर्श आवश्यक है। अधिकतर यूरोप में सबसे प्रमुख कार्यों में से एक है फुटकर बिक्री का स्थान खोजना, जो कि अमेरिका में उतना महत्वपूर्ण नहीं है। प्रायः आबादी सजातीय होती है इसलिए सांस्कृतिक कारक भी महत्वपूर्ण होते हैं।",hin,hin,"[60915.0, 24645.0, 9300.0, 49290.0, 42315.0, 1699575.0, 89280.0, 26040.0, 44640.0, 7440.0, 54405.0, 2325.0, 92070.0, 198555.0, 70215.0]"
"ऊर्ध्व एवं अध: महाशिराएँ समस्त शरीर के रुधिर को हृदय के दक्षिण में अलिंद में लाती हैं, जहाँ से रुधिर दक्षिणी निलय में जाता है। निलय से रुधिर हृदय के स्पंदन के कारण फुप्फुसीय धमनी द्वारा फुप्फुस में शोधन के लिए जाता है तथा शुद्ध होने के बाद वह फुप्फुसीय शिराओं द्वारा बाएँ अलिंद में आता है। बाएँ अलिंद के संकुचन के कारण रुधिर बाएँ निलय में जाता है, जहाँ से महाधमनी एवं उसकी शाखाओं द्वारा समस्त शरीर में जाता है। शिराओं में अशुद्ध रुधिर और धमनियों में शुद्ध रुधिर रहता है, पर फुप्फुसीय धमनी एवं वृक्क धमनी इसका अपवाद है। हृदय का स्पंदन एक मिनट में 72 बार होता है। हृदय हृदयावरण से आवृत रहता है। अलिंद तथा निलय के मध्य कपाट रहते हैं, जो रुधिर को विपरीत दिशा में जाने से रोकते हैं।",hin,hin,"[368416.0, 69136.0, 5568.0, 168896.0, 92336.0, 5477056.0, 325728.0, 66816.0, 159616.0, 62640.0, 99296.0, 6496.0, 312272.0, 721056.0, 283968.0]"
"भारत कॉफी हाउस श्रृंखला की शुरुआत 1940 के दशक के प्रारंभ में ब्रिटिश शासन के दौरान हुई. 1950 के दशक के मध्य में, बोर्ड ने नीति परिवर्तन के कारण कॉफ़ी हाउस को बंद कर दिया. हालांकि, जिन कर्मचारियों को छुट्टी दे दी गयी थी, उन्हें कम्मुनिस्ट नेता ऐ के गोपालन के नेतृत्व में फिर से इन्डियन कॉफ़ी हाउस में रखा गया। पहली भारतीय कॉफ़ी वर्कर्स को-ओपरेटिव सोसाइटी की स्थापना 19 अगस्त 1957 को बैंगलोर में की गयी। पहला भारतीय कॉफ़ी हाउस नयी दिल्ली में 27 अक्टूबर 1957 को स्थापित किया गया। धीरे धीरे, भारतीय कॉफी हाउस की श्रृंखला का विस्तार पोपोरे देश में हो गया, 1958 के अंत तक पोंडिचेरी, थ्रिसुर, लखनऊ, नागपुर, जबलपुर, मुम्बई, कोलकाता, तेलीचेरी और पुणे में इसकी शाखाएं खोली जा चुकीं थीं। देश में ये कॉफी हाउस 13 सहकारी समितियों के द्वारा चलये जाते हैं, जिनका नियंत्रण कर्मचारियों के द्वारा चयनित प्रबंधन समितियों के द्वारा किया जाता है। सहकारी समितियों का संघ एक नेशनल अम्ब्रेला संगठन है जिसका नेतृत्व इन सोसाईटीयों के द्वारा किया जाता है।",hin,hin,"[435683.0, 113435.0, 6482.0, 434757.0, 161587.0, 7180667.0, 583843.0, 107879.0, 171773.0, 42133.0, 155568.0, 110657.0, 437072.0, 977393.0, 355121.0]"
"जेनर डायोड एक प्रकार का डायोड है जो एक साधारण डायोड की तरह बिजली को आगे की दिशा में बहने की ही नहीं बल्कि यदि वोल्टेज, ब्रेकडाउन वोल्टेज से, जिसे """"जेनर नी वोल्टेज"""" या """"जेंनेर वोल्टेज"""" भी कहा जाता है, ज्यादा हुआ तो उलटी दिशा में भी बहने की अनुमति देता है। इस उपकरण को क्लारेंस जेनर के नाम पर नामित किया गया है, जिसने इस विद्युत गुण की खोज की।",hin,hin,"[109032.0, 50358.0, 3696.0, 99792.0, 73920.0, 2566410.0, 119196.0, 37422.0, 84546.0, 12936.0, 58212.0, 4620.0, 133056.0, 270270.0, 117348.0]"
"डेयरडेविल्स के लिए सर्वाधिक रन बनाने वाले सहवाग है, जिन्होंने २,३८२ रन बनाए हैं। उन्होने २०११ में डेक्कन चार्जर्स के खिलाफ ११९ रन बनाए, जो की डेयरडेविल्स के किसी भी बल्लेबाज़ द्वारा एक पारी में बनाए सर्वाधिक रन है। डेविड वॉर्नर ने डेयरडेविल्स के लिए दो शतक बनाए हैं, जबकि सहवाग, एबी डी विलियर्स और केविन पीटरसन ने एक-एक शतक बनाए है। पीटरसन के पास टीम का सर्वश्रेष्ठ बल्लेबाज़ी औसत है: ४७.२५। डेयरडेविल्स के गेंदबाजों में ५१ विकेटों के साथ मोर्ने मोर्केल ने किसी भी अन्य की तुलना में अधिक विकेटें लिए हैं। डग ब्रेसवेल की १०.६६ की गेंदबाज़ी औसत टीम में सर्वाधिक है, यद्यपि उन गेंदबाजों के बीच जिनहोने २० से अधिक ओवर गेंदबाजी की है, परवेज महरूफ के पास सर्वश्रेष्ठ औसत है: १९.२५। अमित मिश्रा के पास एक पारी में सबसे अच्छे गेंदबाजी आंकड़े है: उन्होंने २००८ के एक मैच में चार्जर्स के खिलाफ मात्र १७ रन देकर पांच विकेट लिए। नमन ओझा ने डेयरडेविल्स के लिए विकेट-कीपर के रूप में सबसे अधिक २७ कैच लिये है, जबकि दिनेश कार्तिक ने सबसे अधिक स्टम्पिंग किए है: १३।सहवाग ने ३० कैचों के साथ क्षेत्ररक्षकों के बीच में सबसे अधिक कैच लिए है।",hin,hin,"[396921.0, 104186.0, 8298.0, 303338.0, 262770.0, 7979910.0, 411673.0, 105108.0, 149364.0, 68228.0, 120782.0, 9681.0, 429191.0, 879127.0, 352204.0]"
"और अन्त में बचे पाँच अभियुक्तों में से गोपाल गौड़से, मदनलाल पाहवा और विष्णु रामकृष्ण करकरे को आजीवन कारावास तथा नाथूराम गोडसे व नारायण आप्टे को फाँसी की सजा दी गयी।",hin,hin,"[73600.0, 28520.0, 5520.0, 44160.0, 33120.0, 1453140.0, 63480.0, 14260.0, 31280.0, 5980.0, 23000.0, 2760.0, 83720.0, 152260.0, 60260.0]"
"अनारकली सूट का एक लंबा, फ्रॉक शैली शीर्ष से बना है और एक स्लिम फिट नीचे सुविधाएँ। अनारकली स्थित उत्तरी भारत, पाकिस्तान और मध्य पूर्व में महिलाओं द्वारा सजी है एक बहुत ही वांछनीय शैली है। अनारकली सूट कई अलग अलग लंबाई और चिकनकारी सहित मंजिल लंबाई अनारकली शैलियों में बदलता है। कई महिलाओं को भी शादी कार्यों और घटनाओं पर भारी कढ़ाई अनारकली सूट चुन जाएगा। भारतीय महिलाओं के रूप में अच्छी तरह से पारंपरिक त्योहारों, आरामदायक दोपहर के भोजन, वीं वर्षगांठ समारोह आदि जैसे विभिन्न अन्य अवसरों पर अनारकली सूट पहनते हैं। अनारकली की कमीज हो सकता है बिना आस्तीन का या टोपी कलाई-लंबाई से लेकर आस्तीन के साथ।",hin,hin,"[129897.0, 55998.0, 6885.0, 136323.0, 101898.0, 4373352.0, 230418.0, 54621.0, 96849.0, 28917.0, 123930.0, 5049.0, 238680.0, 517293.0, 201960.0]"
"समाचार संस्था (news agency) ऐसे संगठन को कहते हैं जो समाचार एकत्रित करता है और फिर उसे समाचारपत्रों, पत्रिकाओं और रेडियो व टेलीविज़न प्रसारकों को बेचता है। समाचार संस्थाओं को कभी-कभी समाचार सेवा (news service) भी कहा जाता है। विश्व में बहुत सारी समाचार संस्थाएँ हैं, जैसे कि रॉयटर्स, इत्यादि।",hin,hin,"[74196.0, 44426.0, 6870.0, 65036.0, 36640.0, 2018864.0, 93890.0, 33892.0, 55418.0, 28854.0, 46716.0, 4580.0, 113584.0, 249152.0, 110378.0]"
13 जनवरी- अमेरिकी समाचार पत्र न्यूयार्क टाइम्स ने अमेरिकी राकेट विज्ञानी राबर्ट एच. गॉड्डर का मजाक बनाया। बाद में 17 जुलाइ 1969 को अपोलो-1 के चाँद पर उतरने पर उसने सार्वजनिक रूप से इसके लिए माफी माँगी।,hin,hin,"[87744.0, 33818.0, 5027.0, 61695.0, 46157.0, 1589446.0, 81346.0, 31990.0, 48442.0, 10968.0, 37017.0, 39759.0, 100083.0, 187827.0, 84545.0]"
"मान्यता है कि मंदिर में गोरखनाथ जी द्वारा जलायी अखण्ड ज्योति त्रेतायुग से आज तक अनेक झंझावातों के बावजूद अखण्ड रूप से जलती आ रही है। यह ज्योति आध्यात्मिक ज्ञान, अखण्डता और एकात्मता का प्रतीक है।",hin,hin,"[83448.0, 15960.0, 5016.0, 52896.0, 33744.0, 1865952.0, 78888.0, 17784.0, 36480.0, 17784.0, 38304.0, 4104.0, 100320.0, 212496.0, 77520.0]"
"Count nouns जातिवाचक संज्ञाएं हैं जो बहुवचन ले सकती हैं, संख्याओं या परिमाणकों (उदा. एक, दो, कई, प्रत्येक, अधिकांश) के साथ संयोजित हो सकते हैं और अनिश्चयवाचक उपपद (a या an) को ले सकते हैं। गणनीय संज्ञाओं के उदाहरण हैं chair, nose और occasion .",hin,hin,"[97370.0, 22295.0, 10920.0, 51870.0, 74620.0, 1457365.0, 83720.0, 28665.0, 68705.0, 39130.0, 49140.0, 14105.0, 98280.0, 236145.0, 83720.0]"
"दृष्टींद्रिय - इसका मुख्य अंग नेत्र है। नेत्र गोलक फोटो कैमरा के समान है। यह श्वेत पटल, मध्य पटल, तथा अंत पटल (रेटिना) से निर्मित है। इसमें रेटिना ही दृष्टींद्रिय का काम करता है। नेत्रगोलक छिद्र, या तारा (pupil), से प्रकाश भीतर जाता है। तारा पर आइरिस (iris) रहता है, जो तारे का संकोच और प्रसार कराता है। यह प्रकाश अग्र कक्ष के तरल, लेंस तथा पश्च कक्ष के तरल से होकर रेटिना पर पड़ता है, जहाँ से दृष्टि नाड़ियाँ इस ज्ञान को अग्र मस्तिष्क की अनुकपाल पालि (occipital lobe) को ले जाती हैं। रेटिना तंत्रिका तंत्र का ही भाग है। सबसे बाहर नेत्र में कॉर्निया (cornea) तथा उसपर एक कला रहती है। नेत्र के पास ही अक्षिगुहा में अश्रुग्रंथि एवं अश्रुथैली रहती है। नेत्र के पास ही अक्षिगुहा में अश्रुग्रंथि एवं अश्रुथैली रहती हैं। अश्रु अश्रुथैली में इकट्ठा रहता है।",hin,hin,"[394072.0, 93978.0, 7264.0, 187956.0, 93524.0, 5737652.0, 323248.0, 62652.0, 126666.0, 72640.0, 111684.0, 118948.0, 333236.0, 694620.0, 294192.0]"
"तांत्रिक दृष्टि से ज्ञान का प्रकाश इस अनुभव से आता है कि विपरीत लगने वाले दो सिद्धांत वास्तव में एक ही हैं; शून्यता (रिक्तता) और प्रज्ञा (ज्ञान) की निष्क्रिय अवधारणाओं के साथ सक्रिय करुणा तथा उपाय (साधन) भी संकल्पित होने चाहिये। इस मूल ध्रुवता और इसके संकल्प को अकसर काम-वासना के प्रतीकों के माध्यम से अभिव्यक्त किया जाता है। वज्रयान की ऐतिहासिक उत्पत्ति तो स्पष्ट नहीं है, केवल इतना ही पता चलता है कि यह बौद्धमत की बौद्धिक विचारधारा के विस्तार के साथ ही विकसित हुआ। यह छठी से ग्यारहवीं शताब्दी के बीच फला-फूला और भारत के पड़ोसी देशों पर इसका स्थायी प्रभाव पड़ा। वज्रयान की संपन्न दृश्य कला पवित्र ‘मंडल’ के रूप में अपने उत्कर्ष तक पहुँच गई थी, जो ब्रह्मांड का प्रतिनिधित्त्व करता है और साधना के माध्यम के रूप में प्रयुक्त होता है।",hin,hin,"[271347.0, 74745.0, 8607.0, 156738.0, 109626.0, 5190474.0, 270894.0, 98754.0, 139071.0, 59796.0, 98754.0, 8154.0, 279954.0, 678141.0, 243714.0]"
"मैक्स बोर्न (German: [bɔɐ̯n]; 11 दिसम्बर 1882 – 5 जनवरी 1970) जर्मन भौतिक विज्ञानी और गणितज्ञ थे जो क्वांटम यांत्रिकी के विकास में सहायक रहे। उन्होंने ठोस अवस्था भौतिकी और प्रकाशिकी के क्षेत्र में भी योगदान दिया और १९२० एवं १९३० के दशक में विभिन्न भौतिक विज्ञानियों को प्रशिक्षित किया। बोर्न को """"क्वांटम यांत्रिकी में मूलभूत शोध, मुख्यतः तरंग फलन के सांख्यिकीय अर्थरूपण"""" के लिए १९५४ में भौतिकी में नोबेल पुरस्कार से सम्मानित किया गया।",hin,hin,"[161816.0, 67348.0, 7684.0, 144188.0, 168144.0, 2711096.0, 172664.0, 64184.0, 84072.0, 28476.0, 60116.0, 9492.0, 209728.0, 411772.0, 157748.0]"
"बारडोली सत्याग्रह, भारतीय स्वाधीनता संग्राम के दौरान वर्ष 1928 में गुजरात में हुआ यह एक प्रमुख किसान आंदोलन था जिसका नेतृत्व वल्लभ भाई पटेल ने किया था। उस समय प्रांतीय सरकार ने किसानों के लगान में तीस प्रतिशत तक की वृद्धि कर दी थी। पटेल ने इस लगान वृद्धि का जमकर विरोध किया। सरकार ने इस सत्याग्रह आंदोलन को कुचलने के लिए कठोर कदम उठाए, पर अंतत: विवश होकर उसे किसानों की मांगों को मानना पड़ा। एक न्यायिक अधिकारी बूमफील्ड और एक राजस्व अधिकारी मैक्सवेल ने संपूर्ण मामलों की जांच कर 22 प्रतिशत लगान वृद्धि को गलत ठहराते हुए इसे घटाकर 6.03 प्रतिशत कर दिया।",hin,hin,"[210617.0, 50061.0, 8118.0, 215578.0, 113201.0, 4124846.0, 283679.0, 68101.0, 105534.0, 38335.0, 113652.0, 46904.0, 229108.0, 508277.0, 184008.0]"
"क्या यह दायित्व जवाहर लाल नेहरू जो देश के प्रधान मन्त्री थे, अथवा सरदार पटेल, जो गृह मन्त्री थे उनका नहीं था? आखिर 20 जनवरी 1948 को पाहवा द्वारा गान्धीजी की प्रार्थना-सभा में बम-विस्फोट के ठीक 10 दिन बाद उसी प्रार्थना सभा में उसी समूह के एक सदस्य नाथूराम गोडसे ने गान्धी के सीने में 3 गोलियाँ उतार कर उन्हें सदा सदा के लिये समाप्त कर दिया। हत्यारिन राजनीति शीर्षक से लिखित एक कविता में यह सवाल (""""साजिश का पहले-पहल शिकार सुभाष हुए, जिनको विमान-दुर्घटना में था मरवाया; फिर मत-विभेद के कारण गान्धी का शरीर, गोलियाँ दागकर किसने छलनी करवाया?"""") बहुत पहले इन्दिरा गान्धी की मृत्यु के पश्चात् सन् 1984 में ही उठाया गया था जो आज तक अनुत्तरित है।",hin,hin,"[184950.0, 62100.0, 4950.0, 175050.0, 122400.0, 5597100.0, 262350.0, 56250.0, 113850.0, 59400.0, 112050.0, 10350.0, 297900.0, 781200.0, 238500.0]"
"श्रीन्‍नाथ भार्गव,भारत के उत्तर प्रदेश की प्रथम विधानसभा सभा में विधायक रहे। 1952 उत्तर प्रदेश विधान सभा चुनाव में इन्होंने उत्तर प्रदेश के मथुरा जिले के 101 - मथुरा (उत्‍तर) विधान सभा निर्वाचन क्षेत्र से कांग्रेस की ओर से चुनाव में भाग लिया।",hin,hin,"[103270.0, 21103.0, 5388.0, 60166.0, 38165.0, 1738977.0, 71840.0, 22001.0, 27389.0, 15715.0, 29185.0, 25593.0, 127067.0, 215520.0, 80820.0]"
"मास्टरशेफ जीतने के बाद शिप्रा ने बतौर सेलेब्रिटी शेफ एक टेलीविज़न शो में काम किया। उनका अपना खुद का एक यौतुबे चैनल भी हैं """"शिप्रा की किचन"""" नाम से। उन्होंने हाल ही में अपनी किताब लिखी है जिसका नाम """"स्पाइस रूल्स"""" और """"सिंफुल्ली योर्स"""" जों कि देस्सेर्ट्स पर हैं। उन्हें ली कॉर्डन ब्लू पेरिस द्वारा भी सम्मानित किया गया है। शेफ खन्ना ने अपनी पुस्तक """"द स्पाइस ट्रेल"""" के लिए दुनिया भर में यात्रा की हैं। शिप्रा खन्ना ने पूरे संसार में बहुत से टीवी शोज किये हैं और उन्हें """"ग्लैमरस भारतीय शेफ"""" नाम से भी जाना जाता हैं।",hin,hin,"[208768.0, 63168.0, 5376.0, 135296.0, 78400.0, 3992128.0, 192192.0, 51072.0, 98560.0, 22400.0, 63616.0, 11648.0, 210560.0, 413504.0, 168448.0]"
"आंतरिक अनुभवों के बारे में वज्रयान ग्रंथों में अत्यंत प्रतीकात्मक भाषा प्रयोग की गई है। जिसका उद्देश्य इस पद्धति के साधकों को अपने भीतर ऐसे अनुभव प्राप्त करने में सहायता करना हैं, जो मनुष्य को उपलब्ध सर्वाधिक मूल्यवान अनुभूति समझे जाते हैं। इस प्रकार, वज्रयान गौतम बुद्ध के बोधिसत्त्व (ज्ञान का प्रकाश) प्राप्त करने के अनुभव को फिर से अनुभव करने की चेष्टा करता है।",hin,hin,"[112197.0, 29502.0, 8046.0, 78672.0, 50511.0, 2489343.0, 128736.0, 46935.0, 68391.0, 9834.0, 47382.0, 3129.0, 130077.0, 283398.0, 105939.0]"
"वेमना के जीवन काल को लेकर लोगों का अलग अलग ख़याल है। सी.पी। ब्राउन ने वेमना की जीवनी पर परिशोधन किया, वेमना की कविताओं के अनुसार इस का मानना है कि वेमना का जन्म 1652 में हवा। कई अन्य के अनुसार इनका जन्म १५वीं १६वीं और १७वीं शताब्दी है।",hin,hin,"[78496.0, 30328.0, 5352.0, 54858.0, 51736.0, 1967306.0, 89646.0, 24976.0, 37464.0, 16948.0, 50844.0, 4906.0, 90092.0, 198470.0, 80280.0]"
यह अविस्मरणीय रोमांस एक वास्तविक इतिहास पर आधारित है जो सिंध में रोड़ी सख्खर की स्थापना से प्रचलित हैं। जो इस कहानी के नायक हैं। रोड़ी की स्थापना के बाद धज रोड़ कुमार ने रोड़ राजवंश की स्थापना की जिसने ४५० ई॰पू॰ सिंध पर अगले हज़ार वर्षों तक शासन किया।,hin,hin,"[84105.0, 39605.0, 5340.0, 57405.0, 48060.0, 2055900.0, 94785.0, 26255.0, 35600.0, 10235.0, 40940.0, 2225.0, 109470.0, 232735.0, 96120.0]"
"विश्व साम्यवाद, जो अन्तरराष्ट्रीय साम्यवाद या वैश्विक साम्यवाद के रूप में भी जाना जाता हैं, साम्यवाद का एक प्रकार है, जिसमें अन्तरराष्ट्रीय विषय-क्षेत्र का समावेश है। विश्व साम्यवाद का दीर्घकालिक लक्ष्य एक विश्वव्यापक साम्यवादी समाज है जो राज्यहीन हो (बिना किसी राज्य के), जो या तो सम्प्रभु राज्यों के स्वयंसेवी संघ (एक वैश्विक सन्धि) के या एक विश्व सरकार (एक अकेला विश्वव्यापक राज्य) के, मध्यवर्ती लक्ष्य के द्वारा प्राप्त किया जा सकता हैं।",hin,hin,"[119880.0, 50172.0, 5328.0, 92796.0, 77256.0, 2632032.0, 142524.0, 58164.0, 91020.0, 13764.0, 68376.0, 5328.0, 162948.0, 354312.0, 146964.0]"
पहला फ्रायड का मनोविश्लेषणात्मक सिद्धान्त है। इस सिद्धान्त से मूल प्रवृत्तियों एवं द्वंद्वों के आधार पर मानव प्रकृति की व्याख्या की जाती है।,hin,hin,"[54932.0, 15505.0, 4873.0, 29681.0, 19492.0, 924984.0, 41199.0, 15062.0, 27023.0, 2215.0, 21707.0, 1772.0, 49173.0, 109421.0, 31896.0]"
पेशियों का निर्माण कई पेशी तंतुओं के मिलने से होता है। ये पेशीतंतु पेशीऊतक से बनते हैं। पेशियाँ रचना एवं कार्य के अनुसार तीन प्रकार की होती हैं :,hin,hin,"[48620.0, 15912.0, 5746.0, 32708.0, 18122.0, 1070524.0, 49946.0, 12376.0, 24752.0, 13702.0, 26520.0, 442.0, 54366.0, 130832.0, 50388.0]"
"फटी हुई एड़ियां पैरों की एक सामान्य समस्या है, जिसे बिवाई भी कहा जाता है। एड़ियों का फटना आमतौर पर सूखी त्वचा (जेरोसिस) के कारण होता है। जब एड़ी के चारों ओर की त्वचा मोटी हो जाती है (कैलस), तो समस्या अधिक गंभीर हो जाती है।",hin,hin,"[60417.0, 35721.0, 4851.0, 47187.0, 41895.0, 1553643.0, 78498.0, 17199.0, 44982.0, 15876.0, 68355.0, 3087.0, 86436.0, 206388.0, 88200.0]"
"हिन्दी लेखक मालती जोशी का जन्म ४ जून १९३४ को औरंगाबाद में हुआ था। आपने आगरा विश्वविद्यालय से वर्ष १९५६ में हिन्दी विषय से एम.ए. की शिक्षा ग्रहण की। अब तक अनगिनत कहानियां, बाल कथायें व उपन्यास प्रकाशित कर चुकी हैं। इनमें से अनेक रचनाओं का विभिन्न भारतीय व विदेशी भाषाओं में अनुवाद भी किया जा चुका है। कई कहानियों का रंगमंचन रेडियो व दूर दर्शन पर नाट्य रूपान्तर भी प्रस्तुत किया जा चुका है। कुछ पर जया बच्चन द्वारा दूरदर्शन धारावाहिक सात फेरे का निर्माण किया गया है तथा कुछ कहानियां गुलज़ार के दूरदर्शन धारावाहिक किरदार में तथा भावना धारावाहिक में शामिल की जा चुकी हैं। इन्हें हिन्दी व मराठी की विभिन्न व साहित्यिक संस्थाओं द्वारा सम्मानित व पुरस्कृत किया जा चुका है। मध्य प्रदेश हिन्दी साहित्य सम्मेलन द्वारा वर्ष १९९८ के भवभूति अलंकरण सम्मान से विभूषित किया जा चुका है। मालती जोशी जी कि कहानियां मन को छूने वाली होती हैं। अपनी कहानियों के बारे में, वे कहती हैं,",hin,hin,"[359040.0, 100760.0, 5720.0, 206800.0, 128040.0, 6474160.0, 267080.0, 77000.0, 133760.0, 58080.0, 117040.0, 11440.0, 319880.0, 758560.0, 282480.0]"
"लेकिन one संज्ञा वाक्यांश के बड़े उप-भागों के लिए भी मौजूद हो सकता है। उदाहरण के लिए, निम्नलिखित उदाहरण में, new car के लिए one मौजूद हो सकता है।",hin,hin,"[70240.0, 15804.0, 7024.0, 27657.0, 25023.0, 857806.0, 54875.0, 10975.0, 33803.0, 4390.0, 18877.0, 2634.0, 49607.0, 113701.0, 47412.0]"
"उपरोक्त अन्तर के आधार पर २९९५ ईसा पूर्व के अनुसार विक्रमी संवत, सप्तर्षि संवत, कलियुग संवत और प्राचीन सप्तर्षि आदि में वर्ष आदि निकाले जा सकते है।",hin,hin,"[60882.0, 14892.0, 7008.0, 31536.0, 19710.0, 1114710.0, 50808.0, 17958.0, 25842.0, 4380.0, 17520.0, 438.0, 68766.0, 135780.0, 46866.0]"
प्लास्टिक रीसाइक्लिंग की दरें अन्य वस्तुओं जैसे समाचार पत्र (लगभग 80%) और नालीदार फाइबर बोर्ड (लगभग 70%) की तुलना में बहुत कम है। 2005 में सभी प्लास्टिक की बोतलों की रीसाइक्लिंग दर 24% थी।,hin,hin,"[86089.0, 33212.0, 6992.0, 47196.0, 51566.0, 1319740.0, 66861.0, 25346.0, 43700.0, 5244.0, 29716.0, 2622.0, 100510.0, 212819.0, 65550.0]"
"बुद्ध के महापरिनिर्वाण के १०० वर्ष बाद वज्जिपुत्तक भिक्षुओं ने संघ के अनुशासन का उल्लंघन किया और 'महासंघिक' नामक संप्रदाय की स्थापना की जिसमें पाँच और शाखाओं का उद्भव बाद में हुआ। पहले जिस बौद्ध धर्म को प्रथम संगीति में एक निश्चित रूप प्राप्त हुआ था, उसमें अशोक के समय तक आते-आते ११ संप्रदाय और उदित हो गए थे। इस प्रकार सब मिलाकर, ऐसा माना जाता है कि ई.पू. तीसरी शताब्दी तक बौद्ध धर्म में कुल १८ संप्रदाय प्रचार में आ चुके थे। इतने वैभिन्य और विवाद को देखकर मूल बौद्ध धर्म की स्थापना के लिए अशोक ने बुद्ध के महापरिनिर्वाण के २३६ वर्ष बाद २५३ अथवा २४६ ई.पू. में पाटलिपुत्र में बौद्ध भिक्षुओं की एक सभा बुलाई, जिसके सभापति स्थविर मोग्गलिपुत्त तिस्स ने १८ निकायों में से केवल थेरवाद या स्थविरवाद को मूल बौद्ध धर्म मानकर शेष १७ निकायों के दार्शनिक सिद्धांतों का निराकरण किया और उसे कथावत्थुप्पकरण नामक ग्रंथ में प्रस्तुत किया। यह ग्रंथ उसी समय से अभिधम्मपिटक का अंग माना जाने लगा।",hin,hin,"[272936.0, 77172.0, 2616.0, 206664.0, 145188.0, 6548284.0, 340080.0, 109872.0, 137340.0, 55808.0, 119028.0, 6104.0, 360136.0, 761692.0, 302148.0]"
"द्रुत और उथले श्वसन के कारण उत्पन्न रक्त ऑक्सीक्षीणता में ऑक्सीजन प्रयोग से राहत मिलती है, क्योंकि उससे अंशत: संवातित (ventilated) एल्वियोली का ऑक्सीजन तनाव बढ़ जाता है। उथला श्वसन कुछ काल तक बना रह सकता है, क्योंकि वह मुख्यत: तंत्रिका के सिरों पर कार्य करनेवाले फेफड़े के अंदर की स्थानीय क्रियाओं के कारण होता है न कि रक्तऑक्सीक्षीणता के कारण। उथला श्वसन चूँकि ऑक्सीजन की कमी से और भी गंभीर रूप लेता है, अत: इसमें ऑक्सीजन उपचार लाभप्रद सिद्ध होता है। अत: संक्षेप में, रक्त ऑक्सीक्षीणता वह दशा है जिसमें रुधिर में स्थित ऑक्सीजन का आंशिक दबाव अवनमित हो जाता है।",hin,hin,"[208800.0, 57855.0, 5655.0, 134415.0, 75690.0, 4016355.0, 210540.0, 54810.0, 129630.0, 35670.0, 67425.0, 38280.0, 225765.0, 451965.0, 190530.0]"
"प्राकृतिक भाषा की अभिव्यक्तियों में विभिन्न स्तरों पर विशेषताएं होती हैं। इनमें औपचारिक विशेषताएं होती हैं, जैसे कि वे किस प्रकार के रूपात्मक उपसर्ग या प्रत्यय लेते हैं और किस अन्य प्रकार की अभिव्यक्तियों के साथ संयोजित होती हैं; लेकिन इनके साथ अर्थगत विशेषताएं भी जुड़ी हैं, यानी उनके अर्थ से संबंधित गुण. इस लेख के शुरूआत में इस प्रकार noun की परिभाषा एक औपचारिक पारंपरिक व्याकरणमूलक परिभाषा है। वह परिभाषा, अधिकांशतः, अविवादास्पद मानी जाती है और कतिपय भाषाओं के उपयोगकर्ताओं के लिए अनेक संज्ञाओं को ग़ैर संज्ञाओं से प्रभावी रूप से अंतर समझने का साधन प्रस्तुत करती है। तथापि, इसकी एक असुविधा है कि यह सभी भाषाओं की संज्ञाओं पर लागू नहीं होता है। उदाहरण के लिए, रूसी में कोई निश्चयवाचक उपपद मौजूद नहीं हैं, अतः संज्ञाओं को ऐसे शब्दों के रूप में परिभाषित नहीं किया जा सकता है जो निश्चयवाचक उपपदों द्वारा संशोधित होते हैं। संज्ञाओं को उनके अर्थगत विशेषताओं के आधार पर परिभाषित करने के भी कई प्रयास हुए हैं। इनमें कई विवादास्पद हैं, लेकिन कुछ की नीचे चर्चा की जा रही है।",hin,hin,"[261268.0, 101990.0, 7812.0, 200942.0, 155372.0, 5843376.0, 312914.0, 149296.0, 227850.0, 53816.0, 164052.0, 8246.0, 338520.0, 762104.0, 289044.0]"
"नाना प्रकार के ऊतक (tissue) मिलकर शरीर के विभिन्न अंगों (organs) का निर्माण करते हैं। इसी प्रकार, एक प्रकार के कार्य करनेवाले विभिन्न अंग मिलकर एक अंग तंत्र (organ system) का निर्माण करते हैं। कई अंग तंत्र मिलकर जीव (जैसे, मानव शरीर) की रचना करते हैं।",hin,hin,"[57156.0, 29011.0, 6495.0, 47197.0, 33774.0, 1506840.0, 76641.0, 17320.0, 37238.0, 25547.0, 42001.0, 3031.0, 90497.0, 174499.0, 65383.0]"
"जॉर्ज घेवर्गीज जोसेफ - मोर का मुकुट : गणित के अयूरोपीय मूल , अनन्त की यात्रा : भारतीय केरल का मध्ययुगीन गणित तथा इसका प्रभाव (A Passage to Infinity : Medieval Indian Mathematics from Kerala and Its Impact)",hin,hin,"[75168.0, 27216.0, 10368.0, 34128.0, 22896.0, 908064.0, 60480.0, 17280.0, 26784.0, 1728.0, 24624.0, 4320.0, 75168.0, 115344.0, 57456.0]"
"इसी तरह, कृषि प्लास्टिक उत्पादों जैसे मल्च फिल्म, ड्रिप टेप और साइलेज बैग को कचरे के स्त्रोतों से निकला जा रहा है और औद्योगिक अनुप्रयोग उत्पादों, जैसे प्लास्टिक कोम्पोज़िट रेलरोड टाई को बनाने के लिए सफलतापूर्वक रीसाइकिल किया जा रहा है. ऐतिहासिक रूप से, इन कृषि प्लास्टिक उत्पादों को पूर्व में ज़मीन में दबा दिया जाता था या किसी व्यक्ति विशेष के खेत में वहीं जला दिया जाता था।",hin,hin,"[122835.0, 44824.0, 5603.0, 91372.0, 60771.0, 2384723.0, 120680.0, 50858.0, 65081.0, 31463.0, 70253.0, 4310.0, 152143.0, 282736.0, 115077.0]"
"बैक्टीरिया जनित मस्तिष्क ज्वर के लिये कारकों के स्थानीय वितरण में महत्वपूर्ण अंतर देखे होते हैं। उदाहरण के लिये, जबकि यूरोप में रोग के लिये अधिकतर “एन. मस्तिष्क ज्वर” ग्रुप बी व सी जिम्मेदार होता है तो एशिया व अफ्रीका में ग्रुप ए जिम्मेदार होता है, जहां पर यह मस्तिष्क ज्वर पट्टी में मुख्य महामारियों का कारक है जो कि समस्त दस्तावेजित मेनिन्गोकॉकल मस्तिष्क ज्वर मामलों का लगभग 80 से 85% होता है।",hin,hin,"[156950.0, 57620.0, 6020.0, 91590.0, 43860.0, 2709430.0, 147490.0, 37410.0, 70950.0, 15480.0, 50740.0, 2580.0, 172860.0, 312180.0, 112230.0]"
"आजकल गिरजाघर ईसाई धर्म से संबंधित वस्तुओं के साथ एक संग्रहालय भी दिखाता है। प्रदर्शन पर कई लकड़ी की चीज़ें, चौदहवें सदी में बनी मूर्तियाँ हैं। कई चित्र, किताबें और अन्य वस्तुएँ को भी रखा गया है। संग्रहालय में मुख्य रूप से कैमिनो दे सैंटियागो जा रहे तीर्थयात्रियों की सुविधा के लिए सामान मौजूद है जो सामने के रास्ते वाले दरवाज़े से होकर गुज़रते हैं।",hin,hin,"[112398.0, 42471.0, 5148.0, 83226.0, 44187.0, 2683824.0, 122265.0, 34320.0, 69069.0, 21879.0, 84084.0, 9438.0, 128271.0, 336336.0, 136422.0]"
"महावैज्ञानिक रिचर्ड फेनमैन ने स्वयं कहा था कि कोई व्यक्ति """"क्वांटम यांत्रिकी"""" को पूरी तरह नहीं समझ सकता। लेकिन यह विचित्र प्रभाव के कई उपयोग पाए गए है, जैसे यूरोपीय रॉबिन के प्रवास में यह मदद करता है, यह कंप्यूटिंग के क्षेत्र में भी क्रांतिकारी बदलाव ला सकता है जो बड़े से बड़े परिगणनाओं को सेकंड्स में कर सकता है तथा नए प्रमाणों से पाया गया है कि पौधें प्रमात्रा उलझाव का उपयोग कर अपनी ऊर्जा प्राप्त करते है। यह धारणा कि नाजूक क्वांटम घटनाऐं एक जीवित कोशिका की गर्म गंदा जटिल वातावरण के अंदर बनाए रखा जा सकता है कोई चमत्कारी से कम नहीं है।",hin,hin,"[131396.0, 59064.0, 5992.0, 122408.0, 83888.0, 3385908.0, 181044.0, 61632.0, 101008.0, 34240.0, 105716.0, 6420.0, 207580.0, 399324.0, 154508.0]"
"उपरोक्त अन्तर के आधार पर ४३२ ईसा पूर्व के अनुसार विक्रमी संवत, सप्तर्षि संवत, कलियुग संवत और प्राचीन सप्तर्षि आदि में वर्ष आदि निकाले जा सकते है।",hin,hin,"[56364.0, 14091.0, 7686.0, 29890.0, 18788.0, 1068354.0, 49105.0, 16653.0, 24766.0, 4270.0, 18361.0, 427.0, 66185.0, 128527.0, 46116.0]"
"प्रारंभ में अरेबिया लोकप्रिय था। हालांकि, आरम्भ में इस किस्म को कॉफ़ी रस्ट के कारण काफी नुकसान हुआ, कॉफ़ी की एक वैकल्पिक किस्म पैदा हुई, जिसे रोबस्टा कहा जाने लगा. लिबेरिका और अरेबिका के बीच की एल संकर, अरेबिका की रस्ट सहिष्णु किस्म लोकप्रिय हो गयी। यह कॉफ़ी की सबसे आम किस्म है, जिसे देश में उगाया जाता है। अकेले कर्नाटक में इस किस्म का 70 प्रतिशत हिस्सा उगाया जाता है।",hin,hin,"[159324.0, 51972.0, 5538.0, 83496.0, 54102.0, 2605842.0, 135042.0, 40044.0, 70716.0, 26412.0, 77532.0, 1704.0, 144414.0, 313962.0, 129930.0]"
श्री मंशापूरण करणी माता का मन्दिर एक भारतीय हिन्दू देवी का मन्दिर है जो राजस्थान राज्य के उदयपुर में स्थित है। यह उदयपुर ज़िले की मचला मगरा नामक पहाड़ी पर स्थित है साथ ही उदयपुर दूध तलाई झील में इस मन्दिर के निकट ही है। मन्दिर में करणी माता की पत्थर की मूर्ती स्थापित है यह मन्दिर उदयपुर शहर की बहुत शोभा बढ़ाता है। इस मन्दिर के आसपास या मन्दिर तक कोई वाहन नहीं पहुँच पाता है इस कारण मन्दिर के आसपास की जगह एकदम शुद्ध है कोई प्रदूषण नहीं है अर्थात प्रदूषण मुक्त है।,hin,hin,"[157675.0, 48875.0, 4675.0, 90950.0, 67575.0, 3592525.0, 152575.0, 36550.0, 65875.0, 22525.0, 68000.0, 8925.0, 190400.0, 377825.0, 144500.0]"
"दिक्-काल में बदलाव हर वस्तु और हर रफ़्तार पैदा करती है लेकिन बड़ी वस्तुएं और प्रकाश के समीप की रफ्तारें अधिक बदलाव पैदा करती हैं। मनुष्यों का आकार इतना छोटा और उसकी रफ़्तार इतनी धीमी है कि उन्हें सापेक्षता सिद्धांत के असर अपने जीवन में नज़र ही नहीं आते, लेकिन जब वह ब्रह्माण्ड में और चीज़ों का ग़ौर से अध्ययन करते हैं तो सापेक्षता के चिन्ह कई जगहों पर पाते हैं। जब वस्तु का वेग प्रकाश के वेग का ५% भी हो जाए, तो सापेक्षता के सिद्धान्त के चिन्ह हमे दिखाई देने लगते है।",hin,hin,"[125080.0, 42824.0, 6784.0, 99640.0, 75896.0, 3450088.0, 158152.0, 57240.0, 89464.0, 58512.0, 85648.0, 3816.0, 141192.0, 384992.0, 149672.0]"
2014 शीतकालीन ओलंपिक में बैथलॉन रूस के क्रस्नाया पोलानाना के पास लौरा बायथलॉन और स्की कॉम्प्लेक्स में आयोजित किया गया था। ग्यारह घटनाओं 8-22 फरवरी 2014 के बीच हुईं।,hin,hin,"[57105.0, 32148.0, 7614.0, 46107.0, 44838.0, 1090494.0, 71487.0, 16920.0, 32571.0, 20727.0, 42723.0, 846.0, 90945.0, 139167.0, 54144.0]"
"मंदिर के अंदर विष्णुजी व लक्ष्मीजी की प्रतिमाओं के अलावा एक ओर शिव तथा दूसरी ओर माँ जगदम्बा की प्रतिमा विराजमान हैं। मंदिर परिसर में हनुमानजी एवं शिवलिंग स्थापित हैं। वहीं मंदिर के मुख्य प्रवेश द्वार के सामने बना विशाल शंख भी दर्शनीय है। मंदिर की स्थापना के समय पूर्व मुख्यमंत्री कैलाश नाथ ने बिड़ला परिवार को शहर में उद्योग स्थापित करने के लिए जमीन देने के साथ ही यह शर्त भी रखी थी कि वह इस दुर्गम पहाड़ी क्षेत्र में एक भव्य तथा विशाल मंदिर का निर्माण करवाएँ। मंदिर के उद्‍घाटन के समय यहाँ विशाल विष्णु महायज्ञ भी आयोजित किया गया था, जिसमें अनेक विद्वानों व धर्म शास्त्रियों ने भाग लिया था। आज भी यह मंदिर जन आस्था का मुख्य केन्द्र बिन्दु है। जन्माष्टमी पर यहाँ श्रीकृष्ण जन्म का मुख्य आयोजन होता है, जिसमें बड़ी संख्या में श्रद्धालु शामिल होकर विष्णु की आराधना करते है।",hin,hin,"[232100.0, 65410.0, 5908.0, 160360.0, 127866.0, 5354336.0, 224082.0, 72162.0, 108876.0, 30384.0, 129132.0, 17302.0, 278520.0, 571810.0, 255310.0]"
२९९५ ईसा पूर्व ईसा मसीह के जन्म से पूर्व के वर्षों को दर्शाता है। ईसा के जन्म को अधार मानकर उसके जन्म से २९९५ ईसा पूर्व या वर्ष पूर्व के वर्ष को इस प्रकार प्रदर्शित किया जाता है। यह जूलियन कलेण्डर पर अधारित एक सामूहिक वर्ष माना जाता है। अधिकांश विश्व में इसी पद्धति के आधार पर पुराने वर्षों की गणना की जाती है। भारत में इसके अलावा कई पंचाग प्रसिद्ध है जैसे विक्रम संवत जो ईसा के जन्म से ५७ या ५८ वर्ष पूर्व शुरु होती है। इसके अलावा शक संवत भी प्रसिद्ध है। शक संवत भारत का प्राचीन संवत है जो ईसा के जन्म के ७८ वर्ष बाद से आरम्भ होता है। शक संवत भारत का राष्ट्रीय कैलेंडर है।,hin,hin,"[301015.0, 47152.0, 6315.0, 111986.0, 78306.0, 3936771.0, 191134.0, 64413.0, 98935.0, 19366.0, 66518.0, 65255.0, 185240.0, 398266.0, 166295.0]"
"फ़्रेंचाइज़, फ़्रेंचाइज़र को माल के संवितरण के लिए 'चेन स्टोर' बनाने और श्रृंखला पर होने वाले निवेश और देयता से बचने का विकल्प प्रदान करता है। फ़्रेंचाइज़ी की सफलता में फ़्रेंचाइज़र की सफलता है।",hin,hin,"[58380.0, 24780.0, 3780.0, 62160.0, 26880.0, 1236480.0, 76440.0, 23100.0, 47880.0, 16800.0, 44100.0, 2100.0, 85260.0, 143220.0, 61740.0]"
देवघाट नेपाल के गण्डकी अञ्चल के तनहुँ जिले में स्थित एक ग्राम विकास समिति है। नेपाल की सन् २००१ की जनगणना के अनुसार देवघाट की जनसंख्या ७६२० है।,hin,hin,"[67459.0, 19274.0, 3771.0, 33939.0, 36872.0, 1062584.0, 52375.0, 19274.0, 23883.0, 3352.0, 16760.0, 9637.0, 81705.0, 202377.0, 48604.0]"
"मुद्रण गुणवत्ता और प्रौद्योगिकी, लेआउट और डिजाइन के लिए मानदंड निर्धारित किया है जो बड़े, य्म य्म य्न य्ल् सपने देखने में विश्वास करने वाले सक्षम प्रशासक के द्वारा चार दशकों से प्रेरित होकर, आज यह पाला और में एक आकर्षक जगह पर अग्रसर है, जो महान दूरदर्शी द्वारा सनदी पथ में जारी अपनी विकास, इस देश में क्षेत्रीय मीडिया नेटवर्क उदयवाणी (कन्नड़ में """"सुबह की आवाज़"""") है एक मणिपाल, बेंगलुरू, मुंबई, हुब्बलि और गुलबर्ग से संस्करणों के साथ कन्नड़ डेली न्यूज पेपर अग्रणी।",hin,hin,"[153406.0, 53504.0, 6270.0, 108680.0, 59356.0, 3049728.0, 173052.0, 40128.0, 63118.0, 26752.0, 58520.0, 4598.0, 193534.0, 397936.0, 145464.0]"
"अलाप्पुझा रेलवे स्टेशन (एलेप्पी रेलवे स्टेशन के नाम से भी जाना जाता है, कोड: एएलपी), भारत के केरल राज्य अलाप्पुझा जिले में स्थित है। यह स्टेशन एरनाकुलम-कायाकमुलम तटीय रेलवे लाइन का एक प्रमुख रेलवे स्टेशन है। यह स्टेशन भारतीय रेल के दक्षिणी रेलवे द्वारा संचालित है और तिरुवनंतपुरम रेलवे डिवीजन के अंतर्गत आता है। समुद्र तल से इसकी ऊँचाई ८ मीटर हैं। इस स्टेशन से कोचीन इंटरनेशनल नेडुंबैस्री हवाई अड्डा 79 किमी की दूरी एवं तिरुवनंतपुरम अंतरराष्ट्रीय हवाई अड्डा (12 9.2 किमी / 80.28 मील) पर स्थित हैं।",hin,hin,"[245613.0, 77979.0, 4170.0, 125517.0, 105084.0, 3282624.0, 161796.0, 49206.0, 98412.0, 29190.0, 80898.0, 70890.0, 272718.0, 454530.0, 186399.0]"
"क्रान्तिकारियों द्वारा चलाये जा रहे स्वतन्त्रता-आन्दोलन को गति देने के लिये धन की तत्काल व्यवस्था को देखते हुए शाहजहाँपुर में दल के सामरिक विभाग के प्रमुख पण्डित राम प्रसाद 'बिस्मिल' के निवास पर हुई बैठक में राजेन्द्रनाथ लाहिड़ी भी सम्मिलित हुए जिसमें सभी क्रान्तिकारियों ने एकमत से अंग्रेजी सरकार का खजाना लूटने की योजना को अन्तिम रूप दिया था। इस योजना में लाहिड़ी का अहम किरदार था क्योंकि उन्होंने ही अशफाक उल्ला खाँ के ट्रेन न लूटने के प्रस्ताव को सिरे से खारिज कर दिया था, जिसके परिणामस्वरूप अशफाक ने अपना प्रस्ताव वापस ले लिया था।",hin,hin,"[142688.0, 57824.0, 4992.0, 114400.0, 76960.0, 3571360.0, 160992.0, 70304.0, 79872.0, 16640.0, 76960.0, 51584.0, 190944.0, 413920.0, 160160.0]"
"यह मुख्य रूप से कर्नाटक, आंध्र प्रदेश और तमिलनाडु में, साथ ही साथ केरल के कुछ भागों में पहना दक्षिण भारतीय पोशाक का एक प्रकार है। इस पोशाक एक पीस जहां लन्गा या लेहंगा शंकु के आकार का लंबे समय बह स्कर्ट है परिधान है।",hin,hin,"[82170.0, 25730.0, 4565.0, 43575.0, 44820.0, 1396060.0, 70550.0, 21995.0, 27805.0, 13280.0, 29050.0, 1660.0, 92545.0, 181355.0, 68060.0]"
"दिक् संस्कृत का शब्द है जिसका अर्थ है इर्द-गिर्द की जगह। इसे अंग्रेजी में """"स्पेस"""" कहते हैं। मनुष्य दिक् के तीन पहलुओं (आयामों या डिमॅनशनों) को भाप सकने की क्षमता रखते हैं- ऊपर-नीचे, आगे-पीछे और दाएँ-बाएँ। आम जीवन में मनुष्य दिक् में कोई बदलाव नहीं देखते। न्यूटन की भौतिकी कहती थी कि अगर अंतरिक्ष में दो वस्तुएँ एक-दूसरे से एक किलोमीटर दूर हैं और उन दोनों में से कोई भी न हिले, तो वे एक-दूसरे से एक किलोमीटर दूर ही रहेंगी। हमारा रोज़ का साधारण जीवन भी हमें यही दिखलाता है। लेकिन आइनस्टाइन ने कहा कि ऐसा नहीं है। दिक् खिच और सिकुड़ सकता है। ऐसा भी संभव है कि जो दो वस्तुएँ एक-दूसरे से एक किलोमीटर दूर हैं वे स्वयं न हिलें, लेकिन उनके बीच का दिक् कुछ परिस्थितियों के कारण फैल कर सवा किलोमीटर हो जाए या सिकुड़ के पौना किलोमीटर हो जाए।",hin,hin,"[229356.0, 72036.0, 5796.0, 163944.0, 118818.0, 5463144.0, 256266.0, 83628.0, 141588.0, 65826.0, 136620.0, 8280.0, 284004.0, 642114.0, 243846.0]"
१०८ ईसा पूर्व ईसा मसीह के जन्म से पूर्व के वर्षों को दर्शाता है। ईसा के जन्म को अधार मानकर उसके जन्म से १०८ ईसा पूर्व या वर्ष पूर्व के वर्ष को इस प्रकार प्रदर्शित किया जाता है। यह जूलियन कलेण्डर पर अधारित एक सामूहिक वर्ष माना जाता है। अधिकांश विश्व में इसी पद्धति के आधार पर पुराने वर्षों की गणना की जाती है। भारत में इसके अलावा कई पंचाग प्रसिद्ध है जैसे विक्रम संवत जो ईसा के जन्म से ५७ या ५८ वर्ष पूर्व शुरु होती है। इसके अलावा शक संवत भी प्रसिद्ध है। शक संवत भारत का प्राचीन संवत है जो ईसा के जन्म के ७८ वर्ष बाद से आरम्भ होता है। शक संवत भारत का राष्ट्रीय कैलेंडर है।,hin,hin,"[267211.0, 47495.0, 6608.0, 106141.0, 77231.0, 3831814.0, 181720.0, 64015.0, 98294.0, 16520.0, 65667.0, 66493.0, 183785.0, 389046.0, 162309.0]"
"फ़्रेंचाइज़र (या इसकी अनुषंगी) ने चीन में (संशोधित कर कहीं भी) कंपनी के स्वामित्व वाली कम से कम दो फ़्रेंचाइज़ का 12 महीने से अधिक अवधि के लिए संचालन किया हो (""""दो दुकान, एक वर्ष"""" वाला नियम)",hin,hin,"[52324.0, 19776.0, 2884.0, 55208.0, 27604.0, 1309748.0, 70864.0, 21012.0, 46968.0, 11536.0, 33784.0, 1648.0, 85284.0, 143376.0, 71276.0]"
संहिता के मुताबिक फ़्रेंचाइज़र द्वारा प्रकटीकरण दस्तावेज़ प्रस्तुत किया जाना है जो फ़्रेंचाइज़ करार करने के कम से कम 14 दिन पहले भावी फ़्रेंचाइज़ी को दिया जाना चाहिए.,hin,hin,"[47265.0, 26715.0, 4932.0, 54252.0, 23838.0, 1079286.0, 55896.0, 12741.0, 30414.0, 4521.0, 30003.0, 2466.0, 66171.0, 108504.0, 52197.0]"
(क) जब मनुष्य ऊपर की ओर उड़ता है तब ऑक्सीजन का दबाव क्रमश: कम होता जाता है और ऊँचाई की ऐसी स्थिति आ सकती है जब वह समुचित मात्रा में ऑक्सीजन न प्राप्त कर सके। इसलिए अतिरिक्त ऑक्सीजन की पूर्ति के लिए ऑक्सीजन के पात्र साथ ले जाए जाते हैं।,hin,hin,"[53300.0, 14760.0, 2870.0, 53710.0, 39770.0, 1637130.0, 69290.0, 17630.0, 49200.0, 15580.0, 47560.0, 2870.0, 86100.0, 156620.0, 76260.0]"
"डोपिंग प्रक्रिया के द्वारा निपात वोल्टेज काफी सही रूप में नियंत्रित किया जा सकता हैं। जबकि क्षमता 0.05% के भीतर उपलब्ध है, सबसे अधिक व्यापक रूप से इस्तेमाल की जाने वाली क्षमता 5% और 10% है।",hin,hin,"[51125.0, 22086.0, 9816.0, 35583.0, 26994.0, 1158288.0, 61350.0, 19632.0, 39264.0, 6544.0, 19632.0, 1227.0, 55215.0, 149285.0, 53579.0]"
"और अन्त में बचे पाँच अभियुक्तों में से तीन - गोपाल गोडसे, मदनलाल पाहवा और विष्णु रामकृष्ण करकरे को आजीवन कारावास हुआ तथा दो- नाथूराम गोडसे व नारायण आप्टे को फाँसी दे दी गयी।",hin,hin,"[70992.0, 23664.0, 4896.0, 39168.0, 33048.0, 1291728.0, 58752.0, 13872.0, 24480.0, 3264.0, 18360.0, 2040.0, 86496.0, 141576.0, 55488.0]"
"सामग्री सिल्क या किसी भी अन्य सूटिंग सामग्री हो सकता है। सामान्य रूप से, सामग्री कॉलर और कढ़ाई के साथ बटन पर लाइन में खड़ा है। यह सादा, जचक़ुअर्द या जमेवरि सामग्री हो सकता है। सामान्य रूप से, पतलून कोट से मेल खाते। वहाँ भी है एक प्रवृत्ति अब खाल का रंग से मेल करने के लिए परस्पर विरोधी पतलून पहनने के लिए। बनधगल जल्दी से एक लोकप्रिय औपचारिक और अर्ध-औपचारिक वर्दी राजस्थान भर में और अंततः भारत भर में बन गया।",hin,hin,"[85877.0, 36630.0, 6105.0, 88726.0, 69190.0, 2703294.0, 144485.0, 36630.0, 56166.0, 14245.0, 76516.0, 4884.0, 146927.0, 300773.0, 152218.0]"
"रीसाइक्लिंग के लिए एक और बाधा प्लास्टिक में रंगों, भराव पदार्थों (फिलर) और अन्य रसायनों का बढ़ता उपयोग है। पॉलीमर के चिपचिपे होने के कारण आमतौर पर कम खर्च में फिलर हटाना मुश्किल है और वे उन कई प्रक्रियाओं से क्षतिग्रस्त हो जायेंगे जो आसानी से अतिरिक्त रंग हटा सकती हैं। शीतल पेय के डिब्बों और प्लास्टिक की थैलियों में रसायनों के कम इस्तेमाल के कारण अक्सर इनका प्रयोग रीसाइक्लिंग के लिए अधिक किया जाता है।",hin,hin,"[114086.0, 38164.0, 8120.0, 89726.0, 56840.0, 2480660.0, 131544.0, 45878.0, 69832.0, 19082.0, 65366.0, 2436.0, 156716.0, 305312.0, 137634.0]"
"भारत में उगाई जाने वाली साडी कॉफ़ी छाया में उगाई जाती है, आमतौर पर इसे छाया के दो स्तरों में उगाया जाता है। अक्सर इसके साथ बीच बीच में इलायची, दालचीनी, लौंग और जायफल उगाया जाता है, इससे कॉफ़ी के भडारण, हेंडलिंग में काफी लाभ मिलता है। अरेबिका (प्रीमियर कॉफ़ी) के विकास के लिए उंचाई समुद्र तल के ऊपर 1,000 मी॰ (3,300 फीट) और 1,500 मी॰ (4,900 फीट) के बीच है तथा रोबस्टा (हालांकि इसकी गुणवत्ता कुछ कम होती है, यह पर्यावरणी परिस्थितियों के लिए रोबस्ट होती है) के लिए 500 मी॰ (1,600 फीट) और 1,000 मी॰ (3,300 फीट) के बीच है।",hin,hin,"[204120.0, 58320.0, 9315.0, 147015.0, 87075.0, 3666465.0, 241380.0, 62775.0, 95580.0, 51840.0, 103680.0, 5265.0, 208170.0, 419175.0, 189135.0]"
"यह यूरोपीय रॉबिन पक्षी बड़े ही अनोखे तरिके से अपने मंज़िल के दिशा पता लगा लेते है। रॉबिन की एवियन चुंबकीय कंपास बड़े पैमाने पर शोध और दृष्टि आधारित मग्नेटोरेसेप्शन का उपयोग करता है, जिसमें पृथ्वी के चुंबकीय क्षेत्र से दिशा का बोध कराने के लिए रॉबिन चिड़िया की क्षमता, आखों में प्रवेश प्रकाश से प्रभावित होता है। रॉबिन के चुंबकीय भावना शारीरिक तंत्र की पूरी तरह समझ नहीं है, लेकिन इलेक्ट्रॉन स्पिन के प्रमात्रा उलझन शामिल है। रॉबिन पक्षी के आखों के दृष्टिपटल में """"क्रीपटोक्रोम"""" नामक प्रोटीन अणुऐं पाए जाते है जो प्रकाश से सक्रिय होते है। यह प्रमात्रा उलझाव पैदा करता है। जब रोशनी रोबिन पक्षी के दृष्टिपटल में गिरता है तो प्रकाश प्रोटीन अणु में प्रस्तुत परमाणु कण के इलेक्ट्रॉनों की जोड़ी में से एक को बाहर दस्तक कर देता है। लेकिन यह किसी तरह एक अनोखे तंत्र के सहारे, अपनी जोड़ी से जुड़ा लगा रहता है। और वह तंत्र है-प्रमात्रा उलझन। क्योंकि यह दोनों कुछ दूरी से अलग होते है, इस प्रकार पृथ्वी के चुंबकीय क्षेत्र उन्हें प्रभावित करता है, जो रासायनिक समन्वय को प्रभावित कर मस्तिष्क में पहुंचने वाले संकेतों में फेरबदल करता है। इसलिए चुंबकीय क्षेत्र के कारण मस्तिष्क में उत्पादित संकेतों से दिशा का पता लगा पाते है।",hin,hin,"[289264.0, 118372.0, 2828.0, 236744.0, 197152.0, 7046568.0, 387032.0, 106252.0, 201192.0, 155136.0, 168468.0, 8484.0, 394304.0, 853248.0, 316332.0]"
भोपाल के अरेरा पहाड़ी पर पाँच दशक पूर्व स्थापित बिड़ला मंदिर वर्षों से धार्मिक आस्था का केन्द्र रहा है। मंदिर में स्थापित भगवान श्रीहरि विष्णु एवं लक्ष्मीजी की मनोहारी प्रतिमाएँ बरबस ही श्रद्धालुओं को अपनी ओर आकृष्ट कर रही हैं। करीब 7-8 एकड़ पहाड़ी क्षेत्र में फैले इस मंदिर की ख्याति देश व प्रदेश के विभिन्न शहरों में फैली हुई है।,hin,hin,"[85033.0, 26598.0, 3627.0, 67301.0, 47554.0, 2351908.0, 89063.0, 25792.0, 47151.0, 14508.0, 58838.0, 6448.0, 114855.0, 279279.0, 109213.0]"
"उपरोक्त अन्तर के आधार पर १५७७ ईसा पूर्व के अनुसार विक्रमी संवत, सप्तर्षि संवत, कलियुग संवत और प्राचीन सप्तर्षि आदि में वर्ष आदि निकाले जा सकते है।",hin,hin,"[51858.0, 14070.0, 6030.0, 28944.0, 19698.0, 1028316.0, 46230.0, 15678.0, 24120.0, 4422.0, 17688.0, 4020.0, 64722.0, 132258.0, 43416.0]"
एलेक्स ड्रेपर ने परपीड़क जलिक डेविड बेरी का अभिनय किया है जो आयरिश मूल का है तथा जॉन कोल्वेंबच ने दयालु-दिल अंग्रेज़ चिकित्सक लेन हटन का अभिनय किया है।,hin,hin,"[47719.0, 24862.0, 4812.0, 40501.0, 23659.0, 1112374.0, 59348.0, 12832.0, 27669.0, 3609.0, 21253.0, 1604.0, 68972.0, 111077.0, 50927.0]"
क्षेत्र में खेल गतिविधियों हेतु कई फिटनेस क्लब जैसे अर्जुन फिटनेस क्लब गेम स्क्वैश तथा अन्य खेलों के हेतु कई सुविधाएं उपलब्ध हैं अरेरा कॉलोनी की एक विशेष उल्लेखनीय बात यह है कि यहां पर कई संख्या में खेल के मैदान है यहीं पर 10 सितंबर के पास स्थित ओल्ड कैंपियन स्कूल के नजदीक एक क्रिकेट का मैदान है जहां पर सालाना मयंक चतुर्वेदी स्मृति क्रिकेट टूर्नामेंट होते हैं जिसमें पूरे देश से कई क्रिकेट टीम में भाग लेती हैं,hin,hin,"[113600.0, 42000.0, 4800.0, 79600.0, 41200.0, 2840400.0, 112800.0, 40000.0, 49200.0, 18800.0, 57200.0, 2800.0, 140400.0, 299200.0, 112800.0]"
"इसके बाद सम्राट् ने इसे क्रमश: रणथंभोर का दुर्गाध्यक्ष और अजमेर में फौजदार नियुक्त किया। परेंद: दुर्ग के घेरे में राजकुमार मुहम्मद शुजा के साथ रहा। जब दुर्ग विजित नहीं हो पाया, तो इसे पुन: अजमेर में रखा गया। दक्षिण में शाह जी भोंसला का विद्रोह दबाने के लिए सम्राट् ने इसे भी भेजा था। उसके पश्चात् यह आगरे का दुर्गाध्यक्ष नियुक्त हुआ। इसका मंसब पाँच हजारी सवार का कर दिया गया और यह राजकुमार मुरादबख्श के साथ बलख और बदख्शाँ पर आक्रमण करने को नियुक्त हुआ। बलख विजय के अनंतर यह वहाँ से राजकुमार के साथ लौट आया। राजकुमार औरंगजेब के साथ कांधार के काजिलबाशों के विरुद्ध युद्ध में इसने यश प्राप्त किया। जीवन के अंतिम समय में यह अपने प्रांत लौट गया और वहीं 1651 ई. में इसकी मृत्यु हुई।",hin,hin,"[199899.0, 42294.0, 4788.0, 148029.0, 110922.0, 4937226.0, 240996.0, 63840.0, 102942.0, 23142.0, 100947.0, 5187.0, 226632.0, 532665.0, 227430.0]"
"रूस में, सिविल संहिता (पारित 1996) के अध्याय 54 के तहत, फ़्रेंचाइज़ करार अमान्य हैं जब तक कि वे लिखित और पंजीकृत न हों और फ़्रेंचाइज़ी के माल के मानक और मूल्य की सीमा फ़्रेंचाइज़र निर्धारित नहीं कर सकते. कानून का प्रवर्तन और संविदात्मक विवादों का समाधान समस्या है: डनकिन डोनॅट्स ने अपने रूसी फ़्रेंचाइज़ी के साथ संविदा को समाप्त करना उचित समझा जो संविदा का उल्लंघन करते हुए वोदका और मांस की कचौड़ियां बेच रहे थे, बजाए इसके कि कानूनी उपाय किए जाएं.",hin,hin,"[190642.0, 58108.0, 5174.0, 149250.0, 68854.0, 2898634.0, 161986.0, 45770.0, 82386.0, 23084.0, 99898.0, 5572.0, 179498.0, 357404.0, 143280.0]"
"जब तक दोनों कारें लगभग 200 किलोमीटर प्रति घंटा की गति से जा रही थीं, तब तक F1 लाइन से हटकर थी और काफी तेज़ और आगे थी, लेकिन जब 200 से 300 कि॰मी॰/घंटे पर चढ़ाई के दौरान ब्युगाटी ने अपने प्रतिद्वंद्वी को पछाड़ा और विजेता बन गई। हैमंड ने कहा कि दौड़ को अधिक दिलचस्प बनाने के लिए उन्होंने वेरॉन के प्रक्षेपण नियंत्रण का उपयोग नहीं किया था। 2009 के अंत में टॉप गियर अवार्ड शो में वेरॉन ने """"दशक की कार"""" का पुरस्कार भी जीता. जेरेमी क्लार्कसन ने टिप्पणी की कि """"यह एक ऐसी कार थी जिसने वास्तव में नियम पुस्तिका को फिर से लिखा, एक अद्भुत अभियांत्रिकी, एक वास्तविक कॉनकॉर्ड क्षण",hin,hin,"[171107.0, 78209.0, 5558.0, 144111.0, 120688.0, 3445960.0, 188178.0, 72651.0, 103617.0, 28981.0, 135774.0, 5558.0, 200882.0, 392633.0, 169916.0]"
"उपरोक्त अन्तर के आधार पर १५५६ ईसा पूर्व के अनुसार विक्रमी संवत, सप्तर्षि संवत, कलियुग संवत और प्राचीन सप्तर्षि आदि में वर्ष आदि निकाले जा सकते हैं।",hin,hin,"[51084.0, 13860.0, 5940.0, 29304.0, 18216.0, 1015740.0, 45936.0, 15048.0, 23364.0, 4356.0, 16236.0, 2376.0, 63360.0, 120780.0, 43560.0]"
"उसके प्रस्ताव पर लड़की हँस पड़ी और उसने उसे बताया कि वह किसी से प्रेम नहीं कर सकती क्योंकि उसके भाग्य में यही बदा है। दरअसल वह एक अभागी राजकुमारी है जिसका जन्म ऐसे नक्षत्र में हुआ कि उसका पिता ही उसे कभी नहीं देख सकता अगर उसके पिता ने उसे देखा, तो तत्क्षण उसकी मृत्यु हो जाएगी। उसके जन्मतें ही उसके पिता ने नगर से दूर एक संन्यासी की कुटिया में भेज दिया और उसका पालन पोषण उसी कुटिया में हुआ। उसका विवाह भी उसी युवक से संभव है जो असंभव को संभव करके दिखा दे। उस युवक को खौलते तेल के कड़ाह में कूदकर ज़िन्दा निकलकर दिखाना होगा।",hin,hin,"[156025.0, 43055.0, 4740.0, 121265.0, 102700.0, 3735910.0, 160765.0, 48190.0, 73865.0, 26465.0, 108625.0, 10270.0, 171430.0, 385520.0, 159580.0]"
"2005 में इसके उत्पादन की शुरूआत से और 2008 के अंत में समापन तक, दो सौ वेरॉन कार बनाए और बेचे जा चुके हैं। वेरॉन के विशेष संस्करणों में शामिल हैं पुर सांग, Fbg पार हर्मस, सांग नुआर, तार्गा, विंसेरो और ब्लू सेंटेनाइरे. इसे ग्रांड स्पोर्ट से बदला जाएगा, जो मूलतः परिवर्तनीय वेरॉन है।",hin,hin,"[64222.0, 36248.0, 5516.0, 63040.0, 47280.0, 1553936.0, 112290.0, 36642.0, 46098.0, 9456.0, 46492.0, 3940.0, 100864.0, 189514.0, 83922.0]"
इज़राइल में हुए सफल परीक्षणों से पता चला है कि मिश्रित सार्वजनिक कचरे के स्रोत से प्राप्त की गई प्लास्टिक फिल्मों से बाल्टियों जैसी उपयोगी घरेलू सामग्रियां बनाई जा सकती हैं।,hin,hin,"[38514.0, 24366.0, 4716.0, 36942.0, 28296.0, 1059135.0, 51090.0, 23187.0, 25152.0, 15720.0, 38907.0, 1179.0, 67596.0, 134406.0, 55020.0]"
"बैक्टीरिया जनित संक्रमण पर पहली रिपोर्ट जिसमें मस्तिष्क ज्वर अंतर्निहित था, ऑस्ट्रिया के बैक्टीरिया विज्ञानी एंटॉन वाइक्सलबाउम की थी, जिसने 1887 में “मैनिन्गोकॉकस” की व्याख्या की थी। शुरुआती रिपोर्यों में मस्तिष्क ज्वर के कारण होने वाली मौतों का आंकड़ा काफी उच्च था (लगभग 90%)। 1906 में घोड़ों में एंटीसेरम उत्पन्न किया गया; इसको अमरीकी वैज्ञानिक सिमॉन फ्लेक्सनर द्वारा और अधिक विकसित किया गया और जिसने मैनिन्गोकॉकल रोग से होने वाली मौतों में काफी कमी कर दी। 1944 में पेनिसलीन को मस्तिष्क ज्वर में प्रभावी कहा गया। The introduction in the late 20th century of हेमोफाइलस टीके को बीसवी शताब्दी के अंत में जारी करने से इस पैथोजन से जुड़े मस्तिष्क ज्वर के मामलों में काफी कमी आयी, और 2002 में इस बात के साक्ष्य सामने आये कि स्टीरॉयड द्वारा उपचार करने से बैक्टीरिया जनित मस्तिष्क ज्वर का निदान बेहतर हो सकता है।",hin,hin,"[270872.0, 116816.0, 12544.0, 311640.0, 162288.0, 4517408.0, 410032.0, 74872.0, 141120.0, 31360.0, 112112.0, 126616.0, 311248.0, 709520.0, 237160.0]"
"जय लव कुश एक भारतीय तेलुगू भाषा की एक्शन ड्रामा फिल्म है, जो के एस रवींद्र द्वारा लिखित और निर्देशित है। इसमें मुख्य भूमिका में जूनियर एनटिआर, राशी खन्ना और निवेदा थॉमस हैं। यह फिल्म जूनियर एनटीआर के भाई नंदमुरी कल्याण राम ने अपने बैनर एनटिआर आर्ट्स के तहत निर्माण की है। साउंडट्रैक देवी श्री प्रसाद द्वारा रचित है। छोटा के नायडू फिल्म की छायाकार हैं।",hin,hin,"[109871.0, 49657.0, 2737.0, 82110.0, 51612.0, 2041411.0, 99314.0, 21114.0, 51612.0, 15640.0, 36754.0, 49266.0, 147798.0, 269399.0, 101269.0]"
"राजकुमारी का मन लगाने के लिए सखी-सहोलियाँ थीं। तपस्वी से मिलकर विक्रमादित्य ने वसु के लिए राजकुमारी का हाथ मांगा। तपस्वी ने राजा विक्रमादित्य का परिचय पाकर कहा कि अपने प्राण वह राजा को सरलता से अर्पित कर सकता है, पर राजकुमारी का हाथ उसी युवक को देगा जो खौलते तेल से सकुशल निकल आए, तो किसी अन्य के लिए राजकुमारी का हाथ मांग सकता है या नहीं। इस पर तपस्वी ने कहा कि बस यह शर्त पूरी होनी चाहिए। वह अपने लिए हाथ मांग रहा है या किसी अन्य के लिए, यह बात मायने नहीं रखती है। उसने राजा को विश्वास दिलाने की कोशिश की कि इस राजकुमारी को कुँआरी ही रहना पड़ेगा। जब विक्रम ने उसे बताया कि वे खुद ही इस युवक के हेतु कड़ाह में कूदने को तैयार हैं तो तपस्वी का मुँह विस्मय से खुला रहा गया। वे बात ही कर रहे थे कि राजकुमारी अपनी सहेलियों के साथ वहाँ आई। वह सचमुच अप्सराओं से भी ज़यादा सुन्दर थी। अगर युवकों ने खौलते कड़ाह में कूदकर प्राण गँवाए, तो कोई गलत काम नहीं किया।",hin,hin,"[204360.0, 69420.0, 6630.0, 178620.0, 144690.0, 5903820.0, 284310.0, 66300.0, 150150.0, 42120.0, 176280.0, 17160.0, 287040.0, 678600.0, 264810.0]"
"खुरासान में कुओं तथा बीच- बीच में लुप्त हो जाने वाली नदियों द्वारा सिंचित बहुत से नखलिस्तान पाए जाते हैं। आतरेक और कशाफ की उपजाऊ घाटियों में खाद्यान्न, कपास , तंबाकू, चुकन्दर तथा फलों की खेती होती है। यह प्रांत केसर , पिस्ता, गोंद, काष्ठफल, कंबल, खाल और नीलमणि आदि के लिए प्रसिद्ध है। यहाँ पर लोहा , सीसा, नमक, सोना, ताँबा और स्फटिक भी पाया जाता है।",hin,hin,"[94527.0, 24896.0, 5446.0, 80523.0, 50181.0, 2644811.0, 120201.0, 28008.0, 62629.0, 21395.0, 57961.0, 2723.0, 121757.0, 321314.0, 127203.0]"
"19 अप्रैल 2005 को एहरा-लेसियन परीक्षण ट्रैक पर जर्मन अधिकारियों ने इसकी उच्चतम औसत गति 408.47 किमी/घंटा (253.81 मील/घंटा) दर्ज की. ब्युगाटी वेबसाइट पर अभी भी उत्पादित वाहनों में वेरॉन को सर्वकालिक सबसे तेज़ गाड़ी के रूप में संदर्भित किया गया है, हालांकि SSC अल्टीमेट एयरो TT ने अब यह ख़िताब ले लिया है।",hin,hin,"[121056.0, 32980.0, 10088.0, 79540.0, 73720.0, 1725048.0, 103208.0, 32204.0, 58200.0, 27936.0, 54320.0, 32592.0, 114460.0, 249872.0, 95836.0]"
१९७६ में तेल के गिरते दामों के मददेनजर इंडियन ऑयल कॉरपोरेशन ने हांग कांग की एक फर्जी कंपनी से ऑयल डील की। इसमें भारत सरकार को १३ करोड़ का चूना लगा। माना गया इस घपले में इंदिरा और संजय गांधी का भी हाथ है।,hin,hin,"[71208.0, 20124.0, 5031.0, 42957.0, 30573.0, 1494594.0, 64242.0, 20124.0, 36378.0, 6579.0, 25155.0, 3870.0, 76626.0, 167571.0, 68886.0]"
"साँचा:Unclear section ब्रिटिश तर्कशास्त्री पीटर थॉमस गीच ने nouns के अधिक दक्ष अर्थगत परिभाषा को प्रस्तावित किया। उन्होंने देखा कि """"same"""" जैसे विशेषण noun का अर्थ सीमित कर सकते हैं लेकिन क्रिया या विशेषण जैसे अन्य शब्द भेदों के नहीं. इतना ही नहीं, क्रिया और विशेषणों को रूपांतरित करने वाले एकसमान अर्थ वाली अन्य कोई अभिव्यक्तियां भी प्रतीत नहीं होती. निम्नलिखित उदाहरणों पर विचार करें.",hin,hin,"[140890.0, 37056.0, 6948.0, 69094.0, 54426.0, 1742404.0, 100360.0, 43618.0, 60988.0, 15440.0, 39758.0, 40144.0, 107694.0, 238548.0, 86464.0]"
"जर्मन कार ट्यूनर, मनसोरी ने ब्युगाटी वेरॉन 16.4 के अनुकूलन का निर्णय लिया। परिणाम जो सामने आया वो था विनसेरो, जिसका इतालवी में अर्थ है 'मैं जीतूंगा'. इसके सामने वाले हिस्से को एक व्यापक रूप से उन्नत बनाया गया, जिसमें शामिल हैं संशोधित विंग, एक छोटा टोप और एक स्ट्राइकिंग फ़्रंट एप्रन. दिन में चालू LED लाइटों को सामने वाले उभार पर संयोजित किया गया और नाम विनसेरो को विशेष सम्मान देते हुए जोड़े गए स्टाइलिश “V” ने कार की तरफ़ लोगों का और अधिक ध्यान आकर्षित किया। नव विकसित बग़ल के किनारे धुरियों के बीच चाक्षुष और वायुगतिकीय संयोजन हैं।",hin,hin,"[182490.0, 61985.0, 5005.0, 115885.0, 107030.0, 3160080.0, 179025.0, 42350.0, 95480.0, 30800.0, 95865.0, 7700.0, 185185.0, 386925.0, 172865.0]"
"सामान्य आपेक्षिकता सिद्धांत या सामान्य सापेक्षता सिद्धांत, जिसे अंग्रेजी में """"जॅनॅरल थिओरी ऑफ़ रॅलॅटिविटि"""" कहते हैं, एक वैज्ञानिक सिद्धांत है जो कहता है कि ब्रह्माण्ड में किसी भी वस्तु की तरफ़ जो गुरुत्वाकर्षण का खिंचाव देखा जाता है उसका असली कारण है कि हर वस्तु अपने मान और आकार के अनुसार अपने इर्द-गिर्द के दिक्-काल (स्पेस-टाइम) में मरोड़ पैदा कर देती है। बरसों के अध्ययन के बाद जब १९१६ में अल्बर्ट आइंस्टीन ने इस सिद्धांत की घोषणा की तो विज्ञान की दुनिया में तहलका मच गया और ढाई-सौ साल से क़ायम आइज़क न्यूटन द्वारा १६८७ में घोषित ब्रह्माण्ड का नज़रिया हमेशा के लिए उलट दिया गया। भौतिक शास्त्र पर इसका इतना गहरा प्रभाव पड़ा कि लोग आधुनिक भौतिकी (माडर्न फ़िज़िक्स) को शास्त्रीय भौतिकी (क्लासिकल फ़िज़िक्स) से अलग विषय बताने लगे और अल्बर्ट आइंस्टीन को आधुनिक भौतिकी का पिता माना जाने लगा।",hin,hin,"[392832.0, 111360.0, 4608.0, 188160.0, 123264.0, 4947456.0, 250368.0, 76800.0, 137856.0, 44160.0, 109056.0, 14976.0, 318720.0, 690816.0, 256512.0]"
"आर्किमिडिज़ को प्राचीन संसार का महानतम गणितज्ञ माना जाता है और आजतक के महानतम गणितज्ञों में गिना जाता है। इन्होंने शून्यीकरण विधि का प्रयोग करके परवलय की चाप के नीचे का क्षेत्रफल निकाला और पाइ का अत्यंत सटीक परिमाण निकाला। इन्होंने आर्किमिडिज़ कुण्डली, परिक्रमण की सतह का घनफल और बहुत बड़ी संख्याओं को लिखने के नए तरीके निकाले।",hin,hin,"[88473.0, 42896.0, 4979.0, 75068.0, 50939.0, 2128331.0, 96899.0, 44428.0, 52088.0, 31789.0, 48258.0, 3830.0, 110687.0, 248950.0, 94601.0]"
"त्रिनबगो नाइट राइडर्स (पूर्व में त्रिनिदाद और टोबैगो रेड स्टील) कैरेबियन प्रीमियर लीग की एक फ्रेंचाइजी क्रिकेट टीम पोर्ट ऑफ स्पेन, त्रिनिदाद और टोबैगो में आधारित है। रेड स्टील टूर्नामेंट का उद्घाटन 2013 के मौसम के लिए बनाई गई मूल छह टीमों में से एक था। उनके घरेलू मैदान क्वींस पार्क ओवल है।",hin,hin,"[119184.0, 50806.0, 3820.0, 76018.0, 60738.0, 1641072.0, 94354.0, 22538.0, 37818.0, 12224.0, 33998.0, 44312.0, 130262.0, 217740.0, 85950.0]"
"भौतिकी में दिक्काल के वक्रता की उर्मिकाओं को गुरुत्वीय तरंग (gravitational waves) कहते हैं। ये उर्मिकाएँ तरंग की तरह स्रोत से बाहर की तरफ गमन करतीं हैं। अलबर्ट आइंस्टाइन ने वर्ष १९१६ में अपने सामान्य आपेक्षिकता सिद्धान्त के आधार पर इनके अस्तित्व की भविष्यवाणी की थी। ११ फरवरी २०१६ को अमेरिका में वाशिंगटन, जर्मनी में हनोवर और कुछ अन्य देशों के शहरों में एक साथ यह घोषणा की गई कि ब्रह्मांड में गुरुत्वीय तरंगों के अस्तित्व का सीधा प्रमाण मिल गया है। खगोलविदों का मानना है कि गुरुत्वीय तरंगों की पुष्टि हो जाने के बाद अब ब्रह्मांड की उत्पत्ति के कुछ और रहस्यों पर से पर्दा उठ सकता है।",hin,hin,"[216027.0, 61341.0, 5715.0, 136017.0, 81534.0, 3495675.0, 174498.0, 67818.0, 92202.0, 47625.0, 74676.0, 81534.0, 210312.0, 456438.0, 169926.0]"
"बचपन में, लिवली ने 13 विभिन्न स्कूलों में दाखिला लिया। जब वह तीन साल की थीं तब उनकी माँ ने उन्हें पहली कक्षा में दाखिला दिलाया क्योंकि लिवली का बड़ा भाई स्कूल शुरू करने वाला था और वह अकेले नहीं जाना चाहता था। लिवली की लम्बाई अधिक होने की वजह से लिवली कि माँ ने स्कूलवालों को उनकी उम्र छह साल बताई. लिवली बताती हैं कि कुछ हफ्तों के बाद, मेरे शिक्षकों ने मुझे मानसिक रूप से विकलांग बच्चों की कक्षाओं में बिठाने की बात कही क्योंकि मैं अन्य बच्चों की गति के साथ नहीं चल पा रही थी, जिस कारण उन्होंने सोचा कि मैं धीमी हूँ क्योंकि जब अन्य बच्चे उनके प्रोजेक्ट कर रहे होते थे तब मैं सिर्फ सोना चाहती थी। बाद में शीघ्र ही लिवली की माँ ने उन्हें स्कूल से निकाल लिया। लिवली ने बुरबंक के बुरबंक हाई स्कूल में दाखिला लिया; स्कूल में उन्होंने बुरबंक हाई स्कूल के गायक-मंडली प्रदर्शन, इन सिंक (In Sync) में हिस्सा लिया और जिसमें वे चीयरलीडर बनीं. अभिनय पेशे को अपनाने का निर्णय लेने के पूर्व लिवली ने हाई स्कूल पूरा करने के बाद स्टैनफोर्ड विश्वविद्यालय में दाखिला लेने की योजना बनाई थी। जब ब्लेक पंद्रह साल की थीं तब उनका बड़ा भाई एरिक दो महीने के यूरोप के भव्य दौरे के लिए उन्हें उसे स्कूल से बाहर ले गया। यात्रा के समय ज्यादातर समय एरिक ने यही बात करने की कोशिश में बिताया कि लिवली को अभिनय पेशा अपनाना चाहिए.",hin,hin,"[242440.0, 94240.0, 4180.0, 254220.0, 255740.0, 7382260.0, 338200.0, 115140.0, 159600.0, 46360.0, 244340.0, 103740.0, 383420.0, 851960.0, 321100.0]"
"रैखिक परिपथों में लगे हुए प्रतिरोध, प्रेरकत्व, संधारित्र तथा लब्धि (gain) आदि का मान परिपथ में मौजूद वोल्टेज और धारा के मान से बिलकुल नहीं बदलते। रैखिक परिपथ इसलिये महत्वपूर्ण है कि वे इलेक्ट्रानिक संकेतों का रूप बदले बिना ही (बिना डिस्टॉर्शन) उन्हें प्रवर्धित तथा प्रसंस्कृत कर सकते हैं।",hin,hin,"[69736.0, 22361.0, 6822.0, 73526.0, 40174.0, 1751359.0, 81106.0, 21982.0, 59503.0, 13265.0, 33731.0, 2274.0, 97782.0, 240286.0, 74663.0]"
"गांधार क्षेत्र में मिहिरकुल के भाई के विद्रोह के कारण, उत्तर भारत का साम्राज्य उसके हाथ से निकल कर, उसके विद्रोही भाई के हाथ में चला गया| किन्तु वह शीघ्र ही कश्मीर का राजा बन बैठा| कल्हण ने बारहवी शताब्दी में “राजतरंगिणी” नामक ग्रन्थ में कश्मीर का इतिहास लिखा हैं| उसने मिहिरकुल का, एक शक्तिशाली विजेता के रूप में ,चित्रण किया हैं| वह कहता हैं कि मिहिरकुल काल का दूसरा नाम था, वह पहाड से गिरते है हुए हाथी कि चिंघाड से आनंदित होता था। उसके अनुसार मिहिरकुल ने हिमालय से लेकर लंका तक के इलाके जीत लिए थे| उसने कश्मीर में मिहिरपुर नामक नगर बसाया| कल्हण के अनुसार मिहिरकुल ने कश्मीर में श्रीनगर के पास मिहिरेशवर नामक भव्य शिव मंदिर बनवाया था। उसने गांधार इलाके में ७०० ब्राह्मणों को अग्रहार (ग्राम) दान में दिए थे| कल्हण मिहिरकुल हूण को ब्राह्मणों के समर्थक शिव भक्त के रूप में प्रस्तुत करता हैं|",hin,hin,"[169722.0, 65016.0, 3402.0, 173880.0, 132300.0, 5473440.0, 265356.0, 61992.0, 107352.0, 63882.0, 93366.0, 6048.0, 254772.0, 555660.0, 215838.0]"
1931 में जब महाराजा ने सभी के लिए धार्मिक स्थलों के द्वार खोलने का आदेश दिया तो आपने अपनी अत्यंत बुद्धिमता के साथ छुआछूत की बुराई के विरुद्ध सफल संघर्ष किया और ऐसे पग उठाए जिनसे तनाव की संभावनाएं समाप्त हो गर्ईं।,hin,hin,"[45240.0, 11687.0, 5278.0, 48256.0, 35815.0, 1434862.0, 67483.0, 23751.0, 33930.0, 14326.0, 41847.0, 1131.0, 75777.0, 139867.0, 67106.0]"
आर. के. मधुबीर मणिपुरी भाषा के विख्यात साहित्यकार हैं। इनके द्वारा रचित एक कविता–संग्रह प्रल्लयगी मेरि रक्तगी के लिये उन्हें सन् 1996 में साहित्य अकादमी पुरस्कार से सम्मानित किया गया।,hin,hin,"[100392.0, 18048.0, 4136.0, 54896.0, 39480.0, 976848.0, 71064.0, 12784.0, 32336.0, 11656.0, 19928.0, 24816.0, 90240.0, 188376.0, 59032.0]"
"भारत में कॉफ़ी उत्पादन 1970 के दशक में तेजी से बढ़ा, यह 1971–72 में 68,948 टन से बढ़ कर 1979–80 में 120,000 टन तक पहुंच गया और 1980 के दशक में इसमें 4.6 प्रतिशत की वृद्धि हुई. इसमें 1990 के दशक में 30 प्रतिशत से अधिक की वृद्धि हुई, उत्पादन में विकास की दृष्टि से केवल युगांडा इसका प्रतिस्पर्धी था। 2007 तक, जैविक कॉफी के बारे में हो गया था 2,600 हेक्टेयर (6,400 एकड़) टन के बारे में 1700 उत्पादन एक साथ अनुमान है। खाद्य और कृषि संस्थान के द्वारा 2008 में प्रकाशित आंकड़ों के अनुसार, भारत में हरी कॉफ़ी के उत्पादन का क्षेत्र 342,000 हेक्टेयर (850,000 एकड़) था, इससे अनुमानतः 7660 हेक्टोग्राम प्रति हेक्टेयर का उत्पादन हुआ, कुल उत्पादन अनुमानतः 262,000 टन था।",hin,hin,"[332625.0, 94500.0, 13500.0, 142500.0, 130125.0, 3902250.0, 222000.0, 62250.0, 94500.0, 29625.0, 88125.0, 4500.0, 231000.0, 504000.0, 221625.0]"
"पुरुषों एवं स्त्रियो में जनन तंत्र के भिन्न भिन्न अंग है। पुरुष के अंडकोष में दो अंड ग्रंथियाँ रहती हैं। यहाँ पर शुक्राणु का निर्माण होता है। ये शुक्राणु शुक्रवाहिनियों द्वारा श्रोणिगुहा स्थित शुक्राशयों में ले जाए जाते हैं। जहाँ शुक्राशय द्रव इनमें मिल जाता है। दोनों शुक्राशय मूत्रनली के पुरस्थ भाग में खुलते हैं। मैथुन द्वारा पुरुष अपने शुक्र का त्याग मूत्रनली द्वारा करता है। स्त्रियों में भगास्थि तथा मूत्राशय के पीछे स्थित ऊध्र्व, लंबा गर्भाशय स्थित है। श्रोणि गुहा में दोनों ओर बादाम के समान दो ग्रंथियाँ रहती हैं, जिन्हें डिंब ग्रंथियाँ कहते हैं। इनमें ग्राफियन पुटिका (Graafian follicle) से डिंब का निर्माण होता है। डिंब प्रति मास डिंब वाहिनियों द्वारा ग्रहण किया जाता है और वहाँ शुक्राणु द्वारा प्रफलित होने पर गर्भाशय में अवस्थित होकर, वृद्धि प्राप्त करता है, अथवा प्रति मास गर्भाशय अंतकंला के टूटकर निकलने से होनेवाले मासिक रुधिरस्राव के साथ, यह अप्रफलित डिंब बाहर फेंक दिया जाता है।",hin,hin,"[286484.0, 68068.0, 4114.0, 164934.0, 166430.0, 5300328.0, 290598.0, 75174.0, 146234.0, 33660.0, 100980.0, 124916.0, 309672.0, 768944.0, 268158.0]"
"The definitions are not authentic as the Rubber which is classified in World Customs Organisation Books in Chapter 40, where as the above definitions stating all rubber and different polymers in same chapter which is classified in Chapter 39 of the World Custom Organisation's Harmonised Commodity for Description and coding system. One should go through all differentiation while editing between Plastics and articles thereof and Rubber and articles thereof.",ita,hin,"[64902.0, 3357.0, 50728.0, 60799.0, 13801.0, 49609.0, 108543.0, 1492.0, 373.0, 6341.0, 10817.0, 23126.0, 32078.0, 88028.0, 54085.0]"
"राजेन्द्रनाथ लाहिड़ी को उत्तर प्रदेश के गोण्डा जिले में एक क्रान्तिकारी महानायक का स्थान प्राप्त है। प्रति वर्ष १७ दिसम्बर स्थानीय जिला प्रशासन के लिये राजकीय महत्व का दिवस होता है। इस दिन जिले के समस्त विद्यालयों एवं प्रशासनिक प्रतिष्ठानों में राजकीय उत्सव का माहौल रहता है। सभी सम्बद्ध प्रतिष्ठानों में शहीद लाहिड़ी के सम्मान में सांस्कृतिक कार्यक्रम आयोजित किये जाते हैं। इन समस्त सांस्कृतिक आयोजनों का केन्द्र बिन्दु गोण्डा का जिला कारागार होता है। कारागार के फाँसीघर में स्थापित लाहिड़ी की प्रतिमा के समक्ष यज्ञ का आयोजन किया जाता है। फाँसी के दिन भी सुबह सुबह लाहिड़ी व्यायाम कर रहे थे। जेलर ने पूछा कि मरने के पहले व्यायाम का क्या प्रयोजन है? लाहिड़ी ने निर्वेद भाव से उत्तर दिया - """"जेलर साब! चूँकि मैं हिन्दू हूँ और पुनर्जन्म में मेरी अटूट आस्था है, अतः अगले जन्म में मैं स्वस्थ शरीर के साथ ही पैदा होना चाहता हूँ ताकि अपने अधूरे कार्यों को पूरा कर देश को स्वतन्त्र करा सकूँ। इसीलिए मैं रोज सुबह व्यायाम करता हूँ। आज मेरे जीवन का सर्वाधिक गौरवशाली दिवस है तो यह क्रम मैं कैसे तोड़ सकता हूँ?"""" यज्ञ के आयोजन के पार्श्व में लाहिड़ी द्वारा जेलर को दिया गया अन्तिम सन्देश एक शिलापट्ट पर अंकित है - """"मैं मरने नहीं जा रहा, अपितु भारत को स्वतन्त्र कराने के लिये पुनर्जन्म लेने जा रहा हूँ।"""" इसके अतिरिक्त इन समस्त घटनाओं का उल्लेख भी गोण्डा जिला कारागार के फाँसीगृह में स्थापित लाहिड़ी जीवनवृत्त शिलापट्ट पर अंकित है। धर्म सम्प्रदाय से ऊपर उठकर लाहिड़ी की अन्तिम इच्छा का सम्मान करने की यह परम्परा आज तक कायम है। लाहिड़ी की क्रान्तिकारी महानायक छवि को पुष्ट करती कविता शहीद लाहिड़ी के प्रति भी जिला कारागार के फाँसीगृह में स्थापित एक अन्य शिलापट्ट पर अंकित है।",hin,hin,"[437472.0, 139500.0, 3348.0, 302436.0, 199020.0, 10224048.0, 451980.0, 129828.0, 217248.0, 88536.0, 201996.0, 12276.0, 526752.0, 1137576.0, 457932.0]"
रैखिक परिपथ की एक दूसरी परिभाषा यह है कि यह अध्यारोपण प्रमेय का पालन करता है। इसका अर्थ यह है कि जब रैखिक परिपथ के इनपुट में दो संकेतों का रैखिक योग ax1(t) + bx2(t) लगाया जाता है तो इसका आउटपुट F(x) इनपुट में लगाये गये संकेतों x1(t) और x2(t) को अलग-अलग लगाने से प्राप्त आउटपुट के रैखिक योग के बराबर होता है। अर्थात्,hin,hin,"[94605.0, 28196.0, 6678.0, 80507.0, 62328.0, 1912134.0, 99428.0, 28938.0, 73087.0, 12243.0, 40068.0, 2226.0, 123172.0, 242263.0, 102767.0]"
"फतेह सिंह राणा,भारत के उत्तर प्रदेश की प्रथम विधानसभा सभा में विधायक रहे। 1952 उत्तर प्रदेश विधान सभा चुनाव में इन्होंने उत्तर प्रदेश के मेरठ जिले के 66 - सरधना विधान सभा निर्वाचन क्षेत्र से कांग्रेस की ओर से चुनाव में भाग लिया।",hin,hin,"[74740.0, 19240.0, 3330.0, 43660.0, 28120.0, 1280200.0, 47730.0, 18130.0, 18500.0, 12580.0, 27750.0, 11470.0, 91760.0, 147630.0, 56240.0]"
"हालांकि, अब एनी श्रृंखलाओं के साथ नए कॉफ़ी बार भी काफी लोकप्रिय हो गए हैं, जैसे बरिस्ता, केफे कॉफ़ी डे देश की सबसे बड़ी कॉफ़ी बार श्रृंखलाएं हैं। भारत में दक्षिणी भारत के घरों में कॉफ़ी का उपभोग सबसे ज्यादा किया जाता है।",hin,hin,"[43911.0, 25092.0, 4059.0, 36900.0, 25830.0, 1233567.0, 66420.0, 25830.0, 33579.0, 10701.0, 42804.0, 369.0, 85239.0, 123246.0, 63099.0]"
"ब्रिटिश शासन में भारत और बंगाल विभाजन के बाद बाद उत्पीड़न एक राष्ट्रव्यापी स्वदेशी आंदोलन छिड़ गया। का एक आंदोलन का अभिन्न उद्देश्य आत्मनिर्भरता प्राप्त करने के लिए, और बाजार में ब्रिटिश माल का बहिष्कार करने जबकि भारतीय माल को बढ़ावा देने के लिए गया था। यह खादी के उत्पादन में आदर्श रूप में प्रस्तुत करना था। खादी और अपने उत्पादों राष्ट्रवादी नेताओं ने ब्रिटिश वस्तुओं पर भी ग्रामीण कारीगरों को सशक्त करने के लिए एक साधन के रूप में देखा जा रहा है जबकि प्रोत्साहित किया गया।",hin,hin,"[89056.0, 24656.0, 4784.0, 85008.0, 57040.0, 2564592.0, 128800.0, 52992.0, 65504.0, 15088.0, 78752.0, 4784.0, 155296.0, 315376.0, 130272.0]"
"विलियम टर्की को अपने प्रभाव-क्षेत्र के अंतर्गत लाना चाहता था और यह उसकी विश्व नीति का एक प्रमुख अंग था। इंगलैंड भी इस ओर प्रयत्नशील था। वह किसी यूरोपीय राष्ट्र का प्रभुत्व टर्की में स्थापित नहीं होने देना चाहता था, क्योंकि ऐसा होने से उसके भारतीय साम्राज्य को भय उत्पन्न हो सकता था। 1878 ई. की बर्लिन-कांग्रेस तक टर्की पर इंगलैंड का प्रभुत्व रहा और जब कभी भी किसी यूरोपीय रास्ट्र ने उस ओर प्रगति करने का विचार किया तो इंगलैंड ने उसका डटकर विरोध किया, परन्तु साइप्रस के समझौते के उपरांत उसका प्रभाव टर्की पर से कम होने लगा। जब इंगलैंड का 1882 ई. में मिस्र पर अधिकार हुआ तो इंगलैंड और टर्की के मध्य जो रही-सही सद्भावना विद्यमान थी उसका भी अंत होना आरंभ हो गया। अब विलियम द्वितीय ने इस परिस्थिति का लाभ उठाकर टर्की को अपने प्रभाव-क्षेत्र में लाने का प्रयत्न किया। इस संबन्ध में उसने निम्न उपाय किये-",hin,hin,"[172857.0, 65693.0, 4771.0, 163682.0, 154507.0, 4560342.0, 230109.0, 90649.0, 115238.0, 31929.0, 136891.0, 35232.0, 265708.0, 605183.0, 201850.0]"
कुस्तुन्तुनिया तक रेल बनाने का भी था। इस मार्ग के खुल जाने से जर्मनी का सम्पर्क फारस की खाड़ी तक हो जाता जो इंगलैंड के भारतीय साम्राज्य के लिए विशेष चिन्ता का विषय बन जाता।,hin,hin,"[43554.0, 14274.0, 4758.0, 30744.0, 24522.0, 1037244.0, 42090.0, 16470.0, 25986.0, 4392.0, 31476.0, 1464.0, 56364.0, 129198.0, 46848.0]"
"एक लुंगी, रूप में भी जाना जाता हिंदेशियन वस्र, भारत का एक पारंपरिक परिधान है। एक लुंगी, एक मुन्दु है सिवाय इसके कि यह हमेशा सफेद है। यह या तो में, कमर, घुटनों तक की लंबाई तक पर जाल है या झूठ और अप करने के लिए टखने तक पहुँचने की अनुमति है। यह आम तौर पर जब व्यक्ति, फ़ील्ड्स या कार्यशालाओं, में काम कर रहा है में जाल है और सम्मान, पूजा स्थानों या जब व्यक्ति है गणमान्य व्यक्ति के आसपास का एक चिह्न के रूप में आम तौर पर खुला छोड़ दिया।",hin,hin,"[91250.0, 37230.0, 6570.0, 74460.0, 60225.0, 2560475.0, 132130.0, 34310.0, 53290.0, 20075.0, 72270.0, 4380.0, 130670.0, 313535.0, 124100.0]"
प्रत्यास्थलक (=प्रत्यास्थ बहुलक / इलैस्टोमर=इलैस्टिक पॉलीमर) उन बहुलकों को कहते हैं जिनमें श्यानता के साथ-साथ प्रत्यास्थता भी पायी जाती है। प्राञ्ः इनमें अन्तरा-अणुक बल बहुत अल्प होते हैं ; इनका यंग प्रत्यास्थता गुणांक बहुत कम होता है तथा ये बहुत अधिक विकृति के बाद ही टूटते हैं। 'प्रत्यास्थलक' और 'रबर' इन दो शब्दों को प्रायः एक ही अर्थ में प्रयोग किया जाता है किन्तु वल्कनीकरण के सन्दर्भ में रबर का प्रयोग अधिक होता है।,hin,hin,"[123760.0, 38220.0, 2912.0, 78988.0, 51688.0, 2369640.0, 118300.0, 32396.0, 65520.0, 20384.0, 46228.0, 1092.0, 143416.0, 295568.0, 125944.0]"
"बहुत समय से सुन्दर सिंह ब्रिटेन जाना चाह्ते थे, एक दिन ऐसा आया जब उन्हे यह मॉका मिला कि उनके पिताजी, उनके पास आये और उन्हे कहा की वेह भी अब इसाई बन गये हैं और चाह्ते हैं कि वे उन्हे कुछ पैसे दे की वे ब्रिटेन की यत्रा कर सके। साधु ने दो बार पस्चिम की ओर यात्रा की, १९२० में ब्रिटेन्, अमेरिका और ऑस्ट्रेलिया कि।",hin,hin,"[82401.0, 28314.0, 5445.0, 59532.0, 53361.0, 2110482.0, 93654.0, 19602.0, 37752.0, 27588.0, 49731.0, 4719.0, 91839.0, 208725.0, 83853.0]"
"भोपाल भारत के मध्य भाग में स्थित है और इसके निर्देशांक २३.२७º उ. एवं ७७.४º पू. हैं। यह विंध्य पर्वत श्रृंखला के पूर्व में है। भोपाल एक पहाड़ी इलाक़े पर स्थित है किंतु इसका तापमान अधिकतर गर्म रहता है। इसका भू-भाग ऊँचा-नीचा है एवं इसके दायरे में कई छोटे पहाड़ हैं। उदाहरण के लिए श्यामला हिल, ईदगाह हिल, अरेरा हिल, कतारा हिल इत्यादि। यहाँ गर्मियाँ गर्म और सर्दियाँ सामान्य ठण्डी रहती हैं। बारिश का मौसम जून से ले के सितंबर-आक्टोबर तक रहता है और सामान्य वर्षा दर्ज की जाती है।",hin,hin,"[161452.0, 43440.0, 3258.0, 90138.0, 63712.0, 3071932.0, 130682.0, 40906.0, 75658.0, 30770.0, 48508.0, 61178.0, 169054.0, 397838.0, 139732.0]"
"बजरंगी भाईजान भारतीय बॉलीवुड नाट्य फ़िल्म है जिसका निर्देशन कबीर खान ने व निर्माण सलमान खान और रॉकलिन वेंकटेश ने किया है। इसमें सलमान खान, करीना कपूर खान व नवाज़ुद्दीन सिद्दीकी मुख्य पत्रों के रूप में हैं। यह फ़िल्म 17 जुलाई 2015 को सिनेमाघरों में प्रदर्शित हुई।",hin,hin,"[136458.0, 43681.0, 5054.0, 53067.0, 26714.0, 1718360.0, 74005.0, 9747.0, 29602.0, 11913.0, 24909.0, 5776.0, 95304.0, 190969.0, 70756.0]"
"बंगाल (आज का बांग्लादेश) में पबना जिले के अन्तर्गत मड़याँ (मोहनपुर) गाँव में २९ जून १९०१ के दिन क्षिति मोहन लाहिड़ी के घर राजेन्द्रनाथ लाहिड़ी का जन्म हुआ। उनकी माता का नाम बसन्त कुमारी था। उनके जन्म के समय पिता क्रान्तिकारी क्षिति मोहन लाहिड़ी व बड़े भाई बंगाल में चल रही अनुशीलन दल की गुप्त गतिविधियों में योगदान देने के आरोप में कारावास की सलाखों के पीछे कैद थे। दिल में राष्ट्र-प्रेम की चिन्गारी लेकर मात्र नौ वर्ष की आयु में ही वे बंगाल से अपने मामा के घर वाराणसी पहुँचे। वाराणसी में ही उनकी शिक्षा दीक्षा सम्पन्न हुई। काकोरी काण्ड के दौरान लाहिड़ी काशी हिन्दू विश्वविद्यालय में इतिहास विषय में एम० ए० (प्रथम वर्ष) के छात्र थे। १७ दिसम्बर १९२७ को गोण्डा के जिला कारागार में अपने साथियों से दो दिन पहले उन्हें फाँसी दे दी गयी। राजेन्द्रनाथ लाहिड़ी को देश-प्रेम और निर्भीकता की भावना विरासत में मिली थी। राजेन्द्रनाथ काशी की धार्मिक नगरी में पढाई करने गये थे किन्तु संयोगवश वहाँ पहले से ही निवास कर रहे सुप्रसिद्ध क्रान्तिकारी शचींद्रनाथ सान्याल के सम्पर्क में आ गये। राजेन्द्र की फौलादी दृढ़ता, देश-प्रेम और आजादी के प्रति दीवानगी के गुणों को पहचान कर शचीन दा ने उन्हें अपने साथ रखकर बनारस से निकलने वाली पत्रिका बंग वाणी के सम्पादन का दायित्व तो दिया ही, अनुशीलन समिति की वाराणसी शाखा के सशस्त्र विभाग का प्रभार भी सौंप दिया। उनकी कार्य कुशलता को देखते हुए उन्हें हिन्दुस्तान रिपब्लिकन ऐसोसिएशन की गुप्त बैठकों में आमन्त्रित भी किया जाने लगा।",hin,hin,"[397080.0, 145800.0, 3240.0, 259920.0, 172800.0, 8358480.0, 382320.0, 111600.0, 179280.0, 44640.0, 149760.0, 7200.0, 447480.0, 987120.0, 434520.0]"
"यहां यह तर्क नहीं दिया जा रहा है कि क्रियापदों के बारे में यह दृष्टि ग़लत है, बल्कि यह कि क्रिया का यह गुण इस श्रेणी की परिभाषा के लिए कमज़ोर आधार है, ठीक उसी प्रकार जैसे पहियों की मौजूदगी कार की परिभाषा का एक कमज़ोर आधार है (पहियों वाले हर वाहन, जैसे अधिकांश सूटकेस या जंबो जेट कार नहीं हैं). इसी प्रकार, yellow या difficult जैसे विशेषणों के बारे में यह सोचा जा सकता है कि वे गुणों का उल्लेख कर रहे हैं और outside या upstairs जैसे क्रियाविशेषण स्थान को संदर्भित करते हुए प्रतीत होते हैं, जोकि ऐसी चीज़ों में हैं जिनका संज्ञाएं उल्लेख कर सकती हैं। लेकिन क्रिया, विशेषण और क्रियाविशेषण, संज्ञाएं नहीं हैं और संज्ञाएं क्रिया, विशेषण या क्रियाविशेषण नहीं हैं। इस पर बहस किया जा सकता है कि ये इस तरह की परिभाषाएं वास्तव में वक्ता के संज्ञा, क्रिया और विशेषण के बारे में पूर्व सहज ज्ञान पर है कि वे क्या हैं और, इसमें या इससे ज़्यादा वास्तव में कुछ और नहीं जोड़ते हैं। इनके बारे में वक्ताओं का सहज ज्ञान संभवतः देखने में औपचारिक मानकों पर, यथा ऊपर उल्लिखित अंग्रेज़ी nouns की पारंपरिक व्याकरणिक परिभाषा पर आधारित हो सकता है।",hin,hin,"[188116.0, 84365.0, 5385.0, 165140.0, 141805.0, 4938404.0, 287918.0, 97648.0, 198886.0, 52414.0, 160114.0, 4667.0, 286841.0, 634353.0, 253813.0]"
"मोहम्मद अनवर सूरती (जन्म 15 अगस्त, 1953) एक दक्षिण अफ़्रीकी राजनीतिज्ञ हैं। वर्तमान में वे राष्ट्रपति जैकब ज़ुमा के कैबिनेट में प्रारम्भिक शिक्षा के उपमंत्री हैं। वे अफ़्रीकन नेशनल कांग्रेस नामक राजनैतिक दल के सदस्य हैं।",hin,hin,"[68378.0, 38664.0, 4296.0, 45824.0, 40812.0, 1230804.0, 63366.0, 20406.0, 23270.0, 15394.0, 29356.0, 3938.0, 98450.0, 160384.0, 63724.0]"
"भारतीय कॉफ़ी बोर्ड के आंकड़ों के अनुसार, रोबस्टा और अरेबिका कॉफ़ी का अनुमानित उत्पादन """"2009–10 के मानसून के बाद के समय"""" और """"2010–11 के फूल खिलने के बाद के सीज़न"""" के लिए भिन्न राज्यों में क्रमशः 308000 टन और 289600 टन था। 2010 में भारत में उगाई गयी कॉफ़ी का 70 से 80 प्रतिशत हिस्सा विदेशों में निर्यात किया गया।",hin,hin,"[101031.0, 47124.0, 4998.0, 64617.0, 59976.0, 1897812.0, 99603.0, 30702.0, 49980.0, 21777.0, 49266.0, 1071.0, 117453.0, 219555.0, 102102.0]"
"उसकी बात सुनकर वसु उस कुटिया में गया जहाँ उसके निवास था। वहाँ जाने पर उसने कई अस्थि पं देखे जो उस राजकुमारी से विवाह के प्रयास में खौलते कड़ाह के तेल में कूदकर अपनी जानों से हाथ धो बैठे थे। वसु की हिम्मत जवाब दे गई। वह निराश होकर वहाँ से लौट गया। उसने उसे भुलाने की लाख कोशिश की, पर उसका रूप सोते-जागते, उठते-बैठते- हर आँखों के सामने आ जाता है। उसकी नींद उड़ गई है। उसे खाना-पीना नहीं अच्छा लगता है। अब प्रणान्त कर लेने के सिवा उसके पास कोई चारा नही बचा है।",hin,hin,"[90424.0, 30616.0, 4984.0, 97544.0, 79032.0, 3118204.0, 140976.0, 34532.0, 81168.0, 32396.0, 114632.0, 6052.0, 140976.0, 360984.0, 152368.0]"
"रतनपुरा चुरू से उत्तर पूर्व में 45 किमी और राजगढ़ से 17 किमी दक्षिण पश्चिम दिशा में राष्ट्रीय राजमार्ग 52 (एनएच 52 ) पर स्थित है, चुरू और राजगढ़ दोनों स्टेशन से बस और टैक्सी उपलब्ध है",hin,hin,"[51475.0, 13135.0, 4260.0, 35855.0, 24140.0, 1181795.0, 53250.0, 11715.0, 29465.0, 6390.0, 25915.0, 2485.0, 69935.0, 133125.0, 56090.0]"
"मूल रूप से मैसूर के राजाओं ने दरबार में और त्योहारों के दौरान औपचारिक जुलूस में औपचारिक मीटिंग, और विदेशी गणमान्य व्यक्तियों के साथ बैठक के दौरान पहना, मैसूर पेटा को दर्शाता सांस्कृतिक परंपरा मैसूर और कोडागू जिले के आ गया है। मैसूर विश्वविद्यालय पारंपरिक बाज़ के पारंपरिक पेटा के साथ स्नातक समारोह में इस्तेमाल किया बदल दिया।",hin,hin,"[65136.0, 25488.0, 2832.0, 60180.0, 40710.0, 1854960.0, 96288.0, 32568.0, 38232.0, 7788.0, 49560.0, 708.0, 118590.0, 226560.0, 88854.0]"
"R इतना बड़ा होना चाहिए ताकि D के माध्यम से जाता विद्युत, उपकरण को नष्ट ना कर दे। यदि D के माध्यम से विद्युत I D है, इसका ब्रेकडाउन वोल्टेज V B है और अधिकतम शक्ति अपव्यय P MAX, है तो",hin,hin,"[39889.0, 16238.0, 5295.0, 35653.0, 38124.0, 894855.0, 44125.0, 12708.0, 25769.0, 8472.0, 32123.0, 1059.0, 40948.0, 82602.0, 42360.0]"
"दक्षिण त्रिपुरा जिला भारतीय राज्य त्रिपुरा का एक जिला है। जिले का मुख्यालय उदयपुर (त्रिपुरा) है। ऐतिहासिक दृष्टि से भी यह स्थान काफी महत्वपूर्ण है। त्रिपुरा सुंदरी मंदिर के लिए प्रसिद्ध इस स्थान पर अन्य पर्यटन स्थल जैसे शिव बरी, भुवनेशवरी मंदिर, देवतामुर और तीर्थमुख आदि भी विशेष रूप से प्रसिद्ध है। इस कारण से यह स्थान धार्मिक दृष्टि से काफी से काफी महत्व रखता है। काफी संख्या में पर्यटक यहां आना पसंद करते हैं।",hin,hin,"[95744.0, 27104.0, 2464.0, 61600.0, 44352.0, 2283072.0, 104544.0, 35200.0, 54560.0, 22176.0, 49984.0, 2464.0, 146080.0, 288640.0, 114400.0]"
"माण्डूक्योपनिषद अथर्ववेदीय शाखा के अन्तर्गत एक उपनिषद है। यह उपनिषद संस्कृत भाषा में लिखित है। इसके रचियता वैदिक काल के ऋषियों को माना जाता है। इसमें आत्मा या चेतना के चार अवस्थाओं का वर्णन मिलता है - जाग्रत, स्वप्न, सुषुप्ति और तुरीय। प्रथम दस उपनिषदों में समाविष्ट केवल बारह मंत्रों की यह उपनिषद् उनमें आकार की दृष्टि से सब से छोटी है किंतु महत्व के विचार से इसका स्थान ऊँचा है, क्योंकि बिना वाग्विस्तार के आध्यात्मिक विद्या का नवनीत सूत्र रूप में इन मंत्रों में भर दिया गया है।",hin,hin,"[141102.0, 38961.0, 3861.0, 84591.0, 51246.0, 2864160.0, 138645.0, 35802.0, 69498.0, 31239.0, 45981.0, 63882.0, 170586.0, 378729.0, 122850.0]"
"विकेटकीपर और बल्लेबाज कामरान अकमल अपने घरेलू क्रिकेट मैच लाहौर लॉयन्स, लाहौर ईगल्स के लिए खेलते थे जबकि इंडियन प्रीमियर लीग (आईपीएल) में २००८ के सीजन में ये राजस्थान रॉयल्स के लिए खेले थे।",hin,hin,"[67550.0, 27650.0, 2100.0, 43750.0, 30100.0, 1210650.0, 52500.0, 20300.0, 28350.0, 6650.0, 25550.0, 19950.0, 71750.0, 149100.0, 57750.0]"
"मस्तिष्क के ऊतकों में सूजन, खोपड़ी के अंदर का दबाव बढ़ सकता है, तथा सूजा हुआ मस्तिष्क खोपड़ी के आधार से हर्नियेट कर सकता है। इसको कम होती हुई चेतना के स्तर, प्यूपिलरी प्रकाश प्रतिवर्त में कमी, तथा असामान्य मुद्रा के द्वारा पहचाना जा सकता है। मस्तिष्क के ऊतकों की सूजन के कारण मस्तिष्क के इर्द-गिर्द सीएसएफ़ (CSF) के सामान्य प्रवाह में कमी आ सकती है (हाइड्रोसेफ्लस). दौरे कई कारणों से पड़ सकते हैं; बच्चों में, मेनिन्जाइटिस के प्रारंभिक चरण में दौरे सामान्य हैं (लगभग 30% मामलों में) तथा किसी अंतर्निहित कारण का आवश्यक रूप से संकेत नहीं हैं। दौरे मस्तिष्क के ऊतकों में सूजन तथा मस्तिष्क के दबाव के कारण पड़ते हैं। फोकल दौरे (वे दौरे जिनमें एक हाथ या पैर अथवा शरीर का कोई एक भाग शामिल होता है), निरंतर दौरे, देर से शुरू होने वाले दौरे तथा वे जिन्हें दवाओं से नियंत्रित नहीं किया जा सकता, दीर्घकालिक परिणाम के अच्छे नहीं होने संकेत देते हैं।",hin,hin,"[241508.0, 85156.0, 5584.0, 155305.0, 95277.0, 4427763.0, 236273.0, 62122.0, 158446.0, 36645.0, 114123.0, 44672.0, 277455.0, 641462.0, 221964.0]"
1947 में पाकिस्तान की स्थापना के बाद पूर्वी पंजाब के लिए न्यायालय लाहौर के एक आदेश से एक अलग अदालत गठित और शेष क्षेत्र कि पाकिस्तान में शामिल था वह बदस्तूर न्यायालय लाहौर के अधिकार क्षेत्र में रहा। अतः भारत विभाजन के पश्चात लाहौर उच्च न्यायालय का अधिकारक्षेत्र घट कर केवल पश्चिमी पंजाब तक सीमित रह गया और पूर्वी पंजाब के लिये भारतीय न्यायपालिका के अंतर्गत नई उच्च न्यायालय गठित की गई। और लाहौर उच्च न्यायालय को पाकिस्तानी न्यायपालिका के अंतर्गत ले आया गया।,hin,hin,"[88740.0, 33408.0, 3828.0, 89784.0, 45240.0, 2705700.0, 123192.0, 44892.0, 43500.0, 21576.0, 60552.0, 2436.0, 125280.0, 334776.0, 104400.0]"
"यूनाइटेड किंगडम में, फ़्रेंचाइज़-विशेष कानून नहीं हैं, फ़्रेंचाइज़ के लिए भी वही कानून लागू हैं जो कि अन्य व्यवसायों के लिए. उदाहरणार्थ, फ़्रेंचाइज़ करार नियमित संविदा कानून के तहत तैयार किए जाते हैं और उनका किसी भी आगे के विधान या मार्गदर्शी सिद्धान्तों के अनुरूप होना आवश्यक नहीं है। ब्रिटिश फ़्रेंचाइज़ एसोसिएशन (BFA) के माध्यम से कुछ स्वत-विनियम हैं। फिर भी ऐसे कईं फ़्रेंचाइज़ व्यवसाय हैं जो इसके सदस्य नहीं हैं और कईं व्यवसायों के तथाकथित फ़्रेंचाइज़र इन नियमों का पालन नहीं करते.[कृपया उद्धरण जोड़ें] उद्योग में रूपरेखा रचे जाने की मांग करने वाले अनेक लोग और संगठन हैं ताकि """"काउबॉय"""" फ़्रेंचाइज़ी की संख्या घटाने में मदद मिले और उद्योग की छवि में सुधार आए.",hin,hin,"[201260.0, 64889.0, 3470.0, 150598.0, 78769.0, 3370064.0, 193973.0, 62807.0, 96119.0, 33659.0, 97507.0, 54479.0, 223815.0, 424728.0, 179052.0]"
"The 16th robotic probe to land on the planet was assigned to study the planet's north pole, and the 17th probe was assigned to its south pole. (समग्रतः जातिवाचक संज्ञा का भाव)",hin,hin,"[20414.0, 2768.0, 31486.0, 20414.0, 5536.0, 219710.0, 38752.0, 5190.0, 8304.0, 3806.0, 4844.0, 0.0, 27680.0, 43942.0, 24912.0]"
दक्षिण भारत में लड़कियां अक्सर पारंपरिक कार्यों के दौरान पत्तु पवदै या लन्गा दवनि पहनते हैं। राजस्थान में लड़कियां शादी से पहले (और दृष्टि समाज के कुछ खंड में संशोधन के साथ विवाह के बाद) यह पोशाक पहनता है।,hin,hin,"[45195.0, 20355.0, 3105.0, 40710.0, 28290.0, 1267185.0, 63135.0, 22080.0, 34500.0, 9315.0, 24840.0, 1725.0, 70035.0, 159735.0, 64170.0]"
"क्योंकि वर्तनी-विषयक वर्गीकरण में विभिन्न अस्पष्ट संज्ञानात्मक ढांचे हैं, यह किंचित् मनमाना है, जिसका तात्पर्य है, लोग ऐसे विभिन्न अर्थ लगा सकते हैं जिनमें से कोई भी """"ग़लत"""" ना हो और अस्पष्टता की वजह से वे अपने भिन्न ढांचों को सुगमता से एक दूसरे को वर्णित नहीं कर सकते हैं। लेकिन, पाठक बड़े अक्षरों के अंतर को, अर्थात्, असंगतताओं को पास-पास देखना नापसंद करते हैं। इसलिए, अनेक प्रकाशक स्टाइल गाइड का उपयोग करते हुए फ़्रेमिंग के सुसंगत संचालन को कूटबद्ध करने का प्रयास करते हैं। उदाहरण के लिए, एसोसिएटेड प्रेस का ए.पी. स्टाइलबुक शब्दकोश प्रारूप का उपयोग करता है और उसकी अनेक प्रविष्टियों में वह ए.पी.पत्रकारों और संपादकों को मार्गदर्शन प्रदान करता है कि जातिवाचक और व्यक्तिवाचक भावों के प्रतिच्छेदन के अवसर पर कैसे ए.पी. के पसंदीदा तर्क को सुसंगत तरीक़े से कार्यान्वित कर सकते हैं। उदाहरण के लिए, जब संघीय जांच ब्यूरो का पहले उल्लेख किया जाए, """"Bureau"""" के लिए बड़ा अक्षर प्रयुक्त हो, क्योंकि यह स्पेसिफ़िक डेसिग्नेटर का काम कर रहा है, यानी, वह जातिवाचक संज्ञा है """"जो प्रासंगिक व्यक्तिवाचक संज्ञा का काम कर रहा है।"""" तथापि, परवर्ती उल्लेख, जैसे कि """"the bureau announced …"""", में छोटा अक्षर प्रयोग में लाया जाएगा, क्योंकि शब्द का उपयोग उसके जातिवाचक संज्ञा के भाव में हो रहा है। यही तर्क ocean शब्द के लिए भी लागू होता है। ए.पी. कहता है, """"ocean : The five, from the largest to the smallest: Pacific Ocean, Atlantic Ocean, Indian Ocean, Antarctic Ocean, Arctic Ocean. Lowercase ocean standing alone or in plural uses: the ocean, the Atlantic and Pacific oceans ."""" अमेरिकन मेडिकल एसोसिएशन का ए.एम.ए. मैनुअल ऑफ़ स्टाइल, 10वां संस्करण इसी प्रकार अपने उपयोगकर्ताओं को मार्गदर्शन देता है। उदाहरण के लिए, AMA का स्टाइल है कि level या case या stage जैसे शब्दों के लिए बड़े अक्षर का प्रयोग ना करें, भले ही वे स्पेसिफ़िक-डेसिग्नेटर का कार्य कर रहे हों (उदाहरण के लिए, """"In case 5, the patient was found to have stage IIIA disease"""").",hin,hin,"[485728.0, 123152.0, 20984.0, 298248.0, 219128.0, 7691496.0, 478848.0, 138976.0, 240800.0, 68800.0, 183008.0, 11352.0, 425184.0, 1008264.0, 398008.0]"
"लाहौर उच्च न्यायालय,(उर्दू: عدالت عالیہ لاہور, अदालत-ए आला, लाहौर) लाहौर में स्थित, पंजाब, पाकिस्तान का उच्च न्यायालय है। इसे, बतौर उच्च न्यायालय, 21 मार्च 1919 में स्थापित किया गया था। इसके पार पाकिस्तान के पंजाब सूबे पर न्यायिक अधिकार है। हालाँकि, इस न्यायालय का मुख्य आसन लाहौर है, परंतु साथ ही इसके तीन न्यायचौकियाँ रावलपिंडी, मुल्तान और बहावलपुर में भी स्थित हैं, एवं साथ ही फ़ैसलाबाद, सियालकोट, गुर्जनवाला व डी जी ख़ान में भी नई चौकियाँ खुलने की बात है।",hin,hin,"[271999.0, 60368.0, 5145.0, 140630.0, 75117.0, 2869881.0, 190708.0, 48706.0, 50078.0, 18522.0, 56938.0, 47677.0, 146461.0, 485688.0, 117992.0]"
"छत्तीसगढ़ राज्य विधानसभा चुनाव, २०१३ भारतीय राज्य छत्तीसगढ़ में ११ और १९ नवम्बर २०१३ को हुए विधान सभा चुनाव हैं जिसमें छत्तीसगढ़ की ९० विधानसभा सीटों के लिए मतदान हुआ। इसके परिणाम (मतगणना) ८ दिसम्बर २०१३ को घोषित किये गये।",hin,hin,"[74898.0, 25308.0, 4788.0, 67374.0, 26676.0, 1417932.0, 96102.0, 25650.0, 23940.0, 5472.0, 33174.0, 30780.0, 99864.0, 156636.0, 56772.0]"
"आचार्य चन्द्रजीत गौतम (Acharya Chandrajeet Gautam) का जन्म 20 मार्च सन 1956 को आज़मगढ़ जनपद के """"गोठांव"""" नगर/ग्राम में हुआ था। आपके पिता का नाम चरित्र तथा माता का नाम रताऊ था। आपकी माता का देहांत सन 1988 में ही हो गया था। आपकी पत्नी का नाम कलावती गौतम है। आपके एक पुत्री (सरोज गौतम) और दो पुत्र (बुद्धदीप गौतम और धम्मदीप गौतम) हैं।",hin,hin,"[91047.0, 34100.0, 6479.0, 60698.0, 56265.0, 2121361.0, 97867.0, 13299.0, 46376.0, 17050.0, 40238.0, 8184.0, 121396.0, 227106.0, 86614.0]"
"These input currents generate voltages that act like unmodeled input offsets. These unmodeled effects can lead to noise on the output (e.g., offsets or drift).",eng,hin,"[2380.0, 1020.0, 23120.0, 15640.0, 2720.0, 12920.0, 22780.0, 1020.0, 0.0, 1020.0, 0.0, 1020.0, 13940.0, 14960.0, 17000.0]"
"(तत्कालीन दूरसंचार मंत्री सुखराम द्वारा किए गए इस घोटाले में छापे के दौरान उनके पास से ५.३६ करोड़ रुपए नगद मिले थे, जो जब्त हैं। पर गाजियाबाद में घर (१.२ करोड़ रु.), आभूषण (लगभग १० करोड़ रुपए) बैंकों में जमा (५ लाख रु.) शिमला और मण्डी में घर सहित सब कुछ वैसा का वैसा ही रहा। सूत्रों के अनुसार सुखराम के पास उनके ज्ञात स्रोतों से ६०० गुना अधिक सम्पत्ति मिली थी।)",hin,hin,"[85428.0, 24747.0, 1017.0, 72207.0, 38985.0, 2299776.0, 98310.0, 32205.0, 64071.0, 24747.0, 60681.0, 2373.0, 112887.0, 237639.0, 96276.0]"
"जिंक ब्रोमाइड एक अकार्बनिक यौगिक है। इसका रासायनिक फ़ॉर्मूला ZnBr2 है। यह एक गंधहीन सफ़ेद क्रिस्टलीय ठोस पदार्थ है। इसका प्रयोग फ़ोटोग्राफ़ी, रेयॉन उत्पादन तथा औषधियों में किया जाता है।",hin,hin,"[62530.0, 32110.0, 2704.0, 40560.0, 36842.0, 965328.0, 49010.0, 10140.0, 23998.0, 6422.0, 16224.0, 3380.0, 68952.0, 144664.0, 60840.0]"
"लिवली का जन्म लॉस एंजिल्स में हुआ था तथा अभिनेत्री एलेन एवं अभिनेताएर्नी उनके माता-पिता हैं। उनका पालन-पोषण एक दक्षिणी बपतिस्मा-दाता की तरह हुआ। लिवली पांच भाई-बहनों में सबसे छोटी हैं, उनका एरिक नाम का एक भाई, लोरी और रोबिन नाम की दो सौतेली बहिनें और एक सौतेला भाई जेसन है। उनके माता-पिता एवं सभी भाई-बहन मनोरंजन क्षेत्र से जुड़े हुए हैं। बचपन में उनके माता-पिता उन्हें दाई के साथ नहीं छोड़ना चाहते थे इसीलिए लिवली को अपने साथ उन अभिनय कक्षाओं में ले जाते थे जहां वो अभिनय की शिक्षा दिया करते थे। लिवली बताती हैं कि अपने माता-पिता को अभिनय सिखाते हुए देखने से बढे होने पर उन्हें अभिनय की बारीकियां सीखने एवं आत्मविश्वास पैदा करने में बहुत मदद मिली. लिवली बताती हैं कि बचपन में उनकी माँ सप्ताह में दो बार उन्हें डिजनीलैंड ले जाती थीं जो उनके लिए """"बच्चों के करीब आने के लिए एक अतिरिक्त अवसर"""" की तरह था वहाँ बिताये गए समय के कारण उन्होंने महसूस किया कि जैसे वह डिजनीलैंड में बड़ी हुई हैं।",hin,hin,"[198830.0, 68748.0, 2696.0, 166478.0, 145921.0, 5092744.0, 240955.0, 65041.0, 143225.0, 32352.0, 149965.0, 89642.0, 289146.0, 566497.0, 210625.0]"
"‘ग़बन’ की नायिका, जालपा, एक चन्द्रहार पाने के लिए लालायित है। उसका पति कम वेतन वाला क्लर्क है यद्यपि वह अपनी पत्नी के सामने बहुत अमीर होने का अभिनय करता है। अपनी पत्नी को संतुष्ट करने के लिए वह अपने दफ्तर से ग़बन करता है और भागकर कलकत्ता चला जाता है जहां एक कुंजड़ा और उसकी पत्नी उसे शरण देते हैं। डकैती के एक जाली मामले में पुलिस उसे फंसाकर मुखबिर की भूमिका में प्रस्तुत करती है।",hin,hin,"[78288.0, 26208.0, 3696.0, 63504.0, 43008.0, 2244816.0, 102144.0, 29232.0, 56784.0, 18144.0, 63504.0, 6720.0, 103824.0, 265104.0, 99792.0]"
"अधिक उम्र वाले बच्चे आमतौर पर निएसेरिया मेनिन्जाइटिडिस (मेनिन्जोकॉकस) और स्ट्रेप्टोकॉकस निमोनिया (सेरोटाइप 6, 9, 14, 18 और 23) से और पांच से कम उम्र वाले बच्चे हीमोफिलस इन्फ्लुएन्ज़ा टाइप बी (उन देशों में जो टीकाकरण नहीं उपलब्ध कराते) द्वारा प्रभावित होते हैं।",hin,hin,"[139360.0, 39530.0, 3685.0, 55610.0, 42880.0, 1378860.0, 89445.0, 20770.0, 38860.0, 15745.0, 37855.0, 3685.0, 91120.0, 203345.0, 74035.0]"
"आइनस्टाइन के इस सनसनी फैला देने वाले सिद्धांत का एक बहुत बड़ा प्रमाण रोशनी पर गुरुत्वाकर्षण का असर देखने से आया। न्यूटन की भौतिकी में सिद्धांत था कि दो वस्तुएं एक-दूसरे को दोनों के द्रव्यमान (अंग्रेजी में """"मास"""") के अनुसार खींचती हैं। लेकिन प्रकाश का तो द्रव्यमान होता ही नहीं, यानि शून्य होता है। तो न्यूटन के मुताबिक़ जिस चीज़ का कोई द्रव्यमान या वज़न ही नहीं उसका किसी दूसरी वस्तु के गुरुत्वाकर्षण से खिचने का सवाल ही नहीं बनता चाहे दूसरी वस्तु कितनी भी बड़ी क्यों न हो। प्रकाश हमेशा एक सीधी लकीर में चलता ही रहता है। लेकिन अगर आइनस्टाइन सही है और किसी बड़ी वस्तु (जैसे कि ग्रह या तारा) की वजह से दिक् ही मुड़ जाए, तो रोशनी भी दिक् के मुड़ने के साथ मुड़ जानी चाहिए। यानि ब्रह्माण्ड में स्थित बड़ी वस्तुओं को लेंस का काम करना चाहिए- जिस तरह चश्मे, दूरबीन या सूक्ष्मबीन का लेंस प्रकाश मोड़ता है उसी तरह तारों और ग्रहों को भी मोड़ना चाहिए।",hin,hin,"[195390.0, 70474.0, 3340.0, 146626.0, 110554.0, 4769520.0, 218770.0, 62458.0, 128590.0, 67802.0, 123246.0, 9352.0, 226452.0, 547426.0, 196392.0]"
"राजा धज या रोर कुमार या राय दियाच (सिन्धी भाषा : راجاراءِ ڏياچ‎), सिन्धु राज्य का एक व्यक्ति था जिसकी कथा सिन्ध में आज भी चाव से सुनी-सुनायी जाती है। उसने सोरठ नामक अत्यन्त सुन्दर स्त्री का हरण किया था। राजा धज की कथा आज भी हरियाणा, राजस्थान, गुजरात और सिन्ध में बहुत प्रचलित हैं।",hin,hin,"[91575.0, 29970.0, 3330.0, 50616.0, 36963.0, 1662003.0, 80919.0, 19647.0, 34965.0, 8991.0, 30969.0, 3330.0, 80253.0, 195804.0, 70929.0]"
गतिक क्रमादेशन में एक बड़ी समस्या को सबसे पहले छोटी-छोटी (सरल) उपसमस्याओं के रूप में बदला जाता है। इसके बाद इन सरल समस्याओं को केवल एक बार हल किया जाता है तथा इनके हलों को संगृहीत (स्टोर) कर लिया जाता है। इस काम के लिये स्मृति-आधारित डेटा-स्ट्रक्चर का उपयोग किया जाता है। अगली बार जब भी वही उपसमस्या सामने आती है तो उसको पुनः हल करने के बजाय उसके संगृहीत हल को ले लिया जाता है। इस प्रकार कुछ स्मृति का अतिरिक्त उपयोग करके गणना में लगने वाले समय की बचत की जाती है।,hin,hin,"[88976.0, 28884.0, 2656.0, 82336.0, 63080.0, 2352552.0, 112548.0, 39508.0, 98604.0, 26892.0, 61088.0, 1328.0, 116532.0, 307432.0, 101924.0]"
"इसलिये पेशेवर दिशानिर्देश अनुशंसित करते हैं कि पहली एंटीबायोटिक्स की पहली खुराक के ठीक पहले डेक्सामेथासोन या एक ऐसे ही कॉर्टिकॉस्टिरॉयड दी जाये और इसे चार दिनों तक जारी रखा जाये। ऐसा करने से न्यूमोकॉकल मस्तिष्क ज्वर से पीड़ित लोगो तक ही उपचार के लाभ सीमित रहते हैं, कुछ दिशानिर्देश सुझाव देते हैं कि डेक्सामेथासोन को तब रोक दिया जाना चाहिये यदि मस्तिष्क ज्वर के लिये अन्य कारण पहचाने जायें। संभावित व्यवस्था अतिसक्रिय सूजन का दमन है।",hin,hin,"[146633.0, 44354.0, 5296.0, 89039.0, 43692.0, 2404715.0, 116843.0, 32107.0, 56270.0, 14895.0, 51305.0, 2317.0, 144316.0, 282012.0, 114526.0]"
"प्लास्टिक रीसाइक्लिंग रद्दी या बेकार प्लास्टिक उत्पादों को पुनः प्राप्त करने तथा इस सामग्री को फिर से ऐसे उपयोगी उत्पादों में बदलने की प्रक्रिया है, जो कई बार अपनी मूल अवस्था से बिलकुल अलग होते हैं। उदाहरण के लिए, शीतल पेय पदार्थ की प्लास्टिक की बोतलों को पिघला कर उन्हें प्लास्टिक की कुर्सियों या मेजों के रूप में ढाला जा सकता है। आमतौर पर एक प्लास्टिक का पुनर्नवीनीकरण (रीसाइक्लिंग) समान प्रकार के प्लास्टिक में नहीं किया जाता और पुनर्नवीनीकरण (रीसाइक्लिंग) प्रक्रिया से प्राप्त प्लास्टिक से बने उत्पाद फिर से रीसाइक्लिंग के योग्य नहीं होते.[कृपया उद्धरण जोड़ें]",hin,hin,"[147510.0, 44880.0, 4290.0, 88110.0, 61710.0, 2646270.0, 127380.0, 51150.0, 92070.0, 13200.0, 63360.0, 41910.0, 151470.0, 379170.0, 134310.0]"
(१) पराभव सामर्थ्य (Yield strength) जिस प्रतिबल पर पदार्थ की विकृति प्रत्यास्थ से अप्रत्यास्थ मे बदलने लगती है जिससे पदार्थ में स्थायी विकृति उत्पन्न हो जाती है।,hin,hin,"[35203.0, 9870.0, 3948.0, 20398.0, 18424.0, 750449.0, 36848.0, 7238.0, 25991.0, 13160.0, 11844.0, 987.0, 44415.0, 98700.0, 38493.0]"
नगर निगम की सीमा २८९ वर्ग कि. मी. है। शहरी सीमा के भीतर दो मानव निर्मित झीलें है जो संयुक्त रूप से भोज स्थल के नाम से जानी जाती हैं। बड़ी झील राजा भोज द्वारा निर्मित करवाई गई थी जिसका कुल जल ग्रहण क्षेत्र ३६१ वर्ग कि. मी. है। छोटी झील का निर्माण राजा भोज ने करवाया।,hin,hin,"[47560.0, 13448.0, 1968.0, 45920.0, 37720.0, 1605888.0, 69536.0, 14104.0, 32472.0, 12136.0, 32800.0, 2624.0, 72160.0, 178104.0, 61992.0]"
"न्यूटन का मानना था कि हर वस्तु में अपनी ओर खींचने की एक शक्ति होती है जिसे उसने गुरुत्वाकर्षण (ग्रेविटी) का नाम दिया। पृथ्वी जैसी बड़ी चीज़ में यह गुरुत्वाकर्षण बहुत अधिक होता है, जिससे हम पृथ्वी से चिपके रहते हैं और अनायास ही उड़ कर अंतरिक्ष में नहीं चले जाते। लेकिन यह न्यूटन नहीं बता पाये कि गुरुत्वाकर्षण बल वास्तव में किस प्रकार कार्य करता है और क्यों कार्य करता है।",hin,hin,"[107910.0, 36951.0, 3597.0, 66708.0, 40875.0, 1841010.0, 84039.0, 28449.0, 51993.0, 22236.0, 69978.0, 22890.0, 97446.0, 232824.0, 82404.0]"
"समझ लिया जाना चाहिए[कृपया उद्धरण जोड़ें] कि फ़्रेंचाइज़िंग ही ऐसा एकमात्र साधन है जिसके माध्यम से श्रृंखला के संचालन पर नियंत्रण खोए बगैर उद्यम पूंजी निवेश को प्राप्त किया जा सकता है और अपनी सेवाओं के लिए संवितरण प्रणाली का निर्माण किया जा सकता है। ब्रांड और सूत्र की रचना और निष्पादन के बाद, फ़्रेंचाइज़र फ़्रेंचाइज़ बेच सकते हैं और जोखिम को न्यून करते हुए, अपने 'फ़्रेंचाइज़ी' की पूंजी और संसाधनों का उपयोग करते हुए देश-विदेश और महाद्वीपों में तेज़ी से विस्तार कर सकते हैं।",hin,hin,"[111492.0, 43358.0, 4238.0, 104972.0, 53464.0, 2235382.0, 129422.0, 47270.0, 78566.0, 37490.0, 74002.0, 4890.0, 150612.0, 265364.0, 126162.0]"
तेय़ार कर रहें हैं। उन के काम की सब से बड़ी मुश्किलों में से एक ये है कि श्री मान वलास्केस और सेगोविया किसी पुराने मसले कि वजह से आपस में बातचीत करने से इनकार करते हैं। इस के इलावा श्री मान वलास्केस और सेगोविया आयापानेको कि दो अलेदा बोलियाँ बोलते हैं। डेनिअल सुस्लक के शब्दकोश में दोनों शामिल होंगी।,hin,hin,"[76700.0, 27300.0, 3900.0, 48100.0, 27300.0, 1851200.0, 99450.0, 18200.0, 35100.0, 18850.0, 33150.0, 3250.0, 74425.0, 171925.0, 73775.0]"
"यूनानी गणितज्ञ और दार्शनिक पायथागोरस जो 6 वीं सदी ई. पू. में हुआ था उपनिषदों से परिचित था और उसने अपनी बुनियादी ज्यामिति शुल्व सूत्रों से ही सीखी थी। पायथागोरस के प्रमेय के नाम से प्रसिद्ध प्रमेय का पूर्ण विवरण बौधायन सू़त्र में इस प्रकार मिलता हैः किसी वर्ग के विकर्ण पर बने हुए वर्ग का क्षेत्रफल उस वर्ग के क्षेत्रफल का दुगुना होता है। आयतों से संबंधित ऐसा ही एक परीक्षण भी उल्लेखनीय है। उसके सूत्र में एक अज्ञात राशि वाले एक रेखीय समीकरण का भी ज्यामितीय हल मिलता है। उसमें द्विघात समीकरण के उदाहरण भी हैं। आपस्तम्ब सूत्र जिसमें बौधायन सूत्र के विस्तार के साथ कई मौलिक योगदान भी हैं 2 का वर्गमूल बतलाता है जो दशमलव के बाद पांचवें स्थान तक शुद्ध है। आपस्तम्ब में वृत्त को एक वर्ग में घेरने, किसी रेखा खंड को सात बराबर भाग में बांटने और सामान्य रेखिक समीकरण का हल निकालने जैसे प्रश्नों पर भी विचार किया गया है। छटवीं सदी ई. पू. के जैन ग्रंथों जैसे सूर्य प्रज्ञाप्ति में दीर्घ वृत्त का विवरण दिया गया है।",hin,hin,"[232956.0, 61560.0, 4536.0, 144828.0, 103356.0, 4441392.0, 222588.0, 69012.0, 152280.0, 53460.0, 86508.0, 3240.0, 242352.0, 574776.0, 206064.0]"
"इस तंत्र में श्वासोच्छ्वास क्रिया में काम करनेवाले समस्त अंगों की रचना का वर्णन आता है। इसमें नासा, कंठ, स्वरयंत्र, श्वासनली, श्वसनिका फुप्फुस, फुप्फुसावरण तथा उन पेशियों का, जो श्वासोच्छ्वास क्रिया कराती हैं, वर्णन मिलता है। इस तंत्र द्वारा रुधिर का शोधन होता है। मनुष्य एक मिनट में 16-20 बार श्वास लेता है।",hin,hin,"[115634.0, 20349.0, 5491.0, 64600.0, 39729.0, 1895687.0, 104006.0, 19380.0, 42313.0, 35530.0, 35853.0, 47158.0, 104329.0, 242896.0, 77197.0]"
"पंडित प्रेमनाथ डोगरा का जन्म 23 अक्तूबर, 1894 को समैलपुर गांव में हुआ। समैलपुर गांव जम्मू नगर से 22 किमी. दूर जम्मू-पठानकोट मार्ग से उत्तर में एक प्रसिद्ध गांव है। उनके पिताजी का नाम पं॰ अनन्त राय था। जम्मू-कश्मीर के महाराजा रणवीर सिंह के समय पं. अनंत राय रणवीर गवर्नमेंट प्रेस के अधीक्षक रहे और उसके पश्चात लाहौर में कश्मीर प्रापर्टी के अधीक्षक रहे थे। पंडित जी तब राजा ध्यान सिंह की लाहौर की हवेली में रहते थे। वहीं पं. प्रेमनाथ का बचपन बीता और शिक्षा दीक्षा भी सम्पन्न हुई।",hin,hin,"[147476.0, 32844.0, 3220.0, 84686.0, 61180.0, 2896390.0, 123648.0, 26404.0, 52486.0, 14168.0, 51842.0, 4830.0, 151340.0, 277886.0, 113022.0]"
देश को आजाद हुए अभी महज पाँच महीने ही बीते थे कि मीडिया में पण्डित नेहरू और सरदार पटेल के बीच मतभेदों की खबर आने लगी थी। गान्धी ऐसी खबरें सामने आने से बेहद दुखी थे और वे इसका जवाब देना चाहते थे। वह तो यहाँ तक चाहते थे कि वे स्वयं सरदार पटेल को इस्‍तीफा देने को कह दें ताकि नेहरू ही सरकार का पूरा कामकाज देखें। लेकिन ऐसा नहीं हो सका। उन्‍होंने 30 जनवरी 1948 को पटेल को बातचीत के लिये चार बजे शाम को बुलाया और प्रार्थना खत्‍म होने के बाद इस मसले पर बातचीत करने को कहा। लेकिन नियति को यह मंजूर नहीं था। पटेल अपनी बेटी मणिबेन के साथ तय समय पर गांन्धी के पास पहुँच गये थे। पटेल के साथ मीटिंग के बाद प्रार्थना के लिये जाते समय गान्धी गोडसे की गोलियों का शिकार हो गये।,hin,hin,"[168846.0, 49434.0, 3531.0, 129363.0, 91485.0, 3994203.0, 166599.0, 56817.0, 83460.0, 34026.0, 111387.0, 7704.0, 173019.0, 445548.0, 170451.0]"
तत्कालीन वाणिज्य एवं उद्योग मंत्रालय के सेकरेटरी एस.ए. वेंकटरमन ने एक कंपनी को साइकिल आयात कोटा दिए जाने के बदले में रिश्वत ली। इसके लिए उन्हें जेल जाना पड़ा।,hin,hin,"[53440.0, 11840.0, 3520.0, 27520.0, 23040.0, 916160.0, 40960.0, 14400.0, 23040.0, 8000.0, 21120.0, 3200.0, 49600.0, 96960.0, 38400.0]"
"Sanjay lives on Beach Road. [विशिष्ट सड़क जिसका व्यक्तिवाचक नाम """"Beach Road"""" बड़े अक्षरों में दिया गया है। यह दुनिया में सड़क का एक अनूठा उदाहरण है, हालांकि इसका व्यक्तिवाचक नाम हमारे प्रांत के भीतर ही अद्वितीय है। हमारे पड़ोसी प्रांत में भी Beach Road नामक एक सड़क है।]",hin,hin,"[41470.0, 14993.0, 7656.0, 35728.0, 29348.0, 1177748.0, 67628.0, 17864.0, 30305.0, 13398.0, 31262.0, 1276.0, 63481.0, 144188.0, 51359.0]"
"अंटार्कटिक ग्रीष्म के प्रारंभ में प्रजनन स्थल पानी से मात्र कुछ मीटर की दूरी पर होता है, जहां पेंग्विंन्स खा पी सकते हैं। लेकिन ग्रीष्म के अंत तक प्रजनन स्थल पानी और लेपर्ड सील जैसे शिकारीयों से से १०० किमी दूर हो जाता है। फ़िर भी, संतानोत्पत्ती की प्रक्रिया में हिस्सा ले सकने वाले सारे पेंग्विंन अधिकतर चलते हुए और कभी कभी फ़िलसते हुए अपने प्रजनन स्थल पर पहुंचने का प्रयास करते हैं।",hin,hin,"[82044.0, 28620.0, 4770.0, 63282.0, 41340.0, 1857438.0, 95400.0, 32118.0, 63600.0, 15582.0, 72504.0, 2226.0, 104622.0, 221328.0, 92538.0]"
कहा जाता है कि एक प्रत्यक्ष कर्मचारी की तुलना में फ़्रेंचाइज़ी अधिक प्रोत्साहित होता है क्योंकि व्यापार में उसकी प्रत्यक्ष हिस्सेदारी होती है।,hin,hin,"[27579.0, 14265.0, 3487.0, 26945.0, 12680.0, 655239.0, 33602.0, 7925.0, 19020.0, 5389.0, 22824.0, 951.0, 35187.0, 70374.0, 32334.0]"
"इस प्रकार अब तक, फ़्रेंचाइज़ करार फ़्रेंचाइज़र और फ़्रेंचाइज़ी के बीच एक संविदा है यह संविदा अधिनियम 1872 और विशिष्ट राहत अधिनियम, 1963 द्वारा शासित है जो कि संविदा में नियमों के विशिष्ट प्रवर्तन और संविदा भंग होने पर क्षतिपूर्ति के रूप में समाधान का प्रावधान करता है।",hin,hin,"[68256.0, 29072.0, 4424.0, 68256.0, 31284.0, 1255784.0, 77736.0, 22120.0, 41712.0, 13588.0, 31284.0, 3792.0, 79948.0, 149784.0, 66992.0]"
"मणिपाल में मुख्यालय एक विविध बहु व्यापार समूह, उडुपी जिला, कर्नाटक - उदयवाणी मणिपाल समूह द्वारा प्रवर्तित मणिपाल मीडिया नेटवर्क लिमिटेड द्वारा प्रकाशित किया जाता है।",hin,hin,"[55440.0, 9450.0, 5355.0, 31815.0, 20160.0, 885465.0, 45045.0, 14490.0, 19845.0, 7245.0, 13230.0, 315.0, 63630.0, 104580.0, 36225.0]"
"प्रेम नाथ डोगरा (२४ अक्टूबर १८८४ - २० मार्च १९७२) भारत के एक राजनेता थे। उन्होने जम्मू तथा कश्मीर के भारत में पूर्ण एकीकरण के लिए बहुत कार्य किया। वे भारतीय जनसंघ के अध्यक्ष भी रहे। वे प्रजा परिषद् के पहले अध्यक्ष थे। उन्हे 'शेर-ए-डुग्गर' कहा जाता है। डोगरा की दूरदर्शी सोच का ही परिणाम था कि 'एक विधान, एक निशान और एक प्रधान' की मांग पर आंदोलन का आगाज हुआ। परिणामतः देश, केंद्र और राज्य के बीच मजबूत रिश्ते कायम हुए।",hin,hin,"[155744.0, 32656.0, 3140.0, 69394.0, 58404.0, 2351860.0, 108958.0, 32342.0, 52438.0, 24178.0, 50868.0, 14444.0, 122460.0, 264388.0, 91374.0]"
"सलवार कमीज पंजाब, हरियाणा और हिमाचल प्रदेश में महिलाओं के पारंपरिक वस्त्र है और जो भारत (पंजाब क्षेत्र) के उत्तर-पश्चिमी भाग में सबसे आम है पंजाबी सूट कहा जाता है। पंजाबी सूट भी शामिल है """"छ्रुइदार"""" ' और """"कुर्त"""" पहनावा"""" जो भी दक्षिणी जहां यह """"छ्रुइदार"""" रूप में जाना जाता है भारत में लोकप्रिय है।",hin,hin,"[79502.0, 23788.0, 4069.0, 43507.0, 27231.0, 1621027.0, 80128.0, 20345.0, 32552.0, 7199.0, 37247.0, 2191.0, 79502.0, 168707.0, 62287.0]"
न्यायालय में नाथूराम गोडसे द्वारा दिये गये बयान के अनुसार जिस पिस्तौल से गान्धी जी को निशाना बनाया गया वह उसने दिल्ली में एक शरणार्थी से खरीदी थी।,hin,hin,"[38688.0, 13416.0, 2808.0, 27144.0, 18720.0, 832104.0, 32136.0, 13416.0, 19032.0, 3432.0, 19968.0, 1560.0, 38064.0, 107640.0, 30264.0]"
"गांधी टोपी, एक सफेद रंगीन टोपी खादी का बना भारतीय स्वतंत्रता आंदोलन के दौरान महात्मा गांधी द्वारा लोकप्रिय हुआ था। एक गांधी टोपी पहनने की प्रथा पर आजादी के बाद भी किया गया था और नेताओं और सामाजिक कार्यकर्ताओं के लिए एक प्रतीकात्मक परंपरा बन गया। टोपी गुजरात, महाराष्ट्र, उत्तर प्रदेश और पश्चिम बंगाल जैसे कई राज्यों में इतिहास भर में पहना दिया गया है और अभी भी राजनीतिक महत्व के बिना कई लोगों द्वारा पहना जाता है। २०१३ में, आम आदमी पार्टी, जो घमण्ड से दिखाना गांधी टोपी के साथ """"इ कर रहा हूँ एक आम आदमी के माध्यम से अपने राजनीतिक प्रतीकवाद टोपी आ गया"""" यह लिखा। यह आंशिक रूप से प्रभावित किया गया है द्वारा """"मैं आना हूं"""" टोपी अन्ना हजारे के लोकपाल आंदोलन के दौरान इस्तेमाल किया। दिल्ली विधान सभा चुनाव के दौरान, २०१३, ये टोपियां एक हाथापाई करने के लिए कि गांधी टोपी राजनीतिक लाभ के लिए इस्तेमाल किया जा रहा थे तर्क के आधार पर आम आदमी पार्टी और कांग्रेस कार्यकर्ताओं के बीच का नेतृत्व किया।",hin,hin,"[185978.0, 54425.0, 3732.0, 140261.0, 97654.0, 4072545.0, 207437.0, 73707.0, 84903.0, 27679.0, 117558.0, 5287.0, 224542.0, 493557.0, 189399.0]"
"अंत में फ्रांस और जर्मन के मध्य संधि हो गई जो कि 4 नवम्बर 1911 को सम्पन्न हुई, जिसके अनुसार यह निश्चय हुआ कि मोरक्को पर फ्रांस का संरक्षण पूर्ववत् बना रहे और जर्मनी को फ्रेंच कांगों का आधा प्रदेश प्राप्त हुआ। मोरक्को के प्रश्न पर जर्मनी को मुंह की खानी पड़ी, क्योंकि रूस, फ्रांस और इंगलैंड का त्रिराष्टींय गुट पहले की अपेक्षा अब अधिक दृढ़ तथा स्थाई हो गया था तथा जर्मनी और इंगलैंड के संबंध दिन-प्रतिदिन खराब होने आरंभ हो गए।",hin,hin,"[92690.0, 25420.0, 3720.0, 94550.0, 70370.0, 2113580.0, 100440.0, 35340.0, 58900.0, 14570.0, 49600.0, 3410.0, 116250.0, 241490.0, 96410.0]"
"हिमायत सागर, तेलंगाना, भारत में एक कृत्रिम झील है जो हैदराबाद से 20 किमी दूर है। यह एक और कृत्रिम झील उस्मान सागर के समानांतर है। जलाशय की भंडारण क्षमता के बारे में 3.0 टीएमसी है।",hin,hin,"[79104.0, 17922.0, 6180.0, 32445.0, 30282.0, 944922.0, 48822.0, 13905.0, 21321.0, 11124.0, 16068.0, 927.0, 67053.0, 135033.0, 49749.0]"
"1979 में, डिक्टाफोन को पिट्नी बोएस द्वारा खरीदा गया, लेकिन एक पूर्ण स्वामित्व वाली लेकिन एक स्वायत्त सहायक के रूप में रखा गया। इस अवधि के दौरान डुअल डिस्प्ले वर्ड प्रोसेसर कंपनी को खरीदा गया जो उद्योग में प्रमुख कंपनी वैंग की एक प्रतियोगी थी। पीसी, एमएस डॉस और वर्ड प्रोसेसिंग पैकेजेस जैसे वर्ड परफेक्ट के आगमन से समर्पित वर्ड प्रोसेसर और शाखा को बंद होते पाया गया।",hin,hin,"[62524.0, 28336.0, 3696.0, 64680.0, 44352.0, 1499960.0, 85932.0, 33264.0, 59136.0, 7700.0, 43736.0, 2156.0, 98252.0, 184184.0, 93324.0]"
"इनके अंतर्गत पीयूष ग्रंथि, थाइरॉइड (thyroid), पैराथाइरॉइड, थायमस, अधिवृक्क, पैंक्रिअस (pancreas), अंड ग्रंथि, अथवा डिंब ग्रंथि, तथा पीनिअल (penial) ग्रंथि आती हैं। पीयूष ग्रंथि इन सबकी निदेशक और संचालक है। यह शिरोगुहा में अपने खात में मस्तिष्क के अध रहती है। इसके कई स्राव हैं, जो भिन्न भिन्न कार्य करते हैं। थाइरॉइड, पैराथाइरॉइड ग्रीवा में सामने की ओर स्थित हैं। थायमस हृदय के सामने युवावस्था तक रहती है। अधिवृक्क ग्रंथि वृक्क के ऊपर रहती है। पैंक्रिअस में स्थित लेंगरहैम के द्वीप वस्तुत: अंत:स्रावी ग्रंथियाँ हैं। यह ग्रहणी (duodenum) के घेरे में उदर गुहा के पश्चभाग में रहते हैं। पुरुष में अंड ग्रंथि अंडकोष में तथा स्त्रियों में डिंब ग्रंथि श्रोणि गुहा में रहती है। पीनियल ग्रंथि मस्तिष्क में रहती है।",hin,hin,"[265248.0, 57716.0, 2149.0, 127405.0, 70303.0, 3724831.0, 213672.0, 41752.0, 90258.0, 29472.0, 54032.0, 2763.0, 227180.0, 415064.0, 180823.0]"
"भोपाल प्राचीन नाम भूपाल है भूपाल, भू-पाल भू = भूमि, पाल=दूध। एक दूसरा मत यह है कि एक दूसरा मत यह है कि इस शहर का नाम एक अन्य राजा भूपाल या (भोजपाल गुर्जर) के नाम पर पड़ा।",hin,hin,"[23256.0, 11934.0, 2754.0, 27234.0, 17748.0, 1021122.0, 49878.0, 12240.0, 18972.0, 3978.0, 16524.0, 2448.0, 52938.0, 153000.0, 41922.0]"
"Note: Multiwalled carbon nanotubes have the highest tensile strength of any material yet measured, with labs producing them at a tensile strength of 63 GPa, still well below their theoretical limit of 300 GPa. The first nanotube ropes (20 mm long) whose tensile strength was published (in 2000) had a strength of 3.6 GPa, still well below their theoretical limit. The density is different depending on the manufacturing method, and the lowest value is 0.037 or 0.55(solid).",ita,hin,"[70455.0, 1525.0, 58560.0, 76250.0, 8235.0, 39345.0, 132675.0, 2135.0, 610.0, 5185.0, 1525.0, 1830.0, 35380.0, 91805.0, 47275.0]"
"डिक्टाफोन का शुरूआती विकास, वोल्टा लेबोरेटरी में हुआ, इसकी स्थापना 1881 में वाशिंगटन, डी.सी. में अलेक्जेंडर ग्राहम बेल द्वारा की गई थी। जब प्रयोगशाला द्वारा ध्वनि रिकॉर्डिंग का आविष्कार पर्याप्त विकसित हो गया तब बेल और उनके साथियों ने वोल्टा ग्राफोफोन कंपनी का निर्माण किया जिसका बाद में अमेरिकी ग्राफोफोन कंपनी के साथ विलय हुआ और बाद में कोलंबिया रिकॉर्ड्स के रूप में विकसित हुई।",hin,hin,"[109440.0, 45600.0, 5168.0, 72656.0, 52288.0, 1684768.0, 106400.0, 32832.0, 48640.0, 21584.0, 48640.0, 35872.0, 113696.0, 205504.0, 90592.0]"
गबन प्रेमचंद द्वारा रचित उपन्यास है। ‘निर्मला’ के बाद ‘गबन’ प्रेमचंद का दूसरा यथार्थवादी उपन्यास है। कहना चाहिए कि यह उसके विकास की अगली कड़ी है। ग़बन का मूल विषय है - 'महिलाओं का पति के जीवन पर प्रभाव'।,hin,hin,"[47571.0, 21513.0, 2727.0, 32118.0, 22119.0, 1167459.0, 56661.0, 12726.0, 34845.0, 6666.0, 26361.0, 3030.0, 65751.0, 141501.0, 48177.0]"
मानवतावादी मनोविज्ञान (Humanistic psychology) एक मनोवैज्ञानिक दृष्टिकोण है २०वीं शताब्दी के मध्य में प्रसिद्ध हुआ। यह सिद्धान्त सिग्मुंड फ़्रोइड के मनोविश्लेषण सिद्धान्त तथा बी एफ स्किनर के व्यवहारवाद के जवाब में सामने आया।,hin,hin,"[74896.0, 15704.0, 4530.0, 34126.0, 26878.0, 913248.0, 46508.0, 14798.0, 24462.0, 4228.0, 10268.0, 2416.0, 59192.0, 138316.0, 44092.0]"
"परंतु इन तीनों अवस्थाओं के परे आत्मा का चतुर्थ पाद अर्थात् तुरीय अवस्था ही उसक सच्चा और अंतिम स्वरूप है जिसमें वह ने अंत: प्रज्ञ है, न बहिष्प्रज्ञ और न इन दोनों क संघात है, न प्रज्ञानघन है, न प्रज्ञ और न अप्रज्ञ, वरन अदृष्ट, अव्यवहार्य, अग्राह्य, अलक्षण, अचिंत्य, अव्यपदेश्य, एकात्मप्रत्ययसार, शांत, शिव और अद्वैत है जहाँ जगत्, जीव और ब्रह्म के भेद रूपी प्रपंच का अस्तित्व नहीं है (मंत्र 7)",hin,hin,"[136353.0, 21973.0, 4214.0, 58093.0, 46053.0, 2102485.0, 114380.0, 21371.0, 33411.0, 27692.0, 26488.0, 4515.0, 138761.0, 231770.0, 90902.0]"
"अलाय वादी की परिस्थितियाँ यहाँ बसने वालों के लिए काफ़ी कठिन हैं। यहाँ से गुज़रे एक यात्री ने इस वादी का ब्यौरा देते हुए कहा कि 'बिना नौकरियों के, कठोर सर्दियों और खेती के लिए ख़राब हालत में यहाँ जीवन बहुत मुश्किल है और यहाँ के अधिकतर पुरुष अन्य जगहों पर काम ढूँढने जा चुके हैं'।",hin,hin,"[61200.0, 25200.0, 3600.0, 43500.0, 23100.0, 1596600.0, 71100.0, 15300.0, 39600.0, 10800.0, 50700.0, 1500.0, 78300.0, 186000.0, 62400.0]"
"पूरे एक वर्ष के समय में पृथ्वी ९४ x १०७ किलोमीटर लंबी दीर्घवृत्ताकार कक्षा पर सूर्य की परिक्रमा करती है। इस दीर्घवृत्त के फोकसों में से एक पर सूर्य की स्थिति होती है। जनवरी में निकटतम अनुसूर्यविंदु (perihelion) से होकर गुजरते समय पृथ्वी लगभग ५x १०६ किलोमीटर सूर्य के निकट पहुँच जाती है। यह सूर्य के निकटतम पृथ्वी की स्थिति है। जुलाई और जनवरी में पृथ्वी सूर्य से क्रमश: लगभग १५१x १०६ किलोमीटर और १४६x १०६ किलोमीटर दूरी पर रहती है। भूकक्षा सूर्य से गुजरनेवाले समतल में तो स्थित है, किंतु भू-अक्ष इस समतल पर लंब नहीं है, अपितु वह इस समतल से २३.५ डिग्री का कोण बनाता है। परिक्रमा की प्रत्येक स्थिति में भू-अक्ष पूर्ववर्ती और परवर्ती स्थिति के समांतर होता है। सूर्य के चारों ओर पृथ्वी की वार्षिक गति के कारण खगोल (celestial sphere) में २१ जून को सौर अवनमन २३.५ डिग्री उत्तर, २१ मार्च को ० डिग्री, २१ दिसम्बर को २३.५ डिग्री दक्षिण और २३ सितंबर को पुन: ० डिग्री होता है। पृथ्वी के उत्तरी या दक्षिणी ध्रुवों में से एक विभिन्न मासों में सूर्य की ओर और दूसरा सूर्य से परे झुका होता है। इसके कारण पृथ्वी के दैनिक परिभ्रमण के साथ विषुव प्रदेश को छोड़ अन्य सभी स्थानों पर विभिन्न महीनों में दिवालोक की अवधि बदलती रहती है।",hin,hin,"[451789.0, 49036.0, 3887.0, 169234.0, 110032.0, 5014529.0, 268502.0, 70265.0, 204815.0, 45448.0, 110032.0, 4784.0, 316940.0, 646438.0, 236210.0]"
"(२) 1898 ई. में वह दूसरी बार कुन्तुन्तुनिया गया और टर्की के सुल्तान से भेंट करने के उपरांत जैरूसलम गया और वहां से दमिश्क गया। दमिश्क के एक भाषण में उसने मुसलमानों को यह आश्वासन दिया कि जर्मन सम्राट सदा उनका मित्र रहेगा। उसके भाषण ने समस्त यूरोपीय राष्ट्रों को चिन्ता में डाल दिया, क्योंकि संसार के अधिकांश मुसलमान विभिन्न यूरोपीय देशों की प्रजा के रूप में रहते थे।",hin,hin,"[64368.0, 22946.0, 3576.0, 58110.0, 41124.0, 1775186.0, 85824.0, 31886.0, 43508.0, 12516.0, 47978.0, 1192.0, 94466.0, 210388.0, 79566.0]"
"भारत में कॉफी प्रसंस्करण दो विधियों से किया जाता है, एक सूखा प्रसंस्करण और दूसरा गीला प्रसंस्करण. सूखे या शुष्क प्रसंस्करण में इसे पारंपरिक रूप से धूप में सुखाया जाता है, यह इसके फ्लेवर को बेहतर बनाने के लिए एक उपयुक्त तरीका है। गीले प्रसंस्करण में, कॉफ़ी के बीन्स में किण्वन करके इन्हें धोया जाता है, पैदावार बढ़ाने के लिए इस तरीके को अधिक प्राथमिकता दी जाती है। गीले प्रसंस्करण में खराब बीजों को अलग करने के लिए सफाई की जाती है। इसके बाद भिन्न किस्मों और आकारों के बीन्स को मिलाया जाता है ताकि सर्वश्रेष्ठ फ्लेवर प्राप्त किया जा सके. अगली प्रक्रिया में इसे रोस्टर या निजी रोस्टर के माध्यम से भुना जाता है। इसके बाद भुनी हुई कॉफ़ी को उपयुक्त आकार दिया जाता है।",hin,hin,"[119691.0, 40392.0, 3267.0, 101574.0, 78705.0, 2932875.0, 151173.0, 49302.0, 93258.0, 35640.0, 86427.0, 3861.0, 176715.0, 338877.0, 154440.0]"
"कॉफी अनुसंधान और विकास के प्रयास भारत में काफी संगठित तरीके से किये जाते हैं। ये प्रयास कॉफ़ी अनुसंधान संस्थान के द्वारा किये जाते हैं। जिसे दक्षिणी पूर्वी एशिया में प्रमुख अनुसंधान केंद्र माना जाता है। यह एक स्वायत्त निकाय कॉफ़ी बोर्ड ऑफ़ इण्डिया के तहत काम करता है। जिस पर वाणिज्य और उद्योग मंत्रालय, भारत सरकार का नियंत्रण है। जिसकी स्थापना संसद के एक अधिनियम के द्वारा की गयी थी। इसका उद्देश्य है भारतीय कॉफ़ी का विकास, विस्तार, इसकी गुणवत्ता में सुधार, विपणन की जानकारी और घरेलू एवं बाहरी स्तर पर इसे बढ़ावा दिया जाना. इसे कॉफ़ी के बागानों के बीच कर्नाटक के के चिक्कामगलुर जिले में बेलेहोनर के पार स्थापित किया गया है। इस संस्थान की स्थापना से पहले कोप्पा में 1915 में एक अस्थायी अनुसंधान इकाई की स्थापना की गयी। ताकि पर्ण रोगों के द्वारा फसल को होने वाले नुक्सान के लिए समाधान निकाला जा सके. इसके बाद 1925 में तत्कालीन मैसूर की सरकार के द्वारा क्षेत्रीय अनुसंधान स्टेशन की स्थापना की गयी, जिसे """"मैसूर कॉफ़ी एक्सपेरिमेंटल स्टेशन"""" नाम दिया गया। इसे कॉफ़ी बोर्ड को सौंप दिया गया जिसका गठन 1942 में किया गया था और स्टेशन पर अनुसंधान की शुरुआत 1944 में हुई. भारत में कॉफ़ी अनुसंधान के संस्थापक का श्री डॉक्टर एल सी कोलेमन को दिया जाता है। भारत का कॉफी बोर्ड एक स्वायत्त निकाय है, जो वाणिज्य और उद्योग मंत्रालय, भारत सरकार के अधीन कार्य करता है। यह बोर्ड भारत में कॉफ़ी के एक मित्र, दार्शनिक और गाइड का काम करता है। इसकी स्थापना वर्ष 1942 में भारतीय संसद के एक अधिनियम के द्वारा की गयी थी। यह बोर्ड भारतीय कॉफ़ी के अनुसंधान, विकास, विस्तार, गुणवत्ता में सुधार, विपणन जानकारी और घरेलू एवं बाहरी पदोन्नति पर फोकस करता है।",hin,hin,"[378880.0, 108040.0, 4736.0, 389832.0, 142672.0, 7219144.0, 545824.0, 107448.0, 169016.0, 85840.0, 148888.0, 140008.0, 413216.0, 903096.0, 310504.0]"
"इस फ़िल्म का निर्माण 3 नवंबर 2014 को नई दिल्ली में शुरू हुआ। दूसरे हिस्से का निर्माण एनडी स्टूडियोज़, कर्जत में हुआ। तीसरा हिस्सा मांडवा, राजस्थान में बना। 7 जनवरी 2015 में करीना को एक बच्चे के साथ मांडवा के किले के ऊपर क्रिकेट खेलते हुए देखा गया।10 जनवरी 2015 को सलमान ने राजस्थान के झुंझुनू जिले में स्कूली बच्चों के साथ शूट किया।",hin,hin,"[65785.0, 38645.0, 2655.0, 58410.0, 29205.0, 1739615.0, 83485.0, 23010.0, 43955.0, 7670.0, 43955.0, 3835.0, 94400.0, 186145.0, 74045.0]"
इसके बाद अकमल ने अपने एक दिवसीय अंतर्राष्ट्रीय क्रिकेट कैरियर की शुरुआत भी जल्द ही २३ नवम्बर २००२ को ज़िम्बाब्वे के ही खिलाफ की थी। अकमल ने अपने वनडे क्रिकेट में अब तक अप्रैल २०१७ तक १५७ मैचों में ३२३६ रन बना चुके हैं जिसमें ५ शतक भी शामिल है। ये पाकिस्तान के सबसे उभरे हुए विकेट-कीपर जाने जाते है।,hin,hin,"[82614.0, 21462.0, 1764.0, 58800.0, 44982.0, 1637874.0, 86730.0, 26166.0, 31752.0, 9996.0, 32046.0, 1764.0, 81144.0, 162876.0, 74676.0]"
"शब्द अँगरखा संस्कृत शब्द अँगरखासक, जिसका शरीर की रक्षा के अर्थ से ली गई है। अँगरखा में विभिन्न भागों भारतीय उपमहाद्वीप के, लेकिन बुनियादी कट ही, शैलियों और लंबाई क्षेत्र के लिए क्षेत्र से विविध बने रहे, जबकि पहना था। अँगरखा एक पारंपरिक ऊपरी परिधान जो पर अधिव्याप्त हो और करने के लिए बाएँ या दाएँ कंधे से बंधा रहे हैं भारतीय उपमहाद्वीप में पहना जाता है। ऐतिहासिक दृष्टि से, अँगरखा एक अदालत संगठन है कि एक व्यक्ति खुद को, समुद्री मील और संबंध प्राचीन भारत के विभिन्न रियासतों में पहनने के लिए उपयुक्त के साथ लचीला आराम की पेशकश के आसपास लपेट सकता था।",hin,hin,"[87900.0, 33695.0, 4102.0, 76766.0, 46001.0, 2431021.0, 146793.0, 35160.0, 48052.0, 7911.0, 65925.0, 2051.0, 148258.0, 276592.0, 132436.0]"
"वर्ष 2011-12 और 2012-13 में उत्कृष्ट प्रदर्शन के लिए भारत के सबसे बड़े पनबिजली स्टेशन, नाथपा झाकड़ी को क्रमश: कांस्य व रजत शील्ड से पुरस्कृत किया गया। ये प्रतिष्ठित पुरस्कार केंद्रीय बिजली राज्य मंत्री श्री ज्योतिरादित्य सिंधिया ने 4 फ़रवरी 2014 को सतलुज जल विद्युत निगम लिमिटेड (एसजेवीएनएल) के सीएमडी श्री आर. पी. सिंह और श्री संजीव सूद, महाप्रबंधक (एनजेएचपीएस) को प्रदान किए।",hin,hin,"[88184.0, 28616.0, 7008.0, 68620.0, 33872.0, 1818284.0, 87600.0, 22484.0, 37960.0, 11680.0, 41172.0, 7008.0, 124392.0, 188632.0, 82928.0]"
"कॉर्टिकॉस्टरॉयड (आमतौर पर डेक्सामीथेनोस) के साथ सहायक उपचार ने कुछ लाभ दर्शाये हैं जैसे कि बहरेपन में कमीं और बेहतर लघु अवधि न्यूरोलॉजिकल परिणाम लेकिन ऐसे किशोरों और वयस्कों में जो ऐसे उच्च आय देश से आते हैं जहां पर AIDS की दर कम है। कुछ शोधों में पता चला है कि मृत्यु की दर कम होती है जबकि अन्य में ऐसा नहीं पता चला है। वे उन लोगों में लाभदायक दिखते हैं जिनको ट्यूबरकलोसिस मस्तिष्क ज्वर हुआ हो, कम से कम वे मामले जिनमें HIV नकारात्मक रहा है।",hin,hin,"[71877.0, 38412.0, 4656.0, 72168.0, 47433.0, 2115570.0, 106506.0, 29973.0, 47433.0, 14841.0, 45978.0, 2910.0, 131532.0, 240948.0, 94575.0]"
"शिव बरी मंदिर उदयपुर शहर में स्थित है। पीठमाला के अनुसार, यह त्रिपुरेश भैरव का निवास स्थान है। इसके अतिरिक्त मंदिर के भीतर एक शिवलिंग भी है। इस मंदिर का निर्माण महाराजा धन्य माणिक्य ने करवाया था। मंदिर का प्रवेश द्वार पश्चिम दिशा की ओर है। सन् 1651 ई. में मंदिर का महाराजा कल्याण माणिक्य द्वारा पुनर्निर्माण करवाया गया। और वर्तमान समय में महाराजा राधा किशोर माणिक्य द्वारा इनकी मरम्मत करवाई गई।",hin,hin,"[75110.0, 21170.0, 3770.0, 61190.0, 45820.0, 2036960.0, 96570.0, 32190.0, 35670.0, 23200.0, 35960.0, 3770.0, 120640.0, 200970.0, 89610.0]"
"CSF नमूने का परीक्षण श्वेत रक्त कोशिकाओं, लाल रक्त कोशिकाओं, प्रोटीन मात्रा और ग्लूकोस स्तर की उपस्थिति व प्रकार के लिये किया जाता है। नमूने की ग्राम स्टेनिंग बैक्टीरिया जनित मस्तिष्क ज्वर में बैक्टीरिया प्रदर्शित कर सकता है, लेकिन बैक्टीरिया की अनुपस्थिति बैक्टीरिया जनित मस्तिष्क ज्वर की संभावना को निष्कासित नहीं करती है क्योंकि वे सिर्फ 60% मामलों में दिखते हैं; यदि नमूना लिये जाने के पहले एंटीबायोटिक्स दिये गये थे तो यह आंकड़ा 20% तक और कम हो जाता है। ग्राम स्टेनिंग भी लिस्टेरियोसिस जैसे संक्रमणों में कम विश्वसनीय है। माइक्रोबायोलॉजिकल कल्चर का नमूना अधिक संवेदनशील होता है (यह 70–85% मामलों में जीवों को पहचान लेता है) लेकिन परिणाम उपलब्ध होने में 48 घंटे तक का समय लगता है। रक्त कोशिकाओं का अधिक उपस्थित प्रकार (तालिका देखें) संकेत करता है कि क्या मस्तिष्क ज्वर बैक्टीरिया (आम तौर पर न्यूट्रोफिल-प्रीडॉमिनेंट) जनित है या वायरस (आमतौर पर लिम्फोसाइट-प्रीडॉमिनेंट) जनित, हलांकि रोग की शुरुआत में यह हमेशा विश्वसनीय संकेतक नहीं होता है। कम सामान्य मामलों में स्नोफिल प्रबलता दूसरे कारणों के साथ परजीवी या फंफूंद के कारण होने का सुझाव देती है।",hin,hin,"[267325.0, 107219.0, 6358.0, 177157.0, 111843.0, 4492794.0, 240159.0, 60979.0, 159239.0, 57511.0, 83232.0, 21097.0, 277151.0, 636378.0, 225131.0]"
"ऐसा लगता है कि महामारी मस्तिष्क ज्वर तुलनात्मक रूप से एक नया तथ्य है। पहला प्रमुख प्रकोप जो दर्ज किया गया था वह 1805 में जेनेवा में था। यूरोप तथा यूनाइटेड स्टेट्स में इसके तुरंत बाद कई अन्य महामारियां बतायी गयीं और अफ्रीका में किसी महामारी की पहली रिपोर्ट 1840 में जारी हुयी। अफ्रीकी महामारी 20वीं शताब्दी में अधिक आम हो गयी, जिसमें 1905-08 में नाइजीरिया और घाना में फैली महामारी से शुरुआत हुयी।",hin,hin,"[127872.0, 37440.0, 4896.0, 120672.0, 67968.0, 1785600.0, 144864.0, 32832.0, 36864.0, 25632.0, 55872.0, 44064.0, 126432.0, 285120.0, 95616.0]"
"1908 ई . टर्की में एक आन्दोलन हुआ जो युवा तुर्क आन्दोलन के नाम से प्रसिद्ध है। शीघ्र ही आस्ट्रिया ने बॉस्निया तथा हर्जेगोविना अधिकार कर लिया। सर्बिया यह सहन नहीं कर सका और उसने युद्ध की तैयारी करना आरंभ कर दिया। उसको यह आशा थी कि आस्ट्रिया तथा जर्मनी के विरूद्ध रूस और इंगलैंड उसकी सहायता करने की उद्यत हो जायेंगे किन्तु रूस की अभी ऐसी स्थिति नहीं थी। आस्ट्रिया ने सर्बिया के साथ बड़ा कठोर व्यवहार किया जिसके कारण युद्ध का होना अनिवार्य सा दिखने लगा, किन्तु जब जर्मनी ने स्पष्ट घोषणा कर दी कि यदि रूस सर्बिया की किसी प्रकार से सहायता करेगा, तो वह युद्ध में आस्ट्रिया की पूर्ण रूप से सहायता करने को तैयार है। इस प्रकार युद्ध टल गया। इस समय रूस में इतनी शक्ति नहीं थी कि वह जर्मनी और आस्ट्रिया की सम्मिलित सेवाओं का सफलतापूर्वक सामना कर सकता। रूस को बाध्य होकर दब जाना पड़ा और जर्मन राजनीति बालकन प्रायद्वीप में सफल हुई।",hin,hin,"[154693.0, 49651.0, 5740.0, 123697.0, 119966.0, 3619070.0, 179949.0, 64862.0, 93275.0, 36736.0, 102172.0, 4879.0, 194586.0, 486752.0, 180523.0]"
"प्रोफ़ेसर महावीर सरन जैन ने अपने """" हिन्दी एवं उर्दू का अद्वैत """" शीर्षक आलेख में हिन्दी एवं उर्दू की भाषिक एकता का प्रतिपादन किया है साथ ही हिन्दी साहित्य एवं उर्दू साहित्य के अलगाव के कारणों को भी स्पष्ट किया है। प्रोफ़ेसर जैन के अनुसार """" हिन्दी-उर्दू के 'ग्रामर' में कोई अन्तर नहीं है। अपवादस्वरूप सम्बन्धकारक चिन्ह तथा बहुवचन प्रत्यय को छोड़कर। हिन्दी की उपभाषाओं, बोलियों, व्यवहारिक हिन्दी, मानक हिन्दी में बोला जाता है- 'ग़ालिब का दीवान'। उर्दू की ठेठ स्टाइल में कहा जाएगा - ' दीवाने ग़ालिब '। (अब दैनिक हिन्दी समाचार पत्रों में इस प्रकार के प्रयोग धड़ल्ले से हो रहे हैं।) हिन्दी में 'मकान' का अविकारी कारक बहुवचन वाक्य में 'मकान' ही बोला जाएगा। 'उसके तीन मकान'। उर्दू में 'मकान' में 'आत' जोड़कर बहुवचन प्रयोग किया जाता है - 'मकानात'। विकारी कारक बहुवचन वाक्य में प्रयोग होने पर हिन्दी-उर्दू में 'ओं' जोड़कर 'मकानों' ही बोला जाएगा। 'मकानों को गिरा दो ' - यह प्रयोग हिन्दी में भी होता है तथा उर्दू में भी। कुछ शब्दों का प्रयोग हिन्दी में स्त्रीलिंग में तथा उर्दू में पुल्लिंग में होता है। हिन्दी में ' ताज़ी ख़बरें ' तथा उर्दू में 'ताज़ा ख़बरें '। इस प्रकार का अन्तर 'पश्चिमी-हिन्दी' तथा 'पूर्वी-हिन्दी' की उपभाषाओं में कई शब्दों के प्रयोग में मिलता है। इनको छोड़कर हिन्दी-उर्दू का ग्रामर एक है। चूँकि इनका ग्रामर एक है इस कारण हिन्दी-उर्दू भाषा की दृष्टि से एक है। इसलिए बोलचाल में दोनों में फ़र्क नहीं मालूम पड़ता।",hin,hin,"[230230.0, 108108.0, 2860.0, 189618.0, 106392.0, 7067346.0, 354640.0, 86658.0, 183326.0, 55198.0, 109538.0, 5720.0, 354354.0, 918060.0, 302016.0]"
एरनाकुलम दक्षिण-अलाप्पुझा तटीय रेलवे लाइन का उद्घाटन 16 अक्टूबर 1989 को किया गया था। 1992 में इस रेलवे लाइन को कायमकुलम में बढ़ा दिया गया था।,hin,hin,"[68970.0, 19950.0, 5415.0, 31635.0, 20235.0, 820515.0, 42750.0, 9975.0, 22515.0, 6270.0, 21660.0, 5415.0, 62985.0, 108015.0, 45030.0]"
"संज्ञा और संज्ञा वाक्यांशों को आम तौर पर he, it, which और those जैसे सर्वनाम द्वारा प्रतिस्थापित कर सकते हैं, ताकि दोहराव या सुस्पष्ट पहचान के परिहार, या अन्य किसी कारण से. उदाहरण के लिए, Janet thought that he was weird वाक्य में शब्द he सर्वनाम है, जो प्रश्नाधीन व्यक्ति के नाम की जगह पर मौजूद है। अंग्रेज़ी शब्द one और संज्ञा वाक्यांशों के हिस्सों की जगह ले सकता है, यह कभी-कभी संज्ञा के लिए मौजूद होता है। एक उदाहरण नीचे दिया गया है:",hin,hin,"[71284.0, 23856.0, 6816.0, 53676.0, 52256.0, 1506052.0, 91164.0, 32092.0, 60776.0, 14200.0, 45156.0, 38340.0, 83496.0, 227484.0, 86052.0]"
"जामा जो मुगल काल के दौरान लोकप्रिय था एक लंबे कोट है। जामा वेशभूषा जो १९ वीं सदी ई. के अंत तक उतरना करने के लिए जो का उपयोग शुरू किया, दक्षिण एशिया के विभिन्न क्षेत्रों में पहना रहे थे के कई प्रकार होते हैं। हालांकि, पुरुष कच्छ के कुछ हिस्सों में अभी भी जामा रूप में भी जाना जाता अँगरखा जो स्कर्ट जगमगाता हुआ आउट करने के लिए कमर के चारों ओर के साथ एक असममित खोलने की है पहनते हैं। हालांकि, कुछ शैलियों घुटनों से नीचे करने के लिए आते हैं।",hin,hin,"[70184.0, 24055.0, 2830.0, 57732.0, 46129.0, 1952134.0, 101031.0, 29998.0, 37922.0, 15848.0, 51506.0, 1981.0, 99050.0, 197251.0, 102729.0]"
"जैन समुच्चय सिद्धांत संभवतः जैन ज्ञान मीमांसा के स्यादवाद के समानान्तर ही उद्भूत हुआ जिसमें वास्तविकता को सत्य की दशा-युगलों और अवस्था-परिवर्तन युगलों के रूप में वर्णित किया गया है। अनुयोगद्वार सूत्र घातांक नियम के बारे में एक विचार देता है और इसे लघुगणक की संकल्पना विकसित करने के लिए उपयोग में लाता है। लॉग आधार 2, लाग आधार 3 और लाग आधार 4 के लिए क्रमशः अर्ध आछेद, त्रिक आछेद और चतुराछेद जैसे शब्द प्रयुक्त किए गये हैं। षट्खण्डागम में कई समुच्चयों पर लागरिथमिक फंक्शन्स आधार 2 की क्रिया, उनका वर्ग निकालकर, उनका वर्गमूल निकालकर और सीमित या असीमित घात लगाकर की गई हैं। इन क्रियाओं को बार बार दुहराकर नये समुच्चय बनाये गये हैं। अन्य कृतियों में द्विपद प्रसार (binomial expansion) में आने वाले गुणकों का संयोजनों की संख्या से संबंध दिखाया गया है। चूंकि जैन ज्ञान मीमांसा में वास्तविकता का वर्णन करते समय कुछ अंश तक अनिश्चयता स्वीकार्य है। अतः अनिश्चयात्मक समीकरणों से जूझने में और अपरिमेय संख्याओं का निकटतम संख्यात्मक मान निकालने में वह संभवतया सहायक हुई।",hin,hin,"[225318.0, 48222.0, 3384.0, 143538.0, 78396.0, 4211670.0, 228420.0, 69936.0, 144102.0, 26226.0, 80652.0, 7050.0, 213192.0, 519444.0, 173994.0]"
"यह शब्द लैटिन के nomen से व्युत्पन्न है, जिसका अर्थ है नाम . संज्ञा जैसे शब्द वर्गों को सबसे पहले संस्कृत वैयाकरण [[|Pāṇini]] तथा डायनाइसियोस थ्रैक्स जैसे प्राचीन यूनानियों ने वर्णित किया और उनके रूपविधान गुणों के संदर्भ में उनकी परिभाषा दी गई। उदाहरण के लिए, प्राचीन ग्रीक में, संज्ञा व्याकरणिक कारक के लिए क्रियारूप प्रस्तुत करते हैं, जैसे संप्रदान कारक या कर्म कारक.",hin,hin,"[79523.0, 38216.0, 1405.0, 54795.0, 68564.0, 1360040.0, 76994.0, 28943.0, 36530.0, 7306.0, 33720.0, 37373.0, 90482.0, 213560.0, 83176.0]"
"निम्नलिखित अमेरिकी सूची में 2004 के आंकड़ों से उपलब्ध, उप - फ़्रेंचाइज़ (या भागीदार) की संख्या को सम्मिलित कर प्रमुख फ़्रेंचाइज़ के 2010 का शुरुआती वरीयता क्रम दिया गया है। फ़्रेंचाइज़ के नामों से पता चलेगा कि फ़्रेंचाइज़िंग नवप्रवर्तन में अमेरिका अग्रणी है, उसने अपनी यह स्थिति 1930 के दशक से बरकरार रखी है जब पहली मंदी के दौरान फास्ट फ़ूड रेस्त्रां, भोजनालय और उसके कुछ अरसे बाद सराय की फ़्रेंचाइज़िंग शुरू की. फ़्रेंचाइज़िंग व्यवसाय का ऐसा मॉडल है जिसका प्रयोग 70 से अधिक उद्योगों में किया जाता है जिससे अमेरिका में 1 ट्रिलियन $ से अधिक सालाना बिक्री (2001 का अध्ययन) होती है।[कृपया उद्धरण जोड़ें] 2001 में संयुक्त राज्य अमेरिका में 767,483 प्रतिष्ठानों में फ़्रेंचाइज़ व्यवसाय चला जिसमें फ़्रेंचाइज़ी के स्वामित्व वाले और फ़्रेंचाइज़र के स्वामित्व वाले दोनों प्रतिष्ठानों की संख्या शामिल है:",hin,hin,"[185360.0, 70560.0, 3360.0, 162960.0, 96600.0, 3275440.0, 190400.0, 57680.0, 95760.0, 39200.0, 86240.0, 66640.0, 230720.0, 377720.0, 170520.0]"
केरल के मुख्यमंत्रियों की सूची के अंतर्गत भारत के केरल राज्य के इतिहास में सन् १९५६ के बाद से हुई विभिन्न सरकारों के प्रमुख के आते हैं। वर्तमान केरल राज्य १९५६ में ही अस्तित्व में आया जब तत्कालीन त्रावणकोर-कोचीन राज्य का पुनर्गठन किया गया।,hin,hin,"[39339.0, 19809.0, 2790.0, 29016.0, 24831.0, 1035648.0, 49104.0, 18972.0, 24831.0, 4464.0, 24273.0, 2232.0, 63612.0, 107136.0, 45477.0]"
"पांचवी शताब्दी के मध्य में, ४५० इसवी के लगभग, हूण गांधार इलाके के शासक थे, जब उन्होंने वहा से सारे सिन्धु घाटी प्रदेश को जीत लिया| कुछ समय बाद ही उन्होंने मारवाड और पश्चिमी राजस्थान के इलाके भी जीत लिए| ४९५ इसवी के लगभग हूणों ने तोरमाण के नेतृत्व में गुप्तो से पूर्वी मालवा छीन लिया| एरण, सागर जिले में वराह मूर्ति पर मिले तोरमाण के अभिलेख से इस बात की पुष्टि होती हैं| जैन ग्रन्थ कुवयमाल के अनुसार तोरमाण चंद्रभागा नदी के किनारे स्थित पवैय्या नगरी से भारत पर शासन करता था। यह पवैय्या नगरी ग्वालियर के पास स्थित थी|",hin,hin,"[107030.0, 34194.0, 3892.0, 73114.0, 53376.0, 2577894.0, 119262.0, 39198.0, 50874.0, 31970.0, 39198.0, 3892.0, 125100.0, 274942.0, 99246.0]"
"1947 में जब भारत और पाकिस्तान को आजादी मिली तब वायसराय की पदवी को हटा दिया गया, लेकिन दोनों नई रियासतों में गवर्नर-जनरल के कार्यालय को तब तक जारी रखा गया जब तक उन्होंने क्रमशः 1950 और 1956 में गणतंत्र संविधान को अपनाया.",hin,hin,"[32686.0, 12742.0, 4155.0, 39334.0, 25761.0, 1012712.0, 45705.0, 20498.0, 23268.0, 6648.0, 35733.0, 21883.0, 53738.0, 110800.0, 45428.0]"
नंगा रुख डोगरी भाषा के विख्यात साहित्यकार ओ. पी. शर्मा ‘सारथी’ द्वारा रचित एक उपन्यास है जिसके लिये उन्हें सन् 1979 में डोगरी भाषा के लिए साहित्य अकादमी पुरस्कार से सम्मानित किया गया।,hin,hin,"[80868.0, 11868.0, 2760.0, 39192.0, 25392.0, 692208.0, 48852.0, 11316.0, 19596.0, 10488.0, 12420.0, 16284.0, 65136.0, 145452.0, 41124.0]"
"फ़्रेंचाइज़ के विनियमन के लिए कोई सरकारी एजेंसियां नहीं हैं। 1989 का लुई डॅबिन पहला यूरोपियन फ़्रेंचाइज़ प्रकटीकरण कानून था। डिक्री नं 91-337 के साथ वे प्रकटीकरण को विनियमित करते हैं यद्यपि यह किसी दूसरे व्यक्ति को कॉर्पोरेट का नाम, ट्रेडमार्क या व्यापार का नाम, अन्य व्यावसायिक व्यवस्था देने वाले हर व्यक्ति पर लागू होता है। कानून """"विशेष या अर्ध - विशेष क्षेत्र"""" पर लागू होता है।",hin,hin,"[97075.0, 35475.0, 3850.0, 110275.0, 53900.0, 1514150.0, 88825.0, 24200.0, 42350.0, 14300.0, 42075.0, 3300.0, 115775.0, 176275.0, 86625.0]"
"कार व्हील बेस 2,710 मि॰मी॰ (8.9 फीट) है। कुल लंबाई 4,462 मि॰मी॰ (14.6 फीट), चौड़ाई 1,998 मि॰मी॰ (6.6 फीट) और ऊंचाई 1,204 मि॰मी॰ (4.0 फीट) है।",hin,hin,"[94530.0, 11508.0, 7672.0, 41374.0, 22468.0, 774324.0, 68500.0, 9590.0, 20276.0, 8494.0, 17536.0, 23290.0, 55896.0, 97544.0, 43840.0]"
"मस्तिष्क ज्वर के कुछ कारणों के लिये, लंबे समय में टीकाकरण के माध्यम से या छोटी अवधि में एंटीबायोटिक्स द्वारा सुरक्षा प्रदान की जा सकती है। कुछ व्यवहार जनित उपाय भी प्रभावी हो सकते हैं।",hin,hin,"[26208.0, 12012.0, 3822.0, 24843.0, 15561.0, 775047.0, 37128.0, 12012.0, 22659.0, 2184.0, 18837.0, 273.0, 45591.0, 100737.0, 32214.0]"
"सुधीरा दास का जन्म ८ मार्च १९३२ को उड़ीसा के कटक में हुआ था। इन्होंने १९५१ में रावेनशॉ कॉलेज से विज्ञान में स्नातक किया। १९५६ में उन्होंने रेडियो भौतिकी और इलेक्ट्रॉनिक्स में विज्ञान और प्रौद्योगिकी विश्वविद्यालय, कलकत्ता से स्नातकोत्तर की। स्नातकोत्तर होने के बाद (टेक), सुधीरा दास ने ब्रह्मपुर इंजीनियरिंग स्कूल में १९५७ में गणित विभाग में व्याख्याता के रूप में पढ़ाना शुरू कर किया बाद में ये महिला पॉलिटेक्निक, राउरकेला की प्राचार्या बन गईं।",hin,hin,"[121312.0, 34544.0, 2448.0, 62832.0, 43792.0, 1981520.0, 89760.0, 28288.0, 39984.0, 11696.0, 34000.0, 25296.0, 113424.0, 200192.0, 93024.0]"
"अनुपचारित बैक्टीरिया जनित मस्तिष्क ज्वर लगभग हर बार प्राणघातक होता है। इसके विपरीत वायरस जनित मस्तिष्क ज्वर शायद ही कभी प्राणघातक होता हो। उपचार के साथ, बैक्टीरिया जनित मस्तिष्क ज्वर से मृत्युदर (मृत्यु का जोखिम), व्यक्ति की उम्र और अंतर्निहित कारकों पर निर्भर करती है। नवजातों में से 20–30% बैक्टीरिया जनित मस्तिष्क ज्वर के कारण मर सकते हैं। यह जोखिम बड़े बच्चों में काफी कम होता है, जिनमें मृत्यु दर लगभग 2% है लेकिन वयस्कों में बढ़ कर यह लगभग 19–37% तक हो जाता है।मृत्यु का जोखिम उम्र के अलावा भिन्न-भिन्न अन्य कारकों द्वारा भी तय होता है जैसे कि पैथोजन और सेरेब्रोस्पाइनल तरल से पैथोजन को मुक्त करने में लगा समय, सामान्यीकृत बीमारी की गंभीरता, चेतना का घटा स्तर या CSF में श्वेत रक्त कोशिकाओं की असमान्य रूप से कम संख्या। एच. फ्लुएंजा और ग्रुप बी स्टेप्टोकॉकि, कॉलिफॉर्म्स और एस. न्यूमोनिया द्वारा हुये मामलों की तुलना में मैनिन्गोकॉकि द्वारा हुये मस्तिष्क ज्वर में रोग निदान बेहतर होता है। वयस्कों में, मैनिन्गोकॉकल मस्तिष्क ज्वर में न्यूमोकॉकल रोग की तुलना में मुत्यु दर कम (3–7%) होती है।",hin,hin,"[190242.0, 93224.0, 4336.0, 154470.0, 102438.0, 4109986.0, 226014.0, 72899.0, 153928.0, 38211.0, 90243.0, 5149.0, 274794.0, 570455.0, 220594.0]"
"उमेश यादव का जन्म उत्तर प्रदेश के देवरिया जिले में 25 अक्टूबर 1987 को हुआ। उनके पिता एक साधारण किसान थे। वे मूलरूप से उत्तर प्रदेश के रहवासी थे, लेकिन बाद में वे नागपुर चले गए जहां वे कोयले की खदान में काम करने लगे। उमेश यादव का सपना पुलिस में एक कॉन्स्टेबल बनना था, लेकिन उनका क्रिकेट के प्रति लगाव उन्हें भारतीय क्रिकेट टीम के एक बेहद ख़ास गेंदबाज के रूप में शामिल किया।",hin,hin,"[57780.0, 25380.0, 2430.0, 49680.0, 45900.0, 1688310.0, 66420.0, 21330.0, 34560.0, 11880.0, 50220.0, 35100.0, 87210.0, 177930.0, 67770.0]"
"ल मार्श द ल'एम्परर (फ़्रांसिसी: La Marche de l'empereur) लूक जेकट कृत अकादमी पुरुस्कार से सम्मानित वृत्तचित्र है, जिसमे एंपरर पैंग्विंस की दुर्गम यात्रा का वृत्तांत सुनाया है। नेशनल ज्याग्राफ़िक सोसाईटी और वार्नर इन्डिपेंडेन्ट पिक्चर्स इसके सह निर्माता हैं।",hin,hin,"[78010.0, 37929.0, 2959.0, 150909.0, 23941.0, 1075731.0, 60525.0, 9953.0, 26093.0, 7263.0, 14526.0, 3766.0, 74244.0, 114863.0, 49496.0]"
"हिन्दी एवं संस्कृत भाषा में समान रूप से सहज कविता लिखने वाले शास्त्री नित्यगोपाल कटारे का जन्म : २६ मार्च १९५५ ई० (चैत्र शुक्ल तृतीया संवत् २०१२) को ग्राम टेकापार (गाडरवारा) जि० नरसिंहपुर (म.प्र.) में श्री रामचरण लाल कटारे के पुत्र के रूप में हुआ। शास्त्री जी संस्कृत के प्रथम चिट्ठाकार हैं। शिक्षा : वाराणसेय संस्कृत विश्व विद्यालय वाराणसी से व्याकरण 'शास्त्री` उपाधि; संस्कृत भूषण; संगीत विशारद।प्रकाशन : विभिन्न पत्र-पत्रिकाओं में व्यंग्य लेख, कविता, नाटक आदि का हिन्दी एवं संस्कृत भाषा में अनवरत प्रकाशन।प्रसारण : आकाशवाणी एवं दूरदर्शन के विभिन्न केन्द्रों से संस्कृत एवं हिन्दी कविताओं का प्रसारण।कृतियाँ : पञ्चगव्यम् (संस्कृत कविता संग्रह)",hin,hin,"[141772.0, 36180.0, 4288.0, 88440.0, 47436.0, 2989808.0, 131588.0, 33232.0, 54940.0, 21976.0, 36984.0, 6432.0, 179560.0, 352688.0, 122208.0]"
"टॉप गियर पर कार ने सभी तीनों पेशकर्ताओं से काफी प्रशंसा प्राप्त की. जेरेमी क्लार्कसन ने घोषित किया कि वेरॉन """"अब तक की सबसे बड़ी अभियांत्रिकी है। नहीं, मुझे माफ कीजिएगा, यह अब तक निर्मित सबसे सर्वश्रेष्ठ कार है और ऐसी सर्वश्रेष्ठ कार शायद ही हम अपने जीवन-काल में देख पाएंगे."""" जेम्स मे ने घोषणा की कि वेरॉन """"हमारा कॉनकॉर्ड क्षण"""" है। इस कार की समीक्षा के लिए क्लार्कसन ने अल्बा, उत्तरी इटली से लंदन तक की रेसिंग की, जबकि जेम्स मे और रिचर्ड हैमंड साथ सेसना 182 हवाई जहाज में यात्रा कर रहे थे। रेस के दौरान क्लार्कसन ने कार पर बीमा उद्धरण प्राप्त करने का प्रयास किया, लेकिन वह कंपनी नहीं जानती थी कि वह कौन सी कार थी। 13वें सीज़न की दूसरी कड़ी के दौरान, द स्टीग द्वारा चालित मैकलेरन F1 के विरुद्ध रिचर्ड हैमंड ने वेरॉन पर अबू धाबी में एक मील की रेसिंग की और नॉन-गिस्मो F1 की शुद्धता रेसिंग बनाम ब्युगाटी की अद्भुत तकनीकी उपलब्धि पर टिप्पणी की.",hin,hin,"[127626.0, 66750.0, 3204.0, 133767.0, 104397.0, 3352719.0, 191973.0, 57672.0, 99324.0, 24564.0, 95853.0, 5607.0, 202119.0, 372198.0, 155928.0]"
"इस तंत्र में वे सब अंग सम्मिलित हैं, जो भोजन के पाचन, अवशोषण, चयोपचय से संबंधित हैं, जैसे ओष्ठ, दाँत, जिह्वा, कंठ, अन्ननलिका, आमाशय, पक्वाशय, लघु, आंत्र, बृहत्, आंत्र, मलाशय, यकृत अग्न्याशय (pancreas) तथा लालाग्रंथियाँ। अन्न नलिका 10 इंच लंबी होती है तथा विशेषत: वक्ष गुहा में रहती है। आंत्र की लंबाई 20 फुट होती है। पक्वाशय अंग्रेजी के सी (C) के आकार का, अग्न्याशय के चारों ओर, 10 इंच लंबा होता है। यकृत उदर गुहा में ऊपरी तथा दाहिनी ओर रहता है। इसका भार किलोग्राम है तथा यह खंडों में विभाजित रहता है। इसके पास में पित्ताशय होता है। यकृत में पित्त का निर्माण होता है। उदर गुहा के ये सब अंग पेरिटोयिम कला से आवृत रहते हैं। इस कला के दो भाग होते हैं : एक वह जो गुहाभित्ति पर लगा रहता है, दूसरा आशयों पर संलग्न रहता है। यह कला फुप्फुसावरण तथा मस्तिष्कावरण के समान ही है। पेरिटोनियम कला की गुहा, इसके दो स्तरों के मध्य में होती है, जिसमें जल का पतला स्तर होता है, परंतु स्त्रियों में डिंबवाहिनी गुहा, गर्भाशय गुहा तथा योनि-गुहा द्वारा यह बाह्य वातावरण में खुलती है। इस पेरिटोनियम कला की परतों के द्वारा आशय उदर गुहा में लटके रहते हैं।",hin,hin,"[282758.0, 57722.0, 4256.0, 153482.0, 110124.0, 4839604.0, 269192.0, 48678.0, 111454.0, 31654.0, 84854.0, 4522.0, 274512.0, 566048.0, 228494.0]"
"रक्त ऑक्सीक्षीणता (Anoxaemia) रुधिर का एक गुण यह है कि वह ऑक्सीजन को अवशोषित कर, विविध अंगों और ऊतकों तक पहुँचाता है, जहाँ उसका उपयोग होता है। इस प्रकार जीवों के रुधिर में अवशोषित ऑक्सीजन की थोड़ी मात्रा रहती ही है। किन्हीं स्थितियों में रक्त ऑक्सीजन का औसत परिमाण पर्याप्त कम हो जा सकता है, इस अवस्था को रुधिर ऑक्सीक्षीणता (anoxic anoxia)। इस अवस्था में रुधिर में ऑक्सीजन का आंशिक दबाव अवनमित हो जाता है। जब ऑक्सीजन का आंशिक दबाव अवनमित हो जाता है तब धमनीय रुधिर (arterial blood) में ऑक्सीजन की संतृप्ति (saturation) भी निम्न पड़ जाती है। जब भी किन्हीं कारणों से फेफड़ों में रुधिर का उचित ऑक्सीजनीकरण अवरुद्ध हो जाता है, यह अवस्था उत्पन्न होती है। अधोलिखित परिस्थितियाँ इसे उत्पन्न करती हैं:",hin,hin,"[197160.0, 43195.0, 3710.0, 98845.0, 71285.0, 2926130.0, 146810.0, 41075.0, 100170.0, 41340.0, 54325.0, 9010.0, 172515.0, 390345.0, 145485.0]"
"मस्तिष्क ज्वर के दौरान बड़े स्तर पर सबअर्कनॉएड स्पेस में होने वाली सूजन बैक्टीरिया संक्रमण का प्रत्यक्ष परिणाम नहीं होता है बल्कि इसे बैक्टीरिया के केन्द्रीय तंत्रिका तंत्र में प्रवेश के कारण प्रतिरक्षा तंत्र की प्रतिक्रिया का परिणाम होता है। जब बैक्टीरिया संक्रमित कोशिका झिल्ली के घटक मस्तिष्क की प्रतिरोधक कोशिकाओं (ऐस्ट्रोकाइट और माइक्रॉग्लिया) द्वारा पहचाने जाते हैं तो वे हार्मोन जैसे मध्यस्थ साइटोकाइन की बड़ी मात्रा मुक्त करके प्रतिक्रिया करते हैं जो अन्य प्रतिरक्षा कोशिकाओं को नियुक्त करते हैं और दूसरे ऊतकों को प्रतिरक्षा प्रतिक्रिया में भाग लेने के लिये उकसाते हैं। रक्त-मस्तिष्क बाधा पारगम्य हो जाती है, जिसके कारण """"वैसोजेनिक"""" सेरेब्रेल एडीमा (रक्त केशिकाओं से द्रव्य रिसाव के कारण मस्तिष्क की सूजन) हो जाता है। श्वेत रक्त कणिकाओं की बड़ी मात्रा CSF में प्रवेश कर जाती है, जिसके कारण मस्तिष्क आवरण में सूजन हो जाती है और जिससे """"इंटरटिस्शल"""" एडीमा (कोशिकाओं को बीच द्रव्य के कारण सूजन) हो जाता है। इसके अतिरिक्त, रक्त केशिकाओं की दीवारें अपने आप सूज जाती है (सेरेब्रल वेस्क्युलिटिस), जिससे रक्त का प्रवाह कम हो जाता है और एक तीसरे तरह का एडीमा """"साइटोटॉक्सिक"""" एडीमा हो जाता है। सेरेब्रल एडीमा के सभी तीन प्रकार एडीमा के कारण अंतःकपालीय दाब बढ़ जाता है; जिसके साथ गंभीर संक्रमण में घटे रक्तचाप से भी सामना होता है, जिसका अर्थ है कि रक्त के लिये मस्तिष्क में प्रवेश कठिन हो जाता है, परिणामस्वरूप मस्तिष्क कोशिकाओं को ऑक्सीजन की कमी हो जाती है और वे एपाटोसिस (स्वतः कोशिका मृत्यु) चरण में प्रवेश कर जाती हैं।",hin,hin,"[259248.0, 114312.0, 4488.0, 205920.0, 121440.0, 5310096.0, 294096.0, 77352.0, 203016.0, 43824.0, 139392.0, 104544.0, 326568.0, 657624.0, 285648.0]"
"ओंकार रूपी आत्मा का जो स्वरूप उसके चतुष्पाद की दृष्टि से इस प्रकार निष्पन्न होता है उसे ही ऊँकार की मात्राओं के विचार से इस प्रकार व्यक्त किया गया है कि ऊँ की अकार मात्रा से वाणी का आरंभ होता है और अकार वाणी में व्याप्त भी है। सुषुप्ति स्थानीय प्राज्ञ ऊँ कार की मकार मात्रा है जिसमें विश्व और तेजस के प्राज्ञ में लय होने की तरह अकार और उकार का लय होता है, एवं ऊँ का उच्चारण दुहराते समय मकार के अकार उकार निकलते से प्रतीत होते है। तात्पर्य यह कि ऊँकार जगत् की उत्पत्ति और लय का कारण है।",hin,hin,"[82845.0, 20777.0, 2630.0, 55756.0, 37609.0, 2080067.0, 107830.0, 25511.0, 46025.0, 13150.0, 39450.0, 2893.0, 99677.0, 209085.0, 81793.0]"
"राजस्थान में पगड़ियां पगरि या """"साफा कहा जाता हैं""""। वे विशिष्ट शैली और रंग में कर रहे हैं, और जाति, सामाजिक वर्ग और पहनने के क्षेत्र से संकेत मिलता है। गर्म और शुष्क क्षेत्रों में, पगड़ियां बड़े और ढीला कर रहे हैं। जबकि सफा करने के लिए मारवाड़ पग्गर मेवाड़ में पारंपरिक है। रंग पगड़ियां का विशेष महत्व है और इसलिए पगड़ियां ही करता है। अतीत में, केसर अदम्य और शिष्टता के लिए खड़ा था। एक सफेद पगड़ी शोक के लिए खड़ा था। एक पगड़ी की मुद्रा अमर दोस्ती का मतलब है।",hin,hin,"[61308.0, 28034.0, 2358.0, 60522.0, 41920.0, 2058272.0, 112398.0, 23580.0, 34584.0, 8384.0, 55806.0, 2882.0, 109516.0, 212744.0, 88818.0]"
उपनिषदों के रचनाकाल के सम्बन्ध में विद्वानों का एक मत नहीं है। कुछ उपनिषदों को वेदों की मूल संहिताओं का अंश माना गया है। ये सर्वाधिक प्राचीन हैं। कुछ उपनिषद ‘ब्राह्मण’ और ‘आरण्यक’ ग्रन्थों के अंश माने गये हैं। इनका रचनाकाल संहिताओं के बाद का है। उपनिषदों के काल के विषय मे निश्चित मत नही है समान्यत उपनिषदो का काल रचनाकाल ३००० ईसा पूर्व से ५०० ईसा पूर्व माना गया है। उपनिषदों के काल-निर्णय के लिए निम्न मुख्य तथ्यों को आधार माना गया है—,hin,hin,"[98919.0, 24795.0, 2871.0, 64467.0, 45153.0, 2055114.0, 93960.0, 31581.0, 51678.0, 30276.0, 42804.0, 5220.0, 98658.0, 227853.0, 83781.0]"
"नीलगिरि पर्वतीय रेल (अंग्रेजी:Nilgiri Mountain Railway; तमिल: நீலகிரி மலை ரயில்), भारत के राज्य तमिलनाडु में स्थित एक रेल प्रणाली है, जिसे 1908 में ब्रिटिश राज के दौरान बनाया गया था। शुरूआत में इसका संचालन मद्रास रेलवे द्वारा किया जाता था। इस रेलवे का परिचालन आज भी भाप इंजनों द्वारा किया जाता है। नीलगिरि पर्वतीय रेल, नवगठित सलेम मण्डल के अधिकार क्षेत्र में आता है। जुलाई 2005 में यूनेस्को ने नीलगिरि पर्वतीय रेल को दार्जिलिंग हिमालयी रेल के विश्व धरोहर स्थल के एक विस्तार के रूप में मान्यता दी थी और तब से इन्हें संयुक्त रूप से """"भारत की पर्वतीय रेल"""" के नाम से जाना जाता है। इसे यह मान्यता मिलने के बाद इसकी आधुनिकीकरण की योजना का परित्याग कर दिया गया। पिछले कई वर्षों से कुन्नूर और उदगमंडलम के बीच के खंड पर भाप के इंजनों के स्थान पर लिए डीजल इंजनों का प्रयोग किया जा रहा है। स्थानीय लोगों और पर्यटकों ने इस खंड पर एक बार फिर से भाप इंजनों द्वारा रेलगाड़ी चलाने की मांग की है।",hin,hin,"[267540.0, 60840.0, 3120.0, 292500.0, 268320.0, 3502980.0, 527800.0, 66300.0, 186420.0, 31460.0, 167440.0, 250640.0, 232440.0, 601380.0, 170040.0]"
"भारत वर्ष में ग्रामीण अर्थव्यवस्था का मुख्य आधार कृषि है और कृषकों की मुख्य आय का साधन खेती है। हरित क्रांति के समय से बढ़ती हुई जनसंख्या को देखते हुए एवं आय की दृष्टि से उत्पादन बढ़ाना आवश्यक है अधिक उत्पादन के लिये खेती में अधिक मात्रा में रासायनिक उर्वरको एवं कीटनाशक का उपयोग करना पड़ता है जिससे सीमान्य व छोटे कृषक के पास कम जोत में अत्यधिक लागत लग रही है और जल, भूमि, वायु और वातावरण भी प्रदूषित हो रहा है साथ ही खाद्य पदार्थ भी जहरीले हो रहे हैं। इसलिए इस प्रकार की उपरोक्त सभी समस्याओं से निपटने के लिये गत वर्षों से निरन्तर टिकाऊ खेती के सिद्धान्त पर खेती करने की सिफारिश की गई, जिसे प्रदेश के कृषि विभाग ने इस विशेष प्रकार की खेती को अपनाने के लिए, बढ़ावा दिया जिसे हम जैविक खेती के नाम से जानते है। भारत सरकार भी इस खेती को अपनाने के लिए प्रचार-प्रसार कर रही है।",hin,hin,"[105154.0, 38332.0, 2590.0, 91686.0, 55167.0, 3357417.0, 143745.0, 59829.0, 88578.0, 26936.0, 83398.0, 4144.0, 166019.0, 360269.0, 133903.0]"
इसके कारण कॉफ़ी की पत्तियां और कॉफ़ी के फलों के गुच्छे जमीन पर गिर जाते हैं। सांप जैसे कोबरा भारत में कॉफ़ी के बागानों को काफी नुकसान पहुंचाते हैं।,hin,hin,"[23478.0, 10320.0, 2580.0, 20382.0, 9030.0, 653772.0, 31476.0, 10578.0, 15480.0, 5418.0, 22704.0, 774.0, 35604.0, 68886.0, 31992.0]"
"भांग के नर पौधे के पत्तों को सुखाकर भांग तैयार की जाती है। भांग के मादा पौधों की रालीय पुष्प मंजरियों को सुखाकर गांजा तैयार किया जाता है। भांग की शाखाओं और पत्तों पर जमे राल के समान पदार्थ को चरस कहते हैं। भांग की खेती प्राचीन समय में 'पणि' कहे जानेवाले लोगों द्वारा की जाती थी। ईस्ट इण्डिया कम्पनी ने कुमाऊँ में शासन स्थापित होने से पहले ही भांग के व्यवसाय को अपने हाथ में ले लिया था तथा काशीपुर के नजदीक डिपो की स्थापना कर ली थी। दानपुर, दसोली तथा गंगोली की कुछ जातियाँ भांग के रेशे से कुथले और कम्बल बनाती थीं। भांग के पौधे का घर गढ़वाल में चांदपुर कहा जा सकता है।",hin,hin,"[105370.0, 24158.0, 3084.0, 81469.0, 48830.0, 2744760.0, 124645.0, 38036.0, 62708.0, 12336.0, 59881.0, 2313.0, 122075.0, 290924.0, 117963.0]"
फ़्रेंचाइज़ की कोई संघीय रजिस्ट्री नहीं है या जानकारी के लिए संघ के पास दाखिल करने की आवश्यकता नहीं है। फ़्रेंचाइज़िंग कंपनियों पर डेटा प्रमुखतः राज्य एकत्र करते हैं और क्षेत्राधिकार में उनकी मौजूदगी और विस्तार के संबंध में कानून को लागू करते हैं।,hin,hin,"[30208.0, 18688.0, 1792.0, 39680.0, 23808.0, 843008.0, 48128.0, 13312.0, 25344.0, 6400.0, 27648.0, 1024.0, 47616.0, 108032.0, 47872.0]"
"भूपृष्ठ और उसके वायुमंडल को गरम करने में धूप का विशेष महत्व है। किंतु आतपन (insolation), अर्थात् किसी स्थान के भूपृष्ठ को गरम करने, में धूप का अंशदान दिवालोक की अवधि के अतिरिक्त अनेक अन्य बातों पर भी निर्भर करता है, जिनमें निम्नलिखित महत्वपूर्ण हैं :",hin,hin,"[50745.0, 15300.0, 3060.0, 29580.0, 18360.0, 966450.0, 51765.0, 21675.0, 30345.0, 5100.0, 18615.0, 1020.0, 58905.0, 108630.0, 38250.0]"
"आठवीं और नवीं शताब्दियों में वेस्ट फ्रैंकों ने सैक्सनों और फ्रीज़नों का पूरी तौर से दमन कर दिया। साथ ही फ्रांकिश भाषा भी जर्मैनिकों पर छा गईं। किंतु नवीं शताब्दी में ही अनेक स्थानीय प्रभाव के व्यक्तियों ने उभर कर राज्य को छिन्न भिन्न कर दिया। १३वीं शताब्दी में कांउट फ्लोरिस पंचम के शासन में हालैंड बहुत शक्तिशाली हो गया, और उसकी सीमाएँ भी दूर दूर तक फैल गईं। १५वीं शताब्दी में बर्गडी के ड्यूक शक्तिशाली हो गए। १५४७ में स्पेन के राजा चार्ल्स पंचम ने नीदरलैंड और आस्ट्रिया के संघ का आदेश जारी किया और १५४९ में स्पेन में नीदरलैंड भी सम्मिलित कर लिया गया।",hin,hin,"[103124.0, 44196.0, 3810.0, 93980.0, 84836.0, 2255012.0, 115570.0, 38862.0, 45720.0, 17018.0, 55118.0, 2540.0, 130810.0, 251460.0, 115316.0]"
"केन्द्रीय विद्यालय भारत में प्राथमिक व माध्यमिक शिक्षा का प्रबंध है, जो मुख्यतः भारत की केन्द्र सरकार के कर्मचारियों के बच्चों के लिए बनाया गया है। इस की शुरुआत १९६५ में हुई तथा यह तब से भारत के केन्द्रीय माध्यमिक शिक्षा बोर्ड से अनुबन्धित है। इस समय भारत में केन्द्रीय विद्यालयों की संख्या 1,128 अथवा इस से अधिक है। इस के अतिरिक्त विदेश में चार केन्द्रीय विद्यालय हैं जिनमें भारतीय दूतावासों के कर्मचारियों तथा अन्य प्रवासी भारतीयों के बच्चे पढ़ते हैं। विद्यालयों में भारत के राष्ट्रीय शैक्षिक अनुसंधान और प्रशिक्षण परिषद के पाठ्यक्रम का अनुसरण होता है। सभी केन्द्रीय विद्यालयों का संचालन केन्द्रीय विद्यालय संगठन नाम की संस्था करती है।",hin,hin,"[126500.0, 37697.0, 2783.0, 68563.0, 54648.0, 2362514.0, 117645.0, 40480.0, 56166.0, 16445.0, 49335.0, 4301.0, 120934.0, 240856.0, 95887.0]"
प्रभजोत कौर पंजाबी भाषा के विख्यात साहित्यकार हैं। इनके द्वारा रचित एक कविता–संग्रह पब्बी के लिये उन्हें सन् 1964 में साहित्य अकादमी पुरस्कार से सम्मानित किया गया।,hin,hin,"[64008.0, 9828.0, 2772.0, 21420.0, 25956.0, 627984.0, 31752.0, 6552.0, 14868.0, 6804.0, 11088.0, 14616.0, 48132.0, 100548.0, 34524.0]"
"हेन् सांग बताता हैं कि मिहिरकुल ने भारत में बौद्ध धर्म को बहुत भारी नुकसान पहुँचाया| वह कहता हैं कि एक बार मिहिरकुल ने बौद्ध भिक्षुओं से बौद्ध धर्म के बारे में जानने कि इच्छा व्यक्त की| परन्तु बौद्ध भिक्षुओं ने उसका अपमान किया, उन्होंने उसके पास, किसी वरिष्ठ बौद्ध भिक्षु को भेजने की जगह एक सेवक को बौद्ध गुरु के रूप में भेज दिया| मिहिरकुल को जब इस बात का पता चला तो वह गुस्से में आग-बबूला हो गया और उसने बौद्ध धर्म के विनाश कि राजाज्ञा जारी कर दी| उसने उत्तर भारत के सभी बौद्ध बौद्ध मठो को तुडवा दिया और भिक्षुओं का कत्ले-आम करा दिया| हेन् सांग कि अनुसार मिहिरकुल ने उत्तर भारत से बौधों का नामो-निशान मिटा दिया|",hin,hin,"[119476.0, 42419.0, 4016.0, 89105.0, 69527.0, 2748952.0, 129516.0, 38403.0, 55973.0, 24096.0, 55973.0, 3514.0, 128010.0, 304965.0, 114707.0]"
"सामान्य रूप से इन�का दैनिक भोजन चावल है,पेय के रूप में डियांग का उपयोग करते है,इसका निर्माण चावल को उबाल कर के उसमें रानू मिला कर जावा किया जाता है इसके उपरांत चार दिनों के बाद यह पेय तैयार होता है इसका उपयोग गर्मियों में लू से बचने के लिये भी किया जाता है।आज के संदर्भ में लोग जैसे जैसे शहरों में रहने लगे है इनके भोजन में विविधता दिखाई देती है अब ये चावल के साथ साथ गेहूं के उत्पाद भी खाते हैं",hin,hin,"[52250.0, 13250.0, 3500.0, 51000.0, 33750.0, 1785250.0, 77000.0, 29250.0, 42500.0, 26750.0, 36500.0, 2500.0, 80500.0, 195250.0, 78000.0]"
"गोरखनाथ मन्दिर, उत्तर प्रदेश के गोरखपुर नगर में स्थित है। बाबा गोरखनाथ के नाम पर इस जिले का नाम गोरखपुर पड़ा है। गोरखनाथ मन्दिर के वर्तमान महन्त श्री बाबा योगी आदित्यनाथ जी है। मकर संक्रान्ति के अवसर पर यहाँ विशाल मेला लगता है जो 'खिचड़ी मेला' के नाम से प्रसिद्ध है।",hin,hin,"[47808.0, 15438.0, 2739.0, 33615.0, 22161.0, 1215867.0, 50049.0, 14442.0, 19422.0, 5976.0, 22908.0, 28137.0, 73206.0, 128484.0, 57270.0]"
"सम्पूर्ण पाठ्यवस्तु बालक के सम्मुख एकसाथ नहीं प्रस्तुत की जा सकती। उसे उचित खण्डों, अन्वितियों, अथवा इकाइयों में विभक्त किया जाना चाहिये। अन्वितियां ऐसी हों जैसी कि सीढ़ियां होती हैं। इन्हें जैसे-जैसे बालक पार पार करता जाये, वह उन्नति करता ज्ज्ये।",hin,hin,"[61504.0, 12648.0, 4464.0, 34968.0, 21328.0, 1068136.0, 50840.0, 14384.0, 27776.0, 11160.0, 21576.0, 2232.0, 57784.0, 127720.0, 43152.0]"
सामाजिक फ़्रेंचाइज़िंग सरकारों द्वारा इस्तेमाल की जाने वाली तकनीक का भी सन्दर्भ देती है और विकासशील देशों में आवश्यक नैदानिक स्वास्थ्य सेवाएं मुहैया कराने में दाताओं की सहायता करती है।,hin,hin,"[27170.0, 16055.0, 2964.0, 24700.0, 12597.0, 659243.0, 33345.0, 14079.0, 16055.0, 2964.0, 21983.0, 988.0, 38038.0, 93366.0, 25688.0]"
‘हो’ समुदाय की अपनी संस्कृति और रीति-रिवाज हैं। ये प्रकृति के उपासक होते हैं। इनके अपने-अपने गोत्र के कुल-देवता होते हैं। 'हो' लोग मंदिर मे स्थापित देवी-देवताओं की पूजा-अर्चना नहीं करते बल्कि अपने ग्राम देवता ‘देशाउलि’ को अपना सर्वेसर्वा मानते हैं। अन्य अवसरों के अलावा प्रति वर्ष मागे परब के अवसर पर बलि चढ़ा कर ग्राम पुजारी “दिउरी” के द्वारा इसकी पूजा-पाठ की जाती है तथा गाँव के सभी लोग पूजा स्थान पर एकत्रित हो कर ग्राम देवता से आशीर्वाद प्राप्त करते हैं।,hin,hin,"[97908.0, 15252.0, 3198.0, 54120.0, 37638.0, 1960866.0, 94464.0, 26322.0, 47970.0, 29274.0, 43296.0, 41082.0, 105288.0, 219924.0, 86346.0]"
"किसी चूजे की मौत बहुत दुखान्तक घटना होती है लेकिन फ़िर उसके अभिभावक भोजन की खोज में बचे हुए प्रजनन के मौसम में वापस समुद्र की ओर चल पडते हैं। कभी कभी एक अभिभावक बच्चे को छोड़ कर जा चुकता है और अब बच्चा पूरी तरह से समुद्र से दूसरे अभिभावक के लौटने पर निर्भर हो जाता है, जो उसे उसकी अनूठी आवाज़ से पहचान लेता है। बहुत से अभिभावक अपनी यात्रा के दौरान शिकारी पशुओं के हाथ मारे जाते हैं और संतती स्थल पर उनका चूजा संकट में आ जाता है।",hin,hin,"[61005.0, 21070.0, 2695.0, 51940.0, 44345.0, 1787030.0, 87220.0, 25480.0, 46060.0, 22540.0, 49980.0, 2450.0, 90650.0, 204330.0, 87220.0]"
"भाषा विज्ञान में, संज्ञा एक विशाल, मुक्त शाब्दिक वर्ग का सदस्य है, जिसके सदस्य वाक्यांश के कर्ता के मुख्य शब्द, क्रिया के कर्म, या पूर्वसर्ग के कर्म के रूप में मौजूद हो सकते हैं।",hin,hin,"[21228.0, 17812.0, 1952.0, 19276.0, 21472.0, 619760.0, 32208.0, 11468.0, 19520.0, 3660.0, 16836.0, 1708.0, 37332.0, 79788.0, 37332.0]"
"यह गाँव लेटीरी से ६- ७ कोस दक्षिण की तरफ ऊँचाई पर बसा है। यह एक पहाड़ी नदी सांपन के किनारे बसा है। इस स्थान को मध्य भारत एवं गुजरात की सीमा पर बसे गिरासियों ने बसाया था। उनकी """"गढ़ी' का प्रमाण अभी भी मिलता है।",hin,hin,"[31347.0, 9963.0, 2187.0, 31347.0, 15795.0, 1115613.0, 46170.0, 10449.0, 24300.0, 8991.0, 17010.0, 729.0, 47385.0, 100359.0, 45684.0]"
"नोसू (नोसू: ꆈꌠ, अंग्रेज़ी: Nuosu), जिसे उत्तरी यी, लिआंगशान यी और सिचुआन यी भी कहा जाता है, दक्षिणी चीन में बसने वाले यी लोगों द्वारा बोली जाने वाली तिब्बती-बर्मी भाषाओँ की सदस्य यी भाषाओँ की मानक भाषा है। सारी यी बोलियों में यह अकेली है जिसे पाठशालाओं में लिखित रूप से पढ़ाया जाता है। दुनिया भर में ८० लाख की आबादी रखने वाले यी समुदाय में से २० लाख अब नोसू बोलते हैं और यह तादाद बढ़ रही है। तिब्बती-बर्मी भाषा परिवार में यी भाषाएँ बर्मी भाषा के करीब मानी जाती हैं।",hin,hin,"[89782.0, 47190.0, 2420.0, 60742.0, 40414.0, 1753774.0, 103092.0, 36542.0, 50578.0, 11132.0, 39446.0, 15004.0, 114950.0, 245872.0, 92686.0]"
"इसका कर्षण गुणांक 0.41 (सामान्य स्थिति) और 0.36 (ज़मीन पर उतारने के बाद), तथा अग्र क्षेत्रफल 2.07 वर्ग मीटर (22.3 वर्ग फुट). यह उसे 8.02 का CdA ft² मूल्य देता है।",hin,hin,"[41452.0, 8676.0, 5784.0, 23618.0, 29643.0, 718662.0, 41211.0, 7953.0, 16870.0, 15424.0, 15665.0, 964.0, 38801.0, 93990.0, 35668.0]"
गामा इक्वूलिआइ (γ Equulei) - यह एक दोहरा तारा है जिसका मुख्य तारा +४.७ मैग्नीट्यूड और साथी तारा +११.६ मैग्नीट्यूड रखता है। इसका मुख्य तारा एक परिवर्ती तारा भी है जिसकी चमक में समय के साथ हल्का बदलाव आता रहता है।,hin,hin,"[60480.0, 19200.0, 1920.0, 34080.0, 23280.0, 728160.0, 44400.0, 10320.0, 24960.0, 9120.0, 26160.0, 1200.0, 50400.0, 110160.0, 49920.0]"
"विदेश से भारत, माल और सेवाओं की फ़्रेंचाइज़िंग, बाल्यावस्था में है। पहली अंतर्राष्ट्रीय प्रदर्शनी ही 2009 में आयोजित हुई. जानकारी के लिए प्रमुख साइट है. तथापि, 300 मिलियन के अपने बड़े मध्यम वर्ग की वजह से जो खर्च करने से घबराता नहीं है और स्वभाव से उद्यमशील है, भारत बड़े फ़्रेंचाइज़िंग बाज़ारों में से एक है। अत्यंत विविधता वाले समाज में, (भारत की जनसांख्यिकी देखें) बाकी दुनिया से भिन्न किराया होने के बावजूद मॅकडोनाल्ड्स एक सफल कहानी है.",hin,hin,"[58794.0, 26051.0, 2629.0, 58794.0, 37284.0, 1760235.0, 93210.0, 28680.0, 40152.0, 19359.0, 51624.0, 4063.0, 105638.0, 204584.0, 73851.0]"
"दौलत बेग ओल्दी ५,१०० मीटर (१६,७०० फ़ुट) की ऊँचाई पर काराकोरम पर्वतमाला के सुदूर पूर्वी छोर पर भारत-चीन सरहद से ८ किमी दक्षिण में और चीन-अधिकृत अक्साई चिन क्षेत्र और लद्दाख़ के अन्य भाग के बीच की वास्तविक नियंत्रण रेखा से ९ किमी पश्चिमोत्तर में स्थित है। सियाचेन ग्लेशियर को छोड़कर यह भारत का उत्तरतम स्थाई सैनिक अड्डा है। यहाँ से कुछ दक्षिण में मुरगो नामक भारतीय गाँव है जहाँ मिश्रित तिब्बती-दर्दी मूल के बलती समुदाय के लोग रहते हैं जो ख़ुबानी उगाने और याक-पालन से गुज़ारा करते हैं। सर्दियों में यहाँ तापमान -३० सेन्टीग्रेड तक गिर जाता है। २००१ में भारत ने घोषणा करी कि वह लेह से दौलत बेग ओल्दी तक एक पक्की सड़क बना रहा है। २०१३ में चीनी फ़ौज ने सीमा लांघकर इस स्थान से कुछ दूरी तक घुसपैठ करी जिसका भारत ने विरोध करा।",hin,hin,"[170646.0, 41174.0, 4046.0, 97104.0, 68068.0, 3096856.0, 146132.0, 46648.0, 59024.0, 43792.0, 74732.0, 4046.0, 164220.0, 379372.0, 146846.0]"
"मस्तिष्क आवरण में तीन झिल्लियां शामिल होती हैं जो मस्तिष्क मेरु-द्रव्य के साथ मिल कर मस्तिष्क और रीढ़ की हड्डी (केन्द्रीय तंत्रिका तंत्र) को घेरता व सुरक्षित करता है। मृदु तानिका (पाया मेटर) एक बहुत नाजुक अभेद्य झिल्ली होती है जो सभी छोटे कॉन्ट्यूर्स के साथ मस्तिष्क की सतह पर दृढ़ता के साथ लगी होती है। अर्कनॉएड मेटर (अपने जाल जैसे दिखने के कारण इस नाम से पुकारा जाता है) एक ढ़ीली-ढ़ाली फिटिंग सैक होती है तो मृदु तानिका के ऊपर होती है। सबअर्कनॉएड स्पेस, अर्कनॉएड और पाया मेटर झिल्ली को पृथक करती है और मस्तिष्क मेरु द्रव्य से भरी होती है। सबसे बाहरी झिल्ली ड्यूरा मेटर, एक मोटी टिकाऊ झिल्ली होती है जो अर्कनॉएड झिल्ली और खोपड़ी दोनो से जुड़ी होती है।",hin,hin,"[107835.0, 48585.0, 3081.0, 89349.0, 43371.0, 2556993.0, 145992.0, 23226.0, 61146.0, 16353.0, 47637.0, 3555.0, 151917.0, 306204.0, 138645.0]"
"इस मुकदमे में शंकर किस्तैया, गोपाल गौड़से, मदनलाल पाहवा, दिगम्बर बड़गे, नारायण आप्टे, वीर सावरकर, नाथूराम गोडसे और विष्णु रामकृष्ण करकरे कुल आठ लोगों को हत्या की साजिश में आरोपी बनाया गया था। इन आठ लोगों में से दिगम्बर बड़गे सरकारी गवाह बनने के कारण बरी कर दिया गया। वीर सावरकर के खिलाफ़ कोई सबूत नहीं जुटाया जा सका अत: उन्हें भी अदालत ने जुर्म से मुक्त कर दिया। शंकर किश्तैया को निचली अदालत से आजीवन कारावास का हुक्म हुआ था परन्तु बड़ी अदालत ने अपील करने पर उसकी सजा माफ कर दी।",hin,hin,"[95816.0, 34456.0, 1180.0, 70564.0, 50268.0, 2062640.0, 92512.0, 23364.0, 41064.0, 11564.0, 50268.0, 44132.0, 112336.0, 259364.0, 88500.0]"
"यह मस्जिद भारत की सबसे विशाल मस्जिदों में एक है। इस मस्जिद का निर्माण कार्य भोपाल के आठवें शासक शाहजहां बेगम के शासन काल में प्रारंभ हुआ था, लेकिन धन की कमी के कारण उनके जीवंतपर्यंत यह बन न सकी।",hin,hin,"[27965.0, 10105.0, 1880.0, 26320.0, 22560.0, 848820.0, 38540.0, 12690.0, 17860.0, 5405.0, 17860.0, 1175.0, 45120.0, 110685.0, 38775.0]"
"शम्स खाँ दो भाई था। वह स्वयं जहाँ निवास करता था, वहाँ सन् १६४१ ई. में एक मस्जिद बनाई गई। इसका दूसरा भाई, जो शम्स खाँ पठान के नाम से जाना जाता है, ने १८ वीं सदी में """"शम्सगढ़' नामक एक किला बनाया, जो अभी टूटे- फूटे अवस्था में है।",hin,hin,"[47268.0, 13104.0, 3276.0, 29016.0, 22932.0, 1100970.0, 52416.0, 11232.0, 21996.0, 5148.0, 23868.0, 1170.0, 47970.0, 133146.0, 55926.0]"
"विलियम प्रथम की मृत्यु के उपरान्त उसका पुत्र फैड्रिक तृतीय जर्मनी के राजसिंहासन पर 9 मार्च 1888 ई. को आसीन हुआ। किन्तु केवल 100 दिन राज्य करने के बाद उसकी मृत्यु हो गई। उसकी मृत्यु होने पर उसका पुत्र विलियम द्वितीय राज्य सिंहासन पर आसीन हुआ। वह एक नवयुवक था। उसमें अनेक गुणों और दुर्गुणों का सम्मिश्रण था। वह कुशाग्र बुद्धि, महत्वकांक्षी आत्मविश्वासी तथा असाधारण नवयुवक था। वह स्वार्थी और घमण्डी था तथा उसका विश्वास राजा के दैवी सिद्धांत में था। किसी अन्य व्यक्ति के नियंत्रण में रहना उसको असह्य था जिसके कारण कुछ ही दिनों के उपरांत उसकी अपने चांसलर बिस्मार्क से अनबन हो गई। परिस्थितियों से बाध्य होकर बिस्मार्क को त्याग-पत्र देना पड़ा। बिस्मार्क के पतन के उपरांत विलियम ने समस्त सत्ता को अपने हाथों में लिया और उसके मंत्री आज्ञाकारी सेवक बन गये और वह स्वयं का शासन का कर्णधार बना।",hin,hin,"[185235.0, 32853.0, 3029.0, 171488.0, 106947.0, 3112647.0, 237427.0, 47998.0, 80851.0, 20504.0, 71298.0, 66871.0, 188730.0, 419633.0, 147489.0]"
"9वीं सदी के उत्तरार्ध में श्रीधर ने जो संभवतया बंगाल के थे, नाना प्रकार के व्यवहारिक प्रश्नों जैसे अनुपात, विनिमय, साधारण ब्याज, मिश्रण, क्रय और विक्रय, गति की दर, वेतन और हौज भरना इत्यादि के लिए गणितीय सूत्र प्रदान किए। कुछ उदाहरणों में तो उनके हल काफी जटिल थे। उनका पाटीगणित एक विकसित गणितीय कृति के रूप में स्वीकृत है। इस पुस्तक के कुछ खंड में अंकगणितीय और ज्यामितीय श्रेढ़ियों का वर्णन है जिसमें भिन्नात्मक संख्याओं या पदों की श्रेणियां भी शामिल हैं तथा कुछ सीमित श्रेढ़ियों के योग के सूत्र भी हैं। गणितीय अनुसंधान की यह शृंखला 10 वीं सदी में बनारस के विजय नंदी तक चली आई जिनकी कृति करणतिलक का अलबरूनी ने अरबी में अनुवाद किया था। महाराष्ट्र के श्रीपति भी इस सदी के प्रमुख गणितज्ञों में से एक थे।",hin,hin,"[109272.0, 31088.0, 2320.0, 86536.0, 52432.0, 2669624.0, 130384.0, 44544.0, 67976.0, 17632.0, 46168.0, 2784.0, 155208.0, 291624.0, 118552.0]"
"कभी-कभी संदर्भ के आधार पर एक ही शब्द दोनों, जातिवाचक संज्ञा और व्यक्तिवाचक संज्ञा के रूप में कार्य कर सकते हैं। इस सिद्धांत के दो रूपभेद दिखलाए जा सकते हैं, हालांकि दोनों प्रकार के उदाहरणों के उल्लेख हेतु वास्तविक-जगत के लेबलों के प्रयोग द्वारा यह भेद धुंधला हो गया है। इनके सार्वभौमिक सहमत कोई नाम नहीं हैं (अर्थात्, कोई मानकीकृत अधिभाषा), लेकिन """"कैपिटोनिम"""" और """"स्पेसिफ़िक डेसिग्नेटर"""" कुछ हद तक प्रचलन में हैं।",hin,hin,"[57750.0, 23793.0, 2541.0, 49896.0, 42735.0, 1439823.0, 78309.0, 31878.0, 46431.0, 14322.0, 41118.0, 2310.0, 79233.0, 184338.0, 77154.0]"
"ये परिणाम कैसे निकाले गए इस विषय पर आधुनिक विद्वानों में मतभेद हैं। कुछ का विश्वास है कि ये परिणाम अटकल विधि अथवा रूल आॅफ थंब अथवा कई उदाहरणों से प्राप्त नतीजों के साधारणीकरण से निकाले गए हैं। दूसरा मत यह है कि एकबार वैज्ञानिक विधि न्यायसूत्रों से निश्चित हो गई - ऐसे नतीजों के प्रमाण अवश्य दिए गए होंगे, मगर ये प्रमाण खो गए या नष्ट हो गए अथवा गुरुकुल प्रणाली के जरिये मौखिक रूप से उनका प्रसार हो गया और केवल अंतिम परिणाम ही ग्रंथों में सारिणीबद्ध हो गये। हर हाल में यह तो निश्चित है कि वैदिक काल में गणित के अध्ययन को काफी महत्व दिया जाता था। 1000 ई. पू. में रचित वेदांग ज्योतिष में लिखा है - जैसे मयूर पंख और नागमणि शरीर में शिखर स्थान या भाल पर शोभित होती है उसी प्रकार वेदों और शास्त्रों की सभी शाखाओं में गणित का स्थान शीर्ष पर है। कई शताब्दियों बाद मैसूर के जैन गणितज्ञ महावीराचार्य ने गणित के महत्व पर और जोर देते हुए कहाः इस चलाचल जगत में जो भी वस्तु विद्यमान है वह बिना गणित के आधार के नहीं समझी जा सकती।",hin,hin,"[206310.0, 45770.0, 3220.0, 110630.0, 86020.0, 3469090.0, 172960.0, 54280.0, 91770.0, 60720.0, 66930.0, 2530.0, 189060.0, 406870.0, 145590.0]"
"ब्युगाटी ने ग्रांड स्पोर्ट नामक टार्गा टॉप संस्करण के उत्पादन की घोषणा की थी। 15 अगस्त 2008 को पेब्बल बीच कॉनकुर्स दे एलेगाँस में इस कार का अनावरण किया गया, जिसका उत्पादन 2009 के वसंत में शुरू हुआ था। ग्रांड स्पोर्ट, विंडशील्ड और चालू रोशनी और हटाने योग्य दो ढक्कनों में छोटे-मोटे परिवर्तनों के साथ मिलता हैं। दूसरा, छतरी की तरह का एक अस्थायी छत है और जो हाथ में छातों के साथ क्लासिक ब्युगाटी रेसरों की तस्वीरों से प्रेरित है। ग्रांड स्पोर्ट, सही जगह पर हार्डटॉप के साथ, 406 कि॰मी॰/घंटा तक पहुंच सकती है, जिसकी उच्च गति कूपे संस्करण के समान ही है। बिना किसी छत के, इसकी उच्चतम गति 369 km/h तक ही सीमित है, जबकि अस्थायी नरम छत के साथ 130 km/h है। ग्रांड स्पोर्ट में साधारण वेरॉन से कहीं ज्यादा मज़बूती है, जिसमें कार्बन फाइबर के दरवाजे, हुप्स, इनटेक फ़ेसज़; कार्बन फाइबर संलग्न, संचरण सुरंग शामिल है।",hin,hin,"[146102.0, 63204.0, 2977.0, 116332.0, 82669.0, 2750748.0, 164651.0, 43739.0, 88623.0, 28854.0, 83585.0, 6183.0, 171979.0, 365713.0, 150453.0]"
"मस्तिष्क करोटि गुहा में रहता है तथा तीन कलाओं से, जिन्हें तंत्रिकाएँ कहते हैं आवृत रहता है। भीतरी दो कलाओं के मध्य में एक तरल रहता है, जो मेरुद्रव कहलाता है। यह तरल मस्तिष्क के भीतर पाई जानेवाली गुहाओं में तथा मेरु की नालिका में भी रहता है। मेरु कशेरुक नलिका में स्थित रहता है तथा मस्तिष्कावरणों से आवृत रहता है। यह तरल इन अंगों को पोषण देता है, इनकी रक्षा करता है तथा मलों का विसर्जन करता है।",hin,hin,"[63156.0, 18696.0, 3192.0, 44460.0, 23484.0, 1538088.0, 82080.0, 21204.0, 40356.0, 11400.0, 28044.0, 1596.0, 77520.0, 186048.0, 62928.0]"
"शूद्रक नामक राजा का संस्कृत साहित्य में बहुत उल्लेख है। ‘मृच्छकटिकम्’ इनकी ही रचना है। जिस प्रकार विक्रमादित्य के विषय में अनेक दंतकथाएँ प्रचलित हैं वैसे ही शूद्रक के विषय में भी अनेक दंतकथाएँ हैं। कादम्बरी में विदिशा में, कथासरित्सागर में शोभावती तथा वेतालपंचविंशति में वर्धन नामक नगर में शूद्रक के राजा होने का उल्लेख है। मृच्छकटिकम् में कई उल्लेखों से ज्ञात होता है कि शूद्रक दक्षिण भारतीय थे तथा उन्हें प्राकृत तथा अपभ्रंश भाषाओं का भी अच्छा ज्ञान था। वे वर्ण व्यवस्था में विश्वास रखते थे तथा गायों और ब्राह्मणों का विशेष आदर करते थे। शूद्रक का समय छठी शताब्दी था।",hin,hin,"[92162.0, 30872.0, 3405.0, 65149.0, 51983.0, 2169893.0, 106009.0, 34277.0, 49940.0, 34731.0, 32234.0, 4086.0, 125531.0, 255148.0, 105101.0]"
"बिज्जू (अंग्रेज़ी: Honey badger) एक स्तनधारी जानवर है जो भारतीय उपमहाद्वीप, दक्षिणपश्चिमी एशिया और अफ़्रीका में मिलता है। यह एक मांसाहारी प्राणी है। अपने लड़ाके स्वभाव और मोटी चमड़ी के कारण अन्य जानवर इस से दूर ही रहते हैं और अन्य खूँखार प्राणी भी इसपर हमला कम ही करते हैं।",hin,hin,"[42714.0, 15368.0, 1130.0, 34578.0, 21470.0, 980388.0, 46782.0, 13108.0, 26442.0, 8362.0, 26442.0, 678.0, 61246.0, 131532.0, 56952.0]"
"अभिभावकों को अपने चूजे की चार माह तक देखभाल करनी होती है, लगातार समुद्र से आते जाते ताकी वे अपने नन्हे को भोजन ला कर देते रह सकें। जैसे जैसे बसंत आता है यात्रा सुगम होती जाती है तब अंतत: अभिभावक चूजे को उसके अपने भोजन का प्रबंध स्वयं करने के लिए छोड़ देते हैं।",hin,hin,"[36675.0, 7875.0, 2925.0, 30600.0, 21825.0, 1010925.0, 43425.0, 16200.0, 25425.0, 8100.0, 36450.0, 2250.0, 48150.0, 111825.0, 49275.0]"
धूप उर्जा और प्रकाश का मूलभूत स्रोत होने के कारण पृथ्वी और उसके सहवासियों तथा वनस्पतियों और जीवधारियों के लिए सूर्य अत्यंत महत्वपूर्ण है। इसीलिए प्राचीन काल से ही सूर्य की ओर श्रद्धा के साथ लोगों का ध्यान आकर्षित हुआ है। भूमंडल के भिन्न भिन्न भागों में धूप की प्रकृति और धूप के दैनिक तथा वार्षिक परिवर्तनचक्र को ठीक ठीक समझने के लिए सूर्य और पृथ्वी की सापेक्ष गति का यथार्थ ज्ञान आवश्यक है। सौर परिवार में पृथ्वी स्थिर पिंड नहीं है। सूर्य को व्यवहारत: स्थिर मानने पर अपनी धुरी पर परिभ्रमण करने के कारण ही पृथ्वी पर दिन और रात होते हैं। ऋतुपरिवर्तन के साथ एक ही साथ पर दिवालोक की अवधि में परिवर्तन और वर्ष के एक ही विशेष दिवस में भिन्न भिन्न स्थान पर दिवाकाल की विभिन्न अवधि का कारण पृथ्वी द्वारा सूर्य की परिक्रमा करना है।,hin,hin,"[126336.0, 29792.0, 3136.0, 66752.0, 40544.0, 2489984.0, 122976.0, 46368.0, 85792.0, 11200.0, 57568.0, 2688.0, 143584.0, 301504.0, 103488.0]"
"तपेदिक मस्तिष्क ज्वर, माइक्रोबैक्टीरियम ट्यूबरक्युलोसिस द्वारा होता है, उन देशों पर अधिक आम होता है जहां पर तपेदिक एक महामारी है, लेकिन इससे उन लोगों का सामना भी होता है जिनको प्रतिरक्षा तंत्र संबंधी समस्या जैसे एड्स होती है।",hin,hin,"[50621.0, 14941.0, 3345.0, 27875.0, 18509.0, 745266.0, 35680.0, 8474.0, 16725.0, 4906.0, 19178.0, 1115.0, 45046.0, 102580.0, 34342.0]"
"शायद सबसे सफल उदाहरण है कैप बाज़ार, जर्मनी में यही कोई 50 पड़ोस में सुपरमार्केट की लगातार बढ़ती श्रृंखला. अन्य उदाहरण हैं एडिनबर्ग में सेंट मैरीज़ प्लेस होटल और ट्राइस्टे में होटल ट्राईटोन",hin,hin,"[26418.0, 25752.0, 2442.0, 26418.0, 19980.0, 643134.0, 38184.0, 7992.0, 20646.0, 11988.0, 17094.0, 666.0, 50838.0, 74370.0, 30414.0]"
"मस्ती वेंकटेश आयंगर ६ जून १८९१ में कर्नाटक के कोलार जिला के होंगेनल्ली नामक ग्राम में जन्म हुआ। वे एक तमिल अयंगार परिवार में जन्मे थे। उनके उपनाम """"मास्ती"""" अपने बचपन के ज्यादातर समय बिताये हुए गाँव से लिया गया है। अपने बचपन वे बहुत ही कठिन परिस्थिति में बिताये। उन्होंने १९१४ में मद्रास विश्वविद्यालय से अंग्रेजी साहित्य में मास्टर डिग्री सवर्ण पदकके सात प्राप्त की। उनके पिता के मरण के बाद वे अपने माता को अपनी योग्यता से पायी गई छात्रवृत्ति से सहारा दिया। मैसोर प्रशासन सेवा के परीक्षा में वे पहला पदवी हासिल किया। भारतीय सिविल सेवा परीक्षा उतीर्ण करके उन्होने कर्नाटक में सभी ओर विविध पदों पर कार्य किया। सहायक आयुक्त के पद से अपने जीविका शुरु करके वे आबकारी आयुक्त से, अंत में वे जिला आयुक्त के स्तर तक पहुंचे। २६ वर्ष की सेवा के बाद जब उनको मंत्री के बराबर का पद नहीं मिला और जब उनके एक कनिष्ट को पदोन्नत कर दिया गया तब मास्तीजी ने प्रतिवादस्वरूप अपने पद से इस्तीफा दे दिया। मास्तिजी पंकजम्मा नामक नारी से विवाहित थे,उनके ६ बेटियाँ थी। वे श्रिनिवास नामक से उपनाम से लिखा करते थे।",hin,hin,"[160667.0, 45747.0, 3757.0, 109395.0, 86190.0, 3671252.0, 165308.0, 49725.0, 79118.0, 30056.0, 75140.0, 6630.0, 195143.0, 416585.0, 143650.0]"
उपयुक्त फ़्रेंचाइज़र खोजने के लिए फ़्रेंचाइज़र अभिकर्ता होते हैं। एक मुख्य 'मास्टर फ़्रेंचाइज़र' भी होता है जिसके पास क्षेत्र विशेष में उप - फ़्रेंचाइज़ के अधिकार होते हैं।,hin,hin,"[22440.0, 14520.0, 2860.0, 30140.0, 15180.0, 536360.0, 31020.0, 7040.0, 16060.0, 2860.0, 13200.0, 1980.0, 37180.0, 61820.0, 25520.0]"
"संहिता फ़्रेंचाइज़ करारों की विषय-वस्तु को भी विनियमित करती है, उदाहरणार्थ विपणन निधि, सोच-विचार की अवधि, समाप्ति और मध्यस्थता द्वारा विवादों का समाधान के संबंध में.",hin,hin,"[22557.0, 10731.0, 3066.0, 22338.0, 10950.0, 618018.0, 31536.0, 11169.0, 19491.0, 4599.0, 11826.0, 876.0, 35259.0, 69861.0, 26499.0]"
"ड्रोन और प्रक्षेपास्त्र दोनो ही रिमोट संचालित होते है पर इन दोनों मे मुख्य अंतर यह है की जहाँ मानव रहित विमान को पुनः उपयोग मे लिया जा सकता है, प्रक्षेपास्त्र केवल एक बार के उपयोग के लिये ही होता है।",hin,hin,"[25942.0, 7194.0, 2180.0, 20274.0, 15042.0, 718092.0, 32046.0, 11118.0, 14606.0, 10028.0, 15478.0, 654.0, 36406.0, 83276.0, 30520.0]"
"1850 के दशक में आइज़ैक सिंगर, जिसने मौजूदा सिलाई मशीन में सुधार किया, संयुक्त राज्य अमेरिका में फ़्रेंचाइज़िंग प्रयासों में पहला था, बाद में कोका कोला, वेस्टर्न यूनियन इत्यादि और ऑटोमोबाइल निर्माताओं और डीलरों के बीच करार आए.",hin,hin,"[32550.0, 21266.0, 3255.0, 32984.0, 28644.0, 663803.0, 39494.0, 14322.0, 21700.0, 10850.0, 22134.0, 868.0, 54901.0, 87885.0, 38192.0]"
"दक्षिण भोपाल से 46 किलोमीटर दूर स्थित भीमबेटका की गुफाएं प्रागैतिहासिक काल की चित्रकारियों के लिए लोकप्रिय हैं। यह गुफाएं चारों तरफ से विन्‍ध्‍य पर्वतमालाओं से घिरी हुईं हैं, जिनका संबंध नवपाषाण काल से है। इन गुफाओं के अंदर बने चित्र गुफाओं में रहने वाले प्रागैतिहासिक काल के जीवन का विवरण प्रस्‍तुत करते हैं। यहां की सबसे प्राचीन चित्रकारी को 12 हजार वर्ष पूर्व की मानी जाती है।",hin,hin,"[59400.0, 18144.0, 2376.0, 44280.0, 26136.0, 1483272.0, 67392.0, 21600.0, 30240.0, 10368.0, 34776.0, 1512.0, 72792.0, 172584.0, 62424.0]"
"कलेक्टेड वर्क्स ऑफ महात्मा गान्धी वॉल्यूम-54 के अनुसार महात्मा गान्धी ने आइंस्टीन के पत्र का जवाब 18 अक्टूबर 1931 को दिया था। जवाब में उन्होंने लिखा - """"सुन्दरम् (गान्धी जी के दोस्त) के माध्यम से मुझे आपका सुन्दर पत्र मिला। मुझे इस बात की सन्तुष्टि मिली कि जो काम मैं कर रहा हूँ वह आपकी दृष्टि में सही है। मैं उम्मीद करता हूँ कि भारत में मेरे आश्रम में आपसे मेरी आमने सामने मुलाकात होगी।",hin,hin,"[70090.0, 21070.0, 2795.0, 48160.0, 33755.0, 1484790.0, 69875.0, 16125.0, 29240.0, 12900.0, 42570.0, 20640.0, 80625.0, 148780.0, 60845.0]"
"डिक्टाफोन एक अमेरिकी कंपनी थी, जो श्रुतलेख मशीन का निर्माण करती थी - ये ध्वनि रिकॉर्डिंग उपकरण थे जिनका सबसे आम इस्तेमाल भाषण को रिकॉर्ड करना था जिसे बाद में चलाया जाता था या मुद्रित किया जाता था। """"डिक्टाफोन"""" नाम एक ट्रेडमार्क है, लेकिन कुछ स्थानों में ऐसे सभी उपकरणों को संदर्भित करने के लिए इसका प्रयोग आम है और इसे एक जातिगत उत्पाद ट्रेडमार्क के रूप में इस्तेमाल किया जाता है। वर्तमान में डिक्टाफोन, बोस्टन आधारित नुआन्स कम्यूनिकेशंस की एक शाखा है।",hin,hin,"[69122.0, 23968.0, 2568.0, 56282.0, 41730.0, 1338570.0, 72974.0, 26322.0, 36380.0, 6420.0, 38306.0, 18618.0, 87954.0, 178048.0, 69978.0]"
"मिहिरकुल हूण सम्राट तोरमाण और उसके पुत्र मिहिरकुल भारतीय इतिहास में अपनी खूँखार और ध्वंसात्मक प्रवृत्ति के लिये प्रसिद्धश् हैं। भारतीय स्रोतों के अतिरिक्त इनकी बर्बरता का चित्रण चीनी तथा यूनानी इतिहासकारों ने भी किया है। कुमारगुप्त के राज्यकाल (ई० ४१४-४५५) के अंतिम वर्षो में हूणों ने उत्तरी भारत पर धावा बोल दिया। राजकुमार स्कंदगुप्त ने इस आक्रमण को रोक लिया पर छठी शताब्दी के प्रथम चरण मे हूणों का आधिपत्य मालवा तक छा गया। तोरमाण का पुत्र मिहिरकुल लगभग ५१५ ई० में सिंहासन पर बैठा। उसकी राजधानी साकल अथवा स्यालकोट थी। """"राजतरंगिणी' के अनुसार इसका राज्य कश्मीर तथा गंधार से लेकर दक्षिण में लंका तक फैला था। किंतु इस वृतांत में तथ्य नहीं है। कल्हण ने तोरमाण को मिहिरकुल से १८ वीं पीढ़ी बाद रखा है पर वास्तव में मिहिरकुल तोरमाण का पुत्र था। इस ग्रंथ में उल्लिखित मिहिरकुल की नृशंस प्रवृत्तियों की पुष्टि युवान्‌ च्वांङ के वृत्तांत से भी होती है। चीनी स्रोतों में संगु युग का वृत्तांत भी उल्लेखनीय है। यह लगभग ५२० ई० में गंधार में हूण सम्राट के यहाँ राजदूत था। इसके अतिरिक्त एक यूनानी भौगोलिक कासमॉस इंद्रिको प्लूस्तस ने श्वेत हूण सम्राट, गोलस का उल्लेख किया है जो लगभग ५२५-५३५ ई० मे उत्तरी भारत का सम्राट था। कदाचित्‌ इसकी समानता मिहिरकुल से की जा सकती है। उपर्युक्त स्रोतों के आधार पर हूण सम्राट, मिहिरकुल का साम्राज्य सिंधु नदी से पश्चिम में था और उसका आधिपत्य उत्तरी भारत के शासक स्वीकार करते थे। बौद्ध धर्म का वह कट्टर विरोधी था और इसने मठों तथा संघारामों को ध्वस्त किया। इसके राज्यकाल के १५ वें वर्ष का एक लेख ग्वालियर में मिला है जिसमें मातृचेत नामक एक व्यक्ति द्वारा सूर्यमंदिर की स्थापना का उल्लेख है।",hin,hin,"[314601.0, 83070.0, 2769.0, 167418.0, 132273.0, 5448753.0, 279882.0, 75615.0, 106926.0, 74763.0, 87543.0, 84774.0, 294366.0, 627072.0, 235365.0]"
इस फ़िल्म का टीज़र 28 मई 2015 को स्टार टीवी पर रिलीज़ किया गया। सलमान खान की फर्स्ट लुक 26 मई 2015 को शाहरुख़ खान द्वारा सोशल नेटवर्किंग साईट ट्विटर पर दिखाई गयी।,hin,hin,"[26076.0, 20140.0, 2544.0, 26288.0, 11660.0, 725888.0, 29044.0, 5724.0, 16748.0, 5724.0, 13568.0, 848.0, 39220.0, 86708.0, 30740.0]"
"अफ़्रीकी कला और वास्तुकला अफ़्रीकी संस्कृतियों की विविधता प्रतिबिंबित करते हैं। इसके सबसे पुराने उदाहरण, नासारियस सीपियों से बने ८२,०००-वर्ष-पुरानी मनके (माला के दाने) हैं जो आज भी देखे जा सकते हैं। मिस्र में गीज़ा का महान पिरामिड ४,000 वर्षों तक, वर्ष १३०० के आसपास लिंकन चर्च के पूरा होने तक, विश्व का सबसे ऊँचा मानव निर्मित ढाँचा था। बड़े ज़िम्बाब्वे के पत्थरों के खंडहर अपनी वास्तुकला के लिए और लालीबेला, इथोपिया के एकल-शिला-निर्मित चर्च, जिनका प्रतिनिधित्व सेंट जॉर्ज चर्च करता है, अपनी जटिलता के लिए आज भी सबका ध्यान आकर्षित करते हैं। मिस्र लंबे अरसे तक अरब दुनिया के लिए संस्कृति का केन्द्र बिंदु रहा है, जबकि उप-सहारा अफ़्रीका, विशेषकर पश्चिम अफ़्रीका, अपने संगीत की दमदार ताल के कारण, अंध महासागर (एटलांटिक) से होने वाले गुलामों के व्यापार के माध्यम से आधुनिक साम्बा, ब्ल्यूज़, जॉज़, रेगे, रैप और रॉक एंड रोल तक पहुँच गई। १९५० के दशक से १९७० के दशक ने एफ़्रोबीट और हाईलाइफ़ संगीत के लोकप्रिय होने के साथ इन विभिन्न शैलियों को अनेक रूप धरते देखा। इस महाद्वीप के आधुनिक संगीत में दक्षिणी अफ़्रीका के अति कठिन समझे जानेवाले समूह-गान, कॉन्गो लोकतांत्रिक गणराज्य का संगीत और सौकौस संगीत शैली के नृत्य ताल सम्मिलित हैं। अफ़्रीका की देसी संगीत और नृत्य परंपराएँ वाचिक-परंपराओं द्वारा विकसित हुई हैं। ये उत्तरी अफ़्रीका और दक्षिणी अफ़्रीका की संगीत और नृत्य शैलियों से भिन्न हैं। उत्तरी अफ़्रीकी संगीत और नृत्य में अरबी प्रभाव दिखाई पड़ते हैं और, दक्षिणी अफ़्रीका में, उपनिवेशीकरण के कारण पश्चिमी प्रभाव स्पष्ट हैं।",hin,hin,"[267759.0, 121536.0, 2321.0, 171543.0, 96216.0, 4603176.0, 248558.0, 85033.0, 102757.0, 34182.0, 100647.0, 5064.0, 302363.0, 607047.0, 260796.0]"
"विश्व भर में सबसे ज़्यादा फ़्रेंचाइज़ चीन में हैं किन्तु उनका प्रचालन अपेक्षाकृत छोटे पैमाने पर होता है। संयुक्त राज्य अमेरिका में 540 से अधिक की तुलना में, चीन की प्रत्येक प्रणाली में औसतन 43 दुकानें हैं। कुल मिलाकर, 200,000 के खुदरा बाज़ार में 2600 ब्रांड हैं। 1987 में KFC सबसे महत्वपूर्ण विदेशी प्रविष्टि थी और यह व्यापक है, . चूंकि गठन के समय फ़्रेंचाइज़ कानून स्पष्ट नहीं था, इसलिए बहुत से फ़्रेंचाइज़ संयुक्त उद्यम हैं। उदाहरण के लिए, मॅकडोनाल्ड्स एक संयुक्त उद्यम है। पिज़्ज़ा हट, TGIF, वॉल-मार्ट, स्टारबॅक्स थोड़ा बाद में आए. लेकिन कुल फ़्रेंचाइज़िंग खुदरा व्यापार का केवल 3% है जिसमें विदेशी फ़्रेंचाइज़ के विकास की बहुत संभावनाएं हैं।",hin,hin,"[81900.0, 50820.0, 3570.0, 80220.0, 58590.0, 1997100.0, 122010.0, 34440.0, 55650.0, 18270.0, 44310.0, 2310.0, 135870.0, 244230.0, 100380.0]"
"AU may need to be redefined (measuring distances in AU will become increasingly imprecise as the Sun radiates away its energy) New Scientist, 6 फ़रवरी 2008",hin,hin,"[5643.0, 2717.0, 17974.0, 10659.0, 6061.0, 49324.0, 16302.0, 1463.0, 627.0, 1463.0, 2299.0, 418.0, 10241.0, 17556.0, 11495.0]"
"इस प्रकार इस्तेमाल किये गए एक जेनर डायोड को शंट वोल्टेज रेगुलेटर कहा जाता है, (इस संदर्भ में शंट का अर्थ समानांतर रूप से जुड़ा है और वोल्टेज रेगुलेटर का अर्थ, सर्किट का एक वर्ग जो किसी भी लोड में एक स्थिर वोल्टेज का उत्पादन करता है) एक अर्थ में, प्रतिरोधक के माध्यम से विद्युत का एक हिस्सा जेनर डायोड के द्वारा भेजा जाता है और शेष, लोड के माध्यम से भेजा जाता है। लोड द्वारा महसूस किये जाने वाले वोल्टेज को करेंट के कुछ हिस्से को ऊर्जा स्रोत से जनित कर बाईपास करने के लिए नियंत्रित किया जाता है- अतः इंजन के स्विच बिंदु से समानता की वजह से यह नाम दिया गया है।",hin,hin,"[69472.0, 25376.0, 2704.0, 60320.0, 44512.0, 1727440.0, 88608.0, 27456.0, 60944.0, 8112.0, 41184.0, 1664.0, 82368.0, 197600.0, 81744.0]"
"यद्यपि चीन में भी दशमलव आधारित गणना पद्धति प्रयोग में थी, किन्तु उनकी संकेत प्रणाली भारतीय संकेत चिन्ह प्रणाली जितनी शुद्ध और सरल न थी और यह भारतीय संकेत प्रणाली ही थी जो अरबों के मार्फत पश्चिमी दुनियां में पहुंची और अब वह सार्वभौमिक रूप में स्वीकृत हो चुकी है। इस घटना में कई कारकों ने अपना योगदान दिया जिसका महत्व संभवतः सबसे अच्छे ढंग से फ्रांसीसी गणितज्ञ लाप्लेस ने बताया हैः ’’हर संभव संख्या को दस संकेतों के समुच्चय द्वारा प्रकट करने की अनोखी विधि जिसमें हर संकेत का एक स्थानीय मान और एक परम मान हो, भारत में ही उद्भूत हुई। यह विधि आजकल इतनी सरल लगती है कि इसके गंभीर और प्रभावशाली महत्व पर ध्यान ही नहीं जाता। इसने अपनी सरल विधि द्वारा गणना को अत्याधिक आसान बना दिया और अंकगणित को उपयोगी अविष्कारों की श्रेणी में अग्रगण्य बना दिया।’’",hin,hin,"[115506.0, 32085.0, 2277.0, 91080.0, 63135.0, 2432043.0, 118818.0, 47817.0, 63756.0, 14697.0, 43470.0, 2070.0, 133722.0, 316089.0, 104742.0]"
"स्लोवाक विकिपीडिया (Slovenská Wikipédia) विकिपीडिया का स्लोवाक भाषा का संस्करण है। यह अक्टूबर २००३ में आरंभ किया गया था, लेकिन २००४ की गर्मियों में ही यह सक्रिय हो पाया था। सितंबर २००५ में इसने १५,००० लेखों का आँकड़ा पार कर लिया था और अगस्त २००६ तक ५०,००० लेखों का और अगस्त २००८ तक १,००,००० लेखों का। स्लोवाक विकिपीडिया पर २५ मई, २००९ तक लेखों की संख्या १,०७,०००+ है। स्लोवाक विकिपीडिया, स्लाविक-भाषा के विकिपीडियाओं के सबसे बड़े संस्करणों में से है।",hin,hin,"[85284.0, 27604.0, 1442.0, 58298.0, 51294.0, 1440764.0, 79516.0, 23072.0, 36874.0, 16892.0, 40788.0, 2060.0, 84666.0, 193022.0, 84254.0]"
"संचरण एक डुअल-क्लच डाइरेक्ट-शिफ्ट गियरबॉक्स कंप्यूटर संचालित सात गियर अनुपात सहित स्वतः नियंत्रित है और यह स्टीयरिंग व्हील के पीछे मैग्नीशियम पैडलों के साथ होता है, जिसका बदलाव समय 150 मिली सेकंड से भी कम होता है। इसे इंग्लैंड के रिकार्डो ने डिजाइन और निर्मित किया है (और बोर्ग-वार्नर नहीं, जिसने वोक्सवैगन समूह की मेनस्ट्रीम मार्क्वेस में प्रयुक्त सिक्स स्पीड DSG को डिजाइन किया था). वेरॉन को या तो अर्ध स्वचालित या पूरी तरह से स्वचालित मोड में चलाया जा सकता है। वेरॉन के ट्रांस्मिशन प्रतिस्थापन के लिए $120,000 डॉलर से भी अधिक लागत आती है। इसमें हाल्डेक्स ट्रैक्शन सिस्टम का प्रयोग करते हुए पूर्णकालिक स्थायी चौपहिया ड्राइव भी है। यह विशेष माइकेलिन PAX रन-फ्लैट टायर का उपयोग करता है, जो विशेष रूप से वेरॉन के उच्चतम गति के लिए डिजाइन किया गया है और कथित तौर पर इसकी कीमत प्रति सेट 25,000 अमेरिकी डॉलर है। केवल फ्रांस में ही इसके टायर को रिम से हटाया जा सकता है, जो एक ऐसी सेवा है, जिसकी कथित तौर पर लागत 70,000 डॉलर है। कर्ब भार है2,034.8 किलोग्राम (71,775 औंस). यह 446.3 bhp प्रति टन के, वोक्सवैगन समूह के 736 किलोवाट (1,001 मीट्रिक अश्वशक्ति; 987 ब्रेक अश्वशक्ति) आंकड़ों के अनुसार, कार को बल की तुलना में भार अनुपात देता है।",hin,hin,"[252355.0, 58220.0, 3895.0, 149240.0, 131815.0, 3412635.0, 203155.0, 57195.0, 100655.0, 36080.0, 72160.0, 6355.0, 226320.0, 483595.0, 183475.0]"
"वज्रयान संस्कृत शब्द, अर्थात हीरा या तड़ित का वाहन है, जो तांत्रिक बौद्ध धर्म भी कहलाता है तथा भारत व पड़ोसी देशों में, विशेषकर तिब्बत में बौद्ध धर्म का महत्त्वपूर्ण विकास समझा जाता है। बौद्ध धर्म के इतिहास में वज्रयान का उल्लेख महायान के आनुमानिक चिंतन से व्यक्तिगत जीवन में बौद्ध विचारों के पालन तक की यात्रा के लिये किया गया है।",hin,hin,"[58956.0, 19380.0, 3264.0, 31824.0, 19788.0, 1149132.0, 55896.0, 18768.0, 30396.0, 5508.0, 19176.0, 1020.0, 59364.0, 138720.0, 51000.0]"
"डेविड पिंग्री (David Pingree) -- Census of the Exact Sciences in Sanskrit (5 vols., American Philosophical Society, Philadelphia 1970 et seq.)",hin,hin,"[13804.0, 4263.0, 8526.0, 15834.0, 9744.0, 71659.0, 16443.0, 1827.0, 2233.0, 1218.0, 1218.0, 7308.0, 11368.0, 23751.0, 11774.0]"
"शोयब (मुकुल देव) और अनैया (सादिद्या सिद्दिक़ी): अनैया, शोयब की बहन की अच्छी सहेली है और उसे बहुत चाहती है। अन्ततः वो उसे विवाह के लिए मना लेती है। लेकिन शोयब, अनैया को किसी भी रूप में देखे लेकिन हमेशा उसे अपनी बहन की बचपन की दोस्त ही दिखाई देती है। वो एक दूसरे से दूरियाँ कम करने की लगातार कोशिश करते हैं।",hin,hin,"[43834.0, 16362.0, 1818.0, 36158.0, 28078.0, 1082720.0, 53530.0, 12524.0, 23634.0, 8686.0, 28684.0, 2828.0, 53934.0, 123018.0, 60802.0]"
"अरेरा कॉलोनी भोपाल शहर, जो की मध्यप्रदेश की राजधानी है उसके सबसे बड़े आवासीय क्षेत्रो में से एक है । यह शहर के संभ्रांत आवासीय क्षेत्रो में जाना जाता है । । शहर के दक्षिणी भाग में स्थित इस कॉलोनी में हरे भरे पेड़ तथा उद्यान बहुतायत की संख्या में पाए जाते हैं अरेरा कॉलोनी को 8 उपक्षेत्रों में विभक्त किया गया है जिन्हें ई १- ई ८ क्रमांक दिया गया है ।",hin,hin,"[55275.0, 16884.0, 2412.0, 32964.0, 25125.0, 1228512.0, 52461.0, 18492.0, 25326.0, 7035.0, 26130.0, 2010.0, 57285.0, 119997.0, 44220.0]"
"आम तौर पर एक व्यक्ति को एक करवट में लिटा कर, सेरेब्रल तरल (CSF) एकत्र करने के लिये लोकल एनेस्थीसिया लगा कर और ड्यूरल सैक (रीढ़ की हड्डी के चारों ओर लगी थैली) में एक सुई डाल कर लंबर पंचर किया जाता है। जब यह प्राप्त हो जाता है तो मैनोमीटर का उपयोग करते हुये CSF का “खुलने वाला दाब” मापा जाता है। दाब आम तौर पर 6 और 18 cm जल (cmH2O) के बीच होता है; बैक्टीरिया जनित मस्तिष्क ज्वर में दाब आम तौर पर बढ़ा होता है। In क्रिप्टोकॉकल मस्तिष्क ज्वर में अंतःकपालीय दाब काफी बढ़ा होता है। तरल का आरंभिक स्वरूप संक्रमण की प्रकृति का संकेत साबित हो सकता है: धुंधला CSF संकेत करता है कि प्रोटीन, सफेद व लाल रक्त कोशिकाओं और/या बैक्टीरिया का स्तर ऊंचा है और इसलिये इसमें बैक्टीरिया जनित मस्तिष्क ज्वर हो सकता है।",hin,hin,"[117600.0, 41800.0, 2600.0, 87400.0, 47000.0, 2287200.0, 113800.0, 27400.0, 65800.0, 27200.0, 48000.0, 4000.0, 121400.0, 296800.0, 113400.0]"
"अब्बासी (अरबी: العبّاسيّون‎‎, अल-अब्बासियून; अंग्रेज़ी: Abbasids) वंश के शासक इस्लाम के ख़लीफ़ा थे जो सन् 750 के बाद से 1257 तक इस्लाम के धार्मिक प्रमुख और इस्लामी साम्राज्य के शासक रहे। इनके पूर्वज मुहम्मद से संबंधित थे इसलिए इनको शिया विचारधारा के मुसलमानों का बहुत सहयोग मिला जिसमें ईरान तथा ख़ोरासान की जनता शामिल थी। इस जनसहयोग की बदौलत उन्होंने उमय्यदों को हरा दिया और ख़लीफ़ा बनाए गए। उन्होंने उमय्यदों के विपरीत साम्राज्य में ईरानी तत्वों को समावेश किया और उनके काल में इस्लामी विज्ञान, कला तथा ज्योतिष में काफ़ी नए विकास हुए।",hin,hin,"[110445.0, 33233.0, 1990.0, 87759.0, 47362.0, 1685132.0, 128156.0, 30845.0, 42785.0, 23880.0, 46367.0, 7363.0, 97709.0, 261685.0, 86167.0]"
"मोह्नन दास पै और डॉ॰ टी सतिश के दृष्टि से बाहर मणिपाल मीडिया नेटवर्क लिमिटेड की यात्रा शुरू की पई और उनके भाई श्री टी. उपेन्द्र पई, तटीय कर्नाटक क्षेत्र मे, उदयवाणी में पहले कभी कन्नड़ समाचार पत्र प्रकाशन कर पये। जनवरी, १९७० में अपना अभियान शुरू किया। दर्शकों के आधिक रुछि के कारण और समाचार पत्र की संख्या आधिक होति गायि साथ ही, अपनी पहुंच तेजी से बढ़ते गये और आज यह एक प्रमुख अखिल कर्नाटक उपस्थिति समाचार पत्र है। जल्द ही प्रदर्शनों की सूची समृद्ध और हमेश बड़ते हुवे पत्रओ में ओर एक पत्र जोड़ जा रहा था वह् 1१९७३ में कन्नड़ साहित्यिक मासिक तुषारा था।",hin,hin,"[89892.0, 29898.0, 2574.0, 52668.0, 25542.0, 1895652.0, 100980.0, 24156.0, 46134.0, 10890.0, 30492.0, 1386.0, 92862.0, 194436.0, 77616.0]"
"1930 दशक के मूल ब्युगाटी अटलांटिक 57S का सांग नुआर सम्मान करता है। बाह्य सज्जा में पूर्णतः काली रंग पट्टिका है - सांग नुआर का मतलब है """"काला ख़ून"""" - साथ में रूखे कार्बन फाइबर पेनल, काले किए हुए हेडलैम्प और जंगले के घेराव और पार्श्व दर्पण के लिए एल्युमिनियम की किनारी है। इसकी उत्पादन संख्या 15 थी। इसकी आंतरिक सज्जा विशेष रूप से चमकीले नारंगी रंग प्रयुक्त हुआ है।",hin,hin,"[54569.0, 18124.0, 4531.0, 44522.0, 33687.0, 1217657.0, 69344.0, 11820.0, 23837.0, 6304.0, 31914.0, 1773.0, 71708.0, 138885.0, 66586.0]"
"जोइया (उर्दू: جوئیہ‎) या जोहिया उत्तर भारत और पाकिस्तान की एक चंद्रवंशी राजपूत उपजाति है। जोइया हिन्दू भी होते हैं और मुसलमान भी। भारत में यह हरियाणा, पंजाब, पश्चिमी उत्तर प्रदेश और राजस्थान में रहते हैं, जबकि पाकिस्तान में यह पंजाब प्रांत में मिलते हैं। माना जाता है के आधुनिक जोइया जाति प्राचीन यौधेय क़बाइली परिसंघ की संतति है जो सिन्धु और गंगा के दरम्यानी क्षेत्र में (ख़ासकर सतलुज नदी के पास) बसा करती थी।",hin,hin,"[89964.0, 24892.0, 1764.0, 46060.0, 32144.0, 1474704.0, 65464.0, 17640.0, 22736.0, 15876.0, 29008.0, 2940.0, 66052.0, 171892.0, 60760.0]"
"वयस्कों में, निएसेरिया मेनिन्जाटिडिस और स्ट्रेप्टोकॉकस निमोनिया मिलकर बैक्टीरिया जनित मस्तिष्क ज्वर के 80% मामलों के लिये जिम्मेदार होते हैं। लिस्टीरिया मोनोसाइटोजिनिस के साथ संक्रमण का जोखिम 50 वर्ष से अधिक की उम्र वालों में बढ़ जाता है। न्यूमोकॉकल वैक्सीन ने बच्चों और वयस्कों में न्यूमोकॉकल मस्तिष्क ज्वर की दर को कम कर दिया है।",hin,hin,"[58695.0, 26325.0, 3120.0, 39585.0, 26520.0, 978315.0, 54405.0, 14430.0, 29640.0, 7020.0, 24180.0, 13455.0, 64350.0, 139425.0, 48945.0]"
क) फ़्रेंचाइज़र के उद्यम की स्थापना की तारीख और इसके व्यापार के इतिहास का सारांश और बैंकरों सहित फ़्रेंचाइज़र के व्यापार अनुभव का मूल्यांकन करने के लिए आवश्यक सारी जानकारी,hin,hin,"[17654.0, 13192.0, 1358.0, 23474.0, 10282.0, 529620.0, 28518.0, 8148.0, 19206.0, 1358.0, 13192.0, 1552.0, 29488.0, 57230.0, 23668.0]"
"Concrete nouns भौतिक तत्वों को संदर्भित करती हैं, जो कम से कम सिद्धांततः, एक भाव द्वारा देखा जा सके (उदाहरण के लिए, chair, apple, Janet या atom). दूसरी ओर Abstract nouns अमूर्त चीज़ों को संदर्भित करते हैं; यानी, विचार या अवधारणाएं (जैसे कि justice या hatred). जबकि इस तरह के अंतर कभी-कभी उपयोगी होते हैं, concrete और abstract के बीच की सीमा हमेशा स्पष्ट नहीं है, उदाहरण के लिए, संज्ञा art, जो आम तौर पर अवधारणा को संदर्भित करता है (उदा. Art is an important element of human culture), लेकिन जो कुछ संदर्भों में विशिष्ट कलाकृति का उल्लेख कर सकता है (जैसे I put my daughter's art up on the fridge).",hin,hin,"[44776.0, 32038.0, 6948.0, 49987.0, 55005.0, 1167650.0, 74305.0, 29529.0, 42267.0, 26827.0, 38793.0, 2702.0, 83183.0, 188947.0, 71410.0]"
शिक्षण-कार्य की प्रक्रिया का विधिवत अध्ययन शिक्षाशास्त्र या शिक्षणशास्त्र (Pedagogy) कहलाता है। इसमें अध्यापन की शैली या नीतियों का अध्ययन किया जाता है। शिक्षक अध्यापन कार्य करता है तो वह इस बात का ध्यान रखता है कि अधिगमकर्ता को अधिक से अधिक समझ में आवे।,hin,hin,"[34752.0, 9600.0, 3072.0, 24192.0, 22272.0, 759360.0, 36480.0, 13056.0, 26496.0, 7680.0, 19776.0, 1344.0, 42240.0, 94464.0, 32640.0]"
१९६५ में उड़ीसा के मुख्यमंत्री बीजू पटनायक को इस्तीफा देने केलिए मजबूर किया गया। उन पर अपनी निजी स्वामित्व कंपनी 'कलिंग ट्यूब्स' को एक सरकारी कांट्रेक्ट दिलाने केलिए मदद करने का आरोप था।,hin,hin,"[36481.0, 8786.0, 2101.0, 21201.0, 15280.0, 605852.0, 27313.0, 9932.0, 15662.0, 4011.0, 18336.0, 9741.0, 33807.0, 64176.0, 28268.0]"
इस तकनीक में बीज या भ्रूण को बहुत कम तापमान में सुरक्षित रखा जाता है। इसे आमतौर पर द्रव नाइट्रोजन में -१९६ डिग्री सेल्सियस पर सुरक्षित रखा जाता है। यह विलुप्त हो रहे प्रजातियों के संरक्षण के लिए लाभदायक है।(3),hin,hin,"[31160.0, 11400.0, 2090.0, 22230.0, 10450.0, 682860.0, 30780.0, 11780.0, 23940.0, 4370.0, 14440.0, 950.0, 36860.0, 77140.0, 33440.0]"
"यह अविष्कार प्रतिभाशाली तो था परंतु यह कोई अचानक नहीं हुआ था। पश्चिमी जगत में जटिल रोमन अंकीय प्रणाली एक बड़ी बाधा के रूप में प्रगट हुई और चीन की चित्रलिपि भी एक रुकावट थी। लेकिन भारत में ऐसे विकास के लिए सब कुछ अनुकूल था। दशमलव संख्याओं के प्रयोग का एक लम्बा और स्थापित इतिहास था ही, दार्शनिक और अंतरिक्षीय परिकल्पनाओं ने भी, संख्या सिद्धांत के प्रति एक रचनात्मक विस्तृत दृष्टिकोण को बढ़ावा दिया। पाणिनि के भाषा सिद्धांत और विधि सम्मत भाषा के अध्ययन और संकेतवाद तथा कला और वास्तुशास्त्र में प्रतिनिधित्वात्मक भाव के साथ साथ विवेकवादी सिद्धांत और न्याय सूत्रों की कठिन ज्ञान मीमांसा और स्याद्वाद तथा बौद्ध ज्ञान के नवीनतम भाव ने मिलकर इस अंक सिद्धांत को आगे बढ़ाने में मदद की।",hin,hin,"[95445.0, 24192.0, 1512.0, 59535.0, 47628.0, 1945188.0, 99414.0, 41580.0, 44604.0, 30618.0, 43659.0, 10962.0, 116424.0, 227178.0, 94500.0]"
"वस्तुत: गुरुत्वाकर्षण जड़ता का एक भाग मात्र है, तारे और ग्रहों की गतिविधियाँ, उनके स्वभावगत जड़त्व (इनर्शिया) से उत्पन्न होतीं हैं और उनका मार्ग दिक्-काल-सतति (स्पेस-टाइम-कॉन्टिनुअम) के वृत्तीय तत्वों पर निर्भर करता है। जिस प्रकार चुम्बक के चारों ओर चुंबकीय क्षेत्र होता है उसी प्रकार खगोलीय वस्तु अपने चारों ओर के आकाश में एक क्षेत्र बिखेरती है। जिस तरह चुंबकीय क्षेत्र में एक लोहे के टुकड़े की गतिविधि क्षेत्र की बनावट से निर्देशित होती है उसी तरह गुरुत्वीय क्षेत्र में किसी वस्तु का मार्ग उस क्षेत्र की ज्यामितिक अवस्था से निर्धारित होता है।",hin,hin,"[71252.0, 24252.0, 1504.0, 50572.0, 31396.0, 1524116.0, 80652.0, 21996.0, 49068.0, 11280.0, 40796.0, 2632.0, 88736.0, 202288.0, 75012.0]"
"इतालवी कानून के तहत फ़्रेंचाइज़को आर्थिक रूप से स्वतंत्र दो दलों के बीच व्यवस्था के रूप में परिभाषित किया गया है जहां प्रतिफल के बदले में, एक फ़्रेंचाइज़ी को ट्रेडमार्क के तहत माल और सेवाएं बेचने का अधिकार दिया जाता है। इसके अलावा, फ़्रेंचाइज़ करार के स्वरूप और विषय-वस्तु का उल्लेख करने वाले और निष्पादन से 30 दिन पहले उपलब्ध कराए जाने वाले दस्तावेज़ों को परिभाषित करने वाले अनुच्छेद. फ़्रेंचाइज़र को खुलासा करना चाहिए:,",hin,hin,"[50490.0, 28611.0, 2618.0, 58718.0, 26741.0, 1122187.0, 67320.0, 24123.0, 34034.0, 9911.0, 38709.0, 2057.0, 66759.0, 146421.0, 59279.0]"
"भारतीय कॉफी संघ की साप्ताहिक नीलामी में इन किस्मों को शामिल किया जाता है जैसे अरेबिका चेरी, रोबस्टा चेरी, अरेबिका प्लान्टेशन और रोबस्टा पार्चमेंट.",hin,hin,"[23622.0, 7998.0, 1860.0, 13764.0, 6138.0, 432636.0, 22506.0, 7440.0, 9486.0, 1488.0, 11904.0, 744.0, 29016.0, 44454.0, 22134.0]"
"दुपट्टा के लिए सामग्री आमतौर पर कि सूट पर निर्भर करता है, और आम तौर पर कपास, गेओर्गेत्ते, सिल्क, शिफॉन दूसरों के बीच की है। इस पोशाक पश्चिमी कपड़े के एवज में लगभग हर किशोर लड़की द्वारा पहना जाता है। कई अभिनेत्रियों बॉलीवुड फिल्मों में सलवार कमीज पहन लो।",hin,hin,"[44585.0, 12210.0, 1850.0, 27565.0, 21645.0, 771820.0, 42920.0, 11285.0, 17575.0, 7030.0, 23680.0, 925.0, 49580.0, 88060.0, 42365.0]"
"भारत में कपड़े की पारंपरिक शैली के साथ पुरुष या महिला भेद भिन्न होता है। यह अभी भी ग्रामीण क्षेत्रों में, हालांकि शहरी क्षेत्रों में बदल रहा है और उसके बाद है। यौवन से पहले लड़कियों एक लंबी स्कर्ट और छोटा ब्लाउज एक छोलि, इसके बाद के संस्करण कहा जाता है, पहनते हैं।",hin,hin,"[24288.0, 11776.0, 1840.0, 23736.0, 24288.0, 723120.0, 36432.0, 13984.0, 14904.0, 4416.0, 27968.0, 1472.0, 39928.0, 90528.0, 34960.0]"
"हो (जनजाति), भारत की एक प्रमुख जनजाति हैं। 'हो' एक आदिवासी समुदाय है जो भारत के झारखंड राज्य के सिंहभूम जिले तथा पड़ोसी राज्य उड़ीसा के क्योंझर, मयूरभंज, जाजपुर जिलों में निवास करती है।",hin,hin,"[20130.0, 9699.0, 1830.0, 15921.0, 12261.0, 539118.0, 27267.0, 7686.0, 11346.0, 2928.0, 12261.0, 1281.0, 38064.0, 60756.0, 22326.0]"
मुंबई मेल 1028A भारतीय रेल द्वारा संचालित एक मेल एक्स्प्रेस ट्रेन है। यह ट्रेन शोलापुर जंक्शन रेलवे स्टेशन (स्टेशन कोड:SUR) से 06:20PM बजे छूटती है और गोंदिया जंक्शन रेलवे स्टेशन (स्टेशन कोड:G) पर 08:15PM बजे पहुंचती है। इसकी यात्रा अवधि है 25 घंटे 55 मिनट।,hin,hin,"[72072.0, 13468.0, 3276.0, 29484.0, 19292.0, 811356.0, 39676.0, 7826.0, 20202.0, 7098.0, 15106.0, 1092.0, 65520.0, 117754.0, 36218.0]"
"यदि फ़्रेंचाइज़ी ने फ़्रेंचाइज़र को पेशगी का भुगतान किया है तो फ़्रेंचाइज़ करार समाप्त होने पर इसे वापस किया जाना चाहिए; और समाप्ति पर, फ़्रेंचाइज़ी द्वारा फ़्रेंचाइज़र के प्रतीक का प्रयोग करते रहना वर्जित है।",hin,hin,"[19005.0, 16833.0, 1810.0, 34933.0, 11403.0, 577752.0, 34571.0, 12308.0, 18100.0, 4525.0, 17557.0, 1991.0, 34209.0, 61721.0, 28779.0]"
"गर्भ के रुधिर परिवहन तथा गर्भावस्था के पश्चात् के रुधिर परिवहन में अंतर होता है। गर्भ में रुधिर का शोधन फुप्फुस द्वारा नहीं होता। इसी तंत्र में लस वाहिनियों का वर्णन भी किया जाता है। लसपर्व शरीर के रक्षक होते हैं। शोथ, उपसर्ग तथा आघात होने पर ये फूल जाते हैं।",hin,hin,"[31680.0, 10440.0, 1980.0, 23760.0, 11340.0, 851760.0, 43920.0, 7200.0, 23580.0, 3960.0, 15480.0, 1440.0, 39960.0, 95760.0, 35460.0]"
"अंजलि मेनन एक भारतीय फिल्म निर्देशक और पटकथा लेखक है जिन्होंने फिचर फिल्म मंजदिकुरु (मलयालम: മഞ്ചാടിക്കുരു, अंग्रेजी: Lucky Red Seeds) से अपने लेखन की शुरुआत की थी इसके लिए उन्हें सर्वश्रेष्ट मलयालम फिल्म और सर्वश्रेष्ठ भारतीय पर्दापण के लिए एफ०आई०पी०आर०ई०एस०सी०आई० (FIPRESCI) पुरस्कार मिला था। उनकी दूसरी फीचर फिल्म बैंगलोर डेज हैं और उन्होंने गंभीर और व्यावसायिक रूप से प्रशंसित उस्ताद होटल को भी लिखा है।",hin,hin,"[65693.0, 18258.0, 1253.0, 51910.0, 38664.0, 1085456.0, 81624.0, 18079.0, 22196.0, 9845.0, 53342.0, 31504.0, 74643.0, 148033.0, 54953.0]"
"फ़िल्म ने सर्वश्रेष्ठ कला निर्देशन (साबू सिरिल), सर्वश्रेष्ठ विशेष प्रभाव (एस॰टी॰ वेंकी) और सर्वश्रेष्ठ सिनेमेटोग्राफी (संतोष सीवान) सहित विभिन्न राष्ट्रीय फ़िल्म पुरस्कार प्राप्त किये। इसले साथ इसने छः केरल राज्य फ़िल्म पुरस्कार भी प्राप्त किये। यह विश्वभर के 450 सिनेमाघरों में एक साथ प्रदर्शित की गयी।",hin,hin,"[32930.0, 15486.0, 1246.0, 28302.0, 12816.0, 822538.0, 40228.0, 9968.0, 18512.0, 6230.0, 13172.0, 2314.0, 57316.0, 103062.0, 38982.0]"
"उपभोग के पश्चात् पोलीएथाइलीन को विभिन्न रंगों के अनुसार छांटा जाता है, साफ़ किया जाता है और प्रसंस्करण के लिए तैयार किया जाता है। उपभोक्ता द्वारा उपभोग करने के पश्चात् इस छंटे हुए पीईटी (PET) कचरे को कुचला जाता है, परतों में काटा जाता है, गट्ठर के रूप में दबाया जाता है और बिक्री के लिए पेश किया जाता है।",hin,hin,"[29736.0, 12213.0, 2832.0, 31152.0, 18939.0, 866946.0, 46374.0, 15753.0, 26373.0, 6018.0, 25842.0, 708.0, 46905.0, 91155.0, 50445.0]"
"भारतीय विज्ञान के इतिहास में एक विशेष प्रगति, जिसका गंभीर प्रभाव सभी परवर्ती गणितीय ग्रंथों पर पड़ना था, संस्कृत व्याकरण और भाषाविज्ञान के प्रणेता पाणिनि द्वारा किया गया काम था। ध्वनिशास्त्र और संरचना विज्ञान पर एक विशद और वैज्ञानिक सिद्धांत पूरी व्याख्या के साथ प्रस्तुत करते हुए पाणिनि ने अपने संस्कृत व्याकरण के ग्रंथ अष्टाध्यायी में विधि सम्मत शब्द उत्पादन के नियम और परिभाषाएं प्रस्तुत कीं। बुनियादी तत्वों जैसे स्वर, व्यंजन, शब्दों के भेद जैसे संज्ञा और सर्वनाम आदि को वर्गीकृत किया गया। संयुक्त शब्दों और वाक्यों के विन्यास की श्रेणीबद्ध नियमों के जरिये उसी प्रकार व्याख्या की गई जैसे विधि सम्मत भाषा सिद्धांत में की जाती है।",hin,hin,"[63536.0, 24640.0, 1584.0, 52624.0, 48576.0, 1569392.0, 81840.0, 32384.0, 46992.0, 28160.0, 39776.0, 29920.0, 87472.0, 195536.0, 69696.0]"
"हालांकि ज्यादातर पुरुषों द्वारा पहना, बुजुर्ग महिलाओं भी लुंगी अपनी अच्छी वातन कारण अन्य कपड़ों को पसंद करते हैं। बांग्लादेश, ब्रुनेई, इंडोनेशिया, मलेशिया, म्यांमार और सोमालिया के लोग भी लुंगी में, गर्मी और आर्द्रता, जो पतलून, के लिए एक अप्रिय जलवायु बनाने पतलून अब मकान के बाहर आम हो गया है, हालांकि कारण देखा जा सकता है, हालांकि यह ज्यादातर दक्षिण भारत में लोकप्रिय है।",hin,hin,"[45500.0, 13825.0, 2100.0, 36050.0, 22400.0, 1027600.0, 55125.0, 15925.0, 24150.0, 9975.0, 24675.0, 1400.0, 68075.0, 136150.0, 51100.0]"
"वायरस जनित मस्तिष्क ज्वर के लिये आमतौर पर केवल सहायक चिकित्सा की आवश्यकता होती है; मस्तिष्क ज्वर के लिये जिम्मेदार अधिकतर वायरस विशिष्ट उपचार के अनुगामी नहीं होते हैं। वायरस जनित मस्तिष्क ज्वर, बैक्टीरिया जनित मस्तिष्क ज्वर से अधिक सौम्य मार्ग पर चलता है। हरपीस सिम्प्लेक्स वायरस और वैरिसेला ज़ोस्टर वायरस, एसीक्लोवर जैसी वायरस रोधी दवाओं के प्रति प्रतिक्रिया दे सकते हैं, लेकिन ऐसे चिकित्सीय परीक्षण नहीं हुये हैं जो इस बात को विशिष्ट रूप से संबोधित करते हों कि क्या यह उपचार प्रभावी है। वायरस जनित मस्तिष्क ज्वर के सौम्य मामलों का तरल, पूर्ण आराम और एन्लजेसिक जैसे पारंपरिक उपायों द्वारा घर पर उपचार किया जा सकता है।",hin,hin,"[79692.0, 35322.0, 2958.0, 57594.0, 34974.0, 1703460.0, 96918.0, 18792.0, 48024.0, 11484.0, 32712.0, 2088.0, 106314.0, 225156.0, 80736.0]"
इस ऑनलाइन न्यूज पॉर्टल ने स्टिंग ऑपरेशन के जारिए ऑर्मी ऑफिसर और राजनेताओं को रिश्वत लेते हुए पकड़ा। यह बात सामने आई कि सरकार द्वारा की गई १५ डिफेंस डील में काफी घपलेबाजी हुई है और इजराइल से की जाने वाली बारक मिसाइल डीलभी इसमें से एक है।,hin,hin,"[29756.0, 10899.0, 2249.0, 23182.0, 13494.0, 782479.0, 32351.0, 9688.0, 18338.0, 2595.0, 18857.0, 346.0, 34254.0, 80272.0, 31140.0]"
अरेरा कॉलोनी के मुख्य खरीदारी क्षेत्र एवं बाजार मुख्यतः बिट्टन मार्केट 10 नंबर 11 नंबर 12 नंबर में है साथ ही ई ८ के नजदीक ही सेवाएं कॉन्पलेक्स नाम का व्यावसायिक स्थल भी है मेट्रो प्लाजा नाम का शॉपिंग कॉन्पलेक्स बिट्टन मार्केट के पास स्थित है नजदीक ही एक उपडाकघर भी है जिसका पिन कोड 462016 है यह डाकघर अरेरा कॉलोनी तथा इसके आसपास के एक बड़े क्षेत्र को अपनी सेवाएं प्रदान करता है,hin,hin,"[60544.0, 13416.0, 2752.0, 31132.0, 18920.0, 1190756.0, 51428.0, 14964.0, 23908.0, 9288.0, 19264.0, 2924.0, 61920.0, 123152.0, 46956.0]"
"इनके आविष्कार तो बहुत प्रसिद्ध हुए, लेकिन इनके गणितीय रचनाओं को प्राचीन काल में अधिक महत्त्व नहीं मिला। अलेक्सेंड्रिया के गणितज्ञ इन्हें पढ़ते और उद्धृत भी करते थे, लेकिन इनकी कृतियों को सबसे पहले ५३० ईस्वी के लगभग ही एकत्रित किया जा सका। यह काम मिलेटस के इसीडोर ने किया और फिर छठी शताब्दी ईस्वी में ही यूटोसियस की टीकाओं के माध्यम से सारा संसार आर्किमिडिज़ की कृतियों से अवगत हुआ। इनकी कृतियों की कुछ पाण्डुलिपियाँ मध्ययुग तक बची रहीं और पुनर्जागरण के दौरान कई वैज्ञानिकों और दार्शनिकों की प्रेरणा का स्रोत बनीं। १९०६ में आर्किमिडिज़ पालिम्पसेस्ट के नाम से मिली अन्य कृतियों से पता लगा कि इन्होंने गणितीय फार्मूले कैसे निकाले।",hin,hin,"[76608.0, 27873.0, 1710.0, 57456.0, 53352.0, 1697175.0, 89262.0, 34884.0, 38475.0, 32490.0, 51642.0, 2223.0, 90801.0, 188955.0, 82593.0]"
"लिवली ने 11 साल की उम्र में अपने अभिनय पेशे की शुरुआत की, उनकी पहली फिल्म सेंडमेन थी जो 1998 में बनी थी और जिसे उनके पिता द्वारा निर्देशित किया गया था। लिवली बताती हैं कि इस फिल्म में उनका रोल बहुत छोटा था। लगभग सात साल तक अभिनय से दूर रहने के बाद, 2005 में लिवली उसी नाम के उपन्यास द सिस्टरहुड ऑफ़ द ट्रेवलिंग पैंट्स के फिल्म रूपांतर में दिखाई दीं. लिवली ने इस फिल्म में अमेरिका फेरेरा, अम्बर टेम्ब्लिन एवं अलेक्सिस ब्लेडेल के साथ चार भूमिकाओं में से एक मुख्य भूमिका """"ब्रिड्गेत"""" के किरदार को निभाया. फिल्म में अच्छे प्रदर्शन के कारण लिवली ने """"च्वाइस मूवी ब्रेकआउट-महिला"""" के लिए टीन चोइइस पुरस्कार के लिए नामांकन अर्जित किया। $ 42 लाख बॉक्स ऑफिस राजस्व के साथ, यह फिल्म लिवली की सबसे बड़ी वाणिज्यिक सफल फिल्म थी जब तक कि इसी फिल्म की अगली कड़ी ने इसे कमाई में पीछे नहीं किया।",hin,hin,"[89590.0, 39440.0, 2040.0, 78540.0, 62050.0, 2141660.0, 102510.0, 33490.0, 54570.0, 27540.0, 46580.0, 51510.0, 120530.0, 238170.0, 97920.0]"
"दसवीं पुतली प्रभावती ने जो कथा सुनाई वह इस प्रकार है- एक बार राजा विक्रमादित्य शिकार खेलते-खेलते अपने सैनिकों की टोली से काफी आगे निकलकर जंगल में भटक गए। उन्होंने इधर-उधर काफी खोजा, पर उनके सैनिक उन्हें नज़र नहीं आए। उसी समय उन्होंने देखा कि एक सुदर्शन युवक एक पेड़ पर चढ़ा और एक शाखा से उसने एक रस्सी बाँधी। रस्सी में फंदा बना था उस फन्दे में अपना सर डालकर झूल गया। विक्रम समझ गए कि युवक आत्महत्या कर रहा है। उन्होंने युवक को नीचे से सहारा देकर फंदा उसके गले से निकाला तथा उसे डाँटा कि आत्महत्या न सिर्फ पाप और कायरता है, बल्कि अपराध भी है। इस अपराध के लिए राजा होने के नाते वे उसे दण्डित भी कर सकते हैं। युवक उनकी रोबीली आवाज़ तथा वेशभूषा से ही समझ गया कि वे राजा है, इसलिए भयभीत हो गया।",hin,hin,"[91598.0, 28054.0, 3211.0, 67093.0, 58474.0, 2149849.0, 95992.0, 27716.0, 45461.0, 17407.0, 60502.0, 2028.0, 105625.0, 277160.0, 99541.0]"
"ऐल्ब्युमिनमेह (Albuminuria) एक रोग है, जिसके होने पर मूत्र में असामान्य मात्रा में ऐलब्युमिन पाया जाता है। यह एक प्रकार का प्रोटीनमेह (proteinuria) है। सामान्य अवस्था में सभी के मूत्र में ऐल्बुमिन पाया जाता है किन्तु वृक्क (किडनी) के रोग होने पर मूत्र में ऐल्बुमिन की मात्रा बहुत बढ़ जाती है। ऐलब्युमिनमेह स्वयं कोई रोग नहीं है; वह कुछ रोगों का केवल एक लक्षण है।",hin,hin,"[48552.0, 23184.0, 1848.0, 31920.0, 22008.0, 1003296.0, 53424.0, 12096.0, 32424.0, 4872.0, 20664.0, 840.0, 56952.0, 137592.0, 44688.0]"
"रीसाइक्लिंग से पहले, प्लास्टिक उत्पादों को उनके रेज़िन पहचान कोड के अनुसार अलग किया जाता है, यह पॉलीमर की किस्मों को श्रेणीबद्ध करने की विधि है, जिसे 1988 में प्लास्टिक उद्योग संस्था (Society of the Plastics Industry) द्वारा विकसित किया गया था। उदाहरण के लिए, पॉलीएथाइलीन टेरेफ्थालेट (Polyethylene terephthalate), जिसे आम तौर पर पीईटी (PET) कहा जाता है, का रेज़िन कोड 1 है। इन्हें अक्सर रंगों के अनुसार भी अलग किया जाता है। इसके बाद प्लास्टिक के रीसाइक्लिंग योग्य पदार्थों को छोटे-छोटे टुकड़ों में काटा जाता है। इसके बाद कागज़ के लेबल जैसी अशुद्धियों को समाप्त करने के लिए ये कटे हुए टुकड़े कई प्रक्रियाओं से गुजरते हैं। इस सामग्री को पिघलाया जाता है और अक्सर टिकिया के रूप में बाहर निकाला जाता है जिसके बाद इनका प्रयोग अन्य पदार्थों के निर्माण में किया जाता है।",hin,hin,"[119739.0, 41082.0, 3507.0, 76653.0, 60454.0, 1669666.0, 98196.0, 32899.0, 55277.0, 18704.0, 54442.0, 32565.0, 102371.0, 221776.0, 101202.0]"
"उत्पादन के महत्वपूर्ण क्षेत्र दक्षिण भारतीय राज्यों कर्नाटक, केरल और तमिल नाडू में हैं जो 2005 -2006 के उत्पादक सीज़न में भारत की कॉफ़ी उत्पादन का 92 प्रतिशत से अधिक हिस्सा बनाते हैं। इसी सीज़न में, भारत ने 440,000 पौंड (200,000 कि॰ग्राम) से ज्यादा कॉफ़ी का निर्यात किया, इसका 25 प्रतिशत इटली को निर्यात किया गया। परंपरागत रूप से, भारत अरेबिका कॉफ़ी का विख्यात उत्पादक है, लेकिन पिछले दशक में, रोबस्टा का उत्पादन अधिक हुआ है, जो अब भारत के कॉफ़ी उत्पादन का 60 प्रतिशत से अधिक हिस्सा बनाते हैं। कॉफ़ी की घरेलू खपत 1995 में 50000 टन से बढ़कर 2008 में 94400 टन हो गयी।",hin,hin,"[98936.0, 31540.0, 4150.0, 55776.0, 61088.0, 1532844.0, 77190.0, 27058.0, 32038.0, 31706.0, 35192.0, 2988.0, 92296.0, 175130.0, 79514.0]"
"शेखर कपूर हिन्दी फ़िल्मों के एक अभिनेता एवं निर्देशक हैं। आपने मिस्टर इंडिया एवं मासूम जैसी बेहद सफल फ़िल्में निर्देशित की हैं| आप अपनी फ़िल्म एलिज़ाबेथ के लिए आस्कर पुरस्कार के लिए भी मनोनीत हो चुके हैं| 2013 में, शेखर कपूर ने एबीपी न्यूज़ पर टीवी शो प्रधानमंत्री की मेजबानी की। इस कार्यक्रम में भारतीय की रियासतों के विलय से लेकर देश के अलग-अलग प्रधानमंत्री चुनने की पूरी कहानी है।",hin,hin,"[52800.0, 25080.0, 2145.0, 33990.0, 21780.0, 1106985.0, 45870.0, 14520.0, 20295.0, 9075.0, 22275.0, 2970.0, 58080.0, 117480.0, 47025.0]"
शिक्षा एक सजीव गतिशील प्रक्रिया है। इसमें अध्यापक और शिक्षार्थी के मध्य अन्त:क्रिया होती रहती है और सम्पूर्ण अन्त:क्रिया किसी लक्ष्य की ओर उन्मुख होती है। शिक्षक और शिक्षार्थी शिक्षाशास्त्र के आधार पर एक दूसरे के व्यक्तित्व से लाभान्वित और प्रभावित होते रहते हैं और यह प्रभाव किसी विशिष्‍ट दिशा की और स्पष्ट रूप से अभिमुख होता है। बदलते समय के साथ सम्पूर्ण शिक्षा-चक्र गतिशील है। उसकी गति किस दिशा में हो रही है? कौन प्रभावित हो रहा है? इस दिशा का लक्ष्य निर्धारण शिक्षाशास्त्र करता है।,hin,hin,"[44280.0, 19516.0, 984.0, 34604.0, 29684.0, 1199168.0, 57892.0, 21484.0, 36408.0, 10004.0, 28372.0, 1640.0, 65436.0, 158260.0, 57728.0]"
"Proper nouns (जिन्हें proper names भी कहा जाता है) अद्वितीय तत्वों का प्रतिनिधित्व करने वाली संज्ञाएं हैं (जैसे London, Jupiter या Johnny), जोकि तत्वों के वर्ग का वर्णन करने वाले (जैसे city, planet या person) common nouns से भिन्न हैं। सामान्य रूप से Proper nouns से पूर्व उपपद या अन्य प्रतिबंधक विशेषक (जैसे any या some) का उपयोग नहीं किया जाता है और यह शब्द या वाक्यांश के किसी वर्णनात्मक अर्थ का लिहाज किए बिना विशेष व्यक्ति, स्थान या वस्तु को निरूपित करने के लिए प्रयुक्त होता है। व्यक्तिवाचक संज्ञा के बड़े अक्षर में अर्थ, अंतर्निहित संदर्भ में अद्वितीयता है, अर्थात् जब कोई उदाहरण अंतर्निहित संदर्भ में अद्वितीय है तो सामान्य प्रकार के उदाहरण को यह एक नाम प्रदान करता है। इसलिए बाद में की गई चर्चा के अनुसार, संदर्भ बदलाव इसे प्रभावित कर सकता है (देखें Intersections of common and proper senses).",hin,hin,"[72372.0, 23798.0, 4564.0, 58843.0, 54768.0, 1492428.0, 83456.0, 33089.0, 57865.0, 30644.0, 44499.0, 6031.0, 88346.0, 203750.0, 91280.0]"
"गेटवे ऑफ़ इन्डिया भारत के प्रमुख नगर मुम्बई के दक्षिण में समुद्र तट पर स्थित है। यह प्रवेशद्वार असिताश्म का बना हुआ स्थापत्य है, जिसकी ऊंचाई २६ मीटर है। इस प्रवेशद्वार के पास ही पर्यटकों के समुद्र भ्रमण हेतु नौका-सेवा भी उपल्ब्ध है। प्रवेशद्वार को बनाने के लिए पीला असिताश्म प्रयुक्त किया गया है। प्रवेशद्वार का निर्माण राजा जॉर्ज पंचम और रानी मैरी के आगमन 2 दिसंबर, 1911 की यादगार में हुआ था। इसके वास्तुशिल्पी जॉजॅ विंटैट थे। यह सन् 1924 में बन कर तैयार हुआ।",hin,hin,"[54270.0, 18468.0, 1944.0, 69498.0, 40500.0, 1306044.0, 121986.0, 20574.0, 26892.0, 7128.0, 22518.0, 31752.0, 68202.0, 191808.0, 57996.0]"
"मंदिर पूर्वी उत्तर प्रदेश, तराई क्षेत्र और नेपाल में महत्वपूर्ण मान्यता है। इस लोकप्रिय मंदिर और गुरु गोरखनाथ के साथ जुड़े कथा का एक यह चमत्कार है कि जो भी भक्त गोरखनाथ चालीसा 12 बार जप करता है वह दिव्य ज्योति या चमत्कारी लौ के साथ ही धन्य हो जाता है I",hin,hin,"[27531.0, 7406.0, 1932.0, 19642.0, 14812.0, 703248.0, 32844.0, 9660.0, 12397.0, 5313.0, 14168.0, 2898.0, 34615.0, 73255.0, 32683.0]"
खेलों में प्रतिस्पर्धा करने के लिए 220 एथलीटों का एक कुल कोटा (113 पुरुष और 107 महिलाएं) की अनुमति दी गई थी। 2012 और 2013 विश्व चैंपियनशिप में व्यक्तिगत स्प्रिंट और रिले प्रतियोगिताओं में देश के शीर्ष 3 एथलीटों के राष्ट्र कप के संयोजन का उपयोग करके देश कोटा को सौंपा गया था।,hin,hin,"[23840.0, 10400.0, 3360.0, 24640.0, 24160.0, 712160.0, 37120.0, 15680.0, 19360.0, 3360.0, 20800.0, 480.0, 44640.0, 80160.0, 36000.0]"
"लेकॉक, हेनरी, 2005 'Mass nouns, Count nouns and Non-count nouns', एन्साइक्लोपीडिया ऑफ़ लैंग्वेज एंड लिंग्विस्टिक्स में प्रविष्टि हेतु मसौदा संस्करण ऑक्सफोर्ड: एल्सेवियर (pdf)",hin,hin,"[31641.0, 12243.0, 6519.0, 17490.0, 10971.0, 291924.0, 24327.0, 2226.0, 10653.0, 3021.0, 7950.0, 1113.0, 28620.0, 41658.0, 21465.0]"
"पत्तु पवदै या लन्गा दवनि एक पारंपरिक पोशाक में दक्षिण भारत और राजस्थान, आम तौर पर किशोर और छोटी लड़कियों द्वारा पहना जाता है। पवद एक शंकु के आकार का स्कर्ट, आम तौर पर रेशम, कि नीचे कमर से पैर की उंगलियों के लिए हैंग हो जाता है कि है। यह आम तौर पर निचले भाग में एक गोल्डन बॉर्डर है।",hin,hin,"[41870.0, 12324.0, 2528.0, 23858.0, 20066.0, 736122.0, 37920.0, 7900.0, 14536.0, 4898.0, 18170.0, 1738.0, 46136.0, 119132.0, 41554.0]"
"विलियम बड़ा महत्वकांक्षी था। वह जर्मनी को यूरोप का भाग्य-निर्माता ही नहीं, वरन् विश्व का भाग्य-निर्माता बनाना चाहता था। बिस्मार्क विश्व के झगड़ों से जर्मनी को अलग रखना चाहता था, किन्तु विलियम ने यूरोप के बाहर के झगड़ों में हस्तक्षेप करना आरंभ कर दिया। वह केवल बालकन प्रायद्वीप में ही जर्मन-प्रभाव से संतुष्ट नहीं था, वरन् वह तो उसको विश्व-शक्ति के रूप में देखना चाहता था। इसी उद्देश्य के लिए 1890 ई. के उपरांत जर्मनी की वैदेशिक नीति में विश्व-व्यापी नीति का समावेश हुआ। विलियम के अनेक भाषणों से उसके इन विचारों का दिग्दर्शन होता है। उसने इन प्रदेशों को अपने अधिकार में किया -",hin,hin,"[60288.0, 20881.0, 2198.0, 52595.0, 51182.0, 1496838.0, 73947.0, 30615.0, 44902.0, 10048.0, 40977.0, 16328.0, 79442.0, 168304.0, 68295.0]"
"शरीर के विभिन्न अंग विभिन्न रूपों में प्रभावित होते हैं। प्रारंभ में हृदय का त्वरण होता है, परंतु इस दशा के बने रहने पर हृदय सुस्त हो जाता है और हृदयी निकास घट जाता है।",hin,hin,"[17628.0, 5460.0, 1716.0, 12480.0, 8736.0, 459576.0, 21528.0, 5148.0, 9828.0, 4836.0, 12636.0, 312.0, 24492.0, 49608.0, 19812.0]"
"भिन्न कृषि जलवायु परिस्थितियों को को कवर करने वाले प्रत्येक कॉफ़ी उत्पादक क्षेत्र के लिए अनुसंधान हेतु निम्नलिखित पांच अनुसंधान स्टेशन हैं जो केन्द्रीय कॉफ़ी अनुसंधान परिषद संस्थान के नियंत्रण में कार्य करते हैं। कर्नाटक के कूर्ग जिले में, कॉफ़ी अनुसंधान उप-स्टेशनम, शेताली की स्थापना 1946 में की गयी। एस उप स्टेशन एमिन एक सुसज्जित प्रयोगशाला है, जो 131 हेक्टेयर (320 एकड़) का क्षेत्रफल कवर करती है, जिसमें से 80 हेक्टेयर (200 एकड़) कॉफ़ी अनुसंधान गतिविधियों के लिए निर्धारित है। आन्ध्र प्रदेश के विशाखापट्नम जिले में आर वी नगर में क्षेत्रीय कॉफ़ी अनुसंधान स्टेशन पूर्वी तट पर उड़ीसा को भी कवर करता है। इस अनुसंधान स्टेशन की स्थापना 1976 में की गयी थी, यह गैर-पारंपरिक शेत्रों में कॉफ़ी के विकास में अपनी सेवाएं प्रदान करता है, इसके पास कॉफ़ी बागवानी के लिए 30 हेक्टेयर (74 एकड़) का क्षेत्रफल है। इस क्षेत्र में कॉफ़ी की शुरुआत का उदेश्य था, वन क्षेत्र में 'पोडू' विकास के तहत फसलें उगाने के लिए आदिवासी आबादी को हटाना. इससे न केवल वन पारिस्थितिकी का सरंक्षण होगा बल्कि इससे क्षेत्र की आदिवासी जनसंख्या की आर्थिक स्थिति में सुधार होगा. क्षेत्रीय कॉफ़ी अनुसंधान स्टेशन, चुनदाले गांव, वायनाड जिला, केरल की स्थापना प्राथमिक रूप से क्षेत्र में उचित तकनीक के विकास के लिए की गयी, जहां रोबस्टा प्रमुख फसल है। केरल को कॉफ़ी की रोबस्टा किस्म के लिए देश का दूसरा सबसे बड़ा कॉफ़ी उत्पादक राज्य माना जाता है। स्टेशन 116 हेक्टेयर (290 एकड़) का क्षेत्रफल कवर करता है, जिसमें से फार्म के 30 हेक्टेयर (74 एकड़) क्षेत्रफल में एक प्रयोगशाला है, जहां अनुसंधान किया जाता है। तमिल नाडू के डिंडीगुल जिले में थान्दिगुदी में क्षेत्रीय कॉफ़ी अनुसंधान स्टेशन (RCRS) अनुसंधान केन्द्र की स्थापना का उद्देश्य था तमिल नाडू में कॉफ़ी बागानों के क्षेत्र में बागवानी की उचित प्रथाओं का विकास करना. जहां देश के अन्य क्षेत्रों के विपरीत उत्तर पूर्वी मानसून के दौरान काफी वर्षा होती है। यह स्टेशन 12.5 हेक्टेयर (31 एकड़) क्षेत्रफल में फैला है, जिसमें प्रयोगशाला सुविधाओं से युक्त एक 6.5 हेक्टेयर (16 एकड़) का अनुसंधान फार्म है। आसाम के कार्बी एंग्लोन जिले में दिफू, क्षेत्रीय कॉफ़ी अनुसंधान स्टेशन की स्थापना 1980 में उत्तरपूर्वी क्षेत्र में की गयी। जो कॉफ़ी की बागवानी में शिफ्टिंग और झूम प्रथा के लिए आर्थिक विकल्प उपलब्ध कराता है। इस प्रथा का उपयोग वनों की पहाड़ियों में आदिवासियों के द्वारा बड़े पैमाने पर किया जाता है। जो इस क्षेत्र की अर्थव्यवथा के संरक्षण के लिए एक चिंता का विषय था। यह क्षेत्रीय स्टेशन 25 हेक्टेयर (62 एकड़) के क्षेत्रफल में फैला है।",hin,hin,"[311395.0, 103075.0, 4185.0, 177165.0, 105865.0, 5536290.0, 296205.0, 77655.0, 136555.0, 70835.0, 106950.0, 5115.0, 323640.0, 620155.0, 255595.0]"
"जैविक खेती (Organic farming) कृषि की वह विधि है जो संश्लेषित उर्वरकों एवं संश्लेषित कीटनाशकों के अप्रयोग या न्यूनतम प्रयोग पर आधारित है तथा जो भूमि की उर्वरा शक्ति को बनाए रखने के लिये फसल चक्र, हरी खाद, कम्पोस्ट आदि का प्रयोग करती है। सन् १९९० के बाद से विश्व में जैविक उत्पादों का बाजार काफ़ी बढ़ा है।",hin,hin,"[24024.0, 9086.0, 1848.0, 22638.0, 18480.0, 773388.0, 36806.0, 13244.0, 23716.0, 5698.0, 14630.0, 924.0, 42196.0, 95634.0, 36498.0]"
"भारतीय सेना ने उड़ीसा के व्हीलर्स द्वीप स्थित इंटीग्रेटेड टेस्ट रेंज [आइटीआर] से परमाणु हमला करने में सक्षम 'अग्नि-2' प्रक्षेपास्त्र का परीक्षण किया। यह मिसाइल दो हजार किलोमीटर तक मार कर सकती है। गए हैं। 'अग्नि-2' का विकास रक्षा विकास और अनुसंधान संगठन [डीआरडीओ] की प्रयोगशालाओं और भारत डायनेमिक्स, हैदराबाद के साथ किया गया है।",hin,hin,"[62424.0, 12393.0, 1377.0, 27540.0, 20808.0, 833544.0, 40698.0, 11322.0, 20808.0, 14688.0, 17748.0, 20349.0, 49572.0, 95013.0, 39933.0]"
"इस सत्याग्रह आंदोलन के सफल होने के बाद वहां की महिलाओं ने वल्लभभाई पटेल को ‘सरदार’ की उपाधि प्रदान की। किसान संघर्ष एवं राष्ट्रीय स्वाधीनता संग्राम के अंर्तसबंधों की व्याख्या बारदोली किसान संघर्ष के संदर्भ में करते हुए गांधीजी ने कहा कि इस तरह का हर संघर्ष, हर कोशिश हमें स्वराज के करीब पहुंचा रही है और हम सबको स्वराज की मंजिल तक पहुंचाने में ये संघर्ष सीधे स्वराज के लिए संघर्ष से कहीं ज्यादा सहायक सिद्ध हो सकते हैं।",hin,hin,"[32528.0, 10032.0, 1368.0, 29792.0, 21280.0, 1053056.0, 48032.0, 16872.0, 25536.0, 11552.0, 21432.0, 1216.0, 52288.0, 94848.0, 44840.0]"
जिसका अर्थ मंत्र के प्रभाव द्वारा मन को संसार के भ्रमों और उनमें विद्यमान शब्दाडंबरों में भटकने से रोकना तथा यथार्थ के बारे में जागरूकता उत्पन्न करना है।,hin,hin,"[15704.0, 4681.0, 1359.0, 11929.0, 5889.0, 406190.0, 17969.0, 5587.0, 7701.0, 6795.0, 9815.0, 1510.0, 20083.0, 43639.0, 16459.0]"
"बालक के सम्मुख उसकी समझ में आने योग्यपूर्ण वस्तु या तथ्य को रखना चाहिये। इसके बाद उसके विभिन्न अंशों के विस्तृत ज्ञान की ओर अग्रसर होना चाहिये। यदि एक पेड़ का ज्ञान प्रदान करना है तो पहले उसका सम्पूर्ण चित्र प्रस्तुत किया जायेगा तथा बाद में उसकी जड़ों, पत्तियों, फलों आदि का परिचय अलगलग करवाया जायेगा।",hin,hin,"[27000.0, 9450.0, 1950.0, 22500.0, 18000.0, 745200.0, 34200.0, 10650.0, 18300.0, 5700.0, 19500.0, 900.0, 30150.0, 76950.0, 32850.0]"
"मानव कंकाल (अस्थिपिंजर) के ज्ञान जैसे अस्थि की उत्पत्ति, वृद्धि, अस्थिप्रसु कोशिका, अस्थि भंजक कोशिका आदि, के संबंध में काफी उन्नति हुई है। अस्थियों द्वारा मानव एवं पशु की भिन्नता का ज्ञान होता है तथा लिंग एवं वय का निश्चय किया जा सकता है। अस्थियों एवं उपास्थि (कार्टिलेज) के द्वारा शरीर के ढाँचे का निर्माण होता है। अस्थियाँ आकार एवं कार्य के अनुसार चार प्रकार की होती हैं :",hin,hin,"[37995.0, 11473.0, 1937.0, 24585.0, 13410.0, 875673.0, 45594.0, 14155.0, 24287.0, 7152.0, 17880.0, 447.0, 49319.0, 102661.0, 39187.0]"
"धोखाधड़ी क्रेडिट या डेबिट कार्ड से की जा सकती है लेकिन क्रेडिट कार्ड धोखाधड़ी और साइबर अपराध डाटा की चोरी से ही अधिकतर जुड़ा होता हैं। पर डेबिट कार्ड का हैक होने के कई कारण होसकते हैं। इसीलिए डेबिट कार्ड का इस्तेमाल करते समय हमें सावधान रहना चाहिए क्योंकि यह हमारे बटुए/पर्स का सबसे संवेदनशील लिंक होता है। यदि क्रेडिट कार्ड से किसी प्रकार की धोखाधड़ी की जाती है तो अपराधी को पकड़ने की संभावना होती है लेकिन यदि धोखाधड़ी डेबिट कार्ड से हुई हो तो यह थोड़ा मुश्किल हो जाता है। यह सीधे आपके बैंक खाते से जुड़ा होता है और यदि धोखाधड़ी होती है, तो मेहनत से कमाए गए पैसे एक ही झटके में आपके हाथ से जा चुके होते हैं और फिर आपको इस बात का इंतजार करना होता है कि वो वापस आपको मिलेंगे या नहीं। और फिर यदि आपका पिन (PIN) चोरी हो गया तब तो आप इससे भी बुरे नतीजों की उम्मीद कर सकते हैं। क्या आपने यह नोटिस किया है कि यदि धोखाधड़ी क्रेडिट कार्ड से की जाती है तो आपको अपने ऋणदाता (साहूकार/ lender) को सिर्फ सूचित करना होता है और आपको अपनी जेब से नकद का भुगतान नहीं करना होता। इसलिए आज कल लोग सभी प्रकार की गैर– नकदी लेन–देन के लिए क्रेडिट कार्ड का इस्तेमाल करना पसंद करने लगे हैं।",hin,hin,"[89540.0, 36408.0, 1480.0, 79180.0, 49728.0, 2813924.0, 122544.0, 35668.0, 73556.0, 21756.0, 88652.0, 58460.0, 144596.0, 312872.0, 123728.0]"
तीर्थमुख जिला मुख्यालय से लगभग 62 किलोमीटर की दूरी पर स्थित है। यह जगह विशेष रूप से अपनी प्राकृतिक सुंदरता के लिए प्रसिद्ध है। प्रसिद्ध डुमबुर हैदल परियोजना यहीं पर स्थित है। जो कि दक्षिण त्रिपुरा जिले की शक्ति का प्रमुख स्रोत है। इसके अतिरिक्त तीर्थमुख स्थित डुमबुर कुण्ड भी काफी प्रसिद्ध है। यहां विश्व की विभिन्न पक्षियों की प्रजातियां देखी जा सकती है। प्रत्येक वर्ष पूस संक्राति के दिन यहां प्रसिद्ध मेले तीर्थमुख का आयोजन किया जाता है। काफी संख्या में लोग देश-विदेश से इस मेले में सम्मिलित होते हैं। इसके पश्चात् गोमती नदी में स्नान कर धार्मिक रीति-रिवाज के अनुसार अपने पित्रों को पिण्ड-दान करते हैं।,hin,hin,"[67620.0, 17052.0, 1764.0, 39543.0, 25725.0, 1461474.0, 66297.0, 21462.0, 33369.0, 10731.0, 31899.0, 1470.0, 80409.0, 161112.0, 65121.0]"
मानव रहित विमान (अंग्रेजी:Unmanned Aerial Vehicle या ड्रोन) एक प्रकार का विमान है जिसे सैन्य अभियानों में शत्रु क्षेत्र की टोह लेने एवं आवश्यकता पड़ने पर आक्रमण करने के लिये उपयोग मे लाया जाता है। अन्य क्षेत्रों में इनका उपयोग भूमि एवं सागर के उपर उड़ते हुए सर्वेक्षण करने में भी किया जाता है। चूँकि इन विमानों को रिमोट कंट्रोल के द्वारा नियंत्रित किया जाता इन्हें किसी मानव चालक की उपस्थिति की आवश्यकता नहीं होती है। अपनी इस विशेषता के कारण ही यह टोही विमान के रूप अत्याधिक उपयोग मे लाये जाते हैं। इन विमानों को ड्रोन विमान भी कहा जाता है। ड्रोन अंग्रेज़ी का एक शब्द है और इसका अर्थ नर मधुमक्खी होता है।,hin,hin,"[45698.0, 20148.0, 1606.0, 44530.0, 28178.0, 1367436.0, 60152.0, 26134.0, 42194.0, 11096.0, 28032.0, 1752.0, 70664.0, 168192.0, 61174.0]"
यूमलपेम प्रेमिका देवी भारतीय महिला फुटबॉल खिलाड़ी हैं जो मिडफील्डर के रूप में खेलती हैं। वह भारत की महिला फुटबॉल टीम की सदस्य है। वह एशियाई खेलों 2014 में टीम का हिस्सा थी। वह पेशेवर रूप से भारतीय महिला लीग टीम पूर्वी स्पोर्टिंग संघ के लिए खेलती हैं।,hin,hin,"[31030.0, 15660.0, 2175.0, 28275.0, 13340.0, 537515.0, 40165.0, 10875.0, 14355.0, 2900.0, 12470.0, 1015.0, 35815.0, 76415.0, 26245.0]"
तोरमाण के बाद उसका पुत्र मिहिरकुल हूणों का राजा बना| मिहिरकुल तोरमाण के सभी विजय अभियानों हमेशा उसके साथ रहता था। उसके शासन काल के पंद्रहवे वर्ष का एक अभिलेख ग्वालियर एक सूर्य मंदिर से प्राप्त हुआ हैं| इस प्रकार हूणों ने मालवा इलाके में अपनी स्थति मज़बूत कर ली थी| उसने उत्तर भारत की विजय को पूर्ण किया और गुप्तो सी भी नजराना वसूल किया| मिहिरकुल ने पंजाब स्थित स्यालकोट को अपनी राजधानी बनाया|मिहिकुल हूण एक कट्टर शैव था। उसने अपने शासन काल में हजारों शिव मंदिर बनवाये| मंदसोर अभिलेख के अनुसार यशोधर्मन से युद्ध होने से पूर्व उसने भगवान स्थाणु (शिव) के अलावा किसी अन्य के सामने अपना सर नहीं झुकाया था। मिहिरकुल ने ग्वालियर अभिलेख में भी अपने को शिव भक्त कहा हैं| मिहिरकुल के सिक्कों पर जयतु वृष लिखा हैं जिसका अर्थ हैं- जय नंदी| वृष शिव कि सवारी हैं जिसका मिथकीय नाम नंदी हैं|,hin,hin,"[58032.0, 23472.0, 1728.0, 62496.0, 55440.0, 2009088.0, 96480.0, 24768.0, 37584.0, 30672.0, 33696.0, 3744.0, 94176.0, 208512.0, 75600.0]"
"लोहारू विधानसभा निर्वाचन क्षेत्र, हरियाणा हरियाणा के भिवानी जिले में स्थित एक विधान सभा क्षेत्र है। यह भिवानी महेन्द्रगढ़ लोक सभा निर्वाचन क्षेत्र के अन्तर्गत आता है।",hin,hin,"[17732.0, 5863.0, 2002.0, 10868.0, 9009.0, 373087.0, 14014.0, 5291.0, 5863.0, 2574.0, 7579.0, 286.0, 24024.0, 46475.0, 14729.0]"
"हाल ही में, मार्क बेकर ने प्रस्तावित किया है कि nouns के संबंध में पहचान मानकों के संदर्भ में गीच की परिभाषा nouns की स्वरूपात्मक विशेषताओं की व्याख्या अनुमत करती है। उनका तर्क है कि nouns (अ) निश्चयवाचक उपपदों और संख्याओं के साथ पाए जा सकते हैं और वे आदिप्रारूपतः निर्देशात्मक हैं क्योंकि वे सब और केवल शब्दभेद के वे अंश हैं जो पहचान मानक उपलब्ध कराते हैं। बेकर के प्रस्ताव काफी नए हैं और भाषाविद् अब भी उनका मूल्यांकन कर रहे हैं।",hin,hin,"[30104.0, 16472.0, 1420.0, 30246.0, 23998.0, 837800.0, 43736.0, 20448.0, 36778.0, 6958.0, 22862.0, 852.0, 50126.0, 98548.0, 40470.0]"
१९६० में एक बिजनेसमैन धर्म तेजा ने एक शिपिंग कंपनी शुरू करने केलिए सरकार से २२ करोड़ रुपये का लोन लिया। लेकिन बाद में धनराशि को देश से बाहर भेज दिया। उन्हें यूरोप में गिरफ्तार किया गया और छह साल की कैद हुई।,hin,hin,"[29328.0, 6909.0, 1692.0, 14946.0, 10434.0, 486732.0, 20868.0, 8319.0, 10293.0, 3102.0, 15087.0, 10434.0, 21714.0, 61758.0, 20304.0]"
"जब तक बालकों को पाठ का हेतु अथवा उद्देश्य पूर्णतया ज्ञात नहीं होता है, वे उसमे, न् ध्यान नहीं दे सकते। केवल पाठ का उद्देश्य जान लेने से भी कम नहीं चलता। यदि पाठ का उद्देश्य बालकों की रुचि को प्रेरणा देने वाला हुआ तो उनका पूरा ध्यान उस पाठ को सीखने में लगता है।",hin,hin,"[22680.0, 7000.0, 1960.0, 20160.0, 12320.0, 623560.0, 30520.0, 8820.0, 16100.0, 5180.0, 16520.0, 840.0, 27860.0, 66500.0, 27860.0]"
"यदि रक्तऑक्सीक्षीणता बहुत उग्र रूप न धारण करे, या अधिक समय तक बनी न रहे, तो हृदीय (cardiac) उत्पादन बहुत बढ़ जाता है। यदि स्थिति अधिक समय तक बनी रहती है या उग्र हो जाती है, तो हृत्पेशीस्तर (myocardium) पर हानिकारक प्रभाव के कारण हृदीय उत्पादन क्रमश: घटता जाता है।",hin,hin,"[36001.0, 8896.0, 2502.0, 19599.0, 10147.0, 596727.0, 28634.0, 7367.0, 13761.0, 4587.0, 14595.0, 973.0, 30719.0, 76172.0, 30997.0]"
"सबसे अधिक बार रीसाइकिल होने वाला प्लास्टिक[कृपया उद्धरण जोड़ें], एचडीपीई (HDPE) या संख्या 2 द्वारा प्लास्टिक के लट्ठे, मेजें, सड़क के किनारे के फुटपाथ, बेंच, ट्रक कार्गो लाइनर, कचरे के डिब्बे, स्टेशनरी (उदाहरण पैमाने) और अन्य टिकाऊ प्लास्टिक उत्पाद और आम तौर मांग में रहने वाली वस्तुएं बनाई जाती है।",hin,hin,"[42918.0, 11316.0, 2484.0, 24840.0, 17388.0, 705180.0, 34224.0, 10488.0, 21114.0, 6348.0, 23598.0, 12144.0, 48852.0, 87906.0, 34638.0]"
देवीदास ठाकुर (9 दिसम्बर 1929 - 3 फरवरी 2007) एक राजनीतिज्ञ तथा असम के राज्यपाल थे। वे जम्मू और कश्मीर के उप मुख्यमंत्री तथा वित्त मंत्री भी रह चुके थे। यह जम्मू और कश्मीर उच्च न्यायालय के न्यायाधीश भी रहे है।,hin,hin,"[31784.0, 7261.0, 2466.0, 17673.0, 13152.0, 509229.0, 24112.0, 6713.0, 9864.0, 3562.0, 13289.0, 8905.0, 31510.0, 56581.0, 18769.0]"
"वयस्कों में, मेनिन्जाइटिस का सबसे सामान्य लक्षण तीव्र सर दर्द है, जो बैक्टेरियल मेनिन्जाइटिस के लगभग 90% मामलों में प्रदर्शित होता है, जिसके पश्चात गर्दन के पिछले भाग में जकड़न (गर्दन को आगे झुकाने में होने वाली कठिनाई जो कि गर्दन की मांसपेशियों में तनाव के बढ़ने के कारण तथा उनमें होने वाली अकड़न के कारण होती है). निदान के तीन परंपरागत लक्षणों में गर्दन के पिछले भाग में जकड़न, अचानक उच्च बुखार, तथा मानसिक स्थिति में बदलाव शामिल हैं; हालाँकि, ये तीनों लक्षण बैक्टेरियल मेनिन्जाइटिस के 44–46% मामलों में ही प्रदर्शित होते हैं। अगर इन तीनों में से कोई भी संकेत मौजूद नहीं है, तो मेनिन्जाइटिस की संभावना बहुत कम होती है। सामान्यतः मेनिन्जाइटिस के साथ जुड़े अन्य संकेतों में शामिल हैं फोटोफ़ोबिया (तीव्र प्रकाश को सहन करने में असमर्थता) तथा फोनोफ़ोबिया(तीव्र ध्वनियों को सहन करने में असमर्थता). छोटे बच्चे अक्सर उपर्युक्त लक्षण नहीं प्रदर्शित करते हैं, वे सिर्फ चिडचिड़े हो जाते हैं तथा अस्वस्थ दीखते हैं। 6 माह तक के नवजात शिशुओं में फॉन्टानेल (बच्चे के सिर के शीर्ष पर नरम स्थान) में उभार आ सकता है। अन्य लक्षण जो मेनिन्जाइटिस को अन्य कम गंभीर बीमारियों से अलग करते हैं वे हैं पैरों में दर्द, अत्यधिक जुकाम तथा असामान्य त्वचा का रंग",hin,hin,"[120768.0, 45560.0, 1768.0, 84184.0, 59024.0, 2318392.0, 120768.0, 33048.0, 74936.0, 22168.0, 66640.0, 20944.0, 150552.0, 318648.0, 121040.0]"
"2002 के शुरू में, डिक्टाफोन, अध्याय 11 से एक निजी संस्था के रूप में उभरा जिसके चेयरमैन और सीईओ रोब शेजर थे, जबकि शेष संपत्ति टुकड़ों में बंट गई और स्कैनसॉफ्ट के साथ व्यक्तिगत रूप से बेच दी गई, जिसे वर्तमान में नुआंस कम्युनिकेशंस इंक के रूप में जाना जाता है, इसने अमेरिका में ड्रेगन सिस्टम और वोएस रिकॉगनेशन अनुसंधान कर्मी जैसे व्यवसाय को अधिग्रहित किया।",hin,hin,"[26055.0, 15525.0, 2025.0, 28755.0, 18630.0, 672165.0, 40635.0, 13230.0, 22545.0, 3510.0, 18900.0, 1350.0, 45630.0, 80595.0, 37260.0]"
"एम्पेरिकल चिकित्सा को व्यक्ति की उम्र, सिर की चोट के पहले संक्रमण के होने, व्यक्ति के न्यूरोसर्जरी प्राप्त करने और सेरेब्रल शंट के उपस्थित होने या न होने के आधार पर चुना जा सकता है। युवा बच्चों और 50 साल से अधिक की उम्र वालों में, साथ ही प्रतिरोधक क्षमता की कमी वालों में लिस्टेरिया मोनोकाइटोजीन्स' कवर करने के लिये एम्पिसलीन अनुशंसित की जाती है। एक बार जब ग्राम स्टेन परिणाम उपलब्ध हो जायें और विस्तृत प्रकार के बैक्टीरिया संबंधी कारण ज्ञात हो जायें तो पैथोजन के अनुमानित समूह का सामना करने वालों को दिया जाने वाले एंटीबायोटिक को बदला जा सकता है। कल्चर के परिणाम, उपलब्ध होने में अधिक समय (24–48 घंटे) लेते हैं। एक बार जब परिणाम मिल जाये तो एम्पेरिक चिकित्सा को विशिष्ट एंटीबायोटिक चिकित्सा से प्रतिस्थापित किया जा सकता है जो कि विशिष्ट कारण संबंधी जीवों और एंटीबायोटिक्स के प्रति इनकी संवेदनशीलता पर लक्षित होती है। किसी एंटीबायोटिक को मस्तिष्क ज्वर के लिये प्रभावी होने के लिये, उसे न सिर्फ पैथोजेनिक बैक्टीरियम के विरुद्ध प्रभावी होना चाहिये लेकिन साथ ही उसे मस्तिष्क आवरण में पर्याप्त मात्रा में पहुंचना चाहिये; कुछ एंटीबायोटिक्स की भेदन क्षमता अपर्याप्त होती है और इसलिये उनका मस्तिष्क ज्वर में कम उपयोग होता है। मस्तिष्क ज्वर में उपयोग किये जाने वाले अधिकतर एंटीबायोटिक्स को चिकित्सीय परीक्षणों में मस्तिष्क ज्वर से पीड़ित लोगों पर प्रत्यक्ष रूप से परीक्षण नहीं किया गया है। बल्कि अधिकतर प्रासंगिक ज्ञान प्रयोगशाला अध्ययनों में खरगोशों पर अर्जित किया गया है। ट्यूबरक्यूलस मस्तिष्क ज्वर को एंटीबायोटिक्स द्वारा लंबे उपचार की जरूरत पड़ती है। जबकि फेफड़ों के ट्यूबरकलोसिस का आम तौर पर 6 माह तक उपचार किया जाता है वहीं ट्यूबरक्यूलस मस्तिष्क ज्वर से पीड़ित लोगों को एक साल या अधिक समय तक उपचार की जरूरत पड़ती है।",hin,hin,"[170716.0, 74236.0, 1608.0, 132124.0, 71288.0, 3131446.0, 214266.0, 48642.0, 104386.0, 20904.0, 79730.0, 3484.0, 184652.0, 414462.0, 158120.0]"
"वे वायरस जो मस्तिष्क ज्वर पैदा कर सकते हैं उनमें एंट्रोवायरस, हरपीस सिम्पलेक्स वायरस टाइप 2 (और कम आम टाइप 1), वैरिसेला ज़ोस्टर वायरस (छोटी चेचक और दाद के जनक के रूप में विख्यात), कण्ठमाला रोग वायरस, HIV और LCMVशामिल हैं।",hin,hin,"[22078.0, 13167.0, 1463.0, 18886.0, 11970.0, 504469.0, 28196.0, 5719.0, 13965.0, 2394.0, 10241.0, 1064.0, 38304.0, 57988.0, 25004.0]"
"मेनिन्जाइटिस की सूजन कपाल की नसों में असामान्यता का कारण बन सकते हैं, ये नसों का वह समूह हैं जो मस्तिष्क स्टेम से निकलती हैं, सिर तथा ग्रीवा भागों को आपूर्ति करती हैं तथा जो अन्य कार्यों के साथ ही आँखों की गतिविधि, चेहरे की मांसपेशियों तथा श्रवण को नियंत्रित करती हैं। दृश्य लक्षण तथा श्रवण हानि मेनिन्जाइटिस के प्रकरण के बाद भी बने रह सकते हैं। दिमाग की सूजन (मस्तिष्क की सूजन) अथवा इसकी रक्त धमनियों की सूजन (सेरिब्रल वैस्कुलाइटिस), के साथ ही धमनियों में रक्त के थक्के का बनना ( सेरिब्रल वेनस थ्राम्बोसिस), में से सभी के कारण कमजोरी, संवेदना में कमी, अथवा मस्तिष्क के प्रभावित क्षेत्र के द्वारा आपूर्ति किये जाने वाले शरीर के भागों में असामान्य गतिविधियाँ हो सकती हैं",hin,hin,"[73920.0, 26928.0, 1716.0, 46860.0, 26664.0, 1358148.0, 72864.0, 19404.0, 43956.0, 7524.0, 34716.0, 1584.0, 83292.0, 188892.0, 68376.0]"
"यह फेफड़े के रुधिर के उचित ऑक्सीजनीकरण में बाधा देनेवाली सभी अवस्थाओं में उत्पन्न होता है। यह दशा प्राय: सभी स्थितियों में ऑक्सीजन प्रयोग से ठीक हो सकती है, यदि कोई जैव कारण उपस्थित न हो।",hin,hin,"[15589.0, 4323.0, 1441.0, 12838.0, 9039.0, 388808.0, 19650.0, 6026.0, 14017.0, 2882.0, 8122.0, 7598.0, 22008.0, 52007.0, 19388.0]"
शैलेन्द्र राजवंश इंडोनेशिया का एक प्राचीन राजवंश था। इसका उदय जावा में ८वीं सदी में हुआ। शैलेन्द्र लोग बौद्ध धर्म की महायान शाखा के सक्रिय प्रवर्तक थे और विश्व प्रसिद्ध बोरोबुदुर मन्दिर सहित मध्य जावा के केंदु समतल क्षेत्र पर शासन किया।,hin,hin,"[25740.0, 9490.0, 1560.0, 17160.0, 12350.0, 508560.0, 25220.0, 6890.0, 10530.0, 2600.0, 9750.0, 910.0, 36530.0, 61620.0, 25480.0]"
"भारत में कॉफ़ी के पौधों में पाया जाने वाला आम रोग है इन पर कवक का विकास. यह कवक हेमिलिया वास्ताट्रिक्स कहलाती है, यह अंत: पादपी कवक है जो पत्ती के भीतर विकसित होती है, इसके उन्मूलन के लिए किसी प्रभावी उपचार की खोज नहीं हुई है। दुसरे प्रकार के रोग को कॉफ़ी रोट कहा जाता है, जिसने वर्षा के मौसम में, विशेष रूप से कर्नाटक में इसकी फसल को गंभीर नुकसान पहुंचाया है। इस रोट या रस्ट को पेलीकुलारिया कोले-रोटा नाम दिया गया है, जिसमें एक जिलेटिन की चिकनी परत के जम जाने के कारण पत्तियां काले रंग की दिखने लगती हैं।",hin,hin,"[57534.0, 18060.0, 1290.0, 35217.0, 18705.0, 1118688.0, 54567.0, 16254.0, 25542.0, 11739.0, 23607.0, 774.0, 53277.0, 124356.0, 56760.0]"
"इस तकनीक में कली, प्रोटोकोर्म (Protocorm) और मेरिस्टेमेटिक कोशिकाओ को पुष्टिकारक माध्यम में विशेष प्रकाश और तापमान पर संरक्षित किया जाता है। इस तकनीक का प्रयोग बीजरहित पौधो और अलैंगिक प्रजनन करने वाले पौधे को सुरक्षित करने में किया जाता है।",hin,hin,"[16000.0, 6144.0, 1280.0, 15232.0, 8320.0, 447616.0, 21120.0, 5760.0, 11136.0, 2176.0, 9600.0, 256.0, 22016.0, 51712.0, 23936.0]"
"वर्तमान समय में मनोविज्ञान के प्रचार के कारण इस बात पर जोर दिया जाता है कि शिक्षण विधि व क्रम में बालकों की मनोवैज्ञानिक विशेषताओं, रुचियों, जिज्ञासा और ग्रहण शक्ति को ध्यान में रखा जाय।",hin,hin,"[14605.0, 5842.0, 1270.0, 11303.0, 7874.0, 375539.0, 17526.0, 6731.0, 11557.0, 2540.0, 9017.0, 381.0, 20193.0, 42672.0, 16002.0]"
"भोपाल शहर की कुल जनसंख्या (२०११ की जनगणना के अनुसार) कुल १७,९५,६४८ है। भोपाल जिले की कुल जनसंख्या २३,६८,१४५ है। जिसमे करीब ५६% हिन्दू, ४०% मुस्लिम हैं। पुरुषों की संख्या १२,३९,३७८ तथा महिलाओं की संख्या ११,२८,७६७ है। कुल साक्षरता ८२.२६% है (पुरुष: ८७.४४%, महिला: ७६.५७%)।",hin,hin,"[40572.0, 8820.0, 1890.0, 21042.0, 15876.0, 669060.0, 37926.0, 6804.0, 17136.0, 3654.0, 14994.0, 1008.0, 35280.0, 84294.0, 29358.0]"
"मार्च 2007 में, नुआंस ने फोकस इन्फोरमेटिक्स को अधिग्रहित किया और कुछ शुरूआती सफलता के साथ हेल्थकेयर ट्रांसक्रिप्शंस में और विस्तार करने के लिए डिक्टाफोन डिवीजन के साथ इसे जोड़ा.",hin,hin,"[17375.0, 10500.0, 1375.0, 14500.0, 10125.0, 344875.0, 19625.0, 6375.0, 11375.0, 4375.0, 9375.0, 1000.0, 23000.0, 41125.0, 20500.0]"
"Assuming that the two leaking currents are matched, their effect can be mitigated by ensuring the DC impedance looking out of each input is the same.",eng,hin,"[3844.0, 248.0, 8928.0, 4340.0, 620.0, 3596.0, 5828.0, 0.0, 124.0, 620.0, 248.0, 124.0, 3844.0, 8184.0, 4216.0]"
ऋषभ (बिक्रम सलुजा) और अनु (पैरिज़ाद ज़ोरबियन): वो अपने जीवन से प्यार करते हैं तथा वो एक दूसरे पर बहुत प्यार करते हुये दिखायी देते हैं। वो सबसे अधिक प्यार करने वाली जोड़ी के रूप में जाने जाते हैं लेकिन अन्त में सभी को आश्चर्य होता है।,hin,hin,"[16113.0, 5043.0, 984.0, 13161.0, 12177.0, 439479.0, 18573.0, 7380.0, 8487.0, 4920.0, 8979.0, 1230.0, 23493.0, 49692.0, 22632.0]"
"१९८१ में महाराष्ट्र में सीमेंट घोटाला हुआ। तत्कालीन महाराष्ट्र मुख्यमंत्री एआर अंतुले पर आरोप लगा कि वह लोगों के कल्याण के लिए प्रयोग किए जाने वाला सीमेंट, प्राइवेट बिल्डर्स को दे रहे हैं।",hin,hin,"[22570.0, 5490.0, 1342.0, 11468.0, 7930.0, 354654.0, 16104.0, 6588.0, 9150.0, 2440.0, 8784.0, 244.0, 19032.0, 39284.0, 15616.0]"
"यह कहानी पवन कुमार चतुर्वेदी (सलमान खान) की है, जिसे एक दिन एक छोटी बच्ची (हर्षाली मल्होत्रा) मिलती है। वह उसे उसके परिवार के पास पहुंचाने की कोशिश करता है। लेकिन उसे पता लगता है कि वह पाकिस्तान में रहती है। वह उसे लेकर उसके परिवार के पास पहुँचाने निकल पड़ता है।",hin,hin,"[19118.0, 6413.0, 726.0, 15851.0, 15488.0, 522841.0, 22627.0, 8470.0, 12826.0, 7260.0, 16940.0, 9317.0, 21780.0, 58322.0, 22506.0]"
केरल में अलाप्पुझा एक महत्वपूर्ण पर्यटन स्थल है। अलाप्पुझा के अप्रवाही जल (बैक वाटर्स) केरल के सबसे लोकप्रिय पर्यटक आकर्षण में से एक हैं। वार्षिक नेहरू ट्राफी बोट रेस को देखने के लिए अलाप्पुझा एक प्रमुख प्रवेश द्वार है। अलाप्पुझा रेलवे स्टेशन अलाप्पुझा और इसके आसपास पर्यटकों के पर्यटक आकर्षणों का दौरा करने के लिए एक प्रवेश द्वार के रूप में कार्य करता है। इसके अलावा यहाँ पर ५२ ट्रेने रूकती हैं जिनमे ८ ट्रेने यहाँ से खुलती हैं एवं ८ ट्रेने यहाँ पर अपनी यात्रा का समापन करती हैं ।,hin,hin,"[48600.0, 16920.0, 1560.0, 29280.0, 21720.0, 945120.0, 48000.0, 12360.0, 20640.0, 9240.0, 22320.0, 1560.0, 61560.0, 116040.0, 44040.0]"
"गुरु गोरखनाथ जी के प्रतिनिधि के रूप में सम्मानित संत को महंत की उपाधि से विभूषित किया जाता है। इस मंदिर के प्रथम महंत श्री वरद्नाथ जी महाराज कहे जाते हैं, जो गुरु गोरखनाथ जी के शिष्य थे। तत्पश्चात परमेश्वर नाथ एवं गोरखनाथ मंदिर का जीर्णोद्धार करने वालों में प्रमुख बुद्ध नाथ जी (1708-1723 ई), बाबा रामचंद्र नाथ जी, महंत पियार नाथ जी, बाबा बालक नाथ जी, योगी मनसा नाथ जी, संतोष नाथ जी महाराज[1], मेहर नाथ जी महाराज[2], दिलावर नाथ जी[3], बाबा सुन्दर नाथ जी, सिद्ध पुरुष योगिराज गंभीर नाथ जी, बाबा ब्रह्म नाथ जी महाराज, ब्रह्मलीन महंत श्री दिग्विजय नाथ जी महाराज[4] क्रमानुसार वर्तमान समय में महंत श्री अवैद्यनाथ जी महाराज गोरक्ष पीठाधीश्वर के पद पर अधिष्ठित हैं। नाथ योग सिद्धपीठ गोरखनाथ मंदिर के योग तपोमय पावन परिसर में शिव गोरक्ष महायोगी गुरु गोरखनाथ जी के अनुग्रह स्वरुप 15 फरवरी 1994 को गोरक्षपीठाधीश्वर महंत अवेद्य नाथ जी महाराज द्वारा मांगलिक वैदिक मंत्रोच्चारपूर्वक शिष्य योगी आदित्यनाथ जी का दीक्षाभिषेक संपन्न हुआ। योगी जी व्यवहारकुशलता, दृढ़ता, कर्मठता, वाक्पटुता के आदर्श मार्गों का अनुसरण करते हुए हिंदुत्व के प्रति पूर्ण रूप से समर्पित हैं। योगी जी के युवा नेतृत्व में थोड़े ही समय में पूरे भारत वर्ष में हिंदुत्व का तेजोमय पुनर्जागरण अवश्यम्भावी है। महंत अवैद्यनाथ के उत्तराधिकारी योगी आदित्यनाथ ने 1998 में सबसे कम उम्र का सांसद बनने का गौरव प्राप्त किया। योगी आदित्यनाथ ने 'हिन्दू युवा वाहिनी' का गठन किया जो हिन्दू युवाओं को हिन्दुत्वनिष्ठ बनाने के लिए प्रेरणा देते है।",hin,hin,"[142562.0, 33677.0, 2499.0, 84847.0, 54145.0, 2973215.0, 144823.0, 32844.0, 46648.0, 14399.0, 37009.0, 6188.0, 188377.0, 290241.0, 129234.0]"
"संरचनाओं (structures) तथा यांत्रिक युक्तियों में प्रयुक्त इंजीनियरी पदार्थों के लिये प्रत्यास्थता गुणांक तथा क्षरण प्रतिरोध (corrosion resistance) के साथ-साथ तनाव-पुष्टि अत्यन्त महत्व की राशि है। मिश्रधातुओं, कम्पोजिट पदार्थों, सिरैमिक्स, प्लास्टिकों, काष्ठ, कांक्रीट आदि के लिये इसके मान दिये जाते हैं।",hin,hin,"[23482.0, 13688.0, 2242.0, 18762.0, 14514.0, 519200.0, 26196.0, 8496.0, 17346.0, 6254.0, 8850.0, 354.0, 31742.0, 68558.0, 24190.0]"
"त्रिबिन्दु (tripoint) या त्रिसीमा क्षेत्र (tri-border area) ऐसा भौगोलिक स्थान होता है जहाँ तीन देश या अन्य राजनैतिक भौगोलिक इकाईयाँ मिलें। अनुमानित करा जाता है कि विश्व में लगभग 176 त्रिबिन्दु हैं, जिनमें से क़रीब आधे नदियों, झीलों या सागरों पर स्थित हैं। जहाँ यह त्रिबिन्दु थल पर हैं वहाँ अक्सर स्तम्भों या अन्य निर्माणों द्वारा उन्हें अंकित करा जाता है।",hin,hin,"[34632.0, 12753.0, 1404.0, 20475.0, 16848.0, 651573.0, 31941.0, 9945.0, 16731.0, 5967.0, 13923.0, 468.0, 38025.0, 85059.0, 32175.0]"
"साहस और पराक्रम की प्रतिमूर्ति सम्राट ललितादित्य मुक्तापीड का नाम कश्मीर के इतिहास में सर्वोच्च स्थान पर है। उसका सैंतीस वर्ष का राज्य उसके सफल सैनिक अभियानों, उसके अद्भुत कला-कौशल-प्रेम और विश्व विजेता बनने की उसकी चाह से पहचाना जाता है। लगातार बिना थके युद्धों में व्यस्त रहना और रणक्षेत्र में अपने अनूठे सैन्य कौशल से विजय प्राप्त करना उसके स्वभाव का साक्षात्कार है। ललितादित्य ने पीकिंग को भी जीता और 12 वर्ष के पश्चात् कश्मीर लौटा।",hin,hin,"[38744.0, 10556.0, 1856.0, 26680.0, 21924.0, 906540.0, 42340.0, 11948.0, 21344.0, 6032.0, 20648.0, 1856.0, 46980.0, 101384.0, 38628.0]"
"हिंदी के आधुनिक साहित्य की रचना खड़ी बोली में हुई है। खड़ी बोली हिंदी में अरबी-फारसी के मेल से जो भाषा बनी वह 'उर्दू' कहलाई। मुसलमानों ने 'उर्दू' का प्रयोग छावनी, शाही लश्कर और किले के अर्थ में किया है। इन स्थानों में बोली जानेवाली व्यावहारिक भाषा 'उर्दू की जबान' हुई।",hin,hin,"[24610.0, 7590.0, 1150.0, 18055.0, 12535.0, 604900.0, 27255.0, 8625.0, 14835.0, 7475.0, 10120.0, 575.0, 26910.0, 76705.0, 23460.0]"
"यह फ़िल्म एम्परर पेंग्विंस की सालाना अन्टार्कटिक यात्रा का चित्रण है। पतझड में पांच या अधिक वर्ष की आयू के सभी वयस्क पेंग्विंन्स अपने पैतृक प्रजनन स्थल की ओर पैदल चल पडने के लिए, अपने सामान्य निवासस्थल समुद्र से निकल सतह पर आ जाते हैं।",hin,hin,"[20862.0, 6612.0, 912.0, 13794.0, 8550.0, 452238.0, 23826.0, 6156.0, 11514.0, 3762.0, 10374.0, 570.0, 27930.0, 45942.0, 23712.0]"
१९९२ में बैंक से छोटे कॉरपोरेट और एक्सपोटर्स ने बैंक से करीब १३००० करोड़ रुपये उधार लिए। ये धनराशि उन्होंने कभी नहीं लौटाई। उस वक्त बैंक के चेयरमैन एम. गोपालाकृष्णन थे।,hin,hin,"[17741.0, 6441.0, 1130.0, 12317.0, 7910.0, 385895.0, 17967.0, 4972.0, 8701.0, 1130.0, 6441.0, 1017.0, 19549.0, 40680.0, 16159.0]"
"कविता राय (अंग्रेज़ी: Kavita Roy) (जन्म ;१० अप्रैल १९८०, हाजीपुर ) एक पूर्व भारतीय महिला क्रिकेट खिलाड़ी है। ये भारतीय टीम के लिए एक दिवसीय अंतर्राष्ट्रीय क्रिकेट मैच खेला करती थी और ये गेंदबाजी और बल्लेबाजी दोनों किया करती थी।",hin,hin,"[17584.0, 7168.0, 1008.0, 12432.0, 10976.0, 403760.0, 18592.0, 5488.0, 6944.0, 3136.0, 7840.0, 6944.0, 23856.0, 47040.0, 19040.0]"
"साधारण सी बात यह है कि शाखा में लगे एटीएम की तुलना में बाहरी एटीएम की निगरानी नहीं होती। साथ ही, उचित सुरक्षा व्यवस्था वाली बैंक में प्रवेश करना धोखेबाजों के लिए मुश्किल होगा (यह इतना आसान नहीं होगा दोस्तों) सोचिए! वैसे तो बैंक का एटीएम सुरक्षित होता है लेकिन बैंक के वर्किंग आवर्स के बाद यह जोखिम भरा साबित हो सकता है क्योंकि लॉबी का दरवाजा खोलने के लिए जैसे ही आप अपना कार्ड स्लॉट में डालते हैं, धोखेबाज कुछ स्किमिंग उपकरणों के माध्यम से बहुत आसानी से एटीएम से आपकी जानकारी निकाल सकते हैं। इसलिए, काम के समय के खत्म हो जाने के बाद एटीएम का प्रयोग न करें।",hin,hin,"[37185.0, 8991.0, 1332.0, 30192.0, 20646.0, 1031856.0, 46842.0, 17205.0, 30303.0, 7659.0, 33966.0, 1776.0, 46953.0, 116550.0, 41736.0]"
लंबर पंचर और CSF विश्लेषण के परिणाम ज्ञात होने के पहले ही. एम्पिरिक एंटीबायोटिक्स (निश्चित निदान के बिना उपचार) तत्काल शुरु कर दी जानी चाहिये। आरंभिक उपचार का चुनाव मुख्य रूप से उस बैक्टीरिया के प्रकार पर निर्भर करता है जो किसी स्थान विशेष या जनसंख्या में मस्तिष्क ज्वर पैदा कर सकता है। उदाहरण के लिये यूनाइटेड किंगडम में एम्पिरिकल उपचार में सेफोटाक्साइम या सेफ्ट्रियाक्सोन जैसे तीसरी पीढ़ी के सेफालोस्पोरिन का उपयोग होता है। अमरीका में स्टेप्टोकॉकि में सेफालोस्पोरिन के प्रति अधिक प्रतिरोध मिलने लगा है इसलिये आरंभिक उपचार में वैन्कोमाइसिन का संयोजन अनुशंसित किया जाता है। हलांकि अकेले या संयोजन में क्लोरैम्फेनिकॉल बराबरी से काम करता है।,hin,hin,"[48070.0, 21560.0, 1870.0, 41580.0, 23100.0, 961730.0, 53570.0, 16170.0, 26730.0, 6270.0, 22000.0, 1430.0, 65780.0, 137830.0, 47630.0]"
"उपमा 'कमल' से या चाँद से दी जाती है तो पेड़ की एक शाखा पर जिस रंग और ख़ुशबू वाले फूल खिलते हैं, उससे भिन्न रंग और ख़ुशबू वाले फूल पेड़ की दूसरी शाखा पर तब खिलने लगते हैं जब उपमान 'आबे जमजम', 'कोहेनूर', 'शमा', 'बुलबुल' आदि हो जाते है। बोलचाल में तो 'हिन्दी-उर्दू' बोलने वाले सभी लोग रोटी, पानी, कपड़ा, मकान, हवा, दूध, दही, दिन, रात, हाथ, पैर, कमर, प्यास, प्यार, नींद, सपना आदि शब्दों का समान रूप से प्रयोग करते हैं, मगर जब 'चाँद उगा' के लिए एक शैली के साहित्यकार 'चन्द्र उदित हुआ' तथा दूसरी शैली के अदबकार 'माहताब उरुज हो गया लिखने लगते हैं तो एक ही भाषा-धारा दो भिन्न प्रवाहों में बहती हुई दिखाई पड़ने लगती है। जब साहित्य की भिन्न परम्पराओं से प्रभावित एवं प्रेरित होकर लिखा जाता है तो पानी की उन धाराओं में अलग-अलग शैलियों के भिन्न रंग मिलकर उन धाराओं को अलग-अलग रंगों का पानी बना देते हैं।",hin,hin,"[57334.0, 16241.0, 1308.0, 48832.0, 30738.0, 1717186.0, 79570.0, 16459.0, 40112.0, 18094.0, 45235.0, 2943.0, 77281.0, 205029.0, 74338.0]"
"'चिक्कवीरा राजेंद्र' नामक कथा के लिये उनको सन् १९८३ में ज्ञानपीठ पंचाट से प्रशंसित किया गया था। मास्तीजी ने कुल मिलाकर १३७ पुस्तकें लिखीं जिसमे से १२० कन्नड भाषा में थीं तथा शेष अंग्रेज़ी में। उनके ग्रन्थ सामाजिक, दार्शनिक, सौंदर्यात्मक विषयों पर आधारित हैं। कन्नड भाषा के लोकप्रिय साहित्यिक संचलन, """"नवोदया"""" में वे एक प्रमुख लेखक थे। वे अपनी क्षुद्र कहानियों के लिये बहुत प्रसिद्ध थे। वे अपनी सारी रचनाओं को 'श्रीनिवास' उपनाम से लिखते थे। मास्तीजी को प्यार से मास्ती कन्नडदा आस्ती कहा नजाता था, क्योंकि उनको कर्नाटक के एक अनमोल रत्न माना जाता था। मैसूर के माहाराजा नलवाडी कृष्णराजा वडियर ने उनको राजसेवासकता के पदवी से सम्मानित किया था।।",hin,hin,"[64368.0, 23328.0, 1404.0, 39096.0, 24840.0, 1224396.0, 61776.0, 17280.0, 30888.0, 15444.0, 16308.0, 1188.0, 69228.0, 152280.0, 56484.0]"
"30 सितंबर 1955 को पाकिस्तान की संविधान सभा ने एक इकाई व्यवस्था के तहत प्रांत पश्चिमी पाकिस्तान का गठन किया और साथ ही महाराज्यपाल(गवर्नर-जनरल) को यह अधिकार दिया गया कि वह पश्चिमी पाकिस्तान उच्च न्यायालय का गठन करे, उसी की तहत पश्चिमी पाकिस्तान उच्च न्यायालय का गठन 1956 में किया गया।",hin,hin,"[23433.0, 7169.0, 1391.0, 18511.0, 9630.0, 555544.0, 25573.0, 9844.0, 10272.0, 3531.0, 12091.0, 642.0, 28783.0, 67196.0, 23433.0]"
"वैदिक काल में गणितीय गतिविधियों के अभिलेख वेदों में अधिकतर धार्मिक कर्मकांडों के साथ मिलते हैं। फिर भी, अन्य कई कृषि आधारित प्राचीन सभ्यताओं की तरह यहां भी अंकगणित और ज्यामिति का अध्ययन धर्मनिरपेक्ष क्रियाकलापों से भी प्रेरित था। इस प्रकार कुछ हद तक भारत में प्राचीन गणितीय उन्नतियां वैसे ही विकसित हुईं जैसे मिस्त्र, बेबीलोन और चीन में। भू-वितरण प्रणाली और कृषि कर के आकलन हेतु कृषि क्षेत्र को शुद्ध माप की आवश्यकता थी। जब जमीन का पुनर्वितरण होता था, उनकी चकबंदी होती थी तो भू पैमाइश की समस्या आती ही थी जिसका समाधान जरूरी था और यह सुनिश्चित करने के लिए कि सिंचित और असिंचित जमीन और उर्वरा शक्ति की भिन्नता को ध्यान में रखकर सभी खेतिहरों में जमीन का समतुल्य वितरण हो सके, हर गांव के किसान की मिल्कियत को कई दर्जों में विभाजित किया जाता था ताकि जमीन का आबंटन न्यायपूर्ण हो सके। सारे चक एक ही आकार के हों, यह संभव नहीं था। अतः स्थानीय प्रशासकों को आयातकार या त्रिभुजाकार क्षेत्रों को समतुल्य परिमाण के वर्गाकार क्षेत्रों में परिणत करना पड़ता था या इसी प्रकार के और काम करने पड़ते थे। कर निर्धारण मौसमी या वार्षिक फसल की आय के निश्चित अनुपात पर आधारित था। मगर कई अन्य दशाओं को ध्यान में रखकर उन्हें कम या अधिक किया जा सकता था। इसका अर्थ था कि लगान वसूलने वाले प्रशासकों के लिए ज्यामिति और अंकगणित का ज्ञान जरूरी था। इस प्रकार गणित धर्म निरपेक्ष गतिविधि और कर्मकांड दोनों क्षेत्रों की सेवाओं में उपयोगी था।",hin,hin,"[115434.0, 21836.0, 1378.0, 72822.0, 56922.0, 2283240.0, 109286.0, 42612.0, 68158.0, 30952.0, 57452.0, 1590.0, 112678.0, 270830.0, 100170.0]"
"उदयवीर सिंह,भारत के उत्तर प्रदेश की चौथी विधानसभा सभा में विधायक रहे। 1967 उत्तर प्रदेश विधान सभा चुनाव में इन्होंने उत्तर प्रदेश के एटा जिले के 354 - जलेसर विधान सभा निर्वाचन क्षेत्र से कांग्रेस की ओर से चुनाव में भाग लिया।",hin,hin,"[19740.0, 5250.0, 1155.0, 12285.0, 7560.0, 365400.0, 13545.0, 5355.0, 6195.0, 3150.0, 8295.0, 3465.0, 25200.0, 39165.0, 16905.0]"
"जब विभिन्न किस्मों के प्लास्टिक को एक साथ पिघलाया जाता है तो वे तेल और पानी की तरह चरणबद्ध ढंग से और तहों के रूप में अलग होते हैं। चरण सीमाओं के परिणामस्वरूप प्राप्त होने वाले पदार्थ में संरचनात्मक कमजोरी पाई जाती है, जिसका अर्थ है कि पॉलीमर मिश्रण केवल सीमित अनुप्रयोगों में ही उपयोगी हैं।",hin,hin,"[16120.0, 9360.0, 936.0, 14976.0, 14040.0, 432952.0, 22048.0, 8008.0, 14456.0, 7280.0, 16016.0, 208.0, 24232.0, 60112.0, 24128.0]"
"Websurf astronomical information: Online tools for calculating Rising and setting times of Sun, Moon or planet, Azimuth of Sun, Moon or planet at rising and setting, Altitude and azimuth of Sun, Moon or planet for a given date or range of dates, and more.",eng,hin,"[1545.0, 309.0, 12875.0, 7725.0, 3708.0, 6489.0, 10094.0, 206.0, 103.0, 824.0, 0.0, 3605.0, 5768.0, 8961.0, 9991.0]"
"कपड़ों का इतिहास भारत की सिंधु घाटी सभ्यता है जहां कपास घूमती, बुना रंगे हैं और था में 5 वीं सहस्राब्दी ईसा पूर्व के लिए वापस चला जाता है। हड्डी सुइयों और लकड़ी स्पिंडल स्थल पर खुदाई में पता लगाया गया है। प्राचीन भारत में कपास उद्योग अच्छी तरह से विकसित किया गया था, और कई विधियों में से आज तक जीवित रहने। हेरोडोटस, एक प्राचीन यूनानी इतिहासकार भारतीय कपास ऊन सौंदर्य और अच्छाई में """"ए से अधिक के रूप में वर्णन किया गया कि भेड़ के""""। भारतीय सूती कपड़े इस उपमहाद्वीप के शुष्क, गर्म ग्रीष्मकाल के लिए अच्छी तरह से अनुकूलित किया गया। ग्रांड महाकाव्य महाभारत, लगभग ४०० ई. पू. द्वारा, से बना भगवान कृष्ण का द्रौपदी का बंद नंगा करनेवाला पर उसे एक अंतहीन साडी कन्यादान द्वारा लागू बताता है। प्राचीन भारतीय कपड़ों के वर्तमान ज्ञान की सबसे आता है से रॉक मूर्तियों और स्मारकों एलोरा जैसे चित्र में गुफा। इन छवियों को दिखाने के नर्तकों और देवी पहने क्या एक धोती लपेट, आधुनिक साड़ी को पूर्ववर्ती प्रतीत होता है। ऊंची जातियों को खुद ठीक मलमल में कपड़े पहने और सोने के गहने पहना था। सिंधु सभ्यता भी रेशम उत्पादन की प्रक्रिया जानते थे। मोती में हड़प्पा रेशमी रेशों की हाल ही में विश्लेषण है दिखाया कि सिल्क की प्रक्रिया की चपेट में, केवल चीन के लिए प्रारंभिक शताब्दियों तक विज्ञापन नामक एक प्रक्रिया के द्वारा किया गया था।",hin,hin,"[110466.0, 26214.0, 1632.0, 68850.0, 42636.0, 1865070.0, 97206.0, 31518.0, 36312.0, 11016.0, 52938.0, 38250.0, 117708.0, 216240.0, 96186.0]"
"दीन दयालु शर्मा,भारत के उत्तर प्रदेश की दूसरी विधानसभा सभा में विधायक रहे। 1957 उत्तर प्रदेश विधान सभा चुनाव में इन्होंने उत्तर प्रदेश के बुलन्‍दशहर जिले के 47 - अनूपशहर विधान सभा निर्वाचन क्षेत्र से कांग्रेस की ओर से चुनाव में भाग लिया।",hin,hin,"[22826.0, 5353.0, 1313.0, 12726.0, 8080.0, 380366.0, 14746.0, 5555.0, 5858.0, 3030.0, 7979.0, 909.0, 25351.0, 43228.0, 16362.0]"
"बैक्टीरिया जनित मस्तिष्क ज्वर में, बैक्टीरिया दो मुख्य मार्गों से मस्तिष्क आवरण तक पहुंचता है: रक्त प्रवाह द्वारा या मस्तिष्क आवरण के साथ नेसल कैविटी या त्वचा के सीधे संपर्क द्वारा। अधिकतर मामलों में मस्तिष्क ज्वर रक्त प्रवाह के माध्यम से नेसल कैविटी जैसी श्लेष्म सतहों पर जीवित रहने वाले जीवों के माध्यम से आक्रमण करता है। यह अक्सर वायरस द्वारा होने वाले संक्रमणों के बाद होता है जो श्लेष्म सतह द्वारा प्रदान किये जाने वाली बाधा को तोड़ देता है। एक बार जब बैक्टीरिया रक्त प्रवाह में शामिल हो जाते हैं, सबअर्कनॉएड स्पेस में उन स्थानों में दाखिल हो जाते हैं जहां रक्त–मस्तिष्क बाधा कमजोर होती है—जैसे कोरॉएड प्लेक्सेस। मस्तिष्क ज्वर 25% नवजातों में ग्रुप बी स्टेप्टोकॉकि के कारण रक्त प्रवाह संक्रमणों से होता है; यह रूप वयस्कों में कम आम है। मस्तिष्क मेरु द्रव्य का प्रत्यक्ष संदूषण, निबाह करने वाली युक्तियों, खोपड़ी के फ्रैक्चर या नैसोफैरीनक्स के संक्रमण या उस नेसल साइनस से जो सबअर्कनॉएड स्पेस (ऊपर देखिये) के साथ मार्ग का निर्माण करती है, से उभर सकता है; कभी कभार, ड्यूरा मेटर के जन्मजात दोषों को भी देखा जा सकता है।",hin,hin,"[80000.0, 29800.0, 1200.0, 56700.0, 36000.0, 1510400.0, 84800.0, 21000.0, 49800.0, 13000.0, 38100.0, 23300.0, 92300.0, 208500.0, 83800.0]"
होली के अवसर पर मिठाई और ठंडाई के साथ इसका प्रयोग करने की परंपरा है। भांग का इस्तेमाल लंबे समय से लोग दर्द निवारक के रूप में करते रहे हैं। कई देशों में इसे दवा के रूप में भी उपलब्ध कराया जाता है।,hin,hin,"[9999.0, 3267.0, 1089.0, 9108.0, 6336.0, 340461.0, 13167.0, 6336.0, 8019.0, 2772.0, 9603.0, 792.0, 12771.0, 35739.0, 17127.0]"
"कहा जा सकता है कि फ़्रेंचाइज़ तीन प्रकार के होते हैं छोटे, मध्यम और बहुत बड़े फ़्रेंचाइज़. हालांकि फ़्रेंचाइज़ उत्पादों पर आधारित होते हैं - उदाहरणार्थ शनल जैसे प्रमुख सौंदर्य प्रसाधन - अधिकतर फ़्रेंचाइज़ सेवा फर्मों के होते हैं। उप $ 80000 के स्तर पर, कमोबेश ये फ़्रेंचाइज़ ही सबसे अधिक संख्या में हैं।ये घर के पास पारिवारिक समय के साथ व्यापार को संभव बनाते हैं। कुछ फ़्रेंचाइज़ी तो कुछ हजार डॉलर के लिए भी उपलब्ध हैं।",hin,hin,"[22932.0, 12348.0, 980.0, 27538.0, 11956.0, 589078.0, 33124.0, 7938.0, 16758.0, 6370.0, 17934.0, 784.0, 37730.0, 67326.0, 27440.0]"
"मस्तिष्क ज्वर की पहचान करने करने के लिये सबसे महत्वपूर्ण परीक्षण लंबर पंचर (LP, स्पाइनल टैप) द्वारा सेरेब्रोस्पाइनल तरल का विश्लेषण है। हलांकि लंबर पंचर तब प्रतिदिष्ट हो जाता है जब मस्तिष्क में कोई पिंड (ट्यूमर या फोड़ा) उपस्थित हो या अंतःकपालीय दबाव (ICP) बढ़ा हुआ हो क्योंकि इसके कारण मस्तिष्क हर्नियेशन होने की संभावना होती है। यदि कोई व्यक्ति किसी पिंड या बढ़े हुये ICP (सिर की नई चोट, एक ज्ञात प्रतिरक्षा प्रणाली, स्थानीयकृत न्यूरोलॉजिकल चिह्न या बढ़े हुये ICP के परीक्षण का साक्ष्य), एक CT या MRI स्कैन को लंबर पंचर से पहले अनुशंसित किया जाता है। यह सभी वयस्क मामलों के 45% मामलों पर लागू होता है। यदि LP के पहले एक CT या MRI की जरूरत पड़े या यदि LP कठिन साबित हो तो पेशेवर दिशानिर्देश सुझाव देते हैं कि उपचार में विलंब करने के लिये एंटीबायोटिक्स दी जानी चाहिये, विशेष रूप से यदि यह 30 मिनट से अधिक हो। अक्सर CT या MRI स्कैन, बाद की अवस्था में किये जाते हैं जिससे कि मस्तिष्क ज्वर की जटिलताओं का आंकलन किया जा सके।",hin,hin,"[54611.0, 26384.0, 1358.0, 64311.0, 31622.0, 1355187.0, 92829.0, 15520.0, 45202.0, 9894.0, 26966.0, 1746.0, 78667.0, 185561.0, 67415.0]"
"एक साडी या साड़ी भारतीय उपमहाद्वीप में एक महिला परिधान है। एक साड़ी चार से नौ मीटर लंबाई, जो विभिन्न शैलियों में शरीर पर लिपटी है में लेकर बिना सिले कपड़े की एक पट्टी है। ये शामिल हैं: सम्बल्पुरि से पूर्व, मैसूर सिल्क और इल्कल कर्नाटक आणि, कांचीपुरम तमिलनाडु के दक्षिण से, पैथनि पश्चिम से और दूसरों के बीच उत्तर से बनारसी साडी। साड़ी कमर के आसपास, फिर सनकों अनावरण कंधे पर लिपटी एक अंत के साथ लिपटे जा करने के लिए सबसे आम तरीका है। साड़ी आमतौर पर एक नॅपकीन पर पहना जाता है। ब्लाउज """"बैकलेस हो सकता है"""" या एक लगाम गर्दन शैली की। ये अलंकरण जैसे दर्पण या कढ़ाई का एक बहुत कुछ के साथ और अधिक फै़शनवाला आम तौर पर कर रहे हैं और विशेष अवसरों पर पहना जा सकता है। महिलाओं में जब एक साड़ी वर्दी पहने हुए सेना के एक आधे बांह की कमीज में कमर में कटार डॉन। किशोर लड़कियों के आधे-साड़ी, एक लन्गा, एक छोलि और एक चुराया इस पर एक साडी की तरह लपेट से मिलकर एक तीन टुकड़ा सेट पहनते हैं। महिलाओं के आम तौर पर पूर्ण साड़ी पहनते हैं। भारतीय शादी साड़ी आमतौर पर लाल या गुलाबी, एक परंपरा है कि वापस पूर्व-आधुनिक भारत के इतिहास के लिए चला जाता है।",hin,hin,"[110208.0, 22080.0, 960.0, 52128.0, 44736.0, 1598784.0, 82752.0, 18144.0, 28608.0, 15072.0, 29856.0, 1824.0, 85536.0, 188256.0, 81024.0]"
१७२०-१७२६ के दौरान दोस्त मुहम्मद खान ने भोपाल गाँव की किलाबन्दी कर इसे एक शहर में तब्दील किया। साथ ही उन्होंने नवाब की पदवी अपना ली और इस तरह से भोपाल राज्य की स्थापना हुई। मुगल दरबार के सिद्दीकी बन्धुओं से दोस्ती के नाते खान ने हैदराबाद के निज़ाम मीर क़मर-उद-दीन (निज़ाम-उल-मुल्क) से दुश्मनी मोल ले ली। सिद्दीकी बन्धुओं से निपटने के बाद १७२३ में निज़ाम ने भोपाल पर हमला बोल दिया और दोस्त मुहम्मद खान को निज़ाम का आधिपत्य स्वीकार करना पड़ा।,hin,hin,"[44270.0, 13680.0, 1520.0, 25080.0, 15580.0, 784035.0, 37715.0, 10260.0, 15675.0, 2470.0, 13680.0, 1710.0, 35530.0, 103265.0, 37430.0]"
"आइनस्टाइन ने सापेक्षता सिद्धांत में दिखाया कि वास्तव में दिक् के तीन और काल का एक मिलाकर ब्रह्माण्ड में चार पहलुओं वाला दिक्-काल है जिसमे सारी वस्तुएं और उर्जाएँ स्थित होतीं हैं। यह दिक्-काल स्थाई नहीं है- न दिक् बिना किसी बदलाव के होता है और न यह ज़रूरी है कि समय का बहाव हर वस्तु के लिए एक जैसा हो। दिक्-काल को प्रभावित कर के उसे मरोड़ा, खींचा और सिकोड़ा जा सकता है और ऐसा ही ब्रह्माण्ड में होता है। इस सिद्धान्त के माध्यम से ही समय यात्रा की अवधारणा निर्मित हुई है।",hin,hin,"[28576.0, 8836.0, 752.0, 23970.0, 15698.0, 755854.0, 36566.0, 10340.0, 20492.0, 10528.0, 13912.0, 752.0, 33370.0, 84412.0, 32806.0]"
"सीलोन की तरह, 1870 के दशक से भारत में कॉफ़ी के उत्पादन में तेजी से गिरावट आयी, इसे उभरते हुए चाय उद्योग ने तेजी से बाहर कर दिया. विनाशकारी कॉफी के रस्ट ने कॉफ़ी के उत्पादन को इतना अधिक प्रभावित किया कि कॉफ़ी की लगत बढ़ गयी। कई स्थानों पर कॉफ़ी की जगह चाय की खेती शुरू कर दी गयी। हालांकि, सीलोन में कॉफी उद्योग पर इस का अधिक प्रभाव नहीं पड़ा था। भारत में चाय उद्योग ने इसे काफी हद तक प्रतिस्थापित भी किया था, फिर भी ब्रिटिश गयाना के साथ ब्रिटिश साम्राज्य में भारत कॉफ़ी के उत्पादन का एक गढ़ था। 1910-12 की अवधि में, दक्षिणी पूर्वी राज्यों में 203,134 एकड़ (82,205 हे॰) क्षेत्र में कॉफ़ी के बगान थे, इसके अधिकांश हिस्से को इंग्लैण्ड को निर्यात कर दिया जाता था।203,134 एकड़ (82,205 हे॰)",hin,hin,"[55986.0, 19437.0, 2046.0, 35991.0, 22785.0, 1071360.0, 54219.0, 19158.0, 25668.0, 4464.0, 29481.0, 372.0, 57939.0, 121923.0, 51429.0]"
"यह भी ध्यान दिया जाना चाहिए कि फ़्रेंचाइज़ करार में किसी तरह की गारंटी या वारंटी नहीं होती और विवाद होने की स्थिति में फ़्रेंचाइज़ी के पास बहुत कम या न होने के तुल्य कानूनी प्रावधान उपलब्ध होते हैं. फ़्रेंचाइज़ करार फ़्रेंचाइज़र के पक्ष में एकतरफा करार होते हैं, आम तौर पर फ़्रेंचाइज़ी द्वारा मुकदमे से संरक्षित होते हैं क्योंकि अपरक्राम्य करार होने के कारण फ़्रेंचाइज़ी को इस आशय की पावती देनी पड़ती है कि वे खतरे को जानते हुए फ़्रेंचाइज़ खरीद रहे हैं और कि फ़्रेंचाइज़र द्वारा किसी सफलता या लाभ का कोई वादा नहीं किया गया है। संविदा का नवीकरण उसका अपना चयन है। अधिकतर फ़्रेंचाइज़र फ़्रेंचाइज़ी से इस तरह के करार पर दस्तखत करवाते हैं जिसमें वे संघीय और राज्य के कानून के तहत अपने अधिकारों से विमुक्त होते हैं और कई मामलों में फ़्रेंचाइज़र को चुनने की अनुमति दी गई होती है कि कहां और किस कानून के तहत कोई मुकदमा लड़ा जाएगा.",hin,hin,"[43792.0, 19872.0, 644.0, 49772.0, 25576.0, 1132336.0, 64308.0, 16744.0, 35972.0, 13340.0, 38456.0, 9844.0, 66976.0, 138460.0, 58880.0]"
औद्योगिक स्तर पर पीवीसी या विनाइल रीसाइक्लिंग करना ऐतिहासिक रूप से बहुत कठिन रहा है।[कृपया उद्धरण जोड़ें] लेकिन पिछले एक दशक के भीतर पीवीसी प्लास्टिक की रीसाइक्लिंग या अपसाइक्लिंग के कई व्यावहारिक तरीके विकसित किए गए हैं।[कृपया उद्धरण जोड़ें],hin,hin,"[22113.0, 5915.0, 1820.0, 13650.0, 8281.0, 374101.0, 18382.0, 5824.0, 10738.0, 2184.0, 9646.0, 4186.0, 25935.0, 49595.0, 20020.0]"
"अब हम इस रोग से ग्रस्त जीवों के शरीरस्थ रुधिर के रसायन पर विचार करेंगे। प्रस्तुत निदर्श चित्र तथ्यों को स्पष्ट करने के लिए है। चित्र में धमनी रुधिर (arterial blood) और शिरारुधिर (venous blood) की ऑक्सीजन संतृप्ति, सामान्य स्थिति और रक्त ऑक्सीक्षीणता की स्थिति में दिखाई गई है। प्रत्येक स्तंभ का काला भाग रक्त में अपचयित हीमोग्लोबिन का प्रतिशत और श्वेत भाग ऑक्सीहीमोग्मोग्लोबिन को निरूपित करता है। सामान्य स्थिति में व्यक्ति के रुधिर की प्रारंभिक ऑक्सीजन धारिता एक सी थी। तीरों से ऑक्सीजन उपयोगीकरण के गुणांक, अर्थात ऊतकों द्वारा एक इकाई रक्त से हटाए हुए ऑक्सीजन के आयतन दर्शाए गए हैं। हम यह मानकर चले हैं कि मनुष्य ऑक्सीजन के अवनमित दबाव वाले वायुमंडल में साँस लेता है।",hin,hin,"[46440.0, 18360.0, 990.0, 35640.0, 23130.0, 878400.0, 44730.0, 10350.0, 32850.0, 9180.0, 21960.0, 1530.0, 52470.0, 115110.0, 45000.0]"
"मास्लो का जन्म रूढ़िवादी जैविस परिवार में न्यूयार्क में हुआ। उन्होंने कोलम्बिया विश्वविद्यालय से सन् 1934 में मनोविज्ञान विड्ढय में पीएच.डी. की उपाधि प्राप्त की। 'मानवतावादी मनोविज्यान' नामक इस सिद्धान्त के विकास में अस्तित्ववादी मनोविज्ञान का भी योगदान है। अस्तित्ववाद एवं मानवतावाद दोनों व्यक्ति की मानवीय चेतना, आत्मगत अनुभूतियां एवं उमंग तथा व्यक्तिगत अनुभवों की व्याख्या करते हो और उसे विश्व से जोड़ने का प्रयत्न करते हैं। मास्लो के इस सिद्धान्त में यह धारणा है कि अभिप्रेरणाएं समग्र रूप से मनुष्य को प्रभावित करती है। इसी धारणा के आधार पर मास्लो ने प्रेरणा के पदानुक्रम सिद्धान्त को प्रतिपादित किया।",hin,hin,"[40851.0, 17266.0, 801.0, 27412.0, 19135.0, 800199.0, 39872.0, 15931.0, 28035.0, 4094.0, 15842.0, 1602.0, 47793.0, 105999.0, 34087.0]"
"ऐसा व्यक्ति जो धोखाधड़ी करने में विश्वास रखता है आपका कार्ड नंबर और पिन (PIN) दोनों हासिल कर लेगा और फिर उसे दोषी साबित करना मुश्किल हो जाएगा। इससे उसे सफल होने का अवसर मिल जाएगा। इसलिए, हर महीने अपना पिन बदलने की आदत डालें।",hin,hin,"[12496.0, 3696.0, 1056.0, 10384.0, 8096.0, 356928.0, 14168.0, 6072.0, 6864.0, 4488.0, 12496.0, 1144.0, 15576.0, 40656.0, 15048.0]"
"भारतीय कॉफी यूरोप में अच्छी मानी जाती है, क्योंकि यह कम अम्लीय होती है और इसमें मिठास होती है। इसका उपयोग एक्सप्रेसो कॉफ़ी में बड़े पैमाने पर किया जाता है। हालाँकि अमेरिकन अफ़्रीकी और दक्षिण अमेरिकी कॉफ़ी को अधिक पसंद करते हैं जो बेहतर किस्म होने के साथ अधिक अम्लीय होती है।",hin,hin,"[16269.0, 7743.0, 1392.0, 11832.0, 8439.0, 350871.0, 17313.0, 6786.0, 9657.0, 3480.0, 10440.0, 1131.0, 20445.0, 44196.0, 19749.0]"
"साड़ी आमतौर पर अलग-अलग स्थानों में अलग अलग नामों से जाना जाता है। केरल, गोल्डन बॉर्डर, के साथ सफेद साड़ी में कवनि के रूप में जाना जाता है और विशेष अवसरों पर पहना रहे हैं। एक सरल सफेद साड़ी, पहना एक दैनिक पहनने के रूप में, एक मुन्दु कहा जाता है। साड़ी पुदवै तमिलनाडु में कहा जाता है। कर्नाटक में, साड़ी सीरे कहा जाता है। हथकरघा साड़ी के पारंपरिक उत्पादन में ग्रामीण आर्थिक विकास के लिए महत्वपूर्ण है।",hin,hin,"[26402.0, 9976.0, 1290.0, 16684.0, 12470.0, 531738.0, 28294.0, 6192.0, 9976.0, 3956.0, 13674.0, 430.0, 28208.0, 65102.0, 29412.0]"
प्रेमनाथ जी राजा हरिसिंह के समय डी.सी. (विकास आयुक्त) थे। बाद में वे राष्ट्रीय स्वयंसेवक संघ के जम्मू के संघचालक बने और फिर प्रजा परिषद् के आन्दोलन से जुड़े। जम्मू के सभी आन्दोलन उनके मार्गदर्शन में हुए। 1972 तक वे जम्मू की राजनीति में प्रभावी रहे।,hin,hin,"[13940.0, 3400.0, 1020.0, 11050.0, 10030.0, 378930.0, 16320.0, 5780.0, 7055.0, 2635.0, 11135.0, 7735.0, 18615.0, 35190.0, 14365.0]"
"बिड़ला भवन में प्रार्थना सभा के दौरान गान्धी पर 10 दिन पहले भी हमला हुआ था। मदनलाल पाहवा नाम के एक पंजाबी शरणार्थी ने गान्धी को निशाना बनाकर बम फेंका था लेकिन उस वक्‍त गान्धी बाल-बाल बच गये। बम सामने की दीवार पर फटा जिससे दीवार टूट गयी। गान्धी ने कभी नहीं सोचा होगा कि कोई उन्‍हें जान से मारना चाहता है। गान्धी ने दिल्ली में अपना पहला आमरण अनशन शुरू किया था जिसमें साम्प्रदायिक हिंसा को तत्काल समाप्त करने और पाकिस्तान को 50 करोड़ रुपये का भुगतान करने के लिये कहा गया था। गान्धी जी को डर था कि पाकिस्तान में अस्थिरता और असुरक्षा से भारत के प्रति उनका गुस्सा और बढ़ जायेगा तथा सीमा पर हिंसा फैल जायेगी। गान्धी की जिद को देखते हुए सरकार ने इस रकम का भुगतान कर दिया लेकिन हिन्दू संगठनों को लगा कि गान्धी जी मुसलमानों को खुश करने के लिये चाल चल रहे हैं। बम ब्‍लास्‍ट की इस घटना को गान्धी के इस फैसले से जोड़कर देखा गया। नाथूराम इससे पहले भी बापू के हत्या की तीन बार (मई 1934 और सितम्बर 1944 में) कोशिश कर चुका था, लेकिन असफल होने पर वह अपने दोस्त नारायण आप्टे के साथ वापस बम्बई चला गया। इन दोनों ने दत्तात्रय परचुरे और गंगाधर दंडवते के साथ मिलकर बैरेटा (Beretta) नामक पिस्टल खरीदी। असलहे के साथ ये दोनों 29 जनवरी 1948 को वापस दिल्ली पहुँचे और दिल्ली स्टेशन के रिटायरिंग रूम नम्बर 6 में ठहरे।",hin,hin,"[63588.0, 21420.0, 1260.0, 58212.0, 40068.0, 1816920.0, 82488.0, 23436.0, 42000.0, 13104.0, 45780.0, 24360.0, 85512.0, 204624.0, 76104.0]"
"एक लंबे कोट है एक अचकन या एक शेरवानी गलाला / आमतौर पर खेल उजागर जैकेट बटन जैकेट की लंबाई के माध्यम से। की अवधि आम तौर पर सिर्फ घुटनों के नीचे और जैकेट बस समाप्त होता है कि घुटने से नीचे। जैकेट एक नेहरू कॉलर, जो खड़ा है एक कॉलर है है। अचकन तंग फिटिंग पैंट या पतलून छुरिदर बुलाया के साथ पहना जाता है। छुरिदर पतलून जो कूल्हों और जांघों के आसपास ढीली कर रहे हैं, लेकिन तंग और टखने के आसपास इकट्ठे हुए हैं कर रहे हैं। अचकन आमतौर पर शादी समारोह के दौरान दूल्हे द्वारा पहना जाता है और आम तौर पर क्रीम, हल्के आइवरी, या स्वर्ण रंग है। इसे सोने या चांदी के साथ कशीदाकारी हो सकता है। एक दुपट्टा एक दुपट्टा कहा जाता है कभी कभी अचकन करने के लिए जोड़ा गया है।",hin,hin,"[28552.0, 10043.0, 747.0, 31706.0, 32204.0, 903953.0, 49800.0, 11537.0, 21663.0, 6059.0, 25647.0, 1411.0, 53037.0, 102090.0, 52124.0]"
"(हर्षद मेहता द्वारा किए गए इस घोटाले में लुटे बैंकों और निवेशकों की भरपाई करने के लिए सरकार ने ६६२५ करोड़ रुपए दिए, जिसका बोझ भी करदाताओं पर पड़ा।)",hin,hin,"[6150.0, 3034.0, 164.0, 7298.0, 4428.0, 234766.0, 10496.0, 3198.0, 5002.0, 3444.0, 8446.0, 410.0, 10168.0, 22714.0, 10086.0]"
"चीन, दक्षिण पूर्व एशिया और रोमन साम्राज्य के साथ प्राचीन काल से भारतीय वस्त्र कारोबार में थे। सागर, इरिट्रिया की खतरनाक पौधा कपड़ा, मुसलमानों और मोटे सूती का उल्लेख है। मसुलिपत्नम और मुसलमानों और ठीक कपड़े के अपने उत्पादन के लिए प्रसिद्धि जीता बैरीगाज़ा बंदरगाह शहरों की तरह। जो भारत और यूरोप, जहां यह १७-१८ वीं सदी में रॉयल्टी द्वारा अनुग्रह प्राप्त था में भारतीय कपड़ा लाया यूरोप के बीच मसाला के व्यापार में बिचौलिए थे अरब के साथ व्यापार। डच, फ्रेंच और ब्रिटिश पूर्व भारत कंपनियों हिंद महासागर में मसाले के व्यापार के एकाधिकार के लिए हिस्सा है, लेकिन सोने या चांदी में था, मसालों, के लिए भुगतान की समस्या के साथ पेश किया गया। इस समस्या का मुकाबला करने के लिए, बुलियन भेजा गया था करने के लिए भारत वस्त्र, के लिए व्यापार करने के लिए जो का एक बड़ा हिस्सा अन्य व्यापार पदों, जो उसके बाद लंदन में शेष वस्त्र के साथ कारोबार में थे में मसालों के लिए बाद में कारोबार रहे थे। मुद्रित भारतीय सूती कपड़ा, छींट, मुसलमानों और नमूनों सिल्क अंग्रेजी बाजार में बाढ़ आ गई और समय में डिजाइन पर नकली प्रिंट अंग्रेजी वस्त्र निर्माताओं, भारत पर निर्भरता को कम करने से प्रतिलिपि बनाई गई।",hin,hin,"[53865.0, 15228.0, 972.0, 49248.0, 28026.0, 1345410.0, 71847.0, 20979.0, 30861.0, 11988.0, 35559.0, 1296.0, 84888.0, 159894.0, 70227.0]"
बीज भंडार में सूखे बीज को बहुत कम ताप में संग्रह कर संरक्षण किया जाता है। बीजाणु (Spores) और टेरिडोफाइट (Pteridophytes) को बीज कोष में संरक्षित किया जाता है जबकि बीजरहित पौधे को संरक्षित नहीं किया जा सकता है। विश्व का सबसे बड़ा बीज कोष मिलेनियम सीड बैंक (Millennium Seed Bank ) है।(2),hin,hin,"[16480.0, 5840.0, 1040.0, 12320.0, 15600.0, 329360.0, 20640.0, 5040.0, 10880.0, 5040.0, 9200.0, 8320.0, 16160.0, 43200.0, 16720.0]"
"पठेट लाओ (लाओ भाषा: ປະເທດລາວ, Pathet Lao), जिसका अर्थ """"लाओ राष्ट्र"""" है, एक साम्यवादी राजनैतिक अभियान व संगठन था जिसकी स्थापना २०वीं शताब्दी के मध्य में दक्षिणपूर्वी एशिया के लाओस देश में हुई थी। लओस गृहयुद्ध के बाद, सन् १९७५ में यह संगठन लाओस पर अपना अधिकार जमाने में सफल हो गया। आरम्भ से ही पठेट लाओ पड़ोसी वियतनाम देश के साम्यवादी संगठन से सम्बन्धित रहा था और गृहयुद्ध के दौरान उन्होंने ही इसे संगठित करा और युद्ध के औज़ार दिए। कभी-कभी इसका नेतृत्व भी उत्तर वियतनाम की सेना ने किया।",hin,hin,"[34523.0, 14615.0, 711.0, 22752.0, 13351.0, 614936.0, 35392.0, 12798.0, 17854.0, 8848.0, 13509.0, 10191.0, 61620.0, 73865.0, 46373.0]"
"हिन्दू धर्म, दर्शन, अध्यात्म और साधना के अंतर्गत विभिन्न संप्रदायों और मत-मतांतरों में 'नाथ संप्रदाय' का प्रमुख स्थान है। संपूर्ण देश में फैले नाथ संप्रदाय के विभिन्न मंदिरों तथा मठों की देख रेख यहीं से होती है। नाथ सम्प्रदाय की मान्यता के अनुसार सच्चिदानंद शिव के साक्षात् स्वरूप 'श्री गोरक्षनाथ जी' सतयुग में पेशावर (पंजाब) में, त्रेतायुग में गोरखपुर, उत्तरप्रदेश, द्वापर युग में हरमुज, द्वारिका के पास तथा कलियुग में गोरखमधी, सौराष्ट्र में आविर्भूत हुए थे। चारों युगों में विद्यमान एक अयोनिज अमर महायोगी, सिद्ध महापुरुष के रूप में एशिया के विशाल भूखंड तिब्बत, मंगोलिया, कंधार, अफ़ग़ानिस्तान, नेपाल, सिंघल तथा सम्पूर्ण भारतवर्ष को अपने योग से कृतार्थ किया।",hin,hin,"[40482.0, 10452.0, 1014.0, 26364.0, 15444.0, 901134.0, 40638.0, 9516.0, 15522.0, 6084.0, 15288.0, 2262.0, 52494.0, 116220.0, 38454.0]"
ड्वेन लिवरोक (अंग्रेज़ी: Dwayne Leverock) एक क्रिकेट खिलाड़ी है जो बरमूडा क्रिकेट टीम के लिए खेलते हैं। इन्होंने अपने एक दिवसीय अंतर्राष्ट्रीय क्रिकेट कैरियर की शुरुआत २००६ में की थी। इन्होंने २००६ से २००९ तक कुल ३२ मैच खेले जिसमें १११ रन बनाए।,hin,hin,"[17094.0, 7546.0, 924.0, 12012.0, 11319.0, 291676.0, 13475.0, 4851.0, 6545.0, 2079.0, 6468.0, 924.0, 19789.0, 36806.0, 15092.0]"
"होआंग फुक पगोडा (अंग्रेज़ी: Hoằng Phúc Pagoda, वियतनामी: Chùa Hoằng Phúc, अर्थ: महान आशीर्वाद) वियतनाम के उत्तर-मध्य तट क्षेत्र के क्वांग बिन्ह (Quảng Bình) प्रान्त के लय थ्वई (Lệ Thủy) ज़िले के म्य थ्वई (Mỹ Thủy) नगरक्षेत्र के थ्वान त्राच (Thuan Trach) गाँव में स्थित एक पगोडा है। यह लगभग ७०० वर्ष पुराना है और वियतनाम के सबसे प्राचीन पगोडाओं में से एक माना जाता है।",hin,hin,"[35340.0, 11704.0, 912.0, 16416.0, 20672.0, 370728.0, 24776.0, 5624.0, 8892.0, 7220.0, 10564.0, 11932.0, 48488.0, 62320.0, 114988.0]"
"1942 में, सरकार के कॉफ़ी के निर्यात को विनियमित करने का फैसला लिया, सरकार ने 1942 के कॉफ़ी VII अधिनियम को पारित करके छोटे और सीमांत किसानों को सरंक्षण प्रदान किया, इस अधिनियम के तहत भारतीय कॉफ़ी बोर्ड की स्थापना की गयी, जिसका सञ्चालन वाणिज्य मंत्रालय के द्वारा किया गया। सरकार ने नाटकीय रूप से भारत में कॉफ़ी के निर्यात पर अपना नियंत्रण बढ़ा दिया, कॉफ़ी के उत्पादकों को अपने अधिकार क्षेत्र में ले लिया। ऐसा करने में, उच्च गुणवत्ता की कॉफ़ी के उत्पादन के लिए किसानों को प्रोत्साहन मिला और कॉफ़ी की गुणवत्ता स्थिर हो गयी।",hin,hin,"[20400.0, 10950.0, 975.0, 20775.0, 13725.0, 601950.0, 29925.0, 14100.0, 16350.0, 5025.0, 17250.0, 375.0, 35850.0, 67725.0, 28500.0]"
जाय काय जूय? कोंकणी भाषा के विख्यात साहित्यकार दत्ता दामोदर नायक द्वारा रचित एक निबंध–संग्रह है जिसके लिये उन्हें सन् 2006 में कोंकणी भाषा के लिए साहित्य अकादमी पुरस्कार से सम्मानित किया गया।,hin,hin,"[26122.0, 3996.0, 888.0, 11544.0, 8658.0, 200836.0, 15170.0, 2812.0, 4662.0, 2590.0, 3552.0, 5180.0, 18426.0, 40108.0, 10878.0]"
"नए व्यापार मार्गों, थलचर और विदेशी, दोनों मध्य एशिया और यूरोप के साथ एक सांस्कृतिक आदान प्रदान बनाया। रोमन लेख कपड़ों की रंगाई और कपास कपड़ा के लिए इंडिगो खरीदा। सिल्क रोड के माध्यम से चीन के साथ व्यापार रेशम वस् त्र उद्योग भारत में शुरू की। चीनी रेशम व्यापार में एकाधिकार था और उसकी उत्पादन प्रक्रिया एक व्यापार गुप्त रखा। जब वह खोतोन् (वर्तमान दिन झिंजियांग) के राजा से शादी करने के लिए भेजा गया था, जब पौराणिक कथा के अनुसार, एक चीनी राजकुमारी शहतूत के बीज और रेशम में उसके साफ़ा तस्करी, हालांकि, इस एकाधिकार समाप्त हो गया। वहाँ से, रेशम का उत्पादन एशिया भर में फैल गया, और विज्ञापन द्वारा १४०, अभ्यास भारत में स्थापित किया गया था। लोक प्रशासन, अर्थशास्त्र ग्रन्थ के आसपास लिखा तीसरी सदी ई. पू., पर चाणक्य के ग्रंथ मानदंडों के बाद रेशम बुनाई में संक्षेप में वर्णन करता है।",hin,hin,"[54604.0, 12702.0, 876.0, 30076.0, 20221.0, 862495.0, 47450.0, 16279.0, 20805.0, 6059.0, 27594.0, 1314.0, 53874.0, 105266.0, 46355.0]"
"अफ्रीकी संस्कृति विश्व की सबसे प्राचीन और सबसे अधिक विविधता वाली संस्कृति है। इसको दो प्रमुख भागों में बाँटा जा सकता है। उत्तरी अफ़्रीका (हार्न ऑफ अफ्रीका सहित), जो इस्लामी दुनिया का भाग है और उप-सहारीय अफ़्रीका, जो अनेक प्राचीन और कबीलाई संस्कृतियों में बँटा हुआ है। पश्चिमी अफ़्रीका, पूर्वी अफ़्रीका, केंद्रीय अफ़्रीका और साथ ही दक्षिणी अफ़्रीका के भागों को घेरने वाले, उप-सहारा अफ़्रीका के चारों ओर बंटू लोगों और उनकी संस्कृति का विस्तृत फैलाव पहली सहत्राब्दी ईसा पूर्व में प्रारंभ हुआ। मातृभाषा के रूप में स्वाहिली का विस्तृत प्रयोग इन बंटू लोगों द्वारा लगभग """"पूरे अफ़्रीका की"""" संस्कृति को प्रभावित करता है। अफ़्रीका के भोजन और पेय में अपनी स्थानीय पहचान के साथ साथ उपनिवेशीय खाद्य परंपराओं की झलक देखी जा सकती है। कालीमिर्च, मूँगफली और मक्के जैसे खाद्य उत्पादों का प्रयोग यहाँ खूब किया जाता है। अफ़्रीकी भोजन पारंपरिक फलों और तरकारियों, दूध और माँस उत्पादों का सुंदर संयोजन है। अफ़्रीकी गाँवों का आहार प्राय: दूध, दही और छाछ है। शिकार और मछलियाँ भी यहाँ के लोकप्रिय भोजन में शामिल हैं।",hin,hin,"[51984.0, 18360.0, 648.0, 37512.0, 22824.0, 1099512.0, 56088.0, 18360.0, 26856.0, 7560.0, 27144.0, 864.0, 64008.0, 138888.0, 57456.0]"
"ग़बन प्रेमचन्द के एक विशेष चिन्ताकुल विषय से सम्बन्धित उपन्यास है। यह विषय है, गहनों के प्रति पत्नी के लगाव का पति के जीवन पर प्रभाव। गबन में टूटते मूल्यों के अंधेरे में भटकते मध्यवर्ग का वास्तविक चित्रण किया गया। इन्होंने समझौतापरस्त और महत्वाकांक्षा से पूर्ण मनोवृत्ति तथा पुलिस के चरित्र को बेबाकी से प्रस्तुत करते हुए कहानी को जीवंत बना दिया गया है।",hin,hin,"[15123.0, 6390.0, 710.0, 12425.0, 8307.0, 423870.0, 19738.0, 6816.0, 12212.0, 2130.0, 11005.0, 497.0, 20306.0, 55238.0, 18105.0]"
"चल चला चल टी॰ के॰ राजीव कुमार द्वारा निर्देशित बॉलीवुड हास्य फ़िल्म है। जिसमें मुख्य अभिनय गोविन्दा, राजपाल यादव, रीम्मा सेन, ओम पुरी ने किया है। फ़िल्म 6 फ़रवरी 2009 को प्रदर्शित की गई।",hin,hin,"[11340.0, 4900.0, 910.0, 7280.0, 4270.0, 229600.0, 9940.0, 2380.0, 4900.0, 1190.0, 4690.0, 910.0, 12740.0, 25410.0, 9450.0]"
दूसरी तेजस नामक स्वप्नावस्था है जिसमें जीव अंत:प्रज्ञ होकर सप्तांगों और 19 मुर्खी से जाग्रत अवस्था की अनुभूतियों का मन के स्फुरण द्वारा बुद्धि पर पड़े हुए विभिन्न संस्कारों का शरीर के भीतर भोग करता है।,hin,hin,"[10419.0, 2415.0, 966.0, 5865.0, 2760.0, 236256.0, 11868.0, 2553.0, 5934.0, 1932.0, 5382.0, 345.0, 11109.0, 20562.0, 9591.0]"
"सलेक्शन 9 को 2002 फ्लेवर ऑफ़ इण्डिया कपिंग प्रतियोगिता में सर्वश्रेष्ठ अरेबिका के लिए फाइन कप अवार्ड का विजेता घोषित किया गया। 2004 में, """"टाटा कॉफ़ी"""" ब्रांड नाम के साथ भारतीय कॉफ़ी ने पेरिस में ग्रांड कास डे केफे प्रतियोगिता में तीन स्वर्ण पदक जीते.",hin,hin,"[13260.0, 6256.0, 1224.0, 12104.0, 5780.0, 282540.0, 15368.0, 4148.0, 7548.0, 1156.0, 5780.0, 544.0, 21760.0, 31756.0, 14348.0]"
"विलियम कैसर अत्यधिक हठी, महत्वाकांक्षी एवं क्रोधी व्यक्ति था। वह कहता था कि हमारा भविष्य समुद्र पर निर्भर है। उसके जर्मनी को समुद्री शक्ति बनाने के प्रयास ने इंग्लैण्ड की स्थायी शत्रुता प्राप्त कर ली थी। उसकी नीति थी- 'संपूर्ण विश्व पर अपना प्रभुत्व स्थापित करना।' यदि इसमें उसे सफलता न मिले तो वह विश्व के सर्वनाश के लिए तत्पर था। व्यापारिक देश होने के कारण इंग्लैण्ड युद्ध के पक्ष में नहीं था, जिसे विलियम कैसर इंग्लैण्ड की कायरता समझता था। वह आक्रमक रूख अपनाकार इंग्लैण्ड को भयभीत कर अपने साम्राज्य का विस्तार करना चाहता था और यह गलत समझ थी कि इंग्लैंड किसी भी कीमत पर युद्ध टालना चाहेगा। इस प्रकार विलियम कैसर के उग्र, साम्राज्यवादी, निरंकुश तथा स्वेच्छाचारी व्यक्तित्व ने यूरोप को महायुद्ध के कगार पर पहुंचा दिया।",hin,hin,"[43416.0, 9447.0, 603.0, 26666.0, 23316.0, 774654.0, 38860.0, 14740.0, 20703.0, 8777.0, 19162.0, 938.0, 43014.0, 90584.0, 35577.0]"
"125,000 AU: maximum extent of influence of the Sun's gravitational field (Hill/Roche sphere). beyond this is true interstellar space. This distance is roughly 1.8-2.0 light-years.",tur,hin,"[3696.0, 264.0, 5742.0, 4290.0, 2178.0, 3366.0, 6204.0, 462.0, 0.0, 396.0, 264.0, 396.0, 3696.0, 7062.0, 5346.0]"
ऐहोल (कन्नड़ ಐಹೊಳೆ) कर्नाटक राज्य के बागलकोट जिला में एक प्राचीन मंदिर समूह के लिए प्रसिद्ध स्थल है। यह पत्तदकल के पूर्व में मलयप्रभा नदी के तट पर स्थित है। बादामी इसके पश्चिम में स्थित है।,hin,hin,"[9945.0, 5525.0, 650.0, 6500.0, 4550.0, 205595.0, 10855.0, 3900.0, 4680.0, 2600.0, 3900.0, 390.0, 14560.0, 25220.0, 9880.0]"
"फफूंद जनित मस्तिष्क ज्वर के लिये बहुत सारे जोखिम कारक हैं जिनमें इम्युनोसप्रेसेन्ट (जैसे अंग प्रत्यारोपण के बाद) का उपयोग, HIV/AIDS और उम्र बढ़ने के साथ प्रतिरक्षा की हानि शामिल है। यह सामान्य प्रतिरक्षा तंत्र वाले लोगों में असमान्य है लेकिन यह दवा संदूषण के कारण होता है।लक्षण आम तौर पर धीरे-धीरे उभरते हैं, जिसमें निदान के पहले सरदर्द और बुखार कम से कम कुछ सप्ताह तक बना रहता है। सबसे आम फफूंद जनित मस्तिष्क ज्वर क्रिप्टोकॉकल मस्तिष्क ज्वर है जो क्रिप्टोकॉकस नियोफॉर्मान्स के कारण होता है। अफ्रीका में क्रिप्टोकॉकल मस्तिष्क ज्वर सबसे आम मस्तिष्क ज्वर कारक है और यह अफ्रीका में एड्स संबंधी मौतों का 20–25% तक कारण होता है। दूसरे आम फफूंद कारक एजेंटों में हिस्टोप्लास्मा कैप्स्यूलेटम, कॉक्सिडिओआइड इमिटस, ब्लास्टोमाइसेस डरमेटिटिडिस और कैन्डिडा जातियां शामिल है।",hin,hin,"[51136.0, 19776.0, 640.0, 27968.0, 16320.0, 748416.0, 42880.0, 11200.0, 20480.0, 5760.0, 14784.0, 1088.0, 52160.0, 98752.0, 38400.0]"
"नीचे हिस्से, कमर से नीचे की तरफ लिपटी मेखेल कहा जाता है (असमिया: মেখেলা)। यह एक हिंदेशियन वस्र के रूप में है-कपड़े का बहुत व्यापक सिलेंडर-कि कमर के आसपास फिट करने के लिए चुन्नट में जोड़ रहा है और कटार। सिलवटों ठीक है, जो बाईं ओर करने के लिए जोड़ रहे हैं चुन्नट साडी की निवि शैली में विरोध कर रहे हैं। हालांकि एक साया एक स्ट्रिंग के साथ अक्सर इस्तेमाल किया जाता है स्ट्रिंग्स कभी नहीं मेखेल, कमर के आसपास टाई करने के लिए उपयोग किया जाता है।",hin,hin,"[17577.0, 6111.0, 1323.0, 14112.0, 8694.0, 446544.0, 25641.0, 4410.0, 11151.0, 2142.0, 10773.0, 504.0, 23751.0, 47502.0, 26460.0]"
"बीमारी के प्रारंभिक चरण में अतिरिक्त समस्याएं हो सकती हैं। इनके लिए विशेष उपचार की आवश्यकता हो सकती है, तथा कभी-कभी ये गंभीर बीमारी का संकेत अथवा बदतर रोगों का पूर्वानुमान हो सकती हैं। यह संक्रमण सेप्सिस को ट्रिगर कर सकता है, जो कि घटते हुए रक्तचाप का एक सिस्टमिक इन्फ्लैमैटरी रेस्पोंस सिंड्रोम है, तीव्र ह्रदय गति, उच्च या असामान्य रूप से कम तापमान, तथा उच्च श्वांसदर. विशिष्टतः परन्तु मेनिन्गोकोकल मेनिन्जाइटिस में अनिवार्यतः नहीं, रक्तचाप अति निम्न हो सकता है; इसके कारण अन्य अंगों को रक्त की आपूर्ति अपर्याप्त रूप से हो सकती है। डेसिमिनेटेद इंट्रावास्कुलर कॉगुलेशन, जो कि रक्त के थक्के बनने का अत्यधिक सक्रियण हैं, अंगों के लिए रक्त के बहाव में बाधा डाल कर विरोधाभासी रूप से रक्तस्राव के खतरे को बढ़ा देता है। मेनिन्गोकोकल व्याधि में हाथ-पैरों का गैंगरीन हो सकता है। गंभीर मेनिन्गोकोकल तथा न्यूमोकोकल संक्रमण के परिणामस्वरूप एड्रीनल ग्रंथियों में हैमरेज (रक्तस्राव) हो सकता है, जिसके कारण वाटरहाउस-फ्रेडरिक्सन सिंड्रोम हो सकता है जो कि अधिकांशतः घातक होता है।",hin,hin,"[47926.0, 16554.0, 930.0, 33852.0, 22258.0, 893110.0, 48360.0, 13268.0, 28272.0, 6510.0, 19902.0, 17360.0, 58838.0, 122760.0, 50716.0]"
"इस परिभाषा में वस्तु के अन्तर्गत शिक्षा के विषय जैसे भौतिक शास्त्र, महासागरों, सागरों, नदियों, पहाड़ों के नाम जैसे प्रशांत महासागर, गंगा, हिमालय आदि, बीमारियों के नाम जैसे क्षय रोग आदि भी सम्मिलित हैं।",hin,hin,"[8601.0, 3050.0, 488.0, 6527.0, 3233.0, 210511.0, 9821.0, 3416.0, 5307.0, 1464.0, 4941.0, 305.0, 11712.0, 23668.0, 10492.0]"
"Complete translation on-line into English of all 108 Upaniṣad-s [not only the 11 (or so) major ones to which the foregoing links are meagerly restricted]-- lacking, however, diacritical marks",hin,hin,"[1740.0, 840.0, 6300.0, 3960.0, 1380.0, 6900.0, 6000.0, 300.0, 60.0, 780.0, 120.0, 420.0, 3240.0, 6180.0, 4620.0]"
"भारत में कॉफ़ी का उत्पादन मुख्य रूप से दक्षिण भारतीय राज्यों के पहाड़ी क्षेत्रों में होता है। यहां कुल 8200 टन कॉफ़ी का उत्पादन होता है जिसमें से कर्नाटक राज्य में अधिकतम 53 प्रतिशत, केरल में 28 प्रतिशत और तमिलनाडु में 11 प्रतिशत उत्पादन होता है। भारतीय कॉफी दुनिया भर की सबसे अच्छी गुणवत्ता की कॉफ़ी मानी जाती है, क्योंकि इसे छाया में उगाया जाता है, इसके बजाय दुनिया भर के अन्य स्थानों में कॉफ़ी को सीधे सूर्य के प्रकाश में उगाया जाता है। भारत में लगभग 250000 लोग कॉफ़ी उगाते हैं; इनमें से 98 प्रतिशत छोटे उत्पादक हैं। 2009 में, भारत का कॉफ़ी उत्पादन दुनिया के कुल उत्पादन का केवल 4.5% था। भारत में उत्पादन की जाने वाली कॉफ़ी का लगभग 80 प्रतिशत हिस्सा निर्यात कर दिया जाता है। निर्यात किये जाने वाले हिस्से का 70 प्रतिशत हिस्सा जर्मनी, रूस संघ, स्पेन, बेल्जियम, स्लोवेनिया, संयुक्त राज्य, जापान, ग्रीस, नीदरलैंड्स और फ्रांस को भेजा जाता है। इटली को कुल निर्यात का 29 प्रतिशत हिस्सा भेजा जाता है। अधिकांश निर्यात स्वेज़ नहर के माध्यम से किया जाता है।",hin,hin,"[44427.0, 16343.0, 1121.0, 26845.0, 25134.0, 824879.0, 41536.0, 13570.0, 20650.0, 11151.0, 24131.0, 15871.0, 49973.0, 104548.0, 39353.0]"
"चूँकि यह दशा ऑक्सीजन की कमी के कारण होती है, अत: ऑक्सीजन-चिकित्सा का प्रयोग किया जाता है। ऑक्सीजनप्रयोग करने के पूर्व यह जान लेना बहुत आवश्यक है कि रोगी ऑक्सीजन प्रयोग के उपयुक्त है या नहीं। यह कुछ तथ्यों पर निर्भर करता है। यदि अंडाकार रध्रं या फेफड़े में पूर्णत: अवातिन (unaerated) भाग उपस्थित है, तो ऑक्सीजन अंत: श्वसन (inhalation) से रोगी को अभीष्ट लाभ नहीं होता। अंडाकार रुधिर की उपस्थिति के कारण पार्श्वपथित (shunted) रुधिर की क्षतिपूर्ति के लिए स्वस्थ और सुवातित (well aerated) कूपिका (alveoli) की पूर्ति करनेवाला रुधिर अतिरिक्त ऑक्सीजन का महत्वपूर्ण परिमाण अवशोषित न करेगा।",hin,hin,"[21866.0, 5336.0, 638.0, 17632.0, 14732.0, 535920.0, 27260.0, 7192.0, 13514.0, 10034.0, 9918.0, 8004.0, 29348.0, 67106.0, 26564.0]"
"कश्मीरी शॉल भारतीय कपड़ों के इतिहास के लिए अभिन्न अंग है। कश्मीरी शॉल किस्मों में लोकप्रिय 'अंगूठी 'शाल और पश्मीना ऊन शॉल, ऐतिहासिक पश्म बुलाया के रूप में जाना जाता षह्तूश, शामिल हैं। ऊन का वस्त्र पाता है लंबे समय वापस वैदिक के रूप में के रूप में उल्लेख बार कश्मीर; के संबंध में ऋग्वेद सिंध घाटी के भेड़, [प्रशस्ति पत्र की जरूरत] में प्रचुर मात्रा में होने के रूप में संदर्भित करता है और भगवान पुशन 'बुनकर के कपड़ों के रूप में', को संबोधित किया गया है जो क्षेत्र के ऊन के लिए शब्द पश्म में विकसित किया गया। ऊनी शॉल 3 शताब्दी ईसा पूर्व के अफगान ग्रंथों में उल्लेख किया गया है, लेकिन कश्मीर काम करने के लिए संदर्भ १६ वीं सदी ई. में किया जाता है। कश्मीर, जैन-उल-अबिदिन् के सुल्तान आम तौर पर उद्योग की स्थापना के साथ श्रेय दिया जाता है। एक कहानी का कहना है कि रोमन सम्राट औरेलिअन बेहतरीन गुणवत्ता के एशियाई ऊन के बने एक फारसी राजा से, एक बैंगनी पल्लिउम प्राप्त हुआ। शॉल लाल रंगे थे या जामुनी, लाल डाई कोषिनील कीड़े से प्राप्त और बैंगनी लाल और नीले रंग से इंडिगो का एक मिश्रण द्वारा प्राप्त की। सबसे बेशकीमती कश्मीरी शॉल जमवार और कनिका जमवार, रंगीन धागा बुलाया कनी और एक एकल शॉल लेने से अधिक एक वर्ष पूरा होने के लिए और १००-१५०० कनीस विस्तार की डिग्री पर निर्भर करता है कि आवश्यकता के साथ बुनाई अटेरन का उपयोग करके बुना गया।",hin,hin,"[40812.0, 14820.0, 1083.0, 37791.0, 23427.0, 1117143.0, 62187.0, 14136.0, 21204.0, 11286.0, 24738.0, 1596.0, 57057.0, 134463.0, 55119.0]"
"इन कैपिटोनिम/स्पेसिफ़िक डेसिग्नेटर तटस्थ रहने वालों को एकीकृत करने वाला विषय है कि वे जातिवाचक से व्यक्तिवाचक में बदलने के संदर्भ में केवल विशेष मामले नहीं हैं, बल्कि बहुत विशिष्ट मामले हैं, यानी, कई उदाहरणों से एक अद्वितीय उदाहरण में. इसके अलावा, खगोलीय पिंडों के मामलों में, यह स्पष्ट है कि कौन-सा भाव पहले आया: व्यक्तिवाचक भाव. जब पहले पहल भाषा विकसित हुई, इस हद तक कि मानव उनके संदर्भ को समझने लगे, सूर्य और चंद्रमा ब्रह्मांडीय अनूठी वस्तुएं थीं। जैसे-जैसे मानव का संदर्भ विस्तृत हुआ, सामान्य प्रकार के नाम के लिए जातिवाचक संज्ञाओं की उनकी नई ज़रूरत की पूर्ति रेट्रॉनिम द्वारा की गई, जिसमें जातिवाचक संज्ञा रचने का सबसे तर्कसंगत तरीक़ा उसी शब्द को उसके व्यापक भाव के साथ उपयोग में लाया गया।",hin,hin,"[24528.0, 14952.0, 840.0, 20272.0, 15456.0, 557760.0, 31864.0, 13608.0, 21392.0, 4872.0, 22008.0, 1232.0, 32816.0, 74312.0, 29344.0]"
"श्रवणेंद्रिय - इसका अंग कर्ण है। कर्ण तीन विभागों में विभक्त है : बाह्य, मध्य एवं अंत। बाह्यकर्ण के आंतरिक छोर पर स्थित श्रवण पटल पर शब्द के कंपन, ध्वनि लहरियों के रूप में होते हैं, जिन्हें मध्य कर्ण की तीन अस्थियाँ, मैलियस (Malleus), इंकस (Incus) तथा स्टेपीज (Stapes) ग्रहण करती हैं तथा अंतकर्ण के कर्णावर्त (cochlea) की ओर भेजती हैं। कर्णांवर्त में तरल रहता है तथा श्रवण तंत्रिकाओं द्वारा ध्वनि का ग्रहण कर अग्र मस्तिष्क की शंखपालि (temporal lobe) में श्रवण का कार्य होता है। कर्ण शंखास्थि में स्थित है। अंतकर्ण में स्थित अर्धवृत्ताकार नलिकाएँ संतुलन का काम करती हैं।",hin,hin,"[32505.0, 7150.0, 880.0, 16775.0, 13695.0, 473990.0, 26840.0, 5995.0, 9020.0, 6545.0, 7920.0, 11770.0, 28325.0, 66165.0, 23870.0]"
मेक्सिको के देसी भाषाओं के राष्ट्रीय इंस्टिट्यूट ने आयापानेको की सुरक्षा करने में दिलचस्पी ज़ाहिर की है। इस सरकारी इंस्टिट्यूट ने आने वाली नस्ल को ये भाषा सिखाने के लिए कई प्लान बनाए हैं। इन में से एक प्लान है क्लासें रखना जिन में श्री मान वलास्केस और सेगोविया बाकी लोगों को आयापानेको की शिक्षा देंगे। लेकिन पैसे की दिक्कत की वजह से क्लासें अभी तक शुरू नहीं हुईं हैं।,hin,hin,"[16470.0, 5400.0, 1080.0, 10206.0, 5670.0, 353052.0, 17010.0, 4482.0, 6480.0, 1728.0, 7344.0, 2052.0, 15768.0, 39582.0, 12798.0]"
"आयापानेको (Nuumte Oote, सच्ची आवाज़) उत्तरी अमरीकी महाद्वीप के देश मेक्सिको के इलाके तबास्को में बोली जाने वाली एक भाषा का नाम है। ये एक अमरीकी-इंडियन जुबान है जो की मिक्स-ज़ोक नाम के भाषा-परिवार से सम्बन्द रखती है। पूरी दुनिया में आयापानेको बोलने वाले सिर्फ दो इंसान ज़िन्दा है। उन दोनों के नाम है : इसिदरो वलास्केस (69) और मानुवेल सेगोविया (70)। बरतानिया के अखबार द गार्डियन में 11 अप्रैल 2011 को छपी एक खबर के मुताबिक ये भाषा ख़त्म होने की कगार पर है।",hin,hin,"[27560.0, 8427.0, 477.0, 12773.0, 7738.0, 405450.0, 21200.0, 4823.0, 9487.0, 2491.0, 6678.0, 6201.0, 23797.0, 61798.0, 18285.0]"
नागपुर एक्स्प्रेस 2160 भारतीय रेल द्वारा संचालित एक मेल एक्स्प्रेस ट्रेन है। यह ट्रेन जबलपुर रेलवे स्टेशन (स्टेशन कोड:JBP) से 08:50PM बजे छूटती है और नागपुर रेलवे स्टेशन (स्टेशन कोड:NGP) पर 06:25AM बजे पहुंचती है। इसकी यात्रा अवधि है 9 घंटे 35 मिनट।,hin,hin,"[19032.0, 3588.0, 832.0, 8060.0, 8216.0, 194688.0, 9880.0, 2860.0, 5044.0, 2392.0, 3328.0, 5876.0, 17680.0, 37596.0, 9100.0]"
राजा जवाहर सिंह #जाट महाराजा #सूरजमल के ज्येष्ठ पुत्र थे। जवाहर सिंह #डीग के राजमहल में एक दिन अपनी माता को प्रणाम करने पहुंचे तो उस समय उन्होंने पगड़ी पहनी हुई थी। तब उनकी माता ने उपालम्भ दिया कि बेटा तेरे पिता की पगड़ी तो दिल्ली में पड़ी हुई मुगलों की ठोकर खा रही है और तू यह शानदार पगड़ी बांधे हुए हैं। इसकी शान तो तब रहेगीजब तू अपने पिता की मृत्यु का बदला दिल्ली के शासकों से ले लेगा। सन् 1763 ई0 में जवाहर सिंह ने विशाल सेना लेकर दिल्ली की ओर कूच किया और दिल्ली की चारों ओर से नाकेबंदी कर दी। दिल्ली की जनता को भारी कठिनाई होने लगी और खाद्य वस्तुओं के अभाव में भूखों मरने की नौबत हो गई। नजीबुद्दौला ने समझाने बुझाने की असफल चेष्टा की। उस विषम स्थिति से घबराकर रौहिला वजीर नजीबुद्दौला ने संधि का प्रस्ताव किया और भरपूर मुआवजा दिया। महाराजा जवाहर सिंह ने अपनी विजय के उपलक्ष में लाल किले के दरवाजे को उखाड़ लिया एवम् भरतपुर लेकर आ गए। जाट महाराजा ने अहमद शाह अब्दाली के विरुद्ध मराठाओं का साथ दिया। इनके समय भरतपुर के जाट साम्राज्य की सीमा बृजक्षेत्र उत्तर प्रदेश और हरियाणा तक फैली हुई थी और हिन्दू समाज अत्यधिक मजबूत स्थिति में था।,hin,hin,"[43554.0, 9027.0, 612.0, 29529.0, 23307.0, 955893.0, 41106.0, 10455.0, 21624.0, 6273.0, 23817.0, 1887.0, 44115.0, 108018.0, 39984.0]"
"Collective nouns वे संज्ञाएं हैं जो एकवचन के लिए संज्ञारूप प्रस्तुत करने के बावजूद, एक व्यक्तिक या तत्व से अधिक समूहों को संदर्भित करते हैं। उदाहरणों में शामिल हैं committee, herd और school (of fish). अन्य संज्ञाओं की तुलना में इन संज्ञाओं का व्याकरणिक गुण थोड़ा अलग है। उदाहरण के लिए, जिन संज्ञा पदबंधों के वे विषय हैं एकवचन के लिए संज्ञारूप की प्रस्तुति के बावजूद, विधेय के कर्ता के रूप में काम कर सकते हैं। एक सामूहिक विधेय ऐसा विधेय है जो सामान्यतः एकवचन कर्ता को नहीं ले सकता है। परवर्ती का एक उदाहरण है talked amongst themselves .",hin,hin,"[13350.0, 6150.0, 900.0, 12150.0, 12000.0, 343850.0, 20150.0, 7650.0, 12050.0, 2700.0, 8500.0, 600.0, 20750.0, 47900.0, 19900.0]"
(चैन रूप भंसाली (सीआरबी) ने १ लाख निवेशकों का लगभग १ हजार ३० करोड़ रु. डुबाया और अब वह न्यायालय में अपील कर स्वयं अपनी पुर्नस्थापना के लिए सरकार से ही पैकेज मांग रहा है।),hin,hin,"[6664.0, 2058.0, 539.0, 4557.0, 2156.0, 164150.0, 7301.0, 1911.0, 3038.0, 784.0, 3822.0, 392.0, 6566.0, 20531.0, 6909.0]"
"धमनीय और शिरागत असंतृप्तियाँ क्रमश: ५ और १० घन सेंटिमीटर है और केशिका असंतृप्ति (capillary unsaturation) इनकी माध्य होगी, अर्थात् ७.५ प्रतिशत आयतन यह श्यामता (cyanosis) उत्पन्न करेगी।",hin,hin,"[9792.0, 2352.0, 720.0, 4608.0, 2976.0, 134064.0, 7680.0, 1680.0, 3840.0, 864.0, 2448.0, 2112.0, 7248.0, 18240.0, 6480.0]"
"प्राचीन ख़ुरासान (फ़ारसी: خراسان کهن‎, ख़ुरासान-ए-कहन) या प्राचीन ख़ोरासान मध्य एशिया का एक ऐतिहासिक क्षेत्र था जिसमें आधुनिक अफ़्ग़ानिस्तान, तुर्कमेनिस्तान, उज़बेकिस्तान, ताजिकिस्तान और पूर्वी ईरान के बहुत से भाग शामिल थे। इसमें कभी-कभी सोग़दा और आमू-पार क्षेत्र शामिल किये जाते थे। ध्यान दीजिये कि आधुनिक ईरान में एक 'ख़ोरासान प्रांत' है जो इस ऐतिहासिक ख़ुरासान इलाक़े का केवल एक भाग है।",hin,hin,"[18518.0, 7567.0, 282.0, 10105.0, 8789.0, 290084.0, 16403.0, 4982.0, 6956.0, 2021.0, 7097.0, 658.0, 19176.0, 50995.0, 16638.0]"
इस योजना को अंजाम देने के लिये लाहिड़ी ने काकोरी से ट्रेन छूटते ही जंज़ीर खींच कर उसे रोक लिया और ९ अगस्त १९२५ की शाम सहारनपुर से चलकर लखनऊ पहुँचने वाली आठ डाउन ट्रेन पर क्रान्तिकारी पण्डित राम प्रसाद 'बिस्मिल' ने अशफाक उल्ला खाँ और चन्द्रशेखर आजाद व ६ अन्य सहयोगियों की मदद से धावा बोल दिया। कुल १० नवयुवकों ने मिलकर ट्रेन में जा रहा सरकारी खजाना लूट लिया। मजे की बात यह कि उसी ट्रेन में सफर कर रहे अंग्रेज सैनिकों तक की हिम्मत न हुई कि वे मुकाबला करने को आगे आते।,hin,hin,"[16790.0, 6302.0, 322.0, 12006.0, 7314.0, 410320.0, 17526.0, 5520.0, 7544.0, 3082.0, 7590.0, 414.0, 19642.0, 51658.0, 18124.0]"
"तीन वर्ष के अंदर रूस जर्मनी से अलग हो गया और बाद में फ्रांस से संधि करके उसने उसके एकाकीपन का अंत कर दिया। 6 वर्ष के अंदर इंगलैंड शत्रु बन गया। मोरक्को में हस्तक्षेप करने से फ्रांस से शत्रुता और बढ़ गई और 1907 ई. तक जर्मनी, आस्ट्रिया तथा इटली के त्रिगुट के मुकाबले में फ्रांस, रूस और इंगलैंड की त्रिराष्ट्र मैत्री स्थापित हो गई। इटली का त्रिगुट से संबंध भी शिथिल पड़ता जा रहा था किन्तु विलियम द्वितीय ने इस दिशा में कोई प्रयास नहीं किया।",hin,hin,"[16650.0, 3645.0, 540.0, 13770.0, 11250.0, 324990.0, 17505.0, 6030.0, 8415.0, 1890.0, 7965.0, 450.0, 17100.0, 39465.0, 15120.0]"
"The voltage produced by each bias current is equal to the product of the bias current with the equivalent DC impedance looking out of each input. Making those impedances equal makes the offset voltage at each input equal, and so the non-zero bias currents will have no impact on the difference between the two inputs.",tur,hin,"[3212.0, 264.0, 4444.0, 3256.0, 616.0, 2640.0, 4004.0, 132.0, 88.0, 308.0, 88.0, 1672.0, 2992.0, 6248.0, 3784.0]"
"जाग्रत अवस्था की आत्मा को वैश्वानर कहते हैं, इसलिये कि इस रूप में सब नर एक योनि से दूसरी में जाते रहते हैं। इस अवस्था का जीवात्मा बहिर्मुखी होकर """"सप्तांगों"""" तथा इंद्रियादि 19 मुखों से स्थूल अर्थात् इंद्रियग्राह्य विषयों का रस लेता है। अत: वह बहिष्प्रज्ञ है।",hin,hin,"[13201.0, 1677.0, 387.0, 5762.0, 4343.0, 206013.0, 10879.0, 2150.0, 3956.0, 1806.0, 3483.0, 387.0, 11051.0, 20898.0, 8213.0]"
"लघु अवधि के एंटीबायोटिक प्रॉफिलेक्सिस रोकथाम की एक अन्य विधि है, विशेष रूप से मैनिन्गोकॉकल मस्तिष्क ज्वर के लिये। मैनिन्गोकॉकल मस्तिष्क ज्वर के मामलो में एंटीबायोटिक्स (उदाहरण के लिये रिफैम्पिसिन, सिप्रोफ्लॉक्सासिन या सेफ्ट्रियाक्सोन) के साथ नजदीकी संपर्क का रोग प्रतिरोधी उपचार स्थितियों के साथ उनके संपर्क का जोखिम कम कर सकते हैं लेकिन भविष्य में होने वाले संक्रमण जोखिमों से नहीं बचा सकते। उपयोग किये जाने के बाद रिफैम्पिसिन के प्रति प्रतिरोध देखा गया है, जिसके कारण कुछ लोग दूसरे एजेंटों की अनुशंसा करने पर विचार करते हैं। जबकि एंटीबायोटिक्स को आधारी खोपड़ी फ्रैक्चर के कारण मस्तिष्क ज्वर से पीड़ितों में इसकी रोकथाम के प्रयासों के लिये एंटीबायोटिक्स अक्सर उपयोग किया जाता है लेकिन इसके लाभप्रद या हानिकारक होने को निर्धारित करने के अपर्याप्त साक्ष्य मिले हैं। यह उन पर लागू होता है जिनमें CSF लीक होता या नहीं होता है।",hin,hin,"[23856.0, 10206.0, 630.0, 18858.0, 11634.0, 484008.0, 28392.0, 6972.0, 15162.0, 5712.0, 10584.0, 672.0, 33222.0, 63630.0, 25242.0]"
"खुरासान ईरान के उस उत्तर- पूर्वी प्रांत का नाम है, जो उत्तर में रूसी कास्पियन प्रदेश से सटा हुआ है। अत्रक नदी चाट तक इसकी भौगोलिक सीमा का निर्धारित करती है। इसके पूर्व में अफ़ग़ानिस्तान , पश्चिम में अस्त्राबाद, शाहरुद, सेमनान, दमधान और यज्द के ईरानी प्रांत और दक्षिण में केरमान है। इस प्रकार इसका क्षेत्रफल 25,000 वर्गमील है। खुरासान का अधिकांश धरातलीय भाग पहाड़ी, मरुस्थलीय या नमकीन झील का निचला गर्त है। दक्षिण में पहाड़ी भाग की ऊँचाई 11,000 से लेकर 13,000 तक है। [1]",hin,hin,"[15990.0, 5617.0, 820.0, 10619.0, 8815.0, 327057.0, 17343.0, 4141.0, 6683.0, 5617.0, 5494.0, 451.0, 18901.0, 48052.0, 16728.0]"
3री सदी ई. पू. में रचित भगवती सूत्रों में और 2री सदी ई. पू. में रचित स्थानांग सूत्र में क्रमचय-संचय (permutation combination) को सूचीबद्ध किया गया है।,hin,hin,"[4360.0, 1520.0, 680.0, 2760.0, 1200.0, 95880.0, 4720.0, 1440.0, 3040.0, 360.0, 1320.0, 160.0, 5720.0, 10320.0, 4160.0]"
"इस संस्थान के द्वारा कवर की जाने वाली अनुसंधान गतिविधियों में शामिल हैं एग्रोनोमी, मृदा विज्ञान और कृषि रसायन, वनस्पति विज्ञान, कीट विज्ञान/ निमेटोलोजी, पादप कार्यिकी, जैव प्रोद्योगिकी और पोस्ट हार्वेस्ट तकनीक. इन सब का मूल उद्देश्य है भारत में कॉफ़ी की उत्पादकता और गुणवत्ता को बढ़ाना. संस्थान की अनुसंधान गतिविधियों में 60 वैज्ञानिक और तकनिकी कर्मचारी शामिल हैं। संस्थान के पास फसल अनुसंधान के लिए सुसज्जित 130.94 हेक्टेयर (323.6 एकड़) की कृषि भूमि है, जिसमें से 80.26 हेक्टेयर (198.3 एकड़) को कॉफ़ी अनुसंधान के लिए समर्पित किया गया है (51.32 हेक्टेयर (126.8 एकड़) अरेबिका के और 28.94 हेक्टेयर (71.5 एकड़) रोबस्टा के), 10 हेक्टेयर (25 एकड़) का उपयोग सी एक्स आर के लिए किया जाता है, 12.38 हेक्टेयर (30.6 एकड़) नर्सरी, सडक और इमारतों के लिए निर्धारित है और बचा हुआ 12.38 हेक्टेयर (30.6 एकड़) का क्षेत्र भावी विस्तार के लिए सरंक्षित है। अनुसंधान फ़ार्म के पास चेक डेम का सुसज्जित नेटवर्क है, जो बागवानी के लिए विनियमित जल स्रोत उपलब्ध कराता है। जो छाया में उगाये जाने वाले पेड़ों की एक बड़ी रेंज प्रस्तुत करता है, जिसमें कॉफ़ी उगाई जाती है। साथ ही इथोपिया सहित सभी कॉफ़ी उगाने वाले देशों से जर्मप्लास्म और बहरी सामग्री उपलब्ध करायी जाती है जिसे अरेबिका का गृह देश कहा जाता है। इसके अलावा, काली मिर्च और सुपारी जैसी फसलों के फसल विविधीकरण भी संस्थान के लिए आय सृजन के स्रोत हैं।",hin,hin,"[49686.0, 14976.0, 1326.0, 27846.0, 15132.0, 793182.0, 44733.0, 11193.0, 19734.0, 5265.0, 17004.0, 897.0, 51129.0, 102609.0, 42549.0]"
हन्व मोनिस अश्वत्थामो कोंकणी भाषा के विख्यात साहित्यकार प्रकाश दामोदर पाडगाँवकर द्वारा रचित एक कविता–संग्रह है जिसके लिये उन्हें सन् 1986 में कोंकणी भाषा के लिए साहित्य अकादमी पुरस्कार से सम्मानित किया गया।,hin,hin,"[14440.0, 2394.0, 532.0, 6612.0, 4712.0, 104424.0, 8588.0, 1482.0, 2280.0, 1368.0, 1748.0, 3002.0, 10564.0, 23826.0, 6574.0]"
उनका जन्म १४९५ ई. के आसपास गुजरात प्रदेश में चिलोतरा ग्राम के एक कुनबी पाटिल परिवार में हुआ था। बचपन से ही प्रकृत्ति बड़ी सात्विक थी। जब वे १२-१३ वर्ष के थे तो उन्होंने अपने पिता को चोरी करते देखा और उन्हें गिरफ्तार करा दिया फलत: वे पाटिल पद से हटा दिए गए। इस कारण पिता ने उन्हें घर से निकाल दिया। वे भ्रमण करते हुए ब्रज पहुँचे। उन्हीं दिनों नवीन मंदिर में श्रीनाथ जी की मूर्ति की प्रतिष्ठा करने की तैयारी हो रही थी। श्रीनाथ जी के दर्शन से वे बहुत प्रभावित हुए और वल्लभाचार्य से उनके संप्रदाय की दीक्षा ली।,hin,hin,"[11877.0, 3552.0, 185.0, 10397.0, 7215.0, 330373.0, 13616.0, 5254.0, 6031.0, 1998.0, 7622.0, 555.0, 16169.0, 37370.0, 13838.0]"
"लिवली को सी.डब्ल्यू.(CW) की श्रृंखला गोसिप गर्ल के लिए चुना गया, जिसका सितंबर 2007 में प्रीमियर हुआ था। उन्होंने किशोरों पर आधारित इस नाटक में सेरेना वैन डेर वुडसेन की भूमिका निभाई. जबकि गोसिप गर्ल के सितारों के बीच अंदरूनी झगडे की अफवाहें पत्रिकाओं में परिचालित हुईं हैं, परन्तु लिवली ऐसी किसी अमित्रवत प्रतिस्पर्धा के होने का खंडन करती हैं। उनका कहना हैं कि """"मीडिया हमेशा हमें एक दूसरे के खिलाफ भड़काने की कोशिश में लगी रहती है"""" क्यूंकि मुझे लगता है कि यह कहना उतना दिलचस्प नहीं लगता है कि 'सब साथ रहते हैं; दिन के 18 घंटे काम करते हैं और फिर घर जाकर सो जाते हैं। मुझे लगता है यह पढ़कर लोगों को मजा नहीं आता. कॉस्मो गर्ल पत्रिका, पहली पत्रिका थी जिसने अपने नवंबर 2007 के अंक के कवर पर उनका फोटो छापा था और जहाँ उन्होंने हाई स्कूल में अपने समय एवं गोसिप गर्ल से पहले के कैरियर के बारे में बताया था।",hin,hin,"[18180.0, 7308.0, 396.0, 16200.0, 13500.0, 472464.0, 22356.0, 6372.0, 11736.0, 4428.0, 11772.0, 10152.0, 27540.0, 52560.0, 22608.0]"
"व्यक्तित्व के अध्ययन के लिए मनोवैज्ञानिकों ने कई सिद्धान्तों को प्रतिपादित किया है। बीसवीं शताब्दी में व्यक्तित्व अध्ययन सम्बन्धी विचार, तीन महत्त्वपूर्ण सिद्धान्तों के रूप में सामने आये।",hin,hin,"[4270.0, 1435.0, 455.0, 3535.0, 2450.0, 98350.0, 4655.0, 2345.0, 2380.0, 665.0, 2310.0, 315.0, 6125.0, 13160.0, 4445.0]"
"सभी प्राचीन सभ्यताओं में गणित विद्या की पहली अभिव्यक्ति गणना प्रणाली के रूप में प्रगट होती है। अति प्रारंभिक समाजों में संख्यायें रेखाओं के समूह द्वारा प्रदर्शित की जातीं थीं। यद्यपि बाद में, विभिन्न संख्याओं को विशिष्ट संख्यात्मक नामों और चिह्नों द्वारा प्रदर्शित किया जाने लगा, उदाहरण स्वरूप भारत में ऐसा किया गया। रोम जैसे स्थानों में उन्हें वर्णमाला के अक्षरों द्वारा प्रदर्शित किया गया। यद्यपि आज हम अपनी दशमलव प्रणाली के अभ्यस्त हो चुके हैं, किंतु सभी प्राचीन सभ्यताओं में संख्याएं दशमाधार प्रणाली पर आधारित नहीं थीं। प्राचीन बेबीलोन में 60 पर आधारित संख्या-प्रणाली का प्रचलन था।",hin,hin,"[11730.0, 4488.0, 544.0, 10370.0, 6834.0, 298928.0, 14416.0, 6392.0, 8330.0, 1530.0, 7242.0, 272.0, 16830.0, 38964.0, 12750.0]"
पेशे के तौर पर सूरती एक वकील हैं। अप्रैल 2004 से सितंबर 2008 तक वे शिक्षा के उपमंत्री रहे। सितंबर 2008 से 2009 तक वे न्याय और संवैधानिक विकास के मंत्री रहे।,hin,hin,"[4290.0, 2079.0, 363.0, 3399.0, 1947.0, 97119.0, 4653.0, 1584.0, 2211.0, 363.0, 2673.0, 1221.0, 5346.0, 9405.0, 4026.0]"
जिस प्रकार हिंदू रामायण में लंका विजय की कहानी पढ़कर आनंदित होते हैं। उसी प्रकार ओडिसी में यूनान वीर यूलीसिस की कथा का वर्णन है। ट्राय का राजकुमार स्पार्टा की रानी हेलेन का अपहरण कर ट्राय नगर ले गया। इस अपमान का बदला लेने के लिए ही ग्रीस के सभी राजाओं और वीरों ने मिलकर ट्राय पर आक्रमण किया। ट्राय से लौटते समय उनका जहाज तूफान में फँस गया। वह बहुत दिनों तक इधर-उधर भटकता रहा। इसके बाद अपने देश लौटा।,hin,hin,"[9088.0, 2880.0, 320.0, 7360.0, 5376.0, 240352.0, 10368.0, 2624.0, 5024.0, 2016.0, 6976.0, 3040.0, 11712.0, 26592.0, 10112.0]"
"बीज रोपण समय और फसलों का चुनाव निश्चित करने के लिए आवश्यक था कि जलवायु और वृष्टि की रूपरेखा की जानकारी बेहतर हो। इन आवश्यकताओं और शुद्ध पंचांग की आवश्यकता ने ज्योतिष विज्ञान के घोड़े को ऐड़ लगा दी। इसी समय धर्म और फलित ज्योतिष ने भी ज्योतिष विज्ञान में रुचि पैदा करने में योगदान दिया और इस अविवेकी प्रभाव का एक नकारात्मक नतीजा था, अपने समय से बहुत आगे चलने वाले वैज्ञानिक सिद्धांतों की अस्वीकृति। गुप्तकाल के एक बड़े विज्ञानवेत्ता, आर्यभट ने जो 476 ई. में बिहार के कुसुमपुर में जन्मे थे, अंतरिक्ष में ग्रहों की स्थिति के बारे में एक सुव्यवस्थित व्याख्या दी थी। पृथ्वी के अपने अक्ष पर घूर्णन के बारे में उनकी परिकल्पना सही थी तथा ग्रहों की कक्षा दीर्घवृताकार है उनका यह निष्कर्ष भी सही था। उन्होंने यह भी उचित ढंग से सिद्ध किया था कि चंद्रमा और अन्य ग्रह सूर्य प्रकाश के परावर्तन से प्रकाशित होते थे। उन्होंने सूर्य ग्रहण और चंद्र ग्रहण से संबंधित सभी अंधविश्वासों और पौराणिक मान्यताओं को नकारते हुए इन घटनाओं की उचित व्याख्या की थी। यद्यपि भास्कर प्रथम, जन्म 6वीं सदी, सौराष्ट्र् में और अश्मक विज्ञान विद्यालय, निजामाबाद, आंध्र के विद्यार्थी, ने उनकी प्रतिभा को और उनके वैज्ञानिक योगदान के असीम महत्व को पहचाना। उनके बाद आने वाले कुछ ज्योतिषियों ने पृथ्वी को अचल मानते हुए, ग्रहणों के बारे में उनकी बौद्धिक व्याख्याओं को नकार दिया। लेकिन इन विपरीतताओं के होते हुए भी आर्यभट का गंभीर प्रभाव परवर्ती ज्योतिर्विदों और गणितज्ञों पर बना रहा जो उनके अनुयायी थे, विशेषकर अश्मक विद्यालय के विद्वानों पर।",hin,hin,"[36704.0, 7564.0, 558.0, 21514.0, 16647.0, 671398.0, 32705.0, 12400.0, 17143.0, 3875.0, 16275.0, 9610.0, 38657.0, 79794.0, 30256.0]"
"कॉफी उगाने का एक लम्बा इतिहास है, जो पहले इथोपिया से, इसके बाद अरेबिया से जुड़ा है, यह येमेन से भी काफी सम्बन्ध रखता है। हालांकि, पेरिस में बिबलियोथेक नेशनेल के अनुसार, इसका सबसे पुराना इतिहास 875 ई. पूर्व का है। इसका मूल स्रोत एब्बिसिनिया में भी पाया गया है, जहां से इसे 15 वीं शताब्दी में अरेबिया लाया गया। भारतीय सन्दर्भ एक भारतीय मुस्लिम संत, बाबा बुदान से शुरू हुआ, जब मक्का की एक तीर्थयात्रा पर सात कॉफ़ी बीन्स को तस्करी के द्वारा येमेन से भारत के मैसूर में लाया गया। इन्हें वह अपनी कमर पर बांध कर लाया था, इन्हें चंद्रगिरी की पहाड़ियों में उगाया गया (1,829 मीटर (6,001 फीट)), अब इन्हें चिक्कामगलुरु जिले में बाबा बुदान गिरी के नाम से जाना जाता है। यह नाम उसी संत के नाम पर पड़ा. (गिरी का अर्थ है """"पहाड़ी""""). कॉफ़ी के हरे बीजों को अरब से बहार लेजाना गैर-कानूनी माना जाता था। क्योंकि सात नंबर को इस्लाम में एक पवित्र नंबर माना जाता है, इसलिए संत के द्वारा सात कॉफ़ी के बीजों को ले जाया जाना एक धार्मिक कार्य माना गया। यह भारत में कॉफी उद्योग की शुरुआत थी और विशेष रूप से, मैसूर के तत्कालीन राज्य में जो वर्तमान में कर्नाटक राज्य का एक हिस्सा है। इसे बाबा बुदान की बहादुरी की उपलब्धि थी, क्योंकि अरब में अन्य देशों को कॉफ़ी के निर्यात पर सख्ती से रोक लगायी गयी थी, इसे केवल भुन कर या उबाल कर ही किसी अन्य देश को ले जाने की अनुमति थी। ताकि किसी और देश में इसका अंकुरण न किया जा सके.",hin,hin,"[37170.0, 10290.0, 420.0, 22710.0, 14670.0, 655740.0, 31560.0, 11100.0, 15960.0, 5310.0, 17070.0, 1680.0, 31680.0, 76230.0, 28860.0]"
"१७वीं शताब्दी में यह संघ संसार में व्यापार और सागरीय शक्ति से सर्वाधिक संपन्न था। ईस्टइंडीज, भारत, दक्षिण अफ्रीका और वेस्टइंडीज आदि उसके उपनिवेश थे। डच प्राय: उदार थे, अतएव उन्होंने स्पेनी, पुर्तगाली, यहूदी, अंग्रेज और फ्रांसीसी यात्रियों को शरण दी जिनके पारस्परिक योग से कला, साहित्य, विज्ञान और दर्शन की प्रचुर उन्नति हुई। फ्रांस के आक्रमण को विफल करने के लिए नीदरलैंड की डच शक्तियों ने कई यूरोपीय देशों का संघ भी गठित किया। विलियम तृतीय की मृत्यु के पश्चात् डच गणराज्य एक शताब्दी तक चलता रहा। इसके बाद आंतरिक विद्रोह, गृह-कलह, १७वीं और १८वीं शताब्दियों में इंग्लैंड से युद्धों के कारण नीदरलैंड की शक्ति अत्यंत क्षीण हो गई। १७९५ में फ्रांसीसी सेनाओं ने शक्तिहीन गणराज्य का बुरी तरह रौंद दिया।",hin,hin,"[17980.0, 4640.0, 435.0, 13282.0, 9512.0, 336661.0, 16559.0, 6061.0, 8758.0, 2146.0, 6351.0, 493.0, 22823.0, 42340.0, 18995.0]"
"उमेशकुमार तिलक यादव (मराठी: उमेश , जन्म २५ अक्टोबर १९८७) एक भारतीय क्रिकेट खिलाड़ी है जो वर्तमान में विदर्भसे घरेलू क्रिकेट खेलते हैं। वो दायाँ हात तीब्र गतिके गेंदबाज है। वो २००८ से ही घरेलू क्रिकेट खेलते आ रहे हैं। वो विदर्भसे घरेलू क्रिकेट खेलकर टेस्ट क्रिकेट खेल्ने वाले पहले खिलाड़ी हैं। उन्होंने एक दिवसीय अंतर्राष्ट्रीय क्रिकेट खेलमें अपना पदार्पण २०१० में ज़िम्बाब्वे के ख़िलाफ़ किया तथा वहि वर्ष उन्होंने टेस्ट क्रिकेटमें वेस्ट इन्डिज विरुद्ध सुरुवात किया था।",hin,hin,"[18760.0, 4256.0, 224.0, 6832.0, 5488.0, 219548.0, 9772.0, 3220.0, 4676.0, 1204.0, 3696.0, 3836.0, 14308.0, 25788.0, 9828.0]"
"2015 में, रेड चिलीज एंटरटेनमेंट, इंडियन प्रीमियर लीग की टीम कोलकाता नाइट राइडर्स की मूल कंपनी, रेड स्टील में हिस्सेदारी खरीदी है। रेड स्टील 2015 टूर्नामेंट जीतने के लिए पर चला गया। उस मौसम के बाद, नाम त्रिनबगो नाइट राइडर्स के लिए बदल गया था।",hin,hin,"[5967.0, 2106.0, 459.0, 4050.0, 2511.0, 101061.0, 5373.0, 1323.0, 2997.0, 729.0, 2511.0, 324.0, 6075.0, 11880.0, 5157.0]"
"पैरों की अन्य स्थितियों के अनुरूप ही यदि बिवाई का समय पर उपचार नहीं किया जाये, तो वे खतरनाक हो सकती हैं। वे गहरी होकर संक्रमित हो सकती हैं। ये मधुमेह या सीमित प्रतिरोधी ताकत वाले मरीजों में विशेष रूप से खतरनाक हो सकती हैं।",hin,hin,"[4056.0, 728.0, 312.0, 3042.0, 1872.0, 102336.0, 4576.0, 1742.0, 2236.0, 676.0, 2496.0, 26.0, 5304.0, 11258.0, 4602.0]"
"चंद्र ग्रहण का एक सटीक मानचित्र विकसित करने के दौरान आर्यभट्ट को इनफाइनाटसिमल की परिकल्पना प्रस्तुत करना पड़ी, अर्थात् चंद्रमा की अति सूक्ष्मकालीन या लगभग तात्कालिक गति को समझने के लिए असीमित रूप से सूक्ष्म संख्याओं की परिकल्पना करके उसने उसे एक मौलिक अवकल समीकरण के रूप में प्रस्तुत किया। आर्यभट के समीकरणों की 10वीं सदी में मंजुला ने और 12वीं सदी में भास्कराचार्य ने विस्तार पूर्वक व्याख्या की। भास्कराचार्य ने ज्या फलन के अवकलज (डिफरेंशल) का मान निकाला। परवर्ती गणितज्ञों ने समाकलन (इंटिग्रेशन) की अपनी विलक्षण समझ का उपयोग करके वक्र तलों के क्षेत्रफल और वक्र तलों द्वारा घिरे आयतन का मान निकाला।",hin,hin,"[9450.0, 3000.0, 300.0, 9100.0, 5050.0, 236325.0, 11175.0, 4300.0, 6750.0, 1650.0, 4500.0, 400.0, 13725.0, 28750.0, 10725.0]"
"फ़्रेंचाइज़ी को सावधानीपूर्वक लाइसेंस की सौदेबाजी करनी चाहिए. उसे फ़्रेंचाइज़र के साथ मिलकर विपणन योजना या व्यापार योजना अवश्य बनानी चाहिए. शुल्क का पूरी तरह खुलासा किया जाना चाहिए और किसी तरह का अप्रत्यक्ष शुल्क नहीं होना चाहिए. लाइसेंस लेने से पहले ही चालू लागत व लागत और प्रवर्ती पूंजी जान लेनी चाहिए. इस आशय का आश्वासन होना चाहिए कि फ़्रेंचाइज़ के योजनानुसार काम करने पर """"क्षेत्र"""" में अतिरिक्त लाइसेंसधारियों की भीड़ नहीं होगी. फ़्रेंचाइज़ी को एक स्वतंत्र व्यापारी के रूप में देखा जाना चाहिए. तीसरे पक्षों द्वारा ट्रेडमार्क के किसी भी उल्लंघन से उसे फ़्रेंचाइज़र की सुरक्षा प्राप्त होनी चाहिए. बातचीत के दौरान फ़्रेंचाइज़ी की सहायता के लिए फ़्रेंचाइज़ वकील का होना ज़रूरी है। .",hin,hin,"[9960.0, 3888.0, 336.0, 10224.0, 5304.0, 262920.0, 13320.0, 4368.0, 7536.0, 1632.0, 7488.0, 336.0, 14784.0, 32064.0, 12000.0]"
‘वज्र’ शब्द का प्रयोग मनुष्य द्वारा स्वयं अपने व अपनी प्रकृति के बारे में की गई कल्पनाओं के विपरीत मनुष्य में निहित वास्तविक एवं अविनाशी स्वरूप के लिये किया जाता है।,hin,hin,"[2783.0, 851.0, 207.0, 1725.0, 1127.0, 56971.0, 2668.0, 1104.0, 1771.0, 161.0, 1771.0, 161.0, 3197.0, 6716.0, 2369.0]"
"सीएनएन ने रिपोर्ट दी है कि केरल राजमार्ग अनुसंधान संस्थान, भारत की डॉ॰ एस मधु ने सड़क की ऐसी सतह तैयार की है जिसमे रीसाइकिल किए गए प्लास्टिक का प्रयोग होता है।[कृपया उद्धरण जोड़ें] इसमें बिटुमेन (कोलतार) और टुकड़ों में कटा हुआ प्लास्टिक होता है और इसे प्रदूषण से बचने के लिए 220 डिग्री सेल्सियस (428 °F) से कम तापमान पर पिघलाया जाता है। ऐसा दावा किया जाता है कि इस तरह से बनी सड़क की सतह बहुत ही टिकाऊ तथा मानसून वर्षा प्रतिरोधी है। प्लास्टिक की छंटाई हाथों से की जाती है जो कि भारत में बहुत किफायती है। लगभग 500 मीटर लंबी, 8 मीटर चौड़ी, दो-लेन की परीक्षण सड़क पर 60 किलो प्लास्टिक लगा था।",hin,hin,"[15488.0, 4048.0, 220.0, 7568.0, 5126.0, 228096.0, 10670.0, 2684.0, 6600.0, 1540.0, 6996.0, 418.0, 12056.0, 27434.0, 10208.0]"
"खेल अफ़्रीकी संस्कृति का प्रमुख अंग है। फ़ुटबॉल परिसंघ (कनफ़ेडरेशन) में ५३ अफ़्रीकी देशों की फ़ुटबॉल (सॉकर) टीमें हैं, जब कि केमेरून, नाइजीरिया, सेनेगल और घाना हालिया फ़ीफ़ा (FIFA) विश्व कपों में नॉक-आउट स्थिति तक आगे बढ़ चुके हैं। दक्षिण अफ़्रीका २०१० विश्व कप प्रतियोगिता की मेजबानी करनेवाला है और ऐसा करने वाला पहला अफ़्रीकी देश होगा। कुछ अफ़्रीकी देशों में क्रिकेट लोकप्रिय है। दक्षिण अफ़्रीका और ज़िम्बाबवे टेस्ट मैच खेलने की अवस्था पा चुके हैं, जबकि केन्या एक-दिवसीय अन्तर्राष्ट्रीय क्रिकेट में अग्रणी गैर-टेस्ट टीम है और स्थायी एक-दिवसीय अन्तर्राष्ट्रीय स्तर को प्राप्त कर चुकी है। इन तीन देशों ने संयुक्त रूप से २००३ क्रिकेट विश्व कप की मेजबानी की थी। नामीबिया एक और अफ़्रीकी देश है जिसने किसी विश्व कप में खेला है। उत्तरी अफ़्रीका में मोरक्को “२००२ मोरक्को कप” का आयोजक रह चुका है, परंतु इसकी राष्ट्रीय टीम कभी किसी प्रमुख प्रतियोगिता के लिए नहीं चनी गई है।",hin,hin,"[15792.0, 6132.0, 294.0, 10290.0, 6090.0, 279972.0, 14133.0, 4137.0, 5649.0, 2877.0, 6111.0, 462.0, 18459.0, 34104.0, 14175.0]"
"मस्तिष्क ज्वर के गंभीर रूपों में रक्त इलेक्ट्रोलाइट महत्वपूर्ण हो सकते हैं;उदाहरण के लिये हाइप्नॉट्रीमिया (रक्त में सोडियम की कमी) एक सामान्य बैक्टीरिया जनित मस्तिष्क ज्वर है, कई कारकों के संयोजन के कारण जिसमें निर्जलीकरण शामिल है, एंटीडाइयूरेटिक हार्मोन का अनुचित उत्सर्जन (SIADH) या अतिरिक्त सक्रिय अंतःशिरा तरल प्रशासन।",hin,hin,"[5060.0, 2060.0, 300.0, 3520.0, 2460.0, 91020.0, 4880.0, 1060.0, 2720.0, 940.0, 1720.0, 140.0, 6940.0, 14140.0, 5220.0]"
"पहली ज्ञात घटना उस समय घटित हुई, जब रोम इंटरनेशनल द्वारा बेचे गए एक लाल और काला वेरॉन, 4 मार्च 2007 को इंग्लैंड के सरे के शेप्परटन में B375 पर भारी बारिश में दुर्घटनाग्रस्त हो गए।",hin,hin,"[3192.0, 1539.0, 266.0, 2109.0, 1976.0, 54226.0, 3192.0, 874.0, 1615.0, 171.0, 1539.0, 608.0, 3686.0, 7201.0, 2888.0]"
इस उपनिषद् में ऊँ की मात्राओं की विलक्षण व्याख्या करके जीव और विश्व की ब्रह्म से उत्पत्ति और लय एवं तीनों का तादात्म्य अथवा अभेद प्रतिपादित हुआ है। इसके अलावे वैश्वानर शब्द का विवरण मिलता है जो अन्य ग्रंथों में भी प्रयुक्त है।,hin,hin,"[2682.0, 792.0, 198.0, 1818.0, 1260.0, 62388.0, 2934.0, 1026.0, 1818.0, 270.0, 1314.0, 90.0, 3150.0, 5940.0, 2844.0]"
मोहनदास करमचंद गांधी की हत्या 30 जनवरी 1948 की शाम को नई दिल्ली स्थित बिड़ला भवन में गोली मारकर की गयी थी। वे रोज शाम को प्रार्थना किया करते थे। 30 जनवरी 1948 की शाम को जब वे संध्याकालीन प्रार्थना के लिए जा रहे थे तभी नाथूराम गोडसे नाम के व्यक्ति ने पहले उनके पैर छुए और फिर सामने से उन पर बैरेटा पिस्तौल से तीन गोलियाँ दाग दीं। उस समय गान्धी अपने अनुचरों से घिरे हुए थे।,hin,hin,"[5610.0, 1462.0, 221.0, 4811.0, 2788.0, 111690.0, 6596.0, 1496.0, 2686.0, 867.0, 3213.0, 170.0, 5304.0, 12988.0, 5134.0]"
"ललितादित्य मुक्तापीड (राज्यकाल 724-761 ई) कश्मीर के कर्कोटा वंश के हिन्दू सम्राट थे। उनके काल में कश्मीर का विस्तार मध्य एशिया और बंगाल तक पहुंच गया। उन्होने अरब के मुसलमान आक्रान्ताओं को सफलतापूर्वक दबाया तथा तिब्बती सेनाओं को भी पीछे धकेला। उन्होने राजा यशोवर्मन को भी हराया जो हर्ष का एक उत्तराधिकारी था। उनका राज्‍य पूर्व में बंगाल तक, दक्षिण में कोंकण तक पश्चिम में तुर्किस्‍तान और उत्‍तर-पूर्व में तिब्‍बत तक फैला था। उन्होने अनेक भव्‍य भवनों का निर्माण किया।",hin,hin,"[9136.0, 2000.0, 352.0, 4288.0, 2688.0, 138656.0, 6496.0, 1888.0, 2800.0, 1008.0, 2640.0, 3248.0, 7792.0, 15472.0, 6160.0]"
संधियों के ऊपर से पेशियाँ गुजरती हैं तथा उन्हें गति प्रदान करती हैं। संधियों की अपनी रुधिर वाहिकाएँ होती हैं। संधियों का विलगना चोट लगने से होता है। इसे संधिभ्रंश कहते हैं। संधियों की स्नायु पर आघात होने को मोच कहते हैं।,hin,hin,"[1935.0, 630.0, 195.0, 1575.0, 960.0, 55800.0, 2790.0, 705.0, 1290.0, 360.0, 1425.0, 60.0, 2700.0, 6180.0, 2520.0]"
पेंग्विंन्स गंभीर किस्म के एक पत्निक जीव हैं मतलब एक साल के दौरान एक पत्निक. यह व्यव्हारिक है - मादा एकमात्र अंडा देती है और चूजे के बचने के लिए दोनो अभिभावकों का सहयोग जरूरी होता है। अंडा देने के बाद मादा को उसे जमीन से छुआए बिना नर को देना होता है। यदी अंडा कुछ पल भी खुले में रह जाए तो भीषण ठंड उसको नष्ट कर देगी। नर को अंडे की देखभाल करना होती है ताकी मादा वापस समुद्र (जो और दूर हो चुका है) में जा कर खा पी सके और वापस लौटते अपने चूजे के लिए अतिरिक्त भोजन भी ला सके। मादा ने दो माह से कुछ खाया नहीं होता और जब तक वो संतती स्थल छोडती है अपने भार का एक तिहाई गंवा चुकी होती है।,hin,hin,"[6538.0, 1316.0, 98.0, 4536.0, 3640.0, 152292.0, 7182.0, 1792.0, 3612.0, 1050.0, 4326.0, 448.0, 7770.0, 18844.0, 6580.0]"
"हलांकि मस्तिष्क ज्वर बहुत से देशों में एक सूचनीय रोग है, सटीक घटना दर अज्ञात है। पश्चिमी देशों में बैक्टीरिया जनित मस्तिष्क ज्वर की वार्षिक दर 1,00,000 में 3 लोगों की है। जनसंख्या-विस्तृत अध्ययनों ने प्रदर्शित किया है कि वायरस जनित मस्तिष्क ज्वर अधिक आम है जिसकी दर 1,00,000 व्यक्तियों में 10.9 प्रति वर्ष है और यह अक्सर गर्मियों में होता है। ब्राजील में बैक्टीरिया जनित मस्तिष्क ज्वर की वार्षिक दर 1,00,000 व्यक्तियों में 45.8 प्रति वर्ष है। उप-सहारा अफ्रीका एक शताब्दी से मैनिन्गोकॉकल मस्तिष्क ज्वर की बड़ी महामारी से पीड़ित रहा है, जिसके कारण इसको """"मस्तिष्क ज्वर पट्टी"""" कहा जाता है। महामारी आमतौर पर सूखे मौसम (दिसम्बर से जून) में होती है और महामारी की लहर दो से तीन साल तक बनी रह सकती है, जो बारिश के मौसमों के हस्तक्षेप से समाप्त सी हो जाती है। इस क्षेत्र में आक्रमण की दर 1,00,000 व्यक्तियों पर 100-800 व्यक्तियों की होती है, इसकी चिकित्सीय देखभाल बेहद खराब होती है। ये मामले मुख्य रूप से मौनिन्गोकॉकि द्वारा जनित होते हैं। सम्पूर्ण क्षेत्र में 1996-97 में सबसे बड़ा महामारी का प्रकोप दर्ज किया गया था, जिसमें 2,50,000 मामले हुये थे और 25,000 लोगों की मृत्यु हो गयी थी।",hin,hin,"[13949.0, 3796.0, 338.0, 7709.0, 5733.0, 223379.0, 12376.0, 3211.0, 6240.0, 2886.0, 5330.0, 286.0, 14443.0, 28626.0, 11596.0]"
"गोकुला, ? - 1670 राजाराम (भरतपुर), 1670 - 1688 चूडामन, 1695 - 1721 बदन सिंह, 1722 - 1756 महाराजा सूरज मल, 1756 - 1767 महाराजा जवाहर सिंह, 1767 - 1768 महाराजा रतन सिंह, 1768 - 1769 महाराजा केहरी सिंह, 1769 - 1771 महाराजा नवल सिंह, 1771 - 1776 महाराजा रञ्जीत सिंह, 1776 - 1805 महाराजा रणधीर सिंह, 1805 - 1823 महाराजा बलदेव सिंह, 1823 - 1825 महाराजा बलवन्त सिंह, 1825 - 1853 महाराजा जशवन्त सिंह, 1853 - 1893 महाराजा राम सिंह, 1893 - 1900 (Exiled) महारानी गिरिराज कौर, regent 1900-1918 महाराजा किशन सिंह, 1900 - 1929 महाराजा ब्रजेन्द्र सिंह, 1929-1947 (Joined the Indian Union)",hin,hin,"[7392.0, 1248.0, 924.0, 4608.0, 3228.0, 86352.0, 9708.0, 444.0, 2472.0, 384.0, 1128.0, 120.0, 9648.0, 9708.0, 7692.0]"
"उपरोक्त कार्यो द्वारा विलियम द्वितीय रूस, फ्रांस और इंगलैंड के गुट को निर्बल करने में सफल हुआ, किन्तु यह स्थिति अधिक काल तक स्थायी नहीं रह सकी। मोरक्को के प्रश्न का समाधान करने का प्रयत्न फ्रांस और जर्मनी द्वारा किया गया था, किन्तु दोनों समझौते की स्थिति से संतुष्ट नहीं थे। ‘मोरक्को की स्वतंत्रता’ तथा फ्रांस की पुलिस सत्ता में स्वाभाविक विरोध था जिसके कारण भविष्य में झगड़ा होना निश्चित था। फ्रांस मोरक्को को पूर्णतया अपने अधिकार में लाने पर तुला हुआ था और जर्मनी उसे रोकने या उसके बदले में उपयुक्त पुरस्कार प्राप्त करने पर कटिबद्ध था। 1911 ई . में मोरक्को में एक ऐसी घटना घटी जिसने यूरोप के प्रमुख राष्ट्रों का ध्यान उस ओर आकर्षित किया। मोरक्को में गृहयुद्ध की अग्नि प्रज्जवलित हुई और मोरक्को का सुल्तान इस विद्रोह का दमन करने में असफल रहा। इस परिस्थिति के उत्पन्न होने पर फ्रांस ने आंतरिक सुरक्षा के लिए अपने उत्तरदायित्व का बहाना लेकर एक सेना भेजी, जिसने 21 मई 1910 ई. को मोरक्को में विद्रोह का दमन करना आरंभ कर दिया। जर्मनी फ्रांस के इस प्रकार के हस्तक्षेप को सहन नहीं कर सका और जर्मनी के विदेशमंत्री ने घोषणा की कि 'यदि फ्रांस को मोरक्को में रहना आवश्यक प्रतीत हुआ तो मोरक्को की पूर्ण समस्या पर पुनः विचार किया जायेगा और एल्जीसिराज के एक्ट पर हस्ताक्षर करने वाली समस्त सत्ताओं को अपनी इच्छानुसार कार्य करने की स्वतंत्रता पुनः प्राप्त हो जायेगी।' विद्राेहियों के दमन के उपरांत फ्रांस की सेनायें वापिस लौटने लगी, किन्तु इस पर भी जर्मनी ने अपने कड़े व्यवहार में किसी प्रकार परिवर्तन करना उचित नहीं समझा। जुलाई 1910 ई. को जर्मनी ने घोषणा की कि उसने जर्मन हितों तथा जर्मन निवासियों की रक्षा के अभिप्राय से एक जंगी जहाज दक्षिणी मोरक्को के एजेडिर नामक बन्दरगाह पर भेज दिया। जर्मनी के इस व्यवहार ने बड़ी संकटमय परिस्थिति उत्पन्न कर दी और यह संभावना स्पष्ट दृष्टिगोचर होने लगी कि शीघ्र ही यूरोप के राष्टोंं के मध्य युद्ध का होना अनिवार्य है।",hin,hin,"[15411.0, 4378.0, 176.0, 13112.0, 8569.0, 295867.0, 16731.0, 5038.0, 8162.0, 3982.0, 6754.0, 6765.0, 17380.0, 40700.0, 14256.0]"
"कॉफ़ी उगाने के लिए आदर्श जलवायु परिस्थितियां तापमान और वर्षा पर निर्भर करती हैं; अरेबिका किस्म के लिए दो तीन माह के सूखे के बाद 73 °फ़ै (23 °से.) और 82 °फ़ै (28 °से.) की रेंज का तापमान तथा 60–80 इंच (1.5–2.0 मी॰) रेंज की वर्षा उपयुक्त होती है ज़माने वाला ठंडा तापमान कॉफ़ी के लिए उपयुक्त नहीं है। जहां वर्षा 40 इंच (1.0 मी॰)से कम होती है, वहां सिंचाई की सुविधाएं उपलब्ध कराया जाना आवश्यक है। दक्षिण भारतीय पहाड़ों के उष्ण कटिबंधीय क्षेत्रों में, इन परिस्थितियों के कारन बड़ी संख्या में कॉफ़ी के बागान उगते हैं। अरेबिका के लिए सापेक्ष आर्द्रता 70–80% जबकि रोबस्टा के लिए 80–90% है।",hin,hin,"[6150.0, 1960.0, 220.0, 3310.0, 1990.0, 93010.0, 4950.0, 1470.0, 2810.0, 1110.0, 2460.0, 100.0, 5510.0, 12720.0, 4650.0]"
"कश्मीर उस समय सबसे शक्तिशाली राज्य था। उत्तर में तिब्बत से लेकर द्वारिका और उड़ीसा के सागर तट और दक्षिण तक, पूर्व में बंगाल, पश्चिम में विदिशा और मध्य एशिया तक कश्मीर का राज्य फैला हुआ था जिसकी राजधानी प्रकरसेन नगर थी। ललितादित्य की सेना की पदचाप अरण्यक (ईरान) तक पहुंच गई थी।",hin,hin,"[1440.0, 657.0, 90.0, 1278.0, 918.0, 44163.0, 1944.0, 522.0, 846.0, 153.0, 1125.0, 378.0, 2421.0, 5391.0, 2133.0]"
"पद्मश्री (भारत सरकार) से सम्मानित, उत्तर प्रदेश हिन्दी संस्थान द्वारा भारतेन्दु हरिश्चन्द्र पुरस्कार, हिन्दी अकादमी का साहित्यकार-पत्रकार सम्मान-2006, दिल्ली हिन्दी अकादमी द्वारा श्रेष्ठ लेखन पुरस्कार-1999",hin,hin,"[1600.0, 416.0, 96.0, 768.0, 440.0, 26360.0, 1088.0, 280.0, 424.0, 168.0, 352.0, 264.0, 1616.0, 3312.0, 1064.0]"
"कैपिटोनिम एक ऐसा शब्द है जोकि बड़े अक्षरों में लिखे जाने पर (और कभी-कभी उच्चारण) उसके अर्थ में परिवर्तन करता है। यह एक प्रकार का समनाम है। कभी-कभी बड़े अक्षर वाले रूपांतरण का अर्थ, छोटे अक्षर वाले रूपांतरण के अर्थ से विशेष मामला हो सकता है, या वह आधार-नाम से जुड़ा हो सकता है। उदाहरण के लिए:",hin,hin,"[1246.0, 644.0, 56.0, 987.0, 861.0, 30989.0, 1568.0, 595.0, 1057.0, 364.0, 1022.0, 21.0, 1491.0, 3843.0, 1575.0]"
"यी की अपनी चित्रलिपि पर आधारित एक लिपि है जिसमें ८,००० - १०,००० चिह्न हैं। हालांकि चीनी भावचित्र में एक प्रकार की चित्रलिपि पर आधारित हैं, लेकिन चीनी लिपि और यी लिपि में कोई सम्बन्ध नहीं मिला है। आधुनिक यी लिपि को 'नोसू ब्बर्मा' (ꆈꌠꁱꂷ, nuosu bburma) कहा जाता है।",hin,hin,"[1218.0, 750.0, 84.0, 900.0, 486.0, 23904.0, 1644.0, 522.0, 1104.0, 204.0, 600.0, 12.0, 1638.0, 3252.0, 1584.0]"
"पराग बैंक में पराग कण को संग्रह किया जाता है। वर्तमान में जो प्रजाति लुप्त हो रही है, उसका पौधा बनाया जाता है। इस तकनीक का प्रयोग कर हम एक गुणसूत्र समूह वाले पौधो बना सकते हैं।",hin,hin,"[645.0, 195.0, 45.0, 415.0, 280.0, 16225.0, 760.0, 215.0, 480.0, 65.0, 385.0, 25.0, 735.0, 1580.0, 670.0]"
अश्वशाव या इक्वूलियस एक छोटा-सा तारामंडल है जो अंतर्राष्ट्रीय खगोलीय संघ द्वारा जारी की गई ८८ तारामंडलों की सूची में शामिल है। त्रिशंकु तारामंडल के बाद यह इस सूची का दूसरा सब से छोटा तारामंडल है। दूसरी शताब्दी ईसवी में टॉलमी ने जिन ४८ तारामंडलों की सूची बनाई थी यह उनमें भी शामिल था। इसके सभी तारे काफ़ी धुंधले हैं और उनमें से कोई भी +३.९ मैग्नीट्यूड (चमक या सापेक्ष कान्तिमान) से अधिक रोशन नहीं है। ध्यान रहे कि मैग्नीट्यूड एक विपरीत माप होता है: यह जितना अधिक हो तारे की चमक उतनी ही कम होती है।,hin,hin,"[2184.0, 484.0, 28.0, 1148.0, 960.0, 33660.0, 1672.0, 556.0, 928.0, 232.0, 840.0, 32.0, 2076.0, 4104.0, 1688.0]"
"केन्द्रीय विद्यालयों के प्रमुख चार मिशन इस प्रकार है- 1. केन्द्रीय सरकार के स्थानांतरणीय कर्मचारियों जिनमें रक्षा तथा अर्धसैनिक बलों के कर्मी भी शामिल हैं , के बच्चों को शिक्षा के सामान्य कार्यक्रम के तहत शिक्षा प्रदान कर उनकी शैक्षिक अवश्यकताओं को पूरा करना । 2. .विद्यालयी शिक्षा के क्षेत्र में श्रेष्ठता और गति निर्धारित करना । 3. केन्द्रीय माध्यमिक षिक्षा बोर्ड (सी.बी.एस.सी.) राष्ट्रीय शैक्षिक अनुसंधान एवं प्रशिक्षण परिषद् (एन.सी.ई.आर.टी.) इत्यादि जैसे अन्य निकायों के सहयोग से शिक्षा के क्षेत्र में नए-नए प्रयोग तथा नवाचार को सम्मिलित करना । 4. बच्चों में राष्ट्रीय एकता और ’भारतीयता’ की भावना का विकास करना ।",hin,hin,"[975.0, 393.0, 39.0, 894.0, 642.0, 27966.0, 1368.0, 504.0, 663.0, 363.0, 654.0, 618.0, 1605.0, 3132.0, 1095.0]"
मास्तीजी अपने ९५ जन्मदिवस पर स्वर्गवासित हो गए। मृत्यु के बाद उनके नाम में एक पुरस्कार विख्यात लेखकों को दिया जाता है। बंगलौर के बसवनजगुडी क्षेत्र में प्रस्तुत उनके घर को उन्के आदर में प्रजा के लिये एक संग्रहालय में बदला गया था और इसका देखबाल मास्ती वेंकटेश अयंगार जीवना कार्यलया ट्र्स्ट कर रहा है।,hin,hin,"[478.0, 118.0, 30.0, 290.0, 174.0, 10374.0, 476.0, 114.0, 208.0, 42.0, 142.0, 20.0, 518.0, 1244.0, 444.0]"
"हिंदी और उर्दू के एक मिले जुले रूप को हिंदुस्तानी कहा गया है। भारत में अँगरेज शासकों की कूटनीति के फलस्वरूप हिंदी और उर्दू एक दूसरे से दूर होती गईं। एक की संस्कृतनिष्ठता बढ़ती गई और दूसरे का फारसीपन। लिपिभेद तो था ही। सांस्कृतिक वातावरण की दृष्टि से भी दोनों का पार्थक्य बढ़ता गया। ऐसी स्थिति में अँगरेजों ने एक ऐसी मिश्रित भाषा को हिंदुस्तानी नाम दिया जिसमें अरबी, फारसी या संस्कृत के कठिन शब्द न प्रयुक्त हों तथा जो साधारण जनता के लिए सहजबोध्य हो। आगे चलकर देश के राजनयिकों ने भी इस तरह की भाषा को मान्यता देने की कोशिश की और कहा कि इसे फारसी और नागरी दोनों लिपियों में लिखा जा सकता है। पर यह कृत्रिम प्रयास अंततोगत्वा विफल हुआ। इस तरह की भाषा ज्यादा झुकाव उर्दू की ओर ही था।",hin,hin,"[423.0, 148.0, 12.0, 347.0, 257.0, 11761.0, 522.0, 212.0, 270.0, 58.0, 257.0, 13.0, 519.0, 1399.0, 462.0]"
