sentences,predictions,labels,"results (['Bulgarian', 'Chinese', 'English', 'French', 'German', 'Hindi', 'Italian', 'Japanese', 'Korean', 'Portuguese', 'Russian', 'Spanish', 'Thai', 'Turkish', 'Vietnamese'])"
"Sau khi tốt nghiệp đại học Emory năm 2005, Trần Pháp Lạp chuyển đến Hồng Kông để bắt đầu sự nghiệp điện ảnh. Nhờ vào thành tích Á hậu cuộc thi hoa hậu Hoa Kiều thế giới 2005, cô ký được hợp đồng 8 năm với TVB. Cô tham gia nhiều show truyền hình trên kênh TVB8 trước khi bắt đầu tham gia vai diễn đầu tiên trong bộ phim Bằng chứng thép với vai diễn kẻ sát nhân.",vie,vie,"[93500.0, 31500.0, 5500.0, 84000.0, 114000.0, 63500.0, 111000.0, 8500.0, 13000.0, 36000.0, 14000.0, 48500.0, 145000.0, 195500.0, 3638000.0]"
"Nhưng giữa những năm 1950-1970, chúng ta gặp dấu vết tới hàng trăm phim mà nhân vật chính là một người mang tên Hoàng Phi Hồng. Kịch bản phim này hướng theo triết lý Trung Hoa hơn là theo chiều hướng tượng. Kungfu không còn là tiết mục phụ mà đã trở thành ngay chính nền tảng của kịch bản. Những phim đó biểu diễn đích thực về nhiều thể loại võ thuật, chuyển hóa từ 5 trường phái lớn của miền nam Trung Quốc là Hồng, Lưu, Thái, Lý và Mạc.",vie,vie,"[90818.0, 37425.0, 5988.0, 109780.0, 62375.0, 75848.0, 140718.0, 10978.0, 12974.0, 35928.0, 20958.0, 4491.0, 178642.0, 171157.0, 4701578.0]"
"Từ tháng 10 năm 1995, 3 phường: Bưởi, Thụy Khuê, Yên Phụ thuộc quận Ba Đình chuyển sang trực thuộc quận Tây Hồ, từ đó quận còn 12 phường: Cầu Giấy, Cống Vị, Điện Biên, Đội Cấn, Giảng Võ, Kim Mã, Ngọc Hà, Nguyễn Trung Trực, Phúc Xá, Quán Thánh, Thành Công, Trúc Bạch.",vie,vie,"[100596.0, 29382.0, 8964.0, 123006.0, 129978.0, 59760.0, 197706.0, 9960.0, 10458.0, 68724.0, 36852.0, 64740.0, 125994.0, 302784.0, 2613504.0]"
"Tại học viện chính trị Trung ương, Kim Dung vẫn học rất giỏi, cuối năm nhất ông được tặng phần thưởng cho sinh viên xuất sắc nhất. Thời kỳ này, ông ngoài tham gia viết bình luận chính trị trên các báo, còn bắt tay vào làm cuốn Anh – Hán tự điển và dịch một phần Kinh Thi sang tiếng Anh, hai công trình này về sau dở dang. Ông học lên năm thứ ba thì tại trường bắt đầu nổi lên các cuộc bạo loạn chính trị. Có lần viết thư tố cáo một vụ bê bối trong trường, Kim Dung lần thứ hai trong đời bị đuổi học, năm 19 tuổi.",vie,vie,"[55664.0, 45724.0, 4473.0, 108843.0, 94430.0, 76041.0, 139657.0, 14910.0, 22862.0, 48209.0, 18886.0, 65604.0, 193333.0, 205261.0, 5789553.0]"
Vườn thực vật hoàng gia Kew; Đại học Harvard; Australian Plant Name Index (biên tập). “Anabasis eriopoda”. International Plant Names Index. Truy cập ngày 23 tháng 6 năm 2013.,vie,vie,"[60512.0, 22320.0, 9424.0, 57040.0, 65968.0, 34224.0, 118544.0, 3472.0, 22320.0, 16368.0, 24304.0, 46624.0, 51584.0, 121024.0, 787152.0]"
"Chẳng hạn, nếu lấy d là số thập phân cần phải được đổi, thì dãy số hihi-1...h2h1 là những con số để biểu diễn số ở hệ thập lục phân tương ứng. Với cách tính dãy h như sau:",vie,vie,"[14355.0, 18810.0, 5445.0, 37125.0, 22770.0, 33165.0, 61380.0, 3960.0, 5940.0, 10395.0, 3465.0, 8415.0, 61875.0, 83160.0, 1486485.0]"
"Tháng 1 năm 2013, Shayne Ward trở thành một trong số 12 người nổi tiếng được tham gia Dancing on Ice. Được bắt cặp với nữ nghệ sĩ trượt băng Maria Filippov, nhưng cả hai đã bị loại sau tập 5 của chương trình. Tháng 2 năm 2014, Shayne ra mắt bản song ca mang tên Falling Slowly với Louise Dearman. Năm 2014, Shayne tham gia dàn cát của The War of the Worlds - phiên bản nhạc kịch của Jeff Wayne.",vie,vie,"[145236.0, 27664.0, 13338.0, 140296.0, 164008.0, 73606.0, 314678.0, 10374.0, 38038.0, 48412.0, 63232.0, 100776.0, 133380.0, 295412.0, 2905214.0]"
"Crom(III) sulfat hydrat, Cr2(SO4)3.15(H2O), (CAS # 10031-37-5) là một chất rắn màu xanh lá cây cũng dễ dàng tan trong nước. Nó thu được bằng cách nung nóng 18H2O trên 70 ° C. Việc nung tiếp tục tạo ra sulfat khan.",vie,vie,"[143956.0, 24157.0, 21692.0, 120785.0, 130645.0, 60639.0, 198679.0, 6409.0, 8381.0, 28101.0, 6902.0, 53244.0, 71485.0, 275587.0, 1298069.0]"
"Giải bóng đá vô địch Quốc gia Việt Nam từng đón nhận nhiều cầu thủ nổi tiếng từ cấp độ thế giới cho đến khu vực Đông Nam Á tham gia thi đấu, một số cầu thủ có thể kể đến như:",vie,vie,"[43296.0, 13776.0, 6396.0, 38868.0, 47724.0, 28044.0, 48216.0, 2460.0, 5412.0, 16728.0, 5412.0, 2952.0, 96924.0, 65436.0, 1808592.0]"
"Nữ hoàng của vương quốc Carthage, vợ góa của Sychaeus. Khi thành Troia thất thủ, Aeneas theo lệnh các thánh thần, dẫn bộ tộc mình đi tìm vùng đất mới. Sau nhiều năm lênh đênh trên biển cả, Aeneas bị dạt vào xứ Carthage do nữ hoàng Dido cai trị. Dido yêu Aeneas say đắm nhưng Aeneas phải tiếp tục ra đi để tìm vùng đất mới, tuyệt vọng Dido đã tự tử.",vie,vie,"[98691.0, 33388.0, 4910.0, 75123.0, 82488.0, 58429.0, 102128.0, 11784.0, 14239.0, 35843.0, 44681.0, 45172.0, 122259.0, 200819.0, 3382008.0]"
"Metacrias huttoni là một loài bướm đêm thuộc phân họ Arctiinae, họ Erebidae. Loài này có ở New Zealand, ở đó Loài này có ở khu vự phía đông của Đảo Nam ở vùng núi thấp. Ấu trùng ăn nhiều loại cỏ.",vie,vie,"[76440.0, 15680.0, 5390.0, 79870.0, 54390.0, 36750.0, 106330.0, 4410.0, 5390.0, 30380.0, 22050.0, 32830.0, 90160.0, 153860.0, 1508710.0]"
"Năm 1970, Philipine đã tổ chức chiếm giữ đảo Song Tử Đông, đảo Thị Tứ, đảo Loại Ta và 4 đảo nữa từ tay Quân lực Việt Nam Cộng hòa. Theo như Đại tá về hưu hải quân Philippines Domingo Tucay Jr kể lại thì các đảo, bãi khi đó hoàn toàn hoang vắng, Philippines chiếm đóng dễ dàng. Chỉ khi tới đảo Song Tử Tây, họ mới thấy quân VNCH đóng ở đây. Quân Phillipines báo về sở chỉ huy, được chỉ thị cứ để mặc quân VNCH. Lính VNCH ở đảo Song Tử Tây cũng để yên để cho quân Philippines hành động. Sau chiến dịch, Philippines chiếm được 6 đảo nổi và bãi đã mà không cần phải nổ súng, trong đó Thị Tứ là đảo lớn thứ nhì, Bến Lạc (Đảo Dừa) là đảo lớn thứ ba, Song Tử Đông là đảo lớn thứ năm ở quần đảo Trường Sa. Philippines giữ các đảo và bãi này từ đó đến nay. Sau vụ chiếm đóng, Chính phủ VNCH cũng không hề lên tiếng gì về vụ chiếm đóng đó. Theo như lời Tucay kể lại, nhiều tháng sau khi Philippines chiếm đóng 7 đảo ở quần đảo Trường Sa, các nước khác mới biết vụ việc này.",vie,vie,"[285576.0, 85575.0, 9780.0, 211737.0, 202935.0, 153546.0, 257214.0, 31785.0, 31785.0, 102690.0, 33252.0, 128118.0, 414672.0, 523230.0, 9952128.0]"
Nephrodium trichophorum là một loài dương xỉ trong họ Dryopteridaceae. Loài này được Baker mô tả khoa học đầu tiên năm 1867. Danh pháp khoa học của loài này chưa được làm sáng tỏ.,vie,vie,"[67344.0, 19032.0, 6344.0, 51240.0, 63440.0, 32208.0, 93208.0, 2440.0, 14152.0, 23424.0, 7320.0, 42456.0, 61976.0, 128832.0, 1124840.0]"
"Thung lũng sông Willamette ở miền tây Oregon là vùng sản xuất nông nghiệp và có mật độ dân cư đông nhất và là nơi có 8 trong số 10 thành phố đông dân nhất Oregon. Theo điều tra dân số năm 2000, tổng dân số của Oregon là khoảng 3,5 triệu người, tăng 20,3% so với năm 1990; ước tính dân số đã đến con số 3,7 triệu người vào năm 2006. Công ty tư hữu lớn nhất Oregon là Intel, nằm trong khu vực Rừng Silicon ở phía tây Portland. Tiểu bang có 199 học khu trong đó học khu """"Các trường công lập Portland"""" là lớn nhất. Có 17 trường đại học cộng đồng và 7 trường đại học công lập trong Hệ thống Đại học Oregon. Đại học Tiểu bang Oregon tại Corvallis và Đại học Oregon tại Eugene là hai viện đại học chính của tiểu bang trong khi đó Đại học Tiểu bang Portland có số lượng ghi danh theo học nhiều nhất.",vie,vie,"[269311.0, 54057.0, 13149.0, 158275.0, 243013.0, 149996.0, 235221.0, 17045.0, 28733.0, 78407.0, 26785.0, 112984.0, 280512.0, 438787.0, 6396745.0]"
Vườn thực vật hoàng gia Kew; Đại học Harvard; Australian Plant Name Index (biên tập). “Fusifilum physodes”. International Plant Names Index. Truy cập ngày 16 tháng 7 năm 2013.,vie,vie,"[57834.0, 19926.0, 9234.0, 53946.0, 66582.0, 33534.0, 113238.0, 4374.0, 23328.0, 16524.0, 24300.0, 49086.0, 52974.0, 120528.0, 773226.0]"
Công tử Cần Thơ Dương Văn Quảng là con của ông Dương Lập Cang. Ông Cang được cho là người khởi công xây dựng ngôi đình Bình Thủy và nhà cổ Bình Thủy nổi tiếng,vie,vie,"[13095.0, 22310.0, 3395.0, 42195.0, 36860.0, 22795.0, 36375.0, 1455.0, 5335.0, 13580.0, 4365.0, 1940.0, 63535.0, 57230.0, 1527750.0]"
"Giáo dục ở Burkina Faso được chia thành tiểu học, trung học và đại học. Tuy nhiên, muốn đến trường phải đóng học phí. Học phí trung học trị giá xấp xỉ 65 USD (33.000 CFA) một năm, cao hơn nhiều thu nhập bình quân của các gia đình Burkinabe. Học sinh nam nhận được nhiều ưu tiên hơn trong trường học; như thế, giáo dục dành cho trẻ em gái và tỉ lệ biết chữ thấp hơn nhiều. Để theo đuổi từ tiểu học đến trung học cơ sở, từ trung học cơ sở lên trung học phổ thông, hay từ trung học phổ thông lên đại học thì cần phải vượt qua những kỳ thi quốc gia. Các tổ chức giáo dục đại học bao gồm Đại học Ouagadougou, và trường đại học bách khoa ở Bobo-Dioulasso.",vie,vie,"[141812.0, 45980.0, 10648.0, 250712.0, 203280.0, 100188.0, 311212.0, 22264.0, 26136.0, 50336.0, 28556.0, 104060.0, 246840.0, 385264.0, 5887376.0]"
"Năm 1895 Chiến tranh Trung-Nhật nổ ra, Hoàng Phi Hồng theo Lưu Vĩnh Phúc đến Đài Loan. Quân nhà Thanh đại bại, triều đình cắt Đài Loan cho Nhật, quân dân Đài Loan khởi nghĩa và phong Hoàng Phi Hồng lên làm """"Điện Tiền Tướng Quân"""" thống lãnh. Sau này Cách mạng Tân Hợi bùng nổ, Lưu Vĩnh Phúc mời Hoàng Phi Hồng làm """"giáo luyện dân đoàn tỉnh Quảng Đông"""".",vie,vie,"[48300.0, 98049.0, 8694.0, 99498.0, 78246.0, 69552.0, 95151.0, 9177.0, 18354.0, 37191.0, 11592.0, 2898.0, 117369.0, 189819.0, 3493539.0]"
"Năm 2010, Trần Pháp Lạp giành được giải Nữ diễn viên phụ xuất sắc nhất tại Giải thưởng thường niên TVB 2010 với bộ phim Nghĩa hải hào tình. Bộ phim này cũng giúp cô giành giải Nữ diễn viên phụ xuất sắc nhất tại Asian Television Award được tổ chức tại Singapore. Cô là một trong số ít diễn viên tham gia nhiều phim trong cùng một năm với tổng cộng 5 phim trong năm 2010.",vie,vie,"[93990.0, 40970.0, 7712.0, 126766.0, 132068.0, 55430.0, 268474.0, 4338.0, 15424.0, 49164.0, 53020.0, 74228.0, 152794.0, 233770.0, 3321462.0]"
"Bertrand Russell sinh ngày 18 tháng 5 năm 1872 tại Trellech, Monmouthshire, nay là Wales, trong một gia đình quý tộc người Anh. Ông nội của ông, John Russell - bá tước Russell I, từng làm thủ tướng Anh trong các thập kỷ 1840 và 1860 và là con trai thứ hai của John Russell, quận công Bedford VI. Mẹ của Russell, Kate (tên họ thời con gái là Stanley), cũng xuất thân từ một gia đình quý tộc và là chị em gái với Rosalind Howard, Nữ bá tước Carlisle. Cha mẹ của Russell là những người khá cấp tiến vào thời của họ—cha Russell, John Russell - tử tước Amberley, là một người vô thần, ông đồng tình với cuộc tình của vợ mình với thầy giáo của các con - nhà sinh vật học Douglas Spalding. Cả hai là những người ủng hộ đầu tiên cho các biện pháp tránh thai mà thời đó được coi là đầy tai tiếng. John Stuart Mill, nhà triết học theo thuyết vị lợi, là cha đỡ đầu của Russell.",vie,vie,"[295334.0, 46176.0, 13949.0, 417027.0, 399711.0, 137085.0, 492544.0, 22607.0, 19240.0, 88985.0, 25012.0, 115921.0, 253487.0, 633958.0, 6691672.0]"
"Linh vật Giải vô địch bóng đá thế giới chính thức cho giải đấu năm 2018, một con chó sói mang tên Zabivaka (""""the one who scores"""" bằng tiếng Nga), đã được công bố vào ngày 21 tháng 10 năm 2016. Đại diện cho một con nhân hóa chó sói có chiếc áo thun len màu nâu và màu trắng với dòng chữ """"RUSSIA 2018"""" và kính thể thao màu cam. Sự kết hợp giữa áo thun và quần short màu trắng, xanh dương và đỏ là màu sắc quốc gia của đội tuyển Nga. Nhà thiết kế sinh viên là Ekaterina Bocharova, và linh vật đã được lựa chọn bởi bỏ phiếu Internet.",vie,vie,"[143520.0, 34080.0, 11520.0, 164160.0, 190560.0, 103680.0, 256800.0, 11040.0, 17280.0, 50880.0, 35040.0, 78720.0, 190560.0, 333600.0, 4569600.0]"
"Chính IBM đã lựa chọn tiền tố hexa, thay vì sexa của tiếng Latinh. Cái tên hexadecimal là một cái tên xa lạ, vì hexa nguyên có gốc từ hexi (έξι) trong tiếng Hy Lạp và có nghĩa là """"sáu"""", còn decimal lại có gốc Latinh và có nghĩa là """"mười"""". Có thể hexa cũng đã được lấy từ tiếng Latinh, song chữ deka của Hy Lạp lại gần với chữ decem của Latinh hơn, nên có một số ý kiến cho rằng cách đặt tên này có sự bất nhất nào đấy. Một từ cổ hơn nữa là sexidecimal nghe có vẻ Latinh nhưng không đúng (từ Latinh đúng là sedecim, có nghĩa là 16). Từ này đã được đổi vì một số người cho rằng việc dùng từ này là quá mạo hiểm, vì từ này còn có một nghĩa khác là """"gốc 60"""". Tuy vậy, chữ sexagesimal (gốc 60) vẫn còn giữ lại được nhóm tiền tố của nó. Trong tài liệu trước đây của máy tính Bendix, từ sexadecimal cũng có được dùng đến. Ông Steven Schwartzman có ghi lại: """"Vì từ hexadecimal là một từ tương đối dài, nên nhiều khi nó được viết tắt là hex"""". Từ hexadecimal - thập lục phân - là một từ bất thường, vì nó là từ ghép bởi tiết tố của hai thứ tiếng Latinh và Hy Lạp. Từ nguyên gốc Latinh phải là sexadecimal, song những kẻ tấn công máy tính (computer hackers), có thể bị gợi ý và dẫn dụ bằng từ này mà gọi tắt nó thành sex. Giáo sư và nhà khoa học máy tính Donald Knuth có chỉ ra rằng theo đúng nghĩa của từ thì tên của nó phải là senidenary, một từ gốc Latinh với nghĩa là """"nhóm 16"""". Những từ binary (nhị phân), ternary (tam phân) và quaternary (tứ phân) đều được tổ hợp từ gốc Latinh cả, và theo đúng nghĩa thì từ decimal (thập phân) đáng ra phải là denary (hệ mười).",vie,vie,"[428705.0, 99153.0, 11017.0, 513009.0, 478521.0, 259618.0, 1182651.0, 38320.0, 62749.0, 123582.0, 239021.0, 369788.0, 527379.0, 1076792.0, 13327696.0]"
"Năm 1897, Felix Hoffmann tạo ra salicin tổng hợp (trong trường hợp của ông là tách ra từ các loài Spiraea trong họ Hoa hồng), ít gây rối loạn tiêu hóa hơn so với axít salicylic tinh chất. Loại thuốc mới, về mặt chính thức là axít axetylsalicylic, được công ty thuê mướn Hoffmann là Bayer AG (Đức) đặt tên thương phẩm là aspirin. Nó là một loại thuốc trong một lớp thuốc có tầm quan trọng lớn, được biết đến như là các thuốc kháng viêm không steroit (NSAIDs - non-steroidal anti-inflammatory drugs).",vie,vie,"[121890.0, 38240.0, 6692.0, 105638.0, 180206.0, 76002.0, 183552.0, 12428.0, 15296.0, 58794.0, 33938.0, 86518.0, 160130.0, 332210.0, 3537678.0]"
Vườn thực vật hoàng gia Kew; Đại học Harvard; Australian Plant Name Index (biên tập). “Ctenitis seramensis”. International Plant Names Index. Truy cập ngày 28 tháng 5 năm 2014.,vie,vie,"[59148.0, 19080.0, 9063.0, 49131.0, 64872.0, 33390.0, 118296.0, 3339.0, 25758.0, 17172.0, 25758.0, 53424.0, 51993.0, 110187.0, 770832.0]"
"Lý thuyết trung tâm của lý thuyết điều khiển hiện đại được đặt trên nền tảng Tiêu chuẩn ổn định Routh của ông, một ứng dụng của Định lý Sturm để ước lượng Số mũ Cauchy bằng cách sử dụng the Giải thuật Euclid.",vie,vie,"[17136.0, 13804.0, 6188.0, 36652.0, 36176.0, 31892.0, 47124.0, 1904.0, 14280.0, 15232.0, 5236.0, 1904.0, 63308.0, 74256.0, 1441328.0]"
"Để phản ứng đối với các đòi hỏi của nhóm người Đức lưu vong Preussische Treuhand, đại diện cho các người Đức ở Ba Lan bị trục xuất sau thế chiến thứ hai, bộ trưởng ngoại giao Ba Lan Fotyga (một người được Kaczyński che chở) đã đe dọa (lầm) là sẽ áp dụng lại Hiệp ước năm 1990 ấn định biên giới giữa Ba Lan-Đức ở các sông Oder và Neisse thay vì Hiệp ước hựu nghị ký trong cùng năm.",vie,vie,"[111150.0, 37525.0, 6175.0, 116375.0, 251275.0, 67450.0, 151525.0, 16150.0, 12350.0, 36100.0, 16625.0, 49400.0, 122550.0, 243675.0, 3224300.0]"
"Ngày 14/5/2015, Hội đồng nhân dân tỉnh Tuyên Quang khóa XVII, nhiệm kỳ 2011 - 2016 đã tổ chức kỳ họp bất thường bầu Phạm Minh Huấn giữ chức vụ Chủ tịch UBND tỉnh Tuyên Quang khóa XVII, nhiệm kỳ 2011-2016, với số phiếu bầu 53/54, đạt tỉ lệ 98,15%.",vie,vie,"[95274.0, 27966.0, 5214.0, 73470.0, 53562.0, 58302.0, 75366.0, 6162.0, 14694.0, 30810.0, 12798.0, 9954.0, 134616.0, 148836.0, 2392278.0]"
"Các huyện giáp ranh (từ phía tây theo chiều kim đồng hồ) là: Nong Khayang, Thap Than, của tỉnh Uthai Thani, Krok Phra, Phayuha Khiri của tỉnh Nakhon Sawan, Manorom và Wat Sing của tỉnh Chainat.",vie,vie,"[72842.0, 12771.0, 5203.0, 64328.0, 73315.0, 35948.0, 118250.0, 9933.0, 8987.0, 28853.0, 15609.0, 37367.0, 244068.0, 188727.0, 1135673.0]"
"Crom (III) sunfat được sản xuất từ các muối cromat bằng cách đi qua sunfua dioxit, mặc dù các phương pháp khác tồn tại. Phương trình phản ứng được viết như sau:",vie,vie,"[30208.0, 13216.0, 8024.0, 34928.0, 45784.0, 32568.0, 43896.0, 3776.0, 9440.0, 16048.0, 2360.0, 22184.0, 54280.0, 126024.0, 1001112.0]"
"Nhiều tác phẩm của Lâm Ngữ Đường là một phần trong nỗ lực nối kết hai nền văn hóa Đông và Tây. Trong thập niên 1970, có vài lần ông được đề cử Giải Nobel Văn chương.",vie,vie,"[16014.0, 14130.0, 2826.0, 40035.0, 38151.0, 28260.0, 58875.0, 3297.0, 7065.0, 19311.0, 7536.0, 1413.0, 50397.0, 58404.0, 1770018.0]"
"Năm 1912, G.F.Morodop công bố tác phẩm Học thuyết về rừng. Sự phát triển hoàn thiện của học thuyết này về rừng gắn liền với những thành tựu về sinh thái học.",vie,vie,"[29610.0, 11280.0, 5640.0, 39950.0, 29610.0, 26320.0, 47470.0, 4230.0, 8930.0, 13630.0, 16450.0, 25850.0, 62510.0, 67210.0, 1390260.0]"
"Ngày 10.4.2010, một máy bay Tupolev Tu-154M đã chở Lech Kaczyński, vợ ông Maria Kaczyńska, và các thành viên khác của phái đoàn Ba Lan (các nhân vật chính quyền và quân sự hàng đầu nhà nước Ba Lan) từ Warszawa tới tưởng niệm vụ thảm sát Katyn. Máy bay đã bị rớt khi đáp xuống Căn cứ không quân Smolensk ở Nga lúc 08:56 giờ giờ Đông Âu (06:56 GMT). Máy bay đụng ngọn cây trong tình trạng sương mù cách sân bay khoảng 1 km. Thống đốc tỉnh Smolensk xác nhận với kênh tin Russia 24 rằng không ai sống sót trong vụ rớt máy bay này. 96 người bị chết, trong đó có nhiều nhà lãnh đạo dân sự và quân sự Ba Lan.",vie,vie,"[200732.0, 43148.0, 10787.0, 151018.0, 246694.0, 114436.0, 212457.0, 23450.0, 20636.0, 49714.0, 45962.0, 91924.0, 244818.0, 427259.0, 5102251.0]"
"Cuốn Vô Kỵ giữa chúng ta hay là hiện tượng Kim Dung không xét tới bộ truyện ưu tú Lộc đỉnh ký, vì khi ấy bộ truyện này chưa ra đời. Tập sách chỉ xoay quanh Thiên long bát bộ, Anh hùng xạ điêu, Thần điêu đại hiệp, Ỷ thiên Đồ long ký, với những phân tích về võ công, về nội lực, về tính cách nhân vật và những triết lý ẩn chứa trong tiểu thuyết võ hiệp Kim Dung. Ở đoạn mở đầu, Đỗ Long Vân tỏ ý muốn tìm ra câu giải đáp cho cái gọi là """"hiện tượng Kim Dung"""" ở khắp miền Nam Việt Nam thời ấy.",vie,vie,"[116064.0, 71136.0, 5616.0, 103428.0, 81432.0, 82368.0, 138528.0, 13572.0, 15444.0, 72072.0, 24336.0, 52416.0, 171756.0, 233532.0, 5250492.0]"
"Xã Portage (tiếng Anh: Portage Township) là một xã thuộc quận Cameron, tiểu bang Pennsylvania, Hoa Kỳ. Năm 2010, dân số của xã này là 171 người.",vie,vie,"[30355.0, 8406.0, 7005.0, 35492.0, 34558.0, 28487.0, 39228.0, 8406.0, 7472.0, 23350.0, 10274.0, 1401.0, 39228.0, 87796.0, 896173.0]"
"Ngày Kỷ mão tháng 5 (ngày 7 tháng 7 Dương lịch), Ân đến Hội Kê. Diễm còn chưa dùng cơm, nói: """"Diệt trừ bọn cướp này trước đã, ăn sau vậy!"""", bèn lên ngựa xông ra. Quảng vũ tướng quân Hoàn Bảo làm tiên phong, hăng hái tiến lên, giết địch rất nhiều. Nhưng Diễm lại đi vào đường đê chật hẹp, toàn quân bị dồn lại như xâu cá. Nghĩa quân ngồi trong thuyền hạm vãi tên ra, cắt đứt đài quân làm hai. Diễm đên đình Thiên Thu thì vỡ trận, đô đốc dưới quyền là Trương Mãnh nhằm vào ngựa của Diễm mà chém, ông ngã lăn ra đất, cùng hai con trai là Triệu, Tuấn bị hại. Hoàn Bảo cũng tử trận.",vie,vie,"[78288.0, 124422.0, 4660.0, 149586.0, 132344.0, 116034.0, 184070.0, 11650.0, 21436.0, 69900.0, 13048.0, 78288.0, 228340.0, 321540.0, 6609744.0]"
"Các thứ bậc xã hội, và những định nghĩa thứ bậc đó rất khác biệt. Có nhiều nhân tố có thể dùng để định nghĩa tầng lớp trung lưu của một xã hội, như tài chính, các ứng xử và đất đai thừa kế. Tại Hoa Kỳ và nhiều quốc gia khác, tài chính là nhân tố quan trọng nhất định nghĩa vị trí một người trong xã hội. Ở các nước khác, có thể là các nhân tố xã hội như giáo dục, nghề nghiệp (cổ cồn trắng hơn cổ cồn xanh), nhà cửa, hay văn hoá.",vie,vie,"[36270.0, 33480.0, 10230.0, 84165.0, 52545.0, 86955.0, 133920.0, 11160.0, 13950.0, 41850.0, 19995.0, 8835.0, 162285.0, 143220.0, 4096650.0]"
"Trận giao tranh cuối cùng của QLVNCH ngoài vòng đai Sài Gòn xảy ra tại Xuân Lộc, do Sư đoàn 18 bộ binh, dưới sự chỉ huy của tướng Lê Minh Đảo, và Lữ đoàn 1 Nhảy dù, dưới sự chỉ huy của Trung tá Nguyễn Văn Đỉnh. Sau trận này Lê Minh Đảo bị đối phương bắt và phải đi học tập cải tạo.",vie,vie,"[77952.0, 23664.0, 6960.0, 75632.0, 73776.0, 50112.0, 74240.0, 5568.0, 7888.0, 26448.0, 10672.0, 33872.0, 123424.0, 139664.0, 2892112.0]"
Vườn thực vật hoàng gia Kew; Đại học Harvard; Australian Plant Name Index (biên tập). “Bromelia palmeri”. International Plant Names Index. Truy cập ngày 16 tháng 7 năm 2013.,vie,vie,"[56486.0, 18983.0, 9260.0, 52782.0, 60653.0, 31947.0, 101860.0, 3241.0, 9723.0, 17131.0, 24076.0, 33336.0, 50467.0, 114361.0, 752838.0]"
Vườn thực vật hoàng gia Kew; Đại học Harvard; Australian Plant Name Index (biên tập). “Trichosanthes trichocarpa”. International Plant Names Index. Truy cập ngày 13 tháng 9 năm 2013.,vie,vie,"[57750.0, 18942.0, 8778.0, 50358.0, 63756.0, 34650.0, 106260.0, 2772.0, 24024.0, 16170.0, 23562.0, 47124.0, 50358.0, 108570.0, 736428.0]"
Vườn thực vật hoàng gia Kew; Đại học Harvard; Australian Plant Name Index (biên tập). “Meringium secundum”. International Plant Names Index. Truy cập ngày 28 tháng 5 năm 2014.,vie,vie,"[54398.0, 19362.0, 9220.0, 53015.0, 60391.0, 31809.0, 103725.0, 2766.0, 15674.0, 14291.0, 23511.0, 36419.0, 48405.0, 107413.0, 741749.0]"
"Xứ Oregon hoạt động như một Cộng hòa độc lập với một văn phòng hành pháp gồm ba người và một hành chánh trưởng cho đến khi bị Hoa Kỳ sát nhập vào ngày 13 tháng 8 năm 1848. Ngay sau bị sát nhập vào Hoa Kỳ, một chính quyền lãnh thổ đã được thiết lập. Oregon duy trì chính quyền lãnh thổ cho đến khi được phép gia nhập thành một tiểu bang của Hoa Kỳ vào ngày 14 tháng 2 năm 1859.",vie,vie,"[88320.0, 32660.0, 7820.0, 120060.0, 69920.0, 72680.0, 190900.0, 7820.0, 14260.0, 34040.0, 16560.0, 46000.0, 124200.0, 203780.0, 3044280.0]"
"Theo nhà nghiên cứu quân sự Nguyễn Đức Phương trong bài viết """"Việt Nam Cộng hòa 1975, nguyên nhân sụp đổ"""" thì một trong các nguyên nhân QLVNCH thất bại là vì được """"tổ chức rập khuôn theo lối Mỹ, một lính tác chiến có năm người yểm trợ như tiếp liệu, quân nhu, quân y, hành chính… Quân số tuy đông nhưng trên thực tế lính tác chiến chưa tới 200 ngàn người, thành phần không tác chiến (non combatant) chiếm khá nhiều, Địa phương quân và Nghĩa quân thì chỉ đủ sức cầm cự chờ lính bộ binh của Sư đoàn"""". Lối đánh này sử đụng tối đa hỏa lực nên vô cùng tốn kém, đòi hỏi phải cung cấp rất nhiều về vũ khí đạn dược. Mỗi năm Quân lực Cộng hòa cần hơn 3 tỷ đôla viện trợ mới đủ để duy trì sức chiến đấu, trong khi QGPMN chỉ cần khoảng 300 triệu đôla là đủ để củng cố lực lượng. Kết quả tất yếu là khi bị Mỹ giảm viện trợ, nhiều máy bay, xe tăng, tàu chiến… thiếu cơ phận thay thế đã trở thành bất khiển dụng. Hỏa lực Không quân giảm 60% so với năm 1972. Dự trữ đạn dược tuy còn tới gần 2 triệu tấn (gấp 15 lần đối phương), nhưng nếu tiêu tốn nhanh như chiến thuật mà Mỹ áp dụng thì chỉ đủ đánh cho tới tháng 6 năm 1975.",vie,vie,"[203337.0, 129438.0, 6426.0, 220320.0, 184518.0, 182682.0, 336906.0, 23868.0, 37179.0, 109242.0, 47736.0, 23868.0, 480114.0, 497097.0, 11623716.0]"
Mỗi phiên bản Blitzkrieg đã bao gồm khả năng chơi nối mạng nhiều người chơi đối đầu lẫn nhau. Với mục mới nhất trong dòng game Blitzkrieg 3 đã thực hiện các yếu tố của dạng trò chơi chiến lược thời gian thực trực tuyến nhiều người chơi.,vie,vie,"[25648.0, 10534.0, 7786.0, 41678.0, 48090.0, 36640.0, 59540.0, 6412.0, 4122.0, 10534.0, 7786.0, 2748.0, 98012.0, 77402.0, 1866350.0]"
"George Pólya đưa ra một chứng minh cho bất đẳng thức như sau. Gọi f(x) = ex−1 − x, có đạo hàm f'(x) = ex−1 − 1. Ta thấy f'(1) = 0 và từ đó f có giá trị nhỏ nhất tại f(1) = 0. Từ đó x ≤ ex−1 đối với mọi số thực x.",vie,vie,"[46157.0, 18737.0, 9140.0, 58496.0, 23764.0, 51184.0, 76776.0, 1371.0, 9140.0, 22393.0, 1828.0, 7769.0, 69921.0, 173203.0, 1245782.0]"
"Việc Ngụy đưa quân vào Chu khiến thiên hạ ngờ vực Ngụy muốn đánh Chu chứ không phải muốn cứu Chu. Chi bằng giúp nhà Chu xây thành phòng thủ để cứu Chu, khi nào vua Chu bớt bệnh sẽ thuyết phục lại việc cho Ngụy chín đỉnh.",vie,vie,"[14592.0, 40584.0, 2280.0, 33744.0, 35112.0, 28728.0, 58824.0, 1824.0, 6384.0, 24624.0, 8208.0, 456.0, 77064.0, 75240.0, 2183328.0]"
"Số mệnh giàu sang và suy tàn của dòng tộc hội đồng Trần Trinh Trạch để lại nhiều bài học về triết lý """"Có vay có trả, của Thiên trả Địa"""" của Luật Nhân - Quả: ông Trạch phất lên nhờ gia sản của cha vợ và việc cho dân cờ bạc vay nặng lãi, nhưng đời con cháu ông thì lại làm tán gia bại sản cơ nghiệp của cha ông mình, cũng chính vì tiêu xài phung phí và ham mê cờ bạc.",vie,vie,"[26390.0, 62335.0, 6825.0, 61425.0, 60515.0, 56420.0, 100555.0, 6370.0, 12285.0, 38675.0, 15015.0, 37310.0, 146055.0, 169260.0, 4148235.0]"
"Về vụ án PMU18, ông Quắc cho rằng: """"Trận đánh tham nhũng này rất khó khăn vì cũng có những người không ủng hộ và có lẽ ngoài tôi, chắc ít người dám đánh"""".",vie,vie,"[14982.0, 22246.0, 4086.0, 31780.0, 26332.0, 27694.0, 48124.0, 4994.0, 4994.0, 17706.0, 8626.0, 1816.0, 86714.0, 68100.0, 1787852.0]"
"Tiếp theo cuộc xung đột quân sự giữa Nga và Gruzia năm 2008, Kaczyński đã cung cấp website của tổng thống Ba Lan để phổ biến thông tin cho các cổng internet của Gruzia bị Liên bang Nga chặn.",vie,vie,"[21291.0, 16761.0, 4530.0, 61608.0, 38505.0, 27633.0, 106908.0, 5889.0, 7248.0, 11778.0, 13137.0, 5889.0, 54360.0, 116421.0, 1426950.0]"
Vườn thực vật hoàng gia Kew; Đại học Harvard; Australian Plant Name Index (biên tập). “Begonia dichotoma”. International Plant Names Index. Truy cập ngày 30 tháng 8 năm 2013.,vie,vie,"[53788.0, 18080.0, 9040.0, 48364.0, 60116.0, 30736.0, 103960.0, 1808.0, 19436.0, 15368.0, 23956.0, 37968.0, 48816.0, 102604.0, 720036.0]"
"Nhóm có nguồn gốc tổ tiên được ghi nhận lớn nhất tại Oregon là: người Đức (20,5%), người Anh (13,2%), người Ireland (11,9%), người Mỹ (6,2%), và người Mexico (5,5%).",vie,vie,"[9922.0, 9471.0, 4961.0, 30668.0, 39237.0, 31570.0, 57277.0, 3157.0, 6765.0, 10373.0, 3157.0, 1353.0, 58179.0, 63591.0, 1218602.0]"
"Trên mạng Internet, NTP đồng bộ đồng hồ của các hệ thống máy tính theo UTC; trong môi trường LAN độc lập, NTP cũng thường được sử dụng để đồng bộ với UTC, nhưng về nguyên tắc nó có thể được sử dụng để đồng bộ với một mốc thời gian khác, ví dụ như múi giờ tại chỗ.",vie,vie,"[9900.0, 24300.0, 7650.0, 43200.0, 40050.0, 34650.0, 71100.0, 9450.0, 15300.0, 25650.0, 8100.0, 900.0, 82800.0, 102150.0, 2211300.0]"
"Trong bài nói chuyện đầu tiên trước công chúng với tư cách tổng thống đắc cử, Kaczyński nói rằng nhiệm vụ cơ bản trong nhiệm kỳ tổng thống của mình là cải thiện chế độ cộng hòa, gồm việc thanh lọc nhiều căn bệnh trong cuộc sống, đáng chú ý nhất là tội phạm (...) nhất là tội tham nhũng, lao vào làm giàu bất chính, và bảo đảm an sinh xã hội cơ bản, bảo đảm y tế, an toàn thương mại, tạo các điều kiện căn bản cho việc phát triển gia đình, kinh tế.",vie,vie,"[74534.0, 34573.0, 3592.0, 69595.0, 76779.0, 64207.0, 109107.0, 8082.0, 19756.0, 44451.0, 24695.0, 6286.0, 144129.0, 171967.0, 3698413.0]"
"Ngày 04 tháng 09 năm 1974, ông nhận Giáo phận Xuân Lộc. Lễ nhận chức giáo phận được tổ chức tại Xuân Lộc với sự hiện diện của Khâm sứ Tòa thánh Henri Lemaître‎ và một số giám mục Việt Nam.",vie,vie,"[49728.0, 19264.0, 4480.0, 79296.0, 34944.0, 42560.0, 42560.0, 7168.0, 5824.0, 30464.0, 8512.0, 22848.0, 71680.0, 99904.0, 1615040.0]"
"Thật thú vị khi biết rằng trong lịch sử 25 năm của NTP rất ít vấn đề về bảo mật được phát hiện, tuy nhiên cũng có vài vấn đề bảo mật được chỉ ra.",vie,vie,"[7152.0, 14304.0, 7152.0, 24585.0, 28608.0, 23244.0, 37995.0, 4470.0, 3576.0, 12963.0, 10728.0, 894.0, 51852.0, 51405.0, 1426377.0]"
"Sau khi ly dị với Phùng Há, Lê Công Phước ngày càng lún sâu vào nghiện ngập. Tài sản lần lượt bán hết, người ta thấy ông lang thang ở vườn Ông Thượng (nay là Tao Đàn, Thành phố Hồ Chí Minh). Sau đó ông được con trai một người bạn thân của cha mình là ông Nguyễn Hoàng Phi, một điền chủ đất ở Chợ Gạo, đón về chăm sóc. Cuối năm 1949, Nguyễn Hoàng Phi đưa Bạch công tử về chăm sóc tại gia đình ông ở thị trấn Chợ Gạo. Nhưng vì hậu quả của nghiện ngập, Lê Công Phước mất vào đầu năm 1950.",vie,vie,"[120420.0, 38802.0, 4460.0, 124434.0, 115514.0, 84740.0, 132462.0, 10704.0, 16056.0, 55304.0, 19624.0, 57088.0, 194902.0, 258680.0, 4865414.0]"
"Đầu năm 1959, các Sư đoàn khinh chiến và dã chiến được tổ chức lại thành 7 Sư đoàn bộ binh. Ngày 1 tháng 3 năm 1959, Quân đoàn III được thành lập, gồm Sư đoàn 5 và 7 bộ binh. Cùng năm, Lữ đoàn Thủy quân Lục chiến tách ra khỏi Hải quân và trở thành Lực lượng Tổng trừ bị.",vie,vie,"[39160.0, 29815.0, 6230.0, 66305.0, 64080.0, 44500.0, 69420.0, 7565.0, 9790.0, 16910.0, 13350.0, 36490.0, 101905.0, 141065.0, 2585450.0]"
Vườn thực vật hoàng gia Kew; Đại học Harvard; Australian Plant Name Index (biên tập). “Erysimum crassipes”. International Plant Names Index. Truy cập ngày 15 tháng 6 năm 2013.,vie,vie,"[54612.0, 19536.0, 9324.0, 49284.0, 60828.0, 31524.0, 103008.0, 2664.0, 20424.0, 15096.0, 22200.0, 41292.0, 47508.0, 104340.0, 704184.0]"
"Hoàng Phi Hồng được biết đến nhiều trong lĩnh vực điện ảnh, là nhân vật truyền kỳ đã chinh phục hàng triệu trái tim khán giả qua tài diễn xuất của các bậc thầy võ thuật.",vie,vie,"[12847.0, 7531.0, 3987.0, 26137.0, 21707.0, 22150.0, 43857.0, 4430.0, 4430.0, 15948.0, 7088.0, 443.0, 67779.0, 52717.0, 1447724.0]"
"Porte de l'Horloge, một tháp có cổng cao 32 m, được xây năm 1450 và Porte Nods từ thế kỉ thứ 15 có cầu kéo lên được. Lâu đài xuất phát từ thế kỉ thứ 13 được tu bổ năm 1424 và bị phá hủy năm 1754, di tích còn lại ở phía tây nam của xã.",vie,vie,"[33150.0, 23426.0, 9724.0, 328848.0, 63206.0, 54366.0, 91936.0, 3978.0, 4420.0, 19006.0, 11492.0, 3978.0, 99008.0, 115804.0, 2028780.0]"
"Tác phẩm tango kinh điển """"La cumparsita"""" được ông soạn năm 1916, nguyên thủy là một bản hành khúc dành cho carnaval. Roberto Firpo thì bổ sung những đoạn trích từ các bản tango """"La Gaucha Manuela"""" và """"Curda Completa"""" của ông vào hành khúc của Matos để tạo thành bản nhạc """"La cumparsita"""". Về sau nó được Pascual Contursi và Enrique Pedro Maroni đặt thêm lời.",vie,vie,"[80703.0, 28224.0, 5292.0, 188748.0, 93492.0, 55566.0, 267687.0, 9702.0, 41013.0, 48951.0, 41013.0, 165375.0, 112455.0, 224910.0, 2223081.0]"
"Thành phố Quy Nhơn nằm ở phía Đông Nam của tỉnh Bình Định, phía Đông là biển Đông, phía Tây giáp huyện Tuy Phước, phía Bắc giáp huyện Tuy Phước và huyện Phù Cát, phía Nam giáp thị xã Sông Cầu của tỉnh Phú Yên. Quy Nhơn nằm trong phạm vi tọa độ từ 13°36' đến 13°54' vĩ độ Bắc, từ 109°06' đến 109°22' kinh độ Đông, cách thủ đô Hà Nội 1.065 km về phía Bắc, cách Thành phố Hồ Chí Minh 650 km về phía Nam, cách thành phố Pleiku (Gia Lai) 165 km và cách Đà Nẵng 322 km",vie,vie,"[185680.0, 37400.0, 3080.0, 177320.0, 187880.0, 97240.0, 336600.0, 15400.0, 30360.0, 35200.0, 49280.0, 93280.0, 225720.0, 401280.0, 3651560.0]"
"Even so, future versions of NTP may extend the time representation to 128 bits: 64 bits for the second and 64 bits for the fractional-second.",eng,vie,"[5268.0, 2634.0, 35998.0, 17121.0, 2195.0, 17121.0, 30730.0, 1317.0, 439.0, 2634.0, 0.0, 878.0, 16682.0, 21072.0, 19755.0]"
"Vượt qua đỉnh dốc Mộng Cầm, rẽ vào con đường dốc bậc thang sẽ là nơi an nghỉ của nhà thơ Hàn Mặc Tử, với khuôn viên rừng dương thoáng đãng và gió biển xào xạc thanh tịnh bên tai. Do mắc phải chứng bệnh hiểm nghèo, ông đã phải sống những năm tháng cuối đời trong trại phong Quy Hòa, rồi qua đời khi mới vừa 28 tuổi và đã để lại những áng thơ bất hủ cho đời. Để thỏa nguyện mong ước của thi sỹ lúc sinh thời, năm 1969, gia đình và thân hữu đã đưa thi hài ông về táng ở Ghềnh Ráng. Ngôi mộ được xây cất trên một gò cao, lưng dựa vào núi, mặt quay ra biển là nơi mà ai ai dù chỉ một lần đặt chân đến Ghềnh Ráng cũng đều ghé thăm.",vie,vie,"[159870.0, 68766.0, 6570.0, 134028.0, 203232.0, 104682.0, 161622.0, 14454.0, 18834.0, 94170.0, 24966.0, 84972.0, 273750.0, 379746.0, 6360198.0]"
"Chi Chuột nhảy hai chân (tên khoa học Dipodomys) là một chi động vật gặm nhấm thuộc họ Chuột bìu má. Chúng là loài bản địa ở Bắc Mỹ. Cái tên """"chuột nhảy hai chân"""" cho thấy chúng di chuyển bằng hai chi sau và có khả năng nhảy rất tốt tựa như loài kangaroo.",vie,vie,"[55936.0, 27094.0, 4807.0, 48944.0, 42389.0, 41078.0, 69483.0, 4807.0, 6118.0, 16169.0, 8740.0, 27968.0, 103132.0, 134159.0, 2197673.0]"
"Tiếp đó, giải được đổi tên thành giải đội mạnh toàn quốc kể từ năm 1990 và mang tên là giải hạng Nhất quốc gia trong giai đoạn 1996 - 2000. Từ mùa giải 2000-2001 đến 2011, bóng đá Việt Nam chuyển sang cơ chế chuyên nghiệp, giải vô địch quốc gia chính thức mang tên V-League với sự tham dự của các cầu thủ nước ngoài.",vie,vie,"[70632.0, 20056.0, 8284.0, 70196.0, 54936.0, 49268.0, 123388.0, 6540.0, 7848.0, 14388.0, 27904.0, 7412.0, 136468.0, 117284.0, 2952592.0]"
"Xã Sargent (tiếng Anh: Sargent Township) là một xã thuộc quận Douglas, tiểu bang Illinois, Hoa Kỳ. Năm 2010, dân số của xã này là 286 người.",vie,vie,"[44370.0, 9570.0, 4350.0, 33495.0, 37410.0, 26100.0, 32190.0, 5655.0, 8265.0, 25230.0, 9570.0, 2175.0, 36540.0, 81780.0, 825195.0]"
"Ngày nay, phong cảnh của Oregon đa dạng từ rừng mưa nhiệt đới ở vùng Dãy núi Duyên hải Oregon đến hoang mạc khô cằn ở đông nam. Khoảng cách xa nhất của Oregon là 295 dặm Anh (475 km) từ bắc đến nam, và 395 dặm Anh (636 km) từ đông sang tây. Tính về tổng diện tích nước và đất, Oregon là tiểu bang lớn hạng chín với 97.073 dặm vuông Anh (251.418 km²). Điểm cao nhất tại Oregon là đỉnh của Núi Hood cao 11.239 feet (3.428 mét), và điểm thấp nhất là mực nước biển Thái Bình Dương dọc duyên hải Oregon. Độ cao trung bình là 3.300 feet (1.006 m). Công viên Quốc gia Hồ miệng núi lửa là Công viên Quốc gia duy nhất của tiểu bang, và là nơi có Hồ miệng núi lửa, hồ sâu nhất tại Hoa Kỳ với độ sâu là 1.943 feet (592 mét). Oregon cho rằng Sông D là con sông ngắn nhất trên thế giới, mặc dù tiểu bang Montana cũng tuyên bố tương tự đối với Sông Roe của mình. Oregon là nhà của Công viên Mill Ends (tại Portland), công viên nhỏ nhất trên thế giới với khoảng 452 in² (khoảng 3 ft², hay 0,29 m²).",vie,vie,"[353276.0, 62930.0, 18228.0, 349804.0, 316386.0, 193130.0, 499100.0, 16058.0, 28644.0, 127596.0, 42098.0, 142786.0, 308574.0, 695702.0, 6984796.0]"
"The Times of India phát hành số báo đầu tiên vào ngày 3 tháng 11 năm 1838 với tên The Bombay Times and Journal of Commerce. Báo được phát hành vào các ngày Thứ 4 và Thứ 7 dưới quyền chỉ đạo của một nhân vật theo chủ nghĩa cải lương người Maharashtra là Raobahadur Narayan Dinanath Velkar, gồm có các tin tức từ Anh Quốc cùng thế giới, cũng như Tiểu lục địa Ấn Độ. J.E. Brennan là chủ biên đầu tiên. Năm 1850, báo bắt đầu phát hành các số báo hàng ngày.",vie,vie,"[158478.0, 29877.0, 13423.0, 155014.0, 141158.0, 114745.0, 356792.0, 11258.0, 61919.0, 41135.0, 61486.0, 153282.0, 149818.0, 300935.0, 2976875.0]"
"Diễn thế thứ sinh diễn ra trên cơ sở diễn thế nguyên sinh, bắt đầu từ khi hệ sinh thái rừng bị tác động từ bên ngoài (khai thác, chặt phá, nương rẫy...), sau đó là phục hồi rừng và hình thành nên các rừng thứ sinh.",vie,vie,"[18144.0, 19440.0, 3888.0, 34128.0, 19440.0, 28944.0, 55728.0, 6048.0, 6912.0, 11232.0, 7776.0, 23760.0, 84240.0, 70416.0, 1999296.0]"
"PMU-18 ban đầu được thành lập để quản lý dự án nâng cấp Quốc lộ 18, sau đó được giao nhiều dự án khác, với số vốn ODA (viện trợ phát triển chính thức) đã giải ngân lên tới hàng chục ngàn tỷ đồng. Vì vậy vụ án đã gây chấn động dư luận Việt Nam cũng như các nước và tổ chức cung cấp ODA cho Việt Nam, trong đó có Nhật Bản và Ngân hàng Thế giới. Họ quan ngại việc quản lý không chặt nguồn vốn vay, làm cho vốn đó bị sử dụng sai mục đích, không giúp được Việt Nam cải thiện cơ sở hạ tầng.",vie,vie,"[90079.0, 35773.0, 13361.0, 96975.0, 106457.0, 69822.0, 118956.0, 16809.0, 14654.0, 35773.0, 15516.0, 61633.0, 248256.0, 224120.0, 4443179.0]"
Vườn thực vật hoàng gia Kew; Đại học Harvard; Australian Plant Name Index (biên tập). “Psychotria multicostata”. International Plant Names Index. Truy cập ngày 5 tháng 6 năm 2013.,vie,vie,"[52460.0, 17630.0, 9030.0, 46870.0, 60200.0, 28810.0, 99330.0, 2580.0, 21070.0, 15480.0, 21500.0, 43430.0, 45580.0, 97610.0, 664350.0]"
"Huyện Azamgarh là một huyện thuộc bang Uttar Pradesh, Ấn Độ. Thủ phủ huyện Azamgarh đóng ở Azamgarh. Huyện Azamgarh có diện tích 4234 ki lô mét vuông. Đến thời điểm năm 2001, huyện Azamgarh có dân số 3950808 người.",vie,vie,"[82368.0, 21021.0, 5577.0, 59202.0, 58773.0, 94380.0, 67353.0, 4290.0, 7722.0, 21021.0, 10296.0, 23166.0, 74217.0, 151866.0, 1172457.0]"
"Hãy thử cân nhắc việc biến đổi số 11112 sang hệ thập phân. Vì mỗi vị trí của một con số trong hệ nhị phân (cơ số 2) chỉ cho phép giá trị 0 hay 1 mà thôi, việc định giá trị của con số tại vị trí ấy, tính từ bên phải, là một việc tương đối dễ dàng:",vie,vie,"[27392.0, 17548.0, 5564.0, 42800.0, 33384.0, 38948.0, 79180.0, 3424.0, 11556.0, 29532.0, 8988.0, 8560.0, 89880.0, 102720.0, 2149416.0]"
"Sau hai lần thay đổi nội các, Quốc trưởng Bảo Đại ký Dụ số 43 ngày 23 tháng 5 năm 1952 thành lập Bộ Tổng tham mưu QĐQGVN từ ngày 1 tháng 5 năm 1952. QĐQG có Tổng chỉ huy là Quốc trưởng Bảo Đại và được đặt dưới quyền quản trị của Bộ Tổng tham mưu. Tổng tham mưu trưởng đầu tiên là một sĩ quan người Việt quốc tịch Pháp, nguyên Đại tá Chánh Võ phòng của Quốc trưởng, tân Thiếu tướng Nguyễn Văn Hinh. Trụ sở Bộ Tổng tham mưu đặt tại số 1 đường Galiéni, tức thành Ô Ma (Camp Aux Mares), Sài Gòn . Toàn Việt Nam được phân thành 4 quân khu đầu tiên và một số sĩ quan cấp tá người Việt đã được bổ nhiệm vào chức vụ Tư lệnh Quân khu. Cùng năm đó, Binh chủng Hải quân và Binh chủng Nhảy dù được thành lập. Tuy vậy, các Tư lệnh chiến trường của Pháp lại có quyền yêu cầu các đơn vị của QGVN hỗ trợ trong các cuộc hành quân.",vie,vie,"[192150.0, 64050.0, 9821.0, 244671.0, 126819.0, 131516.0, 169092.0, 13237.0, 20923.0, 57218.0, 35014.0, 58499.0, 255773.0, 353983.0, 6695360.0]"
"Gọi là “đảo” nhưng thực ra xứ sở của loài chim yến nằm trên địa phận bán đảo Phương Mai. Dãy Triều Châu ăn ra biển, trãi dài chừng 15 km, tạo thành những ngọn núi nhấp nhô, trùng điệp với tên gọi thật ngộ nghĩnh: Hòn Mai, hòn Chóp Vung, núi Cột Cờ, Núi Đen… và trong số đó, ngọn núi án ngữ phía nam mang tên Hòn Yến. Cứ mỗi mùa xuân đến, tiết trời ấm áp, chim yến rủ nhau tưng đàn đông nghịt đến đây làm tổ.",vie,vie,"[144414.0, 57084.0, 5112.0, 96276.0, 96276.0, 70290.0, 108630.0, 8946.0, 10650.0, 49842.0, 17040.0, 57936.0, 187014.0, 225354.0, 4191840.0]"
"Sự thật Hoàng Phi Hồng có bốn người vợ, người vợ cả là một võ sư. Riêng chuyện gặp người vợ thứ tư đã là một giai thoại là năm đó khi bà Mạc Quế Lan 19 tuổi, một lần đi xem vía Phật có Hoàng Phi Hồng trình diễn võ thuật, không biết trời xui đất khiến thế nào mà khi múa bài Chĩa ba vũ gia, lại văng chiếc giày vào mặt Quế Lan. Cho là xúc phạm, Quế Lan liền leo lên khán đài tát vào mặt Hoàng Phi Hồng một cái, nói: """"Một võ sư nổi tiếng như ông không thể phạm sai lầm như thế, đây là chiếc giày còn nếu là vũ khí thì sao"""". Kính phục, Hoàng Phi Hồng xin cưới nàng làm vợ.",vie,vie,"[50575.0, 81175.0, 6375.0, 111350.0, 104975.0, 79900.0, 139825.0, 13600.0, 14450.0, 55250.0, 15725.0, 45475.0, 228650.0, 264350.0, 5682250.0]"
"Trần Pháp Lạp (sinh ngày 24 tháng 2 năm 1982) hay Trần Pháp Lai, là nữ diễn viên, ca sĩ nổi tiếng của Trung Quốc và là người Mỹ gốc Hoa. Cô từng tham gia nhiều bộ phim truyền hình của TVB và hiện là diễn viên tự do tại Hồng Kông. Những bộ phim nổi bật của Trần Pháp Lạp bao gồm: Sức mạnh tình thân, Nghĩa hải hào tình, Tiềm hành truy kích, Bao la vùng trời 2.",vie,vie,"[47912.0, 31376.0, 8904.0, 84376.0, 65720.0, 59360.0, 96248.0, 8056.0, 10176.0, 36040.0, 12720.0, 1696.0, 128896.0, 133136.0, 3270736.0]"
"Các thống đốc tại Oregon phục vụ nhiệm kỳ bốn năm và giới hạn hai nhiệm kỳ liên tiếp, nhưng không giới hạn tổng số nhiệm kỳ. Thư ký tiểu bang Oregon là người thứ nhất kế vị thống đốc. Các viên chức khác của toàn tiểu bang là Trưởng ngân khố, Tổng biện lý, Giám sát viên, và Ủy viên Lao động. Quốc hội Oregon gồm có 30 thành viên Thượng viện và 60 thành viên Hạ viện. Tối cao Pháp viện Oregon có bảy thẩm phán được bầu lên, hiện thời có hai thẩm phán tối cao pháp viện tiểu bang đồng tính duy nhất công khai tại Hoa Kỳ. Họ tự chọn ra một người trong số họ để phục vụ nhiệm kỳ sáu năm với tư cách là thẩm phán trưởng. Tòa án duy nhất mà có thể đảo ngược hay chỉnh lý một quyết định của Tối cao Pháp viện Oregon là Tối cao Pháp viện Hoa Kỳ.",vie,vie,"[224190.0, 46107.0, 5922.0, 138321.0, 109134.0, 136206.0, 166662.0, 11844.0, 32994.0, 57951.0, 25380.0, 57951.0, 190773.0, 372240.0, 5595867.0]"
"Sau thành công của loạt phim Hoàng Phi Hồng do Lý Liên Kiệt đóng, một võ sư quán quân võ thuật Trung Quốc là Triệu Văn Trác được mời vào thay thế. Đây cũng là một vai diễn thành công do Triệu Văn Trác đã biết cách biến hoá những đường Hồng gia quyền trở nên đẹp mắt hơn, diễn xuất với một phong cách khác hơn so với Lý Liên Kiệt, nhưng nhân vật Hoàng Phi Hồng do Triệu Văn Trác đóng vẫn không được số đông khán giả chấp nhận và yêu thích.",vie,vie,"[75116.0, 32072.0, 4642.0, 68364.0, 63300.0, 59502.0, 109298.0, 7596.0, 10550.0, 33760.0, 11394.0, 43044.0, 158250.0, 153608.0, 3721196.0]"
"Nguyễn Văn Dũng và Gaston Merlo nắm giữ các kỉ lục là vua phá lưới nhiều lần nhất: 4 lần, với Nguyễn Văn Dũng là các năm 1984, 1985, 1986 và 1998 còn Gaston Merlo là các năm 2009, 2010, 2011 và 2016. Nguyễn Văn Dũng là vua phá lưới nhiều tuổi nhất (35 tuổi năm 1998); đoạt lại được danh hiệu vua phá lưới với khoảng thời gian cách xa nhất (12 năm, từ 1986 tới 1998); chia sẻ kỷ lục vua phá lưới 3 năm liên tiếp (1984–86) với Gaston Merlo (Argentina) (2009–11).",vie,vie,"[119143.0, 33259.0, 12209.0, 131352.0, 113670.0, 85042.0, 175978.0, 4631.0, 10525.0, 42942.0, 11788.0, 81674.0, 174715.0, 217236.0, 3950664.0]"
Vườn thực vật hoàng gia Kew; Đại học Harvard; Australian Plant Name Index (biên tập). “Polyscias tennantii”. International Plant Names Index. Truy cập ngày 7 tháng 6 năm 2013.,vie,vie,"[52500.0, 16380.0, 8820.0, 44100.0, 57120.0, 29400.0, 95760.0, 2520.0, 17220.0, 13020.0, 20580.0, 34440.0, 45360.0, 99540.0, 654780.0]"
Vườn thực vật hoàng gia Kew; Đại học Harvard; Australian Plant Name Index (biên tập). “Machaerina falcata”. International Plant Names Index. Truy cập ngày 11 tháng 6 năm 2013.,vie,vie,"[49442.0, 16341.0, 8380.0, 43576.0, 56146.0, 28492.0, 98465.0, 2514.0, 20531.0, 15084.0, 20112.0, 41481.0, 43576.0, 95113.0, 667886.0]"
"Nếu tất cả các số đều bằng μ, thì ta có đẳng thức và đã được chứng minh. Ngược lại, ta sẽ tìm được ít nhất một số nhỏ hơn μ và một số lớn hơn μ, không mất tính tổng quát, xem rằng: xn > μ và xn+1 < μ. Ta có:",vie,vie,"[17556.0, 15466.0, 6688.0, 38874.0, 28842.0, 40546.0, 53922.0, 7942.0, 7524.0, 17138.0, 10032.0, 5852.0, 50996.0, 86526.0, 1325478.0]"
"Cùng với việc tham gia giảng dạy và viết lách, trong đó ông kiên trì với việc giới thiệu Vật lý toán học, ông cũng để lại nghiên cứu gốc như định lý Routh-Hurwitz.",vie,vie,"[27939.0, 10008.0, 3753.0, 35028.0, 43368.0, 20433.0, 44619.0, 4170.0, 4170.0, 11676.0, 4170.0, 17931.0, 61299.0, 75894.0, 1414464.0]"
"Toàn bộ vấn đề với thế giới là những kẻ ngu ngốc và cuồng tín luôn luôn tin tưởng ở bản thân mình, còn những người sáng suốt hơn thì lại đầy nghi hoặc."""" [2]",vie,vie,"[8736.0, 15392.0, 6240.0, 23712.0, 14144.0, 23296.0, 45344.0, 4992.0, 3744.0, 12896.0, 16640.0, 2912.0, 61152.0, 56576.0, 1409824.0]"
"Otopharynx tetrastigma là một loài cá thuộc họ Cichlidae. Nó được tìm thấy ở Malawi, Mozambique, và Tanzania. Môi trường sống tự nhiên của chúng là hồ nước ngọt.",vie,vie,"[41085.0, 14525.0, 4565.0, 46895.0, 35690.0, 22825.0, 65155.0, 2075.0, 3320.0, 19505.0, 13695.0, 15770.0, 43575.0, 98770.0, 830830.0]"
Vườn thực vật hoàng gia Kew; Đại học Harvard; Australian Plant Name Index (biên tập). “Tricalysia parva”. International Plant Names Index. Truy cập ngày 5 tháng 6 năm 2013.,vie,vie,"[50508.0, 18216.0, 9108.0, 44298.0, 54234.0, 28566.0, 97290.0, 1656.0, 20286.0, 13662.0, 20700.0, 41400.0, 43470.0, 101430.0, 654120.0]"
"Có ý kiến cho rằng sau khi Chu Noãn vương bị bắt thì nhà Chu kết thúc, nhưng có ý kiến khác lại cho rằng vẫn còn Đông Chu quân nên nhà Chu vẫn còn.",vie,vie,"[10738.0, 25193.0, 4543.0, 25193.0, 17759.0, 18172.0, 38409.0, 2891.0, 5369.0, 17346.0, 3304.0, 2478.0, 39235.0, 55755.0, 1422785.0]"
"Kaczyński được bầu làm thượng nghị sĩ trong cuộc bầu cử ngành lập pháp Ba Lan tháng 6 năm 1989, và trở thành phó chủ tịch Công đoàn Đoàn kết. Trong cuộc bầu cử nghị viện năm 1991 ông được bầu vào nghị viện như một người không đảng phái. Tuy nhiên, ông được ủy ban bầu cử Center Civic Alliance ủng hộ, một tổ chức liên hệ mật thiết – nhưng không đồng hóa - với đảng chính trị Porozumienie Centrum (Center Agreement) do người anh em song sinh lãnh đạo. Ông cũng là cố vấn chính và người ủng hộ Lech Wałęsa khi ông này trúng cử tổng thống Ba Lan trong tháng 12 năm 1990. Wałęsa đề cử Kaczyński làm bộ trưởng an ninh trong Phủ tổng thống, nhưng sa thải ông năm 1992 do xung đột liên quan tới chính phủ Jan Olszewski.",vie,vie,"[175100.0, 53148.0, 7828.0, 202704.0, 230720.0, 101352.0, 550844.0, 15244.0, 59328.0, 60976.0, 112064.0, 148320.0, 193228.0, 493576.0, 4653952.0]"
"Routh đến nước Anh lúc 11 tuổi và vào học University College School và sau đó theo học University College, Luân Đôn vào năm 1847, ông đã giành được một học bổng. Ở đó ông được dạy bởi Augustus De Morgan, người đã ảnh hưởng tới việc quyết định Toán học làm sự nghiệp của Routh.",vie,vie,"[50553.0, 17262.0, 6576.0, 51375.0, 68637.0, 39867.0, 67404.0, 9453.0, 5754.0, 19728.0, 29181.0, 24249.0, 75624.0, 92475.0, 1846623.0]"
"Năm 1952, M.E. Tcachenco phát biểu: Rừng là một bộ phận của cảnh quan địa lý, trong đó bao gồm một tổng thể các cây gỗ, cây bụi, cây cỏ, động vật và vi sinh vật. Trong quá trình phát triển của mình chúng có mối quan hệ sinh học và ảnh hưởng lẫn nhau và với hoàn cảnh bên ngoài.",vie,vie,"[25420.0, 16400.0, 8200.0, 52480.0, 36490.0, 37310.0, 64780.0, 5740.0, 11890.0, 32390.0, 32390.0, 9020.0, 77900.0, 100450.0, 2245160.0]"
"Dùng làm nguyên liệu để điều chế butađien, isobutilen, xăng tổng hợp,... Hỗn hợp B với propan được dùng rộng rãi làm nhiên liệu; là thành phần chủ yếu của khí dầu mỏ hoá lỏng LPG (Liquified Petroleum Gas). Ở Việt Nam, LPG bắt đầu được sản xuất từ năm 2000 (tại nhà máy chế biến khí Phú Mỹ, tỉnh Bà Rịa - Vũng Tàu) từ khí đồng hành mỏ Bạch Hổ (xt. Khí dầu mỏ); sản lượng LPG năm 2002 khoảng 300 nghìn tấn nhưng vẫn chưa đáp ứng kịp nhu cầu tăng với tốc độ rất nhanh của thị trường trong nước.",vie,vie,"[153375.0, 27812.0, 9816.0, 107158.0, 113702.0, 77301.0, 116974.0, 7771.0, 13497.0, 49489.0, 20041.0, 63804.0, 184050.0, 331699.0, 3610652.0]"
Vườn thực vật hoàng gia Kew; Đại học Harvard; Australian Plant Name Index (biên tập). “Peperomia miqueliana”. International Plant Names Index. Truy cập ngày 9 tháng 6 năm 2013.,vie,vie,"[49776.0, 15504.0, 7344.0, 42432.0, 57528.0, 28152.0, 93432.0, 3264.0, 18360.0, 16728.0, 20400.0, 39576.0, 42432.0, 97104.0, 637296.0]"
Alstroemeria pseudospathulata là một loài thực vật có hoa trong họ Alstroemeriaceae. Loài này được Ehr.Bayer miêu tả khoa học đầu tiên năm 1986.,vie,vie,"[53317.0, 9768.0, 5698.0, 32560.0, 52503.0, 22385.0, 70004.0, 3663.0, 15059.0, 17094.0, 12617.0, 41107.0, 45584.0, 93610.0, 557183.0]"
"Rừng là quần xã sinh vật trong đó cây rừng là thành phần chủ yếu. Quần xã sinh vật phải có diện tích đủ lớn. Giữa quần xã sinh vật và môi trường, các thành phần trong quần xã sinh vật phải có mối quan hệ mật thiết để đảm bảo khác biệt giữa hoàn cảnh rừng và các hoàn cảnh khác.",vie,vie,"[20300.0, 19488.0, 6090.0, 38570.0, 25578.0, 31262.0, 55216.0, 3654.0, 7714.0, 25984.0, 10962.0, 8932.0, 78764.0, 90132.0, 2064916.0]"
Đồng hồ tham chiếu NTP có thể được cài đặt trên một hệ thống Microsoft Windows. Thông thường nó là một phần mềm miễn phí của nhà sản xuất đồng hồ tham chiếu từ GPS được cài đặt thông qua Microsoft Installer.,vie,vie,"[11340.0, 12150.0, 4050.0, 27945.0, 34020.0, 24300.0, 38880.0, 3645.0, 5670.0, 4050.0, 3240.0, 1215.0, 48195.0, 47790.0, 1151415.0]"
"Hệ thập lục phân đôi khi được dùng trong các trò đùa cợt của các lập trình viên, vì một số từ có thể được tạo dựng bằng các con số thập lục phân. Một số từ này trong tiếng Anh là """"dead"""" (chết), """"beef"""" (thịt bò), """"babe"""" (người yêu bé bỏng) và, với những thế tự phù hợp, từ """"c0ffee"""" (cà phê). Trang này là một ví dụ điển hình những trò đùa cợt này. Do khả năng dễ nhận biết của những từ sắp xếp kiểu này, kiểm duyệt cài đặt (debugging setup) thường dùng chúng để ráp giá trị khởi đầu cho những tiểu tiết trong bộ nhớ, giúp các lập trình viên tìm ra những tiểu tiết chưa được ráp giá trị khởi đầu (not initialised). Một số người thêm chữ """"H"""" vào đằng sau một con số để biểu thị con số ấy là một số thập lục phân. Quy luật này cũng đôi khi được dùng trong ngữ pháp của ngôn ngữ lập trình assembly cổ của Intel. Với đuôi """"H"""", người ta có thể viết những từ và câu mới, chẳng hạn 1517ADEADB17CH.",vie,vie,"[123624.0, 52116.0, 10100.0, 145036.0, 98576.0, 149480.0, 225836.0, 14948.0, 18180.0, 36764.0, 22220.0, 87668.0, 251692.0, 285224.0, 6410672.0]"
"Phần lớn của đất nước được bao bọc bởi một bán bình nguyên với địa hình phong cảnh hữu tình gợn sóng, tại vài vùng có một ít ngọn đồi cô lập, những vết tích cuối cùng của một vùng đất sơ khai.",vie,vie,"[12090.0, 10478.0, 3627.0, 33046.0, 31837.0, 22568.0, 43121.0, 3224.0, 6851.0, 10075.0, 7254.0, 20956.0, 62465.0, 70928.0, 1634568.0]"
"Irving Lerner Weissman (sinh ngày 21.10.1939 tại Great Falls, Montana) là giáo sư môn Bệnh lý và Sinh học phát triển ở Đại học Stanford. Ông cũng là giám đốc """"Viện Sinh học Tế bào gốc và Y học tái sinh Stanford"""" (Stanford Institute of Stem Cell Biology and Regenerative Medicine).",vie,vie,"[84420.0, 16482.0, 12060.0, 91254.0, 98892.0, 38592.0, 153564.0, 5226.0, 4824.0, 18090.0, 34572.0, 29346.0, 60300.0, 160800.0, 1255044.0]"
"Năm 1930, Morozov đưa ra khái niệm: Rừng là một tổng thể cây gỗ, có mối liên hệ lẫn nhau, nó chiếm một phạm vi không gian nhất định ở mặt đất và trong khí quyển. Rừng chiếm phần lớn bề mặt Trái Đất và là một bộ phận của cảnh quan địa lý.",vie,vie,"[19248.0, 12431.0, 5614.0, 44912.0, 32882.0, 32882.0, 58145.0, 3208.0, 7619.0, 20050.0, 22055.0, 6015.0, 75388.0, 117092.0, 2007005.0]"
"Năm 1956, trụ sở Bộ Tổng tham mưu dời về trại Trần Hưng Đạo (tức Camp Chanson trước kia). Các Quân khu được tổ chức lại thành 6 quân khu. Cũng trong năm này, Hải quân Việt Nam Cộng hòa bắt đầu tiếp nhận tàu chiến từ Hải quân Hoa Kỳ, gồm 31 chiến hạm với 193 chiến đỉnh, đến 1963 mới chấm dứt.",vie,vie,"[76000.0, 25600.0, 7200.0, 69600.0, 66400.0, 50800.0, 66000.0, 4000.0, 10400.0, 16800.0, 13200.0, 4400.0, 114000.0, 126400.0, 2543600.0]"
Vườn thực vật hoàng gia Kew; Đại học Harvard; Australian Plant Name Index (biên tập). “Dischidia oiantha”. International Plant Names Index. Truy cập ngày 10 tháng 6 năm 2013.,vie,vie,"[49476.0, 16359.0, 9177.0, 43491.0, 53466.0, 27930.0, 92967.0, 1995.0, 19152.0, 14763.0, 20349.0, 40299.0, 43092.0, 94164.0, 635208.0]"
"Tháng 1 năm 2006, Bùi Tiến Dũng bị bắt giữ và cáo buộc đã cá độ bóng đá với số tiền trên 1,8 triệu đô la. Cơ quan điều tra Bộ Công an đã tìm thấy tài liệu trong máy tính của trùm cá độ cho thấy trên 200 nhân viên đã tham gia cá độ. Những thông tin công bố sau đó của công an và báo chí cho thấy chân dung một tay chơi sành sỏi: nhậu nhẹt, đánh bạc, bao gái. Mặc dù vụ án vẫn đang được điều tra, nhưng dư luận rộng rãi cho rằng nguồn tiền ăn chơi đó chỉ có thể là tiền tham nhũng.",vie,vie,"[102286.0, 37014.0, 7562.0, 92336.0, 123380.0, 70048.0, 117410.0, 15124.0, 12338.0, 38208.0, 18308.0, 57710.0, 195418.0, 262680.0, 4552722.0]"
"Yolande Betbeze, Hoa hậu Mỹ (Miss America) năm 1951 đã từ chối mặc áo tắm của hãng tài trợ Catalina Swimwear. Tập đoàn quần áo Pacific Mills liền quyết định rời bỏ cuộc thi Miss America và lập ra hai cuộc thi sắc đẹp mới là Hoa hậu Mỹ (Miss USA) và cuộc thi Hoa hậu Hoàn vũ. Cuộc thi Hoa hậu Hoàn vũ đầu tiên được tổ chức tại Long Beach, California vào năm 1952. Người chiến thắng của cuộc thi cũng như là Hoa hậu Hoàn vũ đầu tiên trong lịch sử là Armi Kuusela, một cô gái đến từ Phần Lan.",vie,vie,"[97265.0, 32951.0, 13895.0, 203264.0, 175871.0, 61535.0, 357300.0, 10322.0, 15880.0, 35730.0, 63917.0, 92104.0, 156418.0, 337053.0, 3161311.0]"
Vườn thực vật hoàng gia Kew; Đại học Harvard; Australian Plant Name Index (biên tập). “Oedina erecta”. International Plant Names Index. Truy cập ngày 16 tháng 7 năm 2013.,vie,vie,"[47916.0, 16236.0, 8316.0, 43164.0, 51480.0, 27324.0, 88704.0, 1584.0, 17424.0, 14652.0, 19800.0, 34452.0, 41184.0, 93060.0, 627660.0]"
Vườn thực vật hoàng gia Kew; Đại học Harvard; Australian Plant Name Index (biên tập). “Alyssum persicum”. International Plant Names Index. Truy cập ngày 9 tháng 6 năm 2013.,vie,vie,"[47005.0, 16195.0, 7900.0, 41475.0, 51350.0, 28045.0, 93220.0, 2370.0, 17775.0, 11850.0, 19750.0, 34365.0, 39895.0, 92035.0, 609880.0]"
Vườn thực vật hoàng gia Kew; Đại học Harvard; Australian Plant Name Index (biên tập). “Aphyllorchis striata”. International Plant Names Index. Truy cập ngày 7 tháng 6 năm 2013.,vie,vie,"[50432.0, 14972.0, 7880.0, 42946.0, 53978.0, 27186.0, 92590.0, 2364.0, 19700.0, 15760.0, 20488.0, 40582.0, 41370.0, 92984.0, 611882.0]"
Vườn thực vật hoàng gia Kew; Đại học Harvard; Australian Plant Name Index (biên tập). “Bergeranthus vespertinus”. International Plant Names Index. Truy cập ngày 25 tháng 6 năm 2013.,vie,vie,"[49125.0, 15720.0, 7467.0, 45981.0, 56592.0, 27510.0, 94713.0, 2358.0, 20829.0, 13362.0, 20436.0, 44016.0, 40872.0, 90783.0, 623691.0]"
"Quốc lộ 19B: Dư kiến sẽ đầu tư, sửa chữa và nâng cấp 3 doạn (Đoạn 1, đi trùng đường trục Khu kinh tế Nhơn Hội có tổng chiều dài 15,70 km; đoạn 2 đi trùng tuyến đường ĐT 639 dài 1,95 km và đoạn 3 đi trùng đường ĐT 635 có tổng chiều dài 42,35 km (từ Cát Tiến đến Sân bay Phù Cát)). Tuyến đường này sẽ được đầu tư, sửa chữa và nâng cấp thành Quốc lộ 19B (cấp 3 đồng bằng). Sau khi được hoàn thành, nó sẽ kết nối Sân bay Phù Cát với Khu kinh tế Nhơn Hội.",vie,vie,"[127400.0, 39984.0, 10584.0, 95648.0, 112112.0, 86240.0, 131320.0, 9016.0, 11368.0, 35280.0, 16072.0, 59584.0, 206584.0, 227360.0, 4031328.0]"
"Con trai đầu của Kim Dung là Tra Truyền Hiệp. Truyền Hiệp ra đời vào lúc Kim Dung và Chu Mai đang vất vả mưu sinh, chuẩn bị thành lập tòa soạn Minh báo. Tháng 10 năm 1976, Tra Truyền Hiệp đang học năm nhất Đại học Columbia đã bất ngờ treo cổ tự tử sau khi cãi nhau qua điện thoại với người bạn gái ở San Francisco, lúc ấy anh chưa đầy 20 tuổi. Nguyên nhân cái chết của Tra Truyền Hiệp có thuyết nói là do anh buồn chuyện cha mẹ kiên quyết ly hôn, khuyên can vô hiệu, lại gặp chuyện với bạn gái, nhất thời kích động nên đã quyên sinh.",vie,vie,"[44965.0, 46138.0, 7038.0, 89148.0, 112999.0, 71553.0, 134113.0, 8211.0, 18377.0, 50439.0, 15640.0, 11730.0, 182206.0, 212313.0, 4709204.0]"
"Ngày 13 tháng 5 năm 2008, ông bị công an khởi tố vì tội """"lợi dụng chức vụ quyền hạn trong khi thi hành công vụ"""" trong vụ PMU18. Ông bị khởi tố cùng với thượng tá Đinh Văn Huynh, điều tra viên cao cấp, trưởng phòng 9 C14 và 2 nhà báo của báo Thanh Niên, và báo Tuổi Trẻ . Kết quả, ông bị kết tội """"Cố ý làm lộ bí mật công tác"""" và bị phạt mức """"cảnh cáo"""", Đinh Văn Huynh bị phạt mức 1 năm tù cùng về tội danh trên .Ngoài ra, ông còn bị vu khống đã sàm sỡ với vợ của bị can trong vụ PMU 18, có hành vi trái với tư cách đạo đức nghề nghiệp. Trong số các phóng viên bị truy tố về tội “Lợi dụng các quyền tự do dân chủ xâm phạm lợi ích nhà nước, quyền, lợi ích hợp pháp của tố chức, công dân”, Hội đồng xét xử tuyên phạt bị cáo Nguyễn Việt Chiến (báo Thanh Niên), mức án 2 năm tù; Nguyễn Văn Hải (báo Tuổi Trẻ), bị phạt mức 24 tháng cải tạo không giam giữ.",vie,vie,"[173940.0, 68250.0, 7800.0, 189540.0, 196170.0, 133380.0, 200850.0, 24960.0, 33150.0, 81510.0, 33150.0, 100230.0, 321360.0, 501930.0, 7290660.0]"
"Năm 1950, Russel được tặng Giải Nobel Văn học, """"để ghi nhận các tác phẩm đầy ý nghĩa mà trong đó ông đã đề cao các tư tưởng nhân đạo và tự do về tư tưởng"""".",vie,vie,"[14393.0, 11670.0, 3112.0, 28397.0, 25285.0, 22173.0, 37344.0, 3501.0, 8169.0, 14393.0, 3112.0, 3112.0, 52126.0, 60295.0, 1273975.0]"
"Hai yếu tố chính là mặt nạ và khiêu vũ, chìa khóa của văn hóa Burkina Faso. Những mặt nạ được dùng trong nghi lễ hy sinh tới những vị thần và tinh thần hồn nhiên và vui vẻ trong làng, thể hiện sự ao ước của nông dân bởi lời nguyện cầu nơi chốn thiêng liêng. Nhà hát quần chúng trong thủ đô Ouagadougou, là một trung tâm văn hóa xã hội của đất nước. Ouagadougou là một trong những trục bánh xe của châu Phi, hoạt động kéo theo vào rạp chiếu phim. Mỗi năm gọi FESPACO là chủ nhân liên hoan phim châu Phi Pan. Liên hoan phim và truyền hình châu Phi của Ouagadougou là một mối quan tâm lớn của thế giới. Văn hóa nghệ thuật thì được trình bày xa hơn ở tại Laongo, những nghệ sĩ từ toàn bộ thế giới được mời đến một vùng có đá hoa cương được bày và điêu khác trên tảng đá Idrissa Ouedraogo. Có lẽ giám đốc ở châu Phi thành công về thương mại nhất từ Burkina Faso.",vie,vie,"[221160.0, 43068.0, 10088.0, 367048.0, 193612.0, 107476.0, 564928.0, 9312.0, 18236.0, 54708.0, 113296.0, 123384.0, 262676.0, 461332.0, 6188988.0]"
"Ông tập trung ghiên cứu vào môn sinh học tế bào gốc tạo huyết (hematopoietic stem cell). Ông đã triển khai các phương pháp để xác định các tế bào gốc, và nghiên cứu nhiều về tế bào gốc và tế bào tổ tiên (progenitor cell) Ông cũng tập trung nghiên cứu vào """"Sự phát sinh loài và sinh học phát triển của các tế bào tạo nên hệ thống tạo máu và hệ miễn dịch"""". Ông cũng nổi tiếng về nghiên cứu biến đổi gen, trong đó các tế bào não của con người được cấy trong não chuột.",vie,vie,"[27864.0, 23607.0, 9675.0, 71595.0, 49536.0, 55728.0, 97524.0, 3483.0, 15867.0, 40248.0, 13932.0, 3483.0, 131193.0, 154026.0, 3030597.0]"
"Con số này được giữ nguyên trong vòng 6 năm, trước khi giảm xuống còn 12 đội ở V-League 2013 sau khi hàng loạt đội bóng bị giải thể hoặc chuyển giao. Theo dự kiến ban đầu, số lượng các đội bóng tham dự V-League 2014 sẽ quay trở lại con số 14.",vie,vie,"[48250.0, 19300.0, 3860.0, 47478.0, 46706.0, 33968.0, 65234.0, 6948.0, 6948.0, 12738.0, 5790.0, 8492.0, 86078.0, 97658.0, 2036922.0]"
"Dân số Oregon tập trung phần lớn tại Thung lũng Willamette kéo dài từ Eugene (nhà của Đại học Oregon, thành phố lớn thứ ba) qua Salem (thủ phủ, thành phố lớn thứ nhì) và Corvallis (nhà của Đại học tiểu bang Oregon) đến Portland (thành phố lớn nhất Oregon.)",vie,vie,"[33880.0, 11935.0, 3850.0, 45045.0, 48895.0, 30415.0, 55055.0, 5005.0, 9625.0, 14630.0, 6930.0, 21560.0, 67760.0, 92785.0, 1520365.0]"
"Chuột nhảy hai chân có họ hàng gần gũi với các loài chuột nhảy hai chân nhỏ, thuộc chi Chuột nhảy hai chân nhỏ (Microdipodops). Cả hai chi này đều là thành viên của Phân họ Chuột nhảy hai chân (Dipodomyinae).",vie,vie,"[39168.0, 18048.0, 3072.0, 51072.0, 41472.0, 31104.0, 69504.0, 1920.0, 2688.0, 13056.0, 8448.0, 23040.0, 79872.0, 106368.0, 1435392.0]"
"Ngày 10 tháng 9 năm 1981, chia thị trấn Mông Dương thành phường Mông Dương và xã Cẩm Hải; chuyển thị trấn Cửa Ông thành phường Cửa Ông; chuyển thị trấn Cọc 6 thành phường Cẩm Phú; chuyển xã Thái Bình thành phường Cẩm Thịnh..",vie,vie,"[20299.0, 18384.0, 4979.0, 42896.0, 37534.0, 34853.0, 50939.0, 1915.0, 7277.0, 19916.0, 5362.0, 383.0, 63195.0, 77749.0, 1529702.0]"
"Butan (butane), hay còn gọi là n-butan là một hyđrocacbon mạch thẳng thuộc nhóm ankan có công thức C4H10. Butan có một đồng phân là isobutan (còn gọi là metylpropan), CH(CH3)3.",vie,vie,"[72198.0, 7258.0, 9168.0, 48132.0, 40110.0, 30942.0, 54244.0, 4966.0, 2674.0, 18336.0, 2674.0, 25212.0, 43930.0, 128352.0, 802582.0]"
Vườn thực vật hoàng gia Kew; Đại học Harvard; Australian Plant Name Index (biên tập). “Swertia delavayi”. International Plant Names Index. Truy cập ngày 25 tháng 6 năm 2013.,vie,vie,"[46482.0, 16764.0, 8382.0, 43053.0, 51435.0, 28575.0, 85725.0, 2286.0, 15621.0, 12954.0, 20193.0, 33528.0, 41148.0, 95631.0, 613410.0]"
"Đối với các hệ thống UNIX hiện đại, NTP Client được triển khai dưới dạng một tiến trình daemon chạy liên tục trong user space. Vì tính nhạy cảm với đồng bộ thời gian, cần phải có một đồng hồ NTP chuẩn phase-locked loop triển khai trong kernel space. Tất cả các phiên bản gần đây của Linux, BSD, và Solaris đều áp dụng cách này.",vie,vie,"[16340.0, 15580.0, 7220.0, 42560.0, 35720.0, 39520.0, 64600.0, 4180.0, 21280.0, 13300.0, 9500.0, 2280.0, 75620.0, 71820.0, 1778020.0]"
"Bertrand Arthur William Russell, Bá tước Russell III, OM, FRS (18 tháng 5 năm 1872 – 2 tháng 2 năm 1970), là một triết gia, nhà lôgic học, nhà toán học người Anh của thế kỷ 20. Là một tác giả có nhiều tác phẩm, ông còn là người mang triết học đến với đại chúng và là một nhà bình luận đối với nhiều chủ đề đa dạng, từ các vấn đề rất nghiêm túc cho đến những điều trần tục. Nối tiếp truyền thống gia đình trong lĩnh vực chính trị, ông là một người theo chủ nghĩa tự do với vị thế nổi bật, ông còn là một người dân chủ xã hội (socialist) và người hoạt động chống chiến tranh trong phần lớn cuộc đời dài của mình. Hàng triệu người coi ông như là một nhà tiên tri của cuộc sống sáng tạo và duy lý; đồng thời, quan điểm của ông về nhiều chủ đề đã gây nên rất nhiều tranh cãi.",vie,vie,"[247866.0, 42069.0, 9096.0, 275533.0, 205797.0, 101193.0, 422206.0, 15539.0, 22740.0, 67083.0, 19708.0, 99298.0, 195564.0, 457832.0, 5359060.0]"
"Thiết giáp kỵ binh: Có 21 Thiết đoàn (tương đương Trung đoàn) gồm 63 Chi đoàn (tương đương Tiểu đoàn) với 383 xe tăng (162 xe tăng M48 A3, 221 xe tăng M41) và 1.691 xe thiết giáp, phần lớn là loại M-113, hình thành 4 Lữ đoàn Kỵ binh phối thuộc 4 Quân đoàn.",vie,vie,"[78246.0, 18900.0, 6804.0, 91476.0, 52542.0, 46494.0, 144396.0, 4158.0, 6426.0, 20412.0, 9828.0, 36666.0, 93744.0, 154980.0, 2082402.0]"
"Giống như tất cả các xứ phía tây của châu Phi, Burkina Faso có dân cư từ khá sớm. Từ khoảng năm 12.000 đến 5000 TCN, ở phía bắc của đất nước đã có những người đi săn và người hái lượm; những công cụ của họ (nạo, đục và tên) đã được phát hiện vào năm 1973. Những người làm nông nghiệp đã đến cư trú ở đất nước này vào khoảng 3600 đến 2600 TCN, họ để lại những kiến trúc gây ấn tượng cho cả thời nay. Việc sử dụng đồ sắt, đồ gốm và đồ đá mài nhẵn phát triển vào thời kỳ giữa 1500 và 1000 TCN. Đời sống tinh thần cũng phát triển trong thời kỳ này, thể thể hiện qua các di chỉ được tìm thấy trong các nơi chôn cất người chết.",vie,vie,"[120640.0, 45240.0, 8671.0, 193024.0, 147784.0, 90103.0, 239018.0, 11687.0, 18473.0, 68237.0, 21866.0, 62205.0, 209235.0, 272948.0, 4965090.0]"
"(""""mod"""" (modulus (tiếng Anh)): phép chia lấy dư, thực hiện phép chia số nguyên và lấy kết quả là số dư - chẳng hạn 17 mod 5 = 2 vì 17/5 = 3, dư 2.)",vie,vie,"[27072.0, 9776.0, 3384.0, 29704.0, 17296.0, 27072.0, 45872.0, 3008.0, 6768.0, 6392.0, 3760.0, 5264.0, 41360.0, 68808.0, 806144.0]"
"Trung bình cộng của n số thực không âm luôn lớn hơn hoặc bằng trung bình nhân của chúng, và trung bình cộng chỉ bằng trung bình nhân khi và chỉ khi n số đó bằng nhau.",vie,vie,"[21375.0, 6375.0, 6375.0, 21375.0, 24750.0, 18375.0, 25125.0, 750.0, 7125.0, 10500.0, 6000.0, 2625.0, 27000.0, 45000.0, 726375.0]"
"Blitzkrieg 2 (tiếng Nga: Блицкриг II) là một sự phát triển của phiên bản tiền nhiệm Blitzkrieg. Trò chơi diễn ra ở châu Phi, Nga, Thái Bình Dương và châu Âu, với sự hiện diện của 6 phe phái khác nhau được mô tả trong game sẽ tham chiến ở mỗi trận đánh căn cứ của mình trong chiến tranh.",vie,vie,"[29546.0, 15708.0, 8976.0, 43010.0, 78166.0, 46376.0, 68068.0, 5610.0, 8602.0, 14960.0, 38522.0, 2244.0, 80036.0, 93500.0, 1748076.0]"
Vườn thực vật hoàng gia Kew; Đại học Harvard; Australian Plant Name Index (biên tập). “Conospermum triplinervium”. International Plant Names Index. Truy cập ngày 25 tháng 6 năm 2013.,vie,vie,"[51101.0, 14920.0, 7460.0, 41403.0, 51474.0, 27229.0, 87282.0, 1865.0, 17531.0, 13428.0, 19396.0, 39538.0, 42149.0, 89893.0, 616196.0]"
"Verretto là một đô thị ở tỉnh Pavia trong vùng Lombardia, có cự ly khoảng 45 km về phía nam của Milano và khoảng 15 km về phía nam của Pavia. Tại thời điểm ngày 31 tháng 12 năm 2004, đô thị này có dân số 328 người và diện tích là 2,7 km².",vie,vie,"[52452.0, 13764.0, 6696.0, 50592.0, 61380.0, 40920.0, 139500.0, 3348.0, 6324.0, 11904.0, 10788.0, 4464.0, 59892.0, 101556.0, 1306092.0]"
"Trên đường về Anh năm 1921, Dora có mang 5 tháng, Russell thu xếp một cuộc li dị vội vã với Alys, 6 ngày sau khi ly dị xong, ông cưới Dora. Các con của họ là John Conrad Russell - Bá tước Russell IV và Katharine Russell (hiện là Công nương Katharine Tait). Trong thời gian này, Russell kiếm sống từ việc viết các cuốn sách phổ thông giải thích các vấn đề về vật lý học, luân lý học và giáo dục dành cho người không chuyên. Cùng với Dora, ông còn thành lập trường thực nghiệm Beacon Hill vào năm 1927. Sau khi ông rời trường vào năm 1932, Dora còn tiếp tục điều hành trường cho đến năm 1943.",vie,vie,"[106848.0, 37842.0, 6678.0, 98686.0, 129850.0, 68635.0, 137270.0, 16324.0, 18921.0, 41181.0, 8533.0, 60473.0, 139867.0, 198856.0, 3785684.0]"
"Thành phố Cẩm Phả có rất nhiều tiềm năng về phát triển kinh tế như công nghiệp khai thác chế biến than, sản xuất vật liệu xây dựng, cơ khí, chế tạo thiết bị điện, máy mỏ, xe tải nặng, công nghiệp đóng tàu, thương mại dịch vụ, du lịch...Năm 2014, tốc độ tăng trưởng kinh tế trên 14%, thu ngân sách thành phố là trên 1000 tỷ đồng, thu nhập bình quân đầu người đạt 4.700 USD.",vie,vie,"[71780.0, 22200.0, 3330.0, 67340.0, 53280.0, 49580.0, 70670.0, 5550.0, 7770.0, 23310.0, 12580.0, 33670.0, 151700.0, 143560.0, 2821990.0]"
"Trong tháng 10 năm 2014, trong chuyến thăm sân vận động Krestovsky ở thành phố Sankt Petersburg nước Nga nhằm thị sát công tác chuẩn bị của nước chủ nhà cho World Cup 2018, ông Christian Unger, một thành viên FIFA cho biết: Theo ý kiến cá nhân tôi, đây là một sân vận động tiện nghi. Với việc lắp đặt khán đài rất gần sân sẽ tạo nên bầu không khí rất cuồng nhiệt. Đây là nơi tuyệt vời để tổ chức một trận bóng đá.",vie,vie,"[73062.0, 25461.0, 6642.0, 81549.0, 101475.0, 47232.0, 124353.0, 7011.0, 12177.0, 39852.0, 43542.0, 40590.0, 127674.0, 184500.0, 2738718.0]"
"Sau đó, Russell dạy triết học tại Bắc Kinh trong một năm với Dora đi cùng. Trong khi ở Trung Quốc, Russell đã viêm phổi nặng, báo chí Nhật đã đăng tin nhầm về cái chết của ông. Khi hai người đến thăm Nhật Bản trên đường về Anh, Dora đã nói với các nhà báo rằng """"Vì theo báo Nhật thì Bertrand Russell đã chết, nên ông không thể trả lời phỏng vấn của các phóng viên Nhật được"""".",vie,vie,"[22448.0, 21712.0, 3680.0, 71024.0, 82432.0, 45264.0, 76176.0, 12512.0, 9200.0, 36800.0, 12880.0, 1840.0, 99360.0, 118864.0, 2504240.0]"
"Khi, có một giá trị k> 1 bất kỳ, giả sử rằng bất đẳng thức đúng với n = 2k−1, và cần chứng minh rằng nó vẫn đúng khi n = 2k. Để làm như vậy, các bước được thực hiện như sau:",vie,vie,"[11010.0, 13579.0, 10276.0, 29360.0, 19451.0, 25323.0, 41838.0, 3303.0, 9175.0, 13579.0, 3670.0, 5138.0, 38535.0, 80373.0, 1103569.0]"
"Rialto, California là một thành phố thuộc quận San Bernardino trong tiểu bang California, Hoa Kỳ. Thành phố có tổng diện tích km2, trong đó diện tích đất là 42,4 dặm vuông Anh (110 km2). Theo điều tra dân số Hoa Kỳ năm 2010, thành phố có dân số 99.171 người, là thành phố lớn thứ 66 bang California năm 2010.",vie,vie,"[103944.0, 18300.0, 10614.0, 55632.0, 68442.0, 50874.0, 87840.0, 5124.0, 12810.0, 28182.0, 12078.0, 41724.0, 95892.0, 171654.0, 1651392.0]"
"Quận nằm trên nền đất xưa vốn thuộc tổng Hữu Nghiêm (sau đổi là Yên Hòa), huyện Thọ Xương và các tổng Yên Thành, Nội, Thượng, Trung, huyện Vĩnh Thuận.",vie,vie,"[14965.0, 9125.0, 1460.0, 28835.0, 45625.0, 18250.0, 36500.0, 1825.0, 5840.0, 13870.0, 3650.0, 14600.0, 49640.0, 70445.0, 1106315.0]"
"Nozeroy là một xã trong vùng hành chính Franche-Comté, thuộc tỉnh Jura, quận Lons-le-Saunier (quận), tổng Nozeroy. Tọa độ địa lý của xã là 46° 46' vĩ độ bắc, 06° 02' kinh độ đông. Nozeroy nằm trên độ cao trung bình là 792 mét trên mực nước biển, có điểm thấp nhất là 660 mét và điểm cao nhất là 834 mét. Xã có diện tích 3.74 km², dân số vào thời điểm 2005 là 398 người; mật độ dân số là 106 người/km².",vie,vie,"[144872.0, 22568.0, 10920.0, 303576.0, 94640.0, 72436.0, 224588.0, 7280.0, 14196.0, 31304.0, 26208.0, 50232.0, 106288.0, 262444.0, 2138136.0]"
"Trong tháng 10 năm 2011, Nga giảm số lượng các sân vận động từ 16 xuống 14. Việc xây dựng sân vận động Podolsk được đề xuất ở Moskva đã bị hủy bỏ, và sân vận động Spartak cùng với sân vận động Dynamo sẽ được xây mới.",vie,vie,"[35574.0, 13431.0, 7623.0, 35937.0, 42834.0, 30855.0, 54813.0, 4356.0, 3993.0, 17424.0, 23595.0, 24321.0, 64977.0, 89298.0, 1548921.0]"
Vườn thực vật hoàng gia Kew; Đại học Harvard; Australian Plant Name Index (biên tập). “Carex augustini”. International Plant Names Index. Truy cập ngày 11 tháng 6 năm 2013.,vie,vie,"[40906.0, 14480.0, 7240.0, 40182.0, 48870.0, 24616.0, 82898.0, 2172.0, 10136.0, 11584.0, 17738.0, 26426.0, 38372.0, 78192.0, 569788.0]"
"Tháng 7 năm 1970, các Vùng chiến thuật được đổi tên trở lại thành các Quân khu. Tính đến năm này, QLVNCH có quân số lên đến 1 triệu quân, được trang bị 1 triệu súng M-16, 12.000 súng máy M-60, 40.000 súng phóng lựu (grenade launcher) M-79, và 2.000 lựu pháo (howitzer) và súng cối hạng nặng (heavy mortar). Cũng trong năm này Quân chủng Không quân lấy nòng cốt từ các Không đoàn trên 4 Quân khu để thành lập 4 Sư đoàn: Sư đoàn 1 tại Đà Nẵng, Sư đoàn 2 tại Nha Trang, Sư đoàn 3 tại Biên Hòa và Sư đoàn 4 tại Cần Thơ. Cùng năm này, giải tán Lực lượng đặc biệt để sát nhập một số qua Biệt động quân, số còn lại trở thành Liên đoàn 81 Biệt cách dù.",vie,vie,"[151259.0, 48374.0, 9386.0, 205770.0, 161006.0, 101802.0, 266057.0, 12635.0, 13718.0, 35739.0, 20577.0, 75810.0, 208658.0, 369664.0, 4682892.0]"
"hiển nhiên μ > 0. Nếu có ít nhất một trong x1,...,xn−1 bằng không, ta dễ thấy bất đẳng thức đúng và dấu bằng không xảy ra. Ngược lại, từ (**) và (***) ta có:",vie,vie,"[16200.0, 9720.0, 7200.0, 24480.0, 17640.0, 25560.0, 34200.0, 3960.0, 6120.0, 10800.0, 3240.0, 4320.0, 31680.0, 67320.0, 840240.0]"
"Trong Chiến tranh thế giới thứ nhất, Russell tham gia các hoạt động kêu gọi hòa bình, và năm 1916, ông bị Trinity College sa thải sau khi ông bị buộc tội theo Defence of the Realm Act - đạo luật phòng vệ được nghị viện Anh thông qua năm 1914. Ông đã phải ngồi tù 6 tháng tại nhà tù Brixton.",vie,vie,"[58876.0, 25489.0, 5385.0, 66774.0, 72518.0, 38772.0, 95135.0, 5744.0, 7539.0, 25489.0, 29438.0, 26925.0, 77185.0, 143600.0, 1736483.0]"
"Hầu hết các ngôi nhà cổ ở Đồng Văn đều đang ở trong tình trạng cũ nát và xuống cấp nghiêm trọng. Cụ thể, việc dãn dân ra khỏi khu phố cổ chỉ nên áp dụng với những hộ quá đông người, đồng thời cần phải duy trì một cuộc sống bình thường của con người để bảo tồn một không gian văn hóa của nhiều dân tộc đang sống ở Đồng Văn. Nét văn hóa phi vật thể này có thể hấp dẫn du khách hơn những ngôi nhà cổ dù được gìn giữ tốt nhưng lại không gắn với sự sống, với sinh hoạt của con người.",vie,vie,"[28640.0, 30788.0, 5012.0, 66230.0, 51910.0, 48330.0, 104536.0, 6086.0, 11456.0, 21122.0, 13246.0, 15394.0, 169334.0, 131386.0, 3628330.0]"
"Năm 1950, trong cuộc Cải cách ruộng đất ở Trung Quốc, gia đình ông bị quy thành phần địa chủ, cha ông bị đấu tố, từ đó ông mất liên lạc với gia đình. Trong lúc này, vợ ông không chịu nổi cuộc sống ở Hồng Kông, trở về gia đình bên mẹ, không chịu về nhà chồng nữa. Năm 1951 họ quyết định ly hôn.",vie,vie,"[34629.0, 33915.0, 3927.0, 47481.0, 46410.0, 38199.0, 66759.0, 5712.0, 12138.0, 29631.0, 7140.0, 3927.0, 97461.0, 105672.0, 2461515.0]"
"(6393) 1990 HM1 là một tiểu hành tinh vành đai chính. Nó được phát hiện bởi Hitoshi Shiozawa và Minoru Kizawa ở Fujieda, Shizuoka Prefecture, Nhật Bản, ngày 29 tháng 4 năm 1990.",vie,vie,"[77608.0, 18156.0, 8900.0, 66928.0, 69776.0, 34176.0, 150232.0, 11748.0, 33108.0, 25988.0, 28480.0, 56604.0, 43432.0, 145960.0, 672840.0]"
"Giải vô địch bóng đá thế giới 2018 là giải vô địch bóng đá thế giới lần thứ 21, được tổ chức tại Nga. Đây là lần đầu tiên, giải được tổ chức tại quốc gia thuộc Đông Âu và cũng là lần đầu tiên, được tổ chức tại quốc gia thuộc Liên Xô cũ. Giải đấu được tổ chức tại Nga từ 14 tháng 6 đến 15 tháng 7 năm 2018.",vie,vie,"[86265.0, 19880.0, 8165.0, 81650.0, 67095.0, 47925.0, 152650.0, 2840.0, 11360.0, 25205.0, 25560.0, 14555.0, 113245.0, 133835.0, 2124675.0]"
"Ông cũng đã trở thành một người anh hùng đối với nhiều thành viên trẻ của New Left - một phong trào cánh tả cấp tiến trong những năm 1960. Đặc biệt, trong thập kỷ 1960, Russell đã trở nên ngày càng lớn tiếng phản đối các chính sách của chính quyền Mỹ. Năm 1963, ông là người đầu tiên được nhận Giải Jerusalem, một giải thưởng dành cho các tác giả viết về tự do cá nhân trong xã hội.",vie,vie,"[36108.0, 27612.0, 3186.0, 55932.0, 60534.0, 52392.0, 78942.0, 10974.0, 10974.0, 23364.0, 10620.0, 2478.0, 94164.0, 103722.0, 2479770.0]"
"Trong HTML, những ký hiệu hệ thập lục phân cũng được biểu thị với cách dùng chữ """"x"""": &#x5a3; sẽ tương đương như &#1443; – với trình duyệt web của bạn ֣ và &#1443 theo thứ tự; (dấu trong tiếng Hebrew Hebrew accent munah). Các mã chỉ định màu sắc dùng hệ thập lục phân thường được biểu đạt với tiền tố """"#"""", chẳng hạn """"#FFFFFF"""" (màu trắng).",vie,vie,"[48361.0, 26122.0, 3883.0, 52244.0, 39536.0, 46949.0, 73424.0, 4942.0, 10943.0, 14826.0, 6001.0, 9531.0, 89309.0, 112607.0, 1777708.0]"
"Sau Cách mạng Tháng Tám (1945), ngày 3 tháng 9 năm 1945, Quy Nhơn được tổ chức theo quy chế thị xã, lấy tên là thị xã Nguyễn Huệ. Trong cuộc kháng chiến chống thực dân Pháp Quy Nhơn là hậu phương của chiến trường khu V và Tây Nguyên.",vie,vie,"[50336.0, 15136.0, 3168.0, 42592.0, 38720.0, 34144.0, 45056.0, 3872.0, 7744.0, 22176.0, 8448.0, 14784.0, 65824.0, 81312.0, 1562176.0]"
"Hoàng Phi Hồng mở hiệu thuốc Bảo Chi Lâm ở đường Nhân An, chuyên bán thảo dược trị thương. Mặc dù là võ sư dân gian nhưng cuộc đời Hoàng Phi Hồng vẫn gắn liền với lịch sử Trung Quốc cận đại, dấu chân của mãnh hổ này đã in lên nhiều nơi. Năm 1885, tướng Quân Cờ đen Lưu Vĩnh Phúc tấn công quân Pháp ở Việt Nam. Năm sau danh tướng Lưu Vĩnh Phúc được điều động về Phúc Kiến làm tổng binh. Hoàng Phi Hồng được Lưu Vĩnh Phúc chọn làm trưởng ban huấn luyện.",vie,vie,"[72306.0, 37206.0, 6669.0, 86346.0, 68796.0, 58266.0, 90207.0, 5265.0, 13338.0, 26325.0, 18954.0, 28782.0, 110214.0, 155142.0, 3325374.0]"
"Đến Eo Gió, bạn phải leo 1 giờ lên đỉnh núi cao chót vót mới chiêm ngưỡng hết vẻ đẹp kỳ vĩ của đất trời. Đường lên đỉnh tuy gập ghềnh, khó đi nhưng bù lại cho bạn cảm giác bồng bềnh, khó tả khi nhìn Eo Gió dưới chân mình hiện ra như một chiếc tàu cá chuẩn bị lao ra biển lớn. Nếu soi ống nhòm, bạn có thể thấy rõ những rặng san hô trong nước xanh trong vắt, xung quanh là những đàn cá tung tăng bơi lội.",vie,vie,"[93800.0, 45500.0, 2800.0, 68950.0, 103950.0, 51100.0, 85400.0, 6650.0, 8400.0, 50750.0, 15750.0, 49700.0, 160650.0, 197400.0, 3256400.0]"
"Bùi Tiến Dũng đã đi bộ đội, sau khi giải ngũ thì đời sống rất khó khăn, phải làm thêm vất vả. Cuộc đời ông thay đổi từ khi được vào làm việc tại Vụ Kế hoạch và Đầu tư, Bộ Giao thông Vận tải, rồi được điều sang Ban Quản lý dự án 18 (PMU-18) thuộc Bộ này. Ông thăng tiến rất nhanh, làm phó văn phòng, rồi phó tổng giám đốc. Từ năm 1998 ông là tổng giám đốc PMU-18.",vie,vie,"[84807.0, 27222.0, 3839.0, 68404.0, 62471.0, 46766.0, 81317.0, 9423.0, 5933.0, 27920.0, 14309.0, 33853.0, 152164.0, 147278.0, 3083415.0]"
"Quy Nhơn có cảng Quy Nhơn, cảng Thị Nại, Cảng Đống Đa và Cảng nước sâu Nhơn Hội. Hệ thống Cảng Quy Nhơn là hệ thống cảng lớn nhất của vùng Duyên Hải Nam Trung Bộ, Tây Nguyên. Cảng Quy Nhơn đã được thủ tướng chính phủ công nhận là cảng loại 1 và đang trên đà phát triển mạnh mẽ với vị trí luôn nằm trong top 3 lượng hàng hóa lưu thông qua Cảng, chỉ đứng sau Cảng Sài Gòn và Cảng Hải Phòng. Năm 2013 tổng lượng hàng qua hệ thống cảng Quy Nhơn là 12.294.354 tấn(Cao nhất khu vực Miền Trung. Dự kiến đến năm 2020 tổng sản lượng hàng hóa qua hệ thống Cảng Quy Nhơn là 20 - 25 triệu tấn.",vie,vie,"[152424.0, 41064.0, 7308.0, 107184.0, 97092.0, 82128.0, 145464.0, 10092.0, 16704.0, 43848.0, 21924.0, 61596.0, 207060.0, 207756.0, 4241772.0]"
"Người họ Sầm ở Việt Nam có thể là người Hoa, Mường, Thái, Mông, Kinh, Tày, Cao Lan… Những người họ Sầm sống ở khắp toàn quốc như gia tộc Sầm Trực Hiền ở thành phố Cần Thơ, họ Sầm Nhân ở xã Cao Răm- Lương Sơn- Hòa Bình, họ Sầm ở xã Mường Nọc- Quế Phong- Nghệ An,họ Sầm ở Tuyên Quang… Một số người họ Sầm tiêu biểu như:",vie,vie,"[68706.0, 23596.0, 5205.0, 68359.0, 79463.0, 48927.0, 79116.0, 10063.0, 9369.0, 29842.0, 6940.0, 34700.0, 111734.0, 151639.0, 2737136.0]"
"Donald Knuth giới thiệu cách dùng các loại chữ khác nhau để biểu diễn cơ số của hệ đếm trong sách của ông The TeXbook. Trong hệ thống ký hiệu của ông, số thập lục phân được biểu đạt bằng những dòng chữ kiểu chữ đánh máy (typewriter type), ví dụ: 5A3",vie,vie,"[56398.0, 11764.0, 5536.0, 31486.0, 43250.0, 31140.0, 51900.0, 3806.0, 10034.0, 8996.0, 25950.0, 26988.0, 52592.0, 95842.0, 1163598.0]"
"Xã Pleasant Valley (tiếng Anh: Pleasant Valley Township) là một xã thuộc quận Mower, tiểu bang Minnesota, Hoa Kỳ. Năm 2010, dân số của xã này là 304 người.",vie,vie,"[37260.0, 7935.0, 4485.0, 28290.0, 27600.0, 23805.0, 26565.0, 4830.0, 7935.0, 18285.0, 9315.0, 1035.0, 35880.0, 75210.0, 714840.0]"
"Nằm cách trung tâm thành phố Quy Nhơn khoảng 3 km về hướng đông nam . Thắng cảnh Gềnh Ráng trải dài dọc bờ biển, uốn lượn hàng cây số, nước biển trong xanh. Nơi đây có bãi Đá Trứng (với vô số hòn đá tròn nhẵn như trứng chim khổng lồ) là quần thể sơn thạch còn gọi là Bãi tắm Hoàng Hậu (Hoàng hậu Nam Phương từng đến tắm ở đây), dấu vết tận cùng phía đông của dãy núi Xuân Vân. Ngoài ra, nơi đây còn mộ nhà thơ Hàn Mặc Tử nằm trên đồi Thi Nhân và Lầu Bảo Đại (một nhà nghỉ ba tầng, mặt hướng ra biển, đã bị phá hủy trong chiến tranh).",vie,vie,"[89096.0, 42312.0, 4816.0, 91504.0, 111800.0, 65016.0, 98384.0, 11352.0, 14792.0, 57448.0, 14792.0, 47128.0, 200896.0, 201928.0, 4080872.0]"
"Ông Phan Hộ Biết là cha vợ của Trần Trinh Trạch, nhưng bằng thủ đoạn cho vay, dần dần Trần Trinh Trạch đã chiếm gần hết toàn bộ tài sản của Phan Hộ Biết như ruộng muối, ghe chài, các sở điền… khiến cho cha ruột của Phan Kim Cân không còn thừa hưởng tài sản ấy được bao nhiêu… Chính vì lẽ đó, nên giữa họ Trần và Phan Kim Cân không được thân thiện.",vie,vie,"[57624.0, 22295.0, 3773.0, 55566.0, 58310.0, 40817.0, 72030.0, 6860.0, 5831.0, 27783.0, 12348.0, 9604.0, 110446.0, 130340.0, 2695980.0]"
"Những năm 1956-1966, Hải quân VNCH đã để mất 6 hòn đảo nằm giữa đảo Phú Quốc và nội địa Campuchia vào tay quân đội Vương quốc Campuchia. Đó là các đảo: Hòn Năng Trong và Hòn Năng Ngoài (tiếng Pháp lần lượt là """"Ile du Milieu"""" và """"Ile à l’Eau"""", còn được gọi là đảo Phú Dự) bị Campuchia đánh chiếm năm 1956; đảo Hòn Tai (Ile du Pic) bị chiếm năm 1958; Hòn Kiến Vàng (Ile des Fourmis) và Hòn Keo Ngựa (Ile du Cheval) bị chiếm năm 1960; đảo Hòn Trọc (đảo Wai hay Poulo Wai, thực tế là gồm 2 đảo nằm liền kề nhau) bị chiếm mất năm 1966. Tổng diện tích các đảo bị mất khoảng 30 km2, lớn nhất là đảo Phú Dự rộng khoảng 25 km2.",vie,vie,"[139536.0, 42408.0, 8550.0, 543438.0, 122436.0, 98838.0, 149112.0, 7866.0, 17442.0, 39672.0, 67032.0, 55062.0, 229140.0, 241110.0, 4067406.0]"
"— (2004) """"Routh, Edward John (1831–1907)"""", Oxford Dictionary of National Biography, Oxford University Press, accessed ngày 10 tháng 9 năm 2007 (yêu cầu đăng ký hoặc có quyền thành viên của thư viện công cộng Anh)",vie,vie,"[67177.0, 11935.0, 15686.0, 65472.0, 48081.0, 38533.0, 102982.0, 2387.0, 9889.0, 13981.0, 21824.0, 25234.0, 39897.0, 117645.0, 450120.0]"
"Tháng 6 năm 1981, đổi khu phố Ba Đình thành quận Ba Đình, gồm 15 phường: Bưởi, Cầu Giấy, Cống Vị, Điện Biên, Đội Cấn, Giảng Võ, Kim Mã, Ngọc Hà, Nguyễn Trung Trực, Phúc Xá, Quán Thánh, Thành Công, Thụy Khuê, Trúc Bạch, Yên Phụ. Toàn bộ khu vực Hoàng thành Thăng Long nằm trong quận này.",vie,vie,"[65960.0, 19720.0, 6120.0, 93500.0, 92140.0, 44880.0, 122060.0, 7480.0, 6800.0, 33320.0, 9860.0, 32980.0, 87720.0, 229500.0, 1917940.0]"
"Ông sinh ngày 18 tháng 11 năm 1940, quê ở Hà Nội. Tốt nghiệp Đại học Sư phạm Hà Nội năm 1962, ông được bổ về làm giáo viên ở Hà Tây. Năm 1973, về Bộ Giáo dục và Đào tạo, là Uỷ viên Thư ký Hội đồng Âm nhạc của Bộ. Ông sáng tác nhiều ca khúc cho thiếu nhi, và góp phần soạn thảo nhiều sách hướng dẫn và giảng dạy môn hát nhạc cho học sinh tiểu học như Sách giáo viên hát nhạc (soạn chung với Nguyễn Minh Toàn)... Ca khúc của ông được sử dụng nhiều trên sách báo, đài phát thanh và truyền hình, băng âm thanh và băng video.",vie,vie,"[95937.0, 26781.0, 5085.0, 93225.0, 67122.0, 63393.0, 87462.0, 10509.0, 13899.0, 48816.0, 17628.0, 48477.0, 156957.0, 196281.0, 3733746.0]"
Vườn thực vật hoàng gia Kew; Đại học Harvard; Australian Plant Name Index (biên tập). “Begonia andamensis”. International Plant Names Index. Truy cập ngày 30 tháng 8 năm 2013.,vie,vie,"[41912.0, 12506.0, 6760.0, 34476.0, 45968.0, 23660.0, 78078.0, 1690.0, 14872.0, 13182.0, 17914.0, 28392.0, 35490.0, 77740.0, 538434.0]"
"Các đoàn thể thao Kazakhstan, Kyrgyzstan, Tajikistan, Turkmenistan và Uzbekistan (vốn là 5 nước cộng hòa thuộc Liên Xô cũ) lần đầu tiên tham dự đại hội này với tư cách là những quốc gia độc lập.",vie,vie,"[13143.0, 8762.0, 1685.0, 25612.0, 19209.0, 18535.0, 36733.0, 1685.0, 4044.0, 8088.0, 13480.0, 1348.0, 38081.0, 57964.0, 1141419.0]"
"Quy Nhơn (Chữ Hán: 城庯歸仁 thành phố Quy Nhơn) được hình thành từ rất sớm thuộc vùng đất đàng trong xứ Thuận Quảng: cách đây trên 400 năm đã xuất hiện phủ Quy Nhơn. Mảnh đất này đã có lịch sử hình thành phát triển cùng với nền văn hoá Chămpa từ thế kỷ 11, dưới triều đại nhà Tây Sơn và cảng Thị Nại từ đầu thế kỷ 18.",vie,vie,"[56784.0, 43008.0, 4368.0, 58800.0, 66864.0, 51408.0, 71904.0, 9072.0, 12432.0, 22848.0, 7392.0, 27888.0, 112896.0, 102816.0, 2307984.0]"
Vườn thực vật hoàng gia Kew; Đại học Harvard; Australian Plant Name Index (biên tập). “Schefflera sessilis”. International Plant Names Index. Truy cập ngày 7 tháng 6 năm 2013.,vie,vie,"[39865.0, 13065.0, 6700.0, 34840.0, 57955.0, 23450.0, 74370.0, 2345.0, 14405.0, 10050.0, 16415.0, 29815.0, 35175.0, 79395.0, 515565.0]"
"Astoria nằm ở cửa Sông Columbia là một khu định cư thường xuyên đầu tiên của người nói tiếng Anh ở phía tây của Rặng Thạch Sơn. Oregon City là thành phố được tổ chức đầu tiên của Lãnh thổ Oregon, và là thủ phủ đầu tiên (từ năm 1848 cho đến năm 1852 khi thủ phủ được dời về Salem.) Nó cũng là nơi cuối của Đường mòn Oregon và là nơi có thư viện công đầu tiên được thiết lập ở phía tây Rặng Thạch Sơn có chứ chỉ 300 quyển sách. Bend, gần trung tâm địa lý của tiểu bang, là một trong mười vùng đô thị phát triển nhanh nhất tại Hoa Kỳ. Về phía nam của tiểu bang, vùng Medford là một vùng đô thị phát triển nhanh và là phần giàu có văn hóa của tiểu bang. Nó có Phi trường Quốc tế Thung lũng Rogue-Medford, phi trường bận rộn thứ ba của tiểu bang. Xa hơn về phía nam, gần ranh giới California-Oregon, là cộng đồng Ashland.",vie,vie,"[165998.0, 40080.0, 8016.0, 189044.0, 167000.0, 126252.0, 287908.0, 8016.0, 19706.0, 52772.0, 18370.0, 70474.0, 170674.0, 367734.0, 4715746.0]"
"Những quốc gia thành công nhất ở cuộc thi Hoa hậu Hoàn vũ bao gồm Mỹ (8 lần), Venezuela (7 lần) và Puerto Rico (5 lần). Một số quốc gia khác cũng có thành tích khá tốt tại cuộc thi này như Canada, Mexico, Cộng hòa Dominican, Brazil, Nhật Bản và Úc. Những quốc gia gần đây nhất mới tham dự là Latvia, Việt Nam (2005); Kazakhstan, (2006); Tanzania (2007); Kosovo (2008); Gabon và Litva (2012); Azerbaijan (2013); Sierra Leone (2016); Cambodia, Lào và Nepal (2017). Hiện nay có 4 quốc gia luôn luôn có mặt tại mọi kỳ thi Hoa hậu Hoàn vũ là Canada, Mỹ, Pháp và Đức.",vie,vie,"[113553.0, 28305.0, 7659.0, 157176.0, 170496.0, 73260.0, 269397.0, 4995.0, 7992.0, 30303.0, 9990.0, 61272.0, 128538.0, 326007.0, 3368628.0]"
"Ông sinh tại Montevideo, Uruguay, là con trai của chủ cabaret Moulin Rouge nổi tiếng ở đây. Ông học kiến trúc nhưng không theo đến cùng. Sự nghiệp viết nhạc của ông bắt đầu khi còn là anh sinh viên trẻ vào năm 1917. Tác phẩm đầu tiên được biết đến là """"La cumparsita"""" - bản nhạc ông viết cùng cây đàn dương cầm của Liên đoàn Sinh viên Uruguay (tiếng Tây Ban Nha: Federación de Estudiantes of Uruguay). Bản """"La cumparsita"""" trở thành một trong những nhạc phẩm tango được biết đến rộng rãi nhất nhưng thật mỉa mai, tác giả của nó ban đầu rất e dè không dám tự chơi nó; bản nhạc vì thế mà được biết đến nhiều qua phần biểu diễn của những người khác.",vie,vie,"[95948.0, 34860.0, 4980.0, 127156.0, 85324.0, 68392.0, 117528.0, 12284.0, 12616.0, 46812.0, 14608.0, 91300.0, 173968.0, 194884.0, 3701136.0]"
"Năm 1952, ông sang làm việc cho tờ Tân văn báo, phụ trách mục Chuyện trà buổi chiều, chuyên mục này giúp ông phát huy khả năng viết văn của mình hơn, ông rất thích, một phần vì khán giả cũng rất thích. Ông còn viết phê bình điện ảnh. Từ đó dần đi sâu vào lĩnh vực này. Từ 1953, rời Tân Văn báo, bắt tay vào viết một số kịch bản phim như Lan hoa hoa, Tuyệt đại giai nhân, Tam luyến… dưới bút danh Lâm Hoan. Những kịch bản này dựng lên được các diễn viên nổi tiếng thời bấy giờ như Hạ Mộng, Thạch Tuệ, Trần Tứ Tứ… diễn xuất. Được nhiều thành công đáng kể.",vie,vie,"[51967.0, 45678.0, 4965.0, 84074.0, 65207.0, 60573.0, 113864.0, 8606.0, 14564.0, 51967.0, 16881.0, 2317.0, 190325.0, 159542.0, 4282478.0]"
Blitzkrieg 3 (tiếng Nga: Блицкриг III) là trò chơi chiến lược thời gian thực trực tuyến nhiều người chơi đang trong quá trình phát triển dựa trên các sự kiện của Thế chiến II và là phần tiếp theo Blitzkrieg 2.,vie,vie,"[23430.0, 8580.0, 7590.0, 28050.0, 54450.0, 28710.0, 40260.0, 3960.0, 3300.0, 9240.0, 28380.0, 990.0, 51810.0, 61050.0, 968220.0]"
"Những khu rừng bạt ngàn rộng lớn trong lịch sử đã biến Oregon thành một trong những tiểu bang lâm nghiệp và sản xuất gỗ chính tại Hoa Kỳ. Tuy nhiên những vụ cháy rừng, thu hoạch vượt mức đã giảm thiểu số lượng gỗ sản xuất. Theo Viện Tài nguyên Rừng Oregon, giữa năm 1989 và 2001, số lượng gỗ thu hoạch từ những khu rừng liên bang đã giảm 96%, từ 10 triệu xuống 408 ngàn mét khối mặc dù mức thu hoạch trên đất rừng tư vẫn gần như không thay đổi. Mặc dù có chuyển hướng về hàng thành phẩm như giấy và vật liệu xây dựng nhưng điều đó cũng không làm chậm được sự suy giảm của nền công nghiệp về gỗ tại tiểu bang. Hậu quả của sự xuống dốc này bao gồm việc Weyerhaeuser thu mua hãng Công nghiệp Willamette có tổng hành dinh tại Portland vào tháng 1 năm 2002, việc di chuyển tổng hành dinh công ty của Louisiana Pacific từ Portland đến Nashville, và sự suy sụp của các cựu thị trấn của công ty gỗ như Gilchrist. Dù có những sự thay đổi như thế nhưng Oregon vẫn dẫn đầu Hoa Kỳ về sản xuất gỗ mềm; năm 2001, 14 triệu m³ được sản xuất tại Oregon, so với 10,05 triệu m³ tại tiểu bang Washington, 6,444 triệu m³ tại California, 5,694 triệu m³ tại Georgia, và 5,491 triệu m³) tại Mississippi.",vie,vie,"[193452.0, 65471.0, 10528.0, 257278.0, 256620.0, 147721.0, 463232.0, 15463.0, 23030.0, 81592.0, 78631.0, 118769.0, 270767.0, 561274.0, 6787599.0]"
"Về câu lạc bộ, đội bóng Nam Định (trước là Sở Công nghiệp Hà Nam Ninh) và SHB Đà Nẵng (trước là Quảng Nam-Đà Nẵng) dẫn đầu với 6 danh hiệu vua phá lưới (trong đó có 4 của Nguyễn Văn Dũng và 3 của Gaston Merlo).",vie,vie,"[39032.0, 10168.0, 3936.0, 57400.0, 65928.0, 27224.0, 85936.0, 4592.0, 7872.0, 19352.0, 24928.0, 22960.0, 61008.0, 94792.0, 1406792.0]"
"NTP là một trong những giao thức Internet lâu đời nhất vẫn còn được sử dụng (từ trước năm 1985). NTP được thiết kế đầu tiên bởi Dave Mills tại trường đại học Delaware, hiện ông vẫn còn quản lý nó cùng với một nhóm người tình nguyện.",vie,vie,"[36951.0, 18966.0, 4251.0, 45453.0, 33681.0, 20928.0, 65073.0, 4905.0, 8175.0, 12753.0, 5559.0, 19947.0, 56898.0, 79788.0, 1285764.0]"
"Năm 1945 tên gọi Ba Đình được đặt cho vườn hoa ngã sáu phía sau vườn bách thảo, nơi này Chủ tịch Hồ Chí Minh đã đọc bản tuyên ngôn độc lập khai sinh ra nước Việt Nam Dân chủ Cộng hóa ngày 2 tháng 9 năm 1945.",vie,vie,"[47270.0, 17604.0, 3912.0, 58680.0, 31296.0, 28036.0, 85738.0, 2934.0, 5216.0, 19234.0, 9128.0, 13366.0, 70090.0, 89976.0, 1352900.0]"
"Russell bắt đầu xuất bản các tác phẩm của mình vào năm 1896 với cuốn German Social Democracy (Nền dân chủ xã hội Đức), đây là nghiên cứu chính trị đã báo hiệu sớm cho một mối quan tâm cả đời đối với chính trị và các học thuyết xã hội. Năm 1896, ông dạy môn Dân chủ xã hội Đức tại Trường Kinh tế Luân Đôn (London School of Economics), cũng là nơi ông đã giảng về khoa học của quyền lực vào mùa thu năm 1937.",vie,vie,"[65000.0, 19500.0, 5850.0, 62400.0, 79625.0, 48100.0, 85475.0, 9425.0, 11050.0, 24375.0, 14950.0, 34125.0, 90350.0, 102050.0, 2214550.0]"
"Đội vô địch East of Scotland và South of Scotland sẽ thi đấu với nhau để chọn ra đội sẽ thi đấu ở Lowland League mùa giải tới. Tuy nhiên, điều này ảnh hưởng tới việc đăng ký chặt chẽ và điều kiện tham dự để có thể quyết định có được chấp nhận thi đấu hay không. Vì trận play-off không diễn ra, Threave Rovers vẫn ở lại hạng đấu mặc dù đứng cuối bảng.",vie,vie,"[41472.0, 16200.0, 6804.0, 44388.0, 76140.0, 36936.0, 62856.0, 6804.0, 5508.0, 19764.0, 9720.0, 29808.0, 96552.0, 106920.0, 1958904.0]"
"Năm 14 tuổi, tức năm 1938 thầy Đa Minh Nguyễn Văn Lãng theo học tại Tiểu chủng viện Lạng Sơn, sau đó học tiếp Đại chủng viện Xuân Bích, Hà Nội. Năm 1945, Đại chủng viện đóng cửa, ông bị gián đoạn việc học.",vie,vie,"[16150.0, 16150.0, 3553.0, 44251.0, 54910.0, 26809.0, 59109.0, 4522.0, 7752.0, 13243.0, 7106.0, 24548.0, 56525.0, 92378.0, 1607571.0]"
"Kaczyński đã nỗ lực rất lớn để tưởng niệm nhiều anh hùng dân tộc Ba Lan được gọi là những binh sĩ bị hành hạ đau khổ trong tay cảnh sát mật vụ Ba Lan, Bộ Dân ủy Nội vụ NKVD Liên Xô, Cục tình báo phản gián SMERSH của quân đội Liên Xô, cùng các cơ quan đàn áp khác của sự khủng bố cộng sản. Những anh hùng dân tộc này là Witold Pilecki, August Fieldorf, cùng nhiều người khác, đã được phục hồi danh dự sau khi chết và được truy tặng các huân chương cao nhất của Ba Lan.",vie,vie,"[80500.0, 29946.0, 4508.0, 104650.0, 111412.0, 50876.0, 224434.0, 11914.0, 6440.0, 21252.0, 53774.0, 49266.0, 106904.0, 226366.0, 2692242.0]"
"Thiếu việc làm đã thúc đẩy di cư. Có tới ba triệu người từ Burkina Faso sang sống ở Côte d'Ivoire. Theo Ngân hàng Trung ương Tây Phi, những người di cư mỗi năm gửi 10 tỉ Euro về Burkina Faso. Kể từ sự việc Ghana trục xuất người nhập cư năm 1967, việc di cư đã liên tục gây ra những sự căng thẳng ở những nước đến. Cuộc khủng hoảng gần đây nhất là vào năm 2003 ở Côte d'Ivoire dẫn tới sự hồi hương của 300.000 người di trú.",vie,vie,"[63237.0, 31137.0, 6741.0, 199020.0, 67410.0, 55212.0, 155685.0, 8346.0, 8025.0, 43656.0, 12840.0, 35310.0, 105288.0, 174624.0, 2714376.0]"
"Năm 1884, Vua Tự Đức ký hiệp ước Patenotre công nhận sự bảo hộ của Pháp. Thay mặt triều đình nhà Nguyễn tổng đốc Tôn Thất Bật đã ký kết hiệp ước, bán vùng Đông Triều, Uông Bí, Hòn Gai, Cẩm Phả cho Pháp với giá 25 vạn đồng. Ngày 24 tháng 8 năm 1886, Bavieaupour thành lập công ty Pháp mỏ than Bắc Kỳ (Société Francais des Charbonnages du Tôn Kin) độc quyền chiếm đoạt và khai thác than vùng Hòn Gai, Cẩm Phả, Mông Dương. Năm 1888, Pháp cho tiến hành thăm dò khai thác than trên cơ sở những lò cũ của dân bản xứ là người Sán Dìu, Thanh Phán, Kinh, Tày, Hoa...",vie,vie,"[111680.0, 39680.0, 6400.0, 343040.0, 151360.0, 79680.0, 206400.0, 11200.0, 43840.0, 33920.0, 67840.0, 109440.0, 151680.0, 304960.0, 3581120.0]"
"Routh là một nhà phản biện vững vàng tại hệ thống đua chen của Cambridge và khá thất vọng khi trường đại học này bắc đầu xuất bản kết quả các bài kiểm tra theo thứ tự an pha bê, nhận xét rằng """"Họ sẽ muốn thực hiện cuộc đua Derby theo thứ tự an pha bê tiếp theo"""".",vie,vie,"[14036.0, 10846.0, 3828.0, 30305.0, 21692.0, 32857.0, 51997.0, 5742.0, 5423.0, 18183.0, 7018.0, 1595.0, 54230.0, 65395.0, 1622753.0]"
"Trong ngoại giao, Kaczyński nhận thấy nhiều vấn đề khó khăn của Ba Lan liên quan tới sự thiếu an toàn năng lượng và vấn đề này phải được giải quyết để bảo vệ các quyền lợi của Ba Lan. Việc củng cố các quan hệ chặt chẽ với Hoa Kỳ trong khi tiếp tục phát triển các quan hệ bên trong Liên minh châu Âu là 2 mục tiêu chính của chính sách đối ngoại của Ba Lan, cũng như cải thiện các quan hệ với Pháp và Đức, mặc dù có nhiều vấn đề trong quan hệ với Đức. Ngoài 2 vấn đề trên, các mục tiêu trước mắt của ông là phát triển quan hệ đối tác chiến lược rõ ràng với Ukraina và hợp tác nhiều với các nước vùng biển Baltic cùng Gruzia. Ông rất được ngưỡng mộ ở Israel, vì đã xúc tiến việc giáo dục thanh thiếu niên Ba Lan về Holocaust. Có nhiều người Israel đã rất đau buồn về cái chết của ông.",vie,vie,"[89358.0, 31164.0, 5406.0, 98580.0, 89994.0, 76320.0, 160590.0, 13038.0, 20034.0, 46428.0, 26712.0, 10176.0, 164724.0, 218784.0, 4482210.0]"
"Hệ thống hang đào của chuột nhảy hai chân khá phức tạp. Các hang đào đều có nhiều loại """"phòng"""" riêng biệt với công năng riêng cho mỗi phòng, tỉ như phòng ngủ, phòng sinh hoạt và nơi dự trữ thức ăn. Phòng rộng hay hẹp tùy vào số cá thể trong hang cũng như số lượng thức ăn. Chuột nhảy hai chân cũng có thể sống theo từng bầy với số hang đào của mỗi bầy dao động từ 6 đến vài trăm cái. Hang đào đóng vai trò quan trọng trong đời sống của chuột nhảy hai chân vì chúng cung cấp một nơi nơi trú ẩn an toàn trước điều kiện hoang mạc không mấy dễ chịu. Nhằm duy trì nhiệt độ và độ ẩm thích hợp trong hang, vào ban ngày các cửa hang đều được bịt kín bằng đất. Khi nhiệt độ bên ngoài quá cao, chuột nhảy hai chân ở lì trong cái hang mát mẻ, dễ chịu suốt cả ngày và chỉ rời hang vào ban đêm. Nhằm duy trì độ ẩm cao, khi ngủ chuột nhảy hai chân che phủ mũi của chúng bằng bộ lông để tích trữ hơi nước sản sinh ra trong quá trình hô hấp. Hang đảo của chuột nhảy hai chân Merriam tỏ ra đơn giản hơn và nông hơn so với chuột nhảy hai chân đuôi cờ. Chuột nhảy hai chân đuôi cờ, trái với đồng hương Merriam, cũng thực hiện hành vi giao phối trong hang.",vie,vie,"[61815.0, 65302.0, 9510.0, 133457.0, 115071.0, 104610.0, 194321.0, 8242.0, 20288.0, 63717.0, 41844.0, 17752.0, 321755.0, 316683.0, 7253277.0]"
Vườn thực vật hoàng gia Kew; Đại học Harvard; Australian Plant Name Index (biên tập). “Angelica glauca”. International Plant Names Index. Truy cập ngày 10 tháng 6 năm 2013.,vie,vie,"[38868.0, 12640.0, 6004.0, 35708.0, 43292.0, 21488.0, 74576.0, 1580.0, 13904.0, 10428.0, 15484.0, 27808.0, 33496.0, 71100.0, 501176.0]"
"Năm 1972 sau khi viết cuốn tiểu thuyết cuối cùng, ông đă chính thức nghỉ hưu và dành những năm sau đó biên tập, chỉnh sửa các tác phẩm văn học của mình. Lần hoàn chỉnh đầu tiên là vào năm 1979. Lúc đó, các tiểu thuyết võ hiệp của ông đă được nhiều độc giả biết điến. Các tác phẩm đã được chuyển thể thành phim truyền hình. Năm sau, ông tham gia giới chính trị Hồng Kông. Ông là thành viên của ủy ban phác thảo Đạo luật cơ bản Hồng Kông. Ông cũng là thành viên của Ủy ban chuẩn bị giám sát sự chuyển giao của Hồng Kông về chính phủ Trung Quốc.",vie,vie,"[43785.0, 31185.0, 5040.0, 78750.0, 68040.0, 55755.0, 99540.0, 5355.0, 12915.0, 33390.0, 11655.0, 2205.0, 148050.0, 162855.0, 3510045.0]"
"Ngày 7 tháng 8 năm 2007, Tòa án Nhân dân Hà Nội đã tuyên án Bùi Tiến Dũng 13 năm tù vì hai tội danh: đánh bạc và đưa hối lộ . Bùi Tiến Dũng còn bị phạt 50 triệu đồng tội đánh bạc và một tỷ đồng tội đưa hối lộ.",vie,vie,"[36424.0, 17270.0, 4710.0, 41762.0, 35482.0, 29202.0, 43018.0, 3140.0, 9106.0, 12874.0, 5338.0, 3454.0, 61230.0, 91374.0, 1553044.0]"
"Fiorenzuola d'Arda là một đô thị và cộng đồng (comune) ở tỉnh Piacenza trong vùng Emilia-Romagna nước Ý. Đô thị Fiorenzuola d'Arda có diện tích ki lô mét vuông, dân số thời điểm năm 31 tháng 5 năm 2005 là 13.976 người. Đô thị này có các đơn vị dân cư (frazioni) sau: Các đô thị giáp ranh:",vie,vie,"[100160.0, 18780.0, 4695.0, 88579.0, 77624.0, 45698.0, 310809.0, 6886.0, 8764.0, 34743.0, 25979.0, 26918.0, 70425.0, 194373.0, 908639.0]"
Vườn thực vật hoàng gia Kew; Đại học Harvard; Australian Plant Name Index (biên tập). “Lobelia physaloides”. International Plant Names Index. Truy cập ngày 18 tháng 6 năm 2013.,vie,vie,"[40248.0, 13104.0, 6240.0, 33696.0, 42120.0, 21528.0, 70824.0, 2184.0, 13416.0, 10608.0, 15912.0, 27144.0, 32448.0, 77688.0, 505440.0]"
"Cẩm Phả có diện tích tự nhiên 486,45 km², địa hình chủ yếu đồi núi. Đồi núi chiếm 55,4% diện tích, vùng trung du 16,29%, đồng bằng 15,01% và vùng biển chiếm 13,3%. Ngoài biển là hàng trăm hòn đảo nhỏ, phần lớn là đảo đá vôi. Nhiệt độ trung bình năm khoảng 23oC, độ ẩm trung bình 84,6%, lượng mưa hàng năm 2.307 mm, mùa đông thường có sương mù.",vie,vie,"[101075.0, 20837.0, 9019.0, 58157.0, 40119.0, 53181.0, 68731.0, 4043.0, 9952.0, 26435.0, 12440.0, 39186.0, 90501.0, 132175.0, 2134393.0]"
"Quy Nhơn là thành phố ven biển miền Trung Việt Nam và là trung tâm kinh tế, chính trị, văn hóa, khoa học kỹ thuật và du lịch của tỉnh Bình Định. Trước khi thuộc về Việt Nam, Quy Nhơn từng là đất của người Champa nên xung quanh thành phố hiện vẫn tồn tại nhiều di tích Chăm. Sau năm 1975, Quy Nhơn thành thị xã tỉnh lị trực thuộc tỉnh Nghĩa Bình rồi chính thức trở thành thành phố vào năm 1986. Đến năm 1989 thì trở thành tỉnh lị của Bình Định cho đến nay. Với sự phát triển không ngừng của mình, Quy Nhơn đã được thủ tướng chính phủ công nhận là đô thị loại I trực thuộc tỉnh vào năm 2010 và được bình chọn là điểm đến hàng đầu Đông Nam Á bởi tạp chí du lịch Rough Guides của Anh vào năm 2015.",vie,vie,"[123380.0, 34100.0, 4650.0, 103540.0, 138880.0, 72540.0, 130820.0, 7440.0, 21700.0, 34100.0, 15500.0, 66340.0, 195300.0, 265050.0, 4107190.0]"
"Cúp quốc gia Scotland 2004–05 là mùa giải thứ 120 của giải đấu bóng đá loại trực tiếp uy tín nhất Scotland, vì lý do tài trợ nên có tên gọi là Cúp quốc gia Scotland Tennent. Chức vô địch thuộc về Celtic, đội bóng đánh bại Dundee United 1–0 trong trận Chung kết; đây là trận đấu cuối cùng của Martin O'Neill với tư cách là huấn luyện viên Celtic.",vie,vie,"[59637.0, 19158.0, 6180.0, 79104.0, 85902.0, 40788.0, 129471.0, 3708.0, 6489.0, 15450.0, 31827.0, 28737.0, 74160.0, 179220.0, 1637391.0]"
Cầu thủ trẻ nhất ra sân ở giải V-League: Nguyễn Công Thành sinh ngày 5 tháng 10 năm 1997 khi anh vào sân thay người ở phút 61 trong trận đấu ngày 10 tháng 1 năm 2015 trên sân vận động Cao Lãnh giữa Đồng Tháp và XSKT Cần Thơ. Cầu thủ đứng sau kỷ lục của Nguyễn Công Thành là Nguyễn Lam sinh ngày 26 tháng 12 năm 1997 vào sân ở phút 61 trong trận thua 4-0 của Hoàng Anh Gia Lai trước QNK Quảng Nam trên sân Tam Kỳ ngày 15 tháng 7 năm 2015.,vie,vie,"[99792.0, 21252.0, 7392.0, 111496.0, 116424.0, 59136.0, 153384.0, 8932.0, 8932.0, 32648.0, 22484.0, 42812.0, 130900.0, 219912.0, 2483404.0]"
"Phạm Xuân Quắc, sinh năm 1946; Thiếu tướng Công an Nhân dân Việt Nam, nguyên Cục trưởng Cục Cảnh sát Điều tra Tội phạm về Trật tự Xã hội (C14), Phó Thủ trưởng Cơ quan Cảnh sát Điều tra thuộc Bộ Công an Việt Nam.",vie,vie,"[38375.0, 11052.0, 3377.0, 42366.0, 41445.0, 26709.0, 34077.0, 3377.0, 7061.0, 18727.0, 11359.0, 17499.0, 71838.0, 102231.0, 1253788.0]"
Vườn thực vật hoàng gia Kew; Đại học Harvard; Australian Plant Name Index (biên tập). “Saxifraga fortunei”. International Plant Names Index. Truy cập ngày 16 tháng 7 năm 2013.,vie,vie,"[36414.0, 12240.0, 5508.0, 33660.0, 42228.0, 21114.0, 76500.0, 2142.0, 13464.0, 9792.0, 16218.0, 26316.0, 32742.0, 71910.0, 488988.0]"
"Trong tháng 5, năm 2008, Shayne bắt tay vào tour diễn dài tháng tại Anh đặt tên là The Tour Breathless 2008. Shayne xuất hiện lần đầu trên sân khấu O2 Arena ở London và viếng thăm thị trấn nhà của ông tại Manchester, MEN Arena. Anh cũng thực hiện chương trình của mình như là một hành động hỗ trợ cho các tour du lịch năm 2008 của Westlife trước một đám đông hơn 80.000 người tại Croke Park của Ai-len. Shayne cũng đã chơi trong đêm khai mạc tại O2, Dublin, tại buổi Cheerios Childline ngày 16 tháng 12 năm 2008.",vie,vie,"[94550.0, 27450.0, 9150.0, 75945.0, 129015.0, 66795.0, 169885.0, 5795.0, 15250.0, 29890.0, 28060.0, 82045.0, 122305.0, 191540.0, 2501000.0]"
"Năm 1955, sau khi Quốc trưởng Bảo Đại bị truất phế, Thủ tướng Ngô Đình Diệm tuyên bố thành lập VNCH, và QĐQGVN từ đó đổi tên là Quân đội Việt Nam Cộng hòa (viết tắt là QĐVNCH). Cùng năm 1955, Bộ Tổng tham mưu không còn tùy thuộc hệ thống chỉ huy Pháp.",vie,vie,"[50464.0, 20064.0, 2736.0, 49248.0, 31008.0, 32528.0, 56544.0, 1216.0, 7904.0, 15200.0, 5776.0, 20064.0, 69616.0, 91200.0, 1750128.0]"
Vườn thực vật hoàng gia Kew; Đại học Harvard; Australian Plant Name Index (biên tập). “Psychotria winitii”. International Plant Names Index. Truy cập ngày 5 tháng 6 năm 2013.,vie,vie,"[36663.0, 12120.0, 6363.0, 32421.0, 42420.0, 19998.0, 73629.0, 2121.0, 14241.0, 10908.0, 15756.0, 30300.0, 32421.0, 70599.0, 467529.0]"
"Ngày 19.3.2005, ông chính thức tuyên bố ý định ứng cử tổng thống trong cuộc bầu cử tháng 10 năm 2005. Được bầu làm tổng thống nước Cộng hòa Ba Lan, khi đánh bại người về nhì Donald Tusk, bằng 54,04% phiếu bầu thu được, Kaczyński đã đảm nhiệm chức vụ ngày 23.12.2005 bằng việc tuyên thệ nhậm chức trước Quốc hội.",vie,vie,"[77312.0, 25066.0, 6644.0, 80030.0, 83956.0, 41374.0, 157946.0, 6342.0, 36844.0, 31408.0, 31106.0, 67950.0, 100264.0, 160060.0, 1797504.0]"
"Shayne Ward từng có mối tình đẹp với Faye McKeever kể từ năm 2004, năm 2012 họ đã đính hôn nhưng tiếc là vào đầu 2014 họ đã chia tay sau 10 năm yêu nhau.",vie,vie,"[27391.0, 10234.0, 5418.0, 38528.0, 40033.0, 21371.0, 66220.0, 3612.0, 3311.0, 12943.0, 5117.0, 18361.0, 52976.0, 81571.0, 939120.0]"
"Chuột nhảy hai chân thu thập và cất trữ tất cả các loại thực phẩm mà chúng tìm thấy trong quá trình tìm kiếm thức ăn cho mình. Trong mỗi lần đi kiếm ăn như vậy, chúng buộc lòng phải thu thập được lượng thực phẩm nhiều hơn hẳn so với số lương thực chúng tiêu thụ trong thời gian kiếm ăn; và chúng cũng phải chôn giấu kỹ lưỡng các thực phẩm kiếm được cũng như có biện pháp nhận diện các kho thức ăn của mình, điều này đảm bảo cho việc chúng có đủ số lương thực cần thiết để sống sót. Mỗi loài chuột nhảy hai chân có một phương pháp kiếm ăn riêng và nguồn thức ăn cũng không hoàn toàn giống nhau, điều này giúp chúng có thể tồn tại chung với nhau trong cùng một hệ sinh thái. Ví dụ như trong trường hợp của chuột nhảy hai chân Merriam và đồng loại đuôi cờ vốn có nguồn thức ăn chồng lấp lên nhau: chuột Merriam cất trữ thức ăn trong nhiều hang nhỏ nằm rải rác và gần hang trú ẩn để tiện việc đi lại, tăng hiệu quả thu thập lương thực; còn chuột nhảy hai chân đuôi cờ chôn giấu thức ăn trong một số ít các hang lớn giúp chúng tiết kiệm thời gian, công sức (ví dụ đỡ mất thì giờ đào nhiều hang) và giảm nguy cơ bị các loài ăn thịt săn bắt trong khi chạy long nhong bên ngoài hang ổ của mình.",vie,vie,"[55800.0, 58800.0, 9300.0, 132900.0, 125100.0, 102300.0, 198300.0, 12900.0, 24000.0, 70500.0, 39900.0, 69900.0, 331200.0, 322800.0, 6978900.0]"
"a Vào năm 2002, Fedorova đã bị Tổ chức Hoa hậu Hoàn vũ tước vương miện và thay thế bằng Á hậu 1 là Pasek.b Năm 1957, Gage bị tước danh hiệu Hoa hậu Mỹ khi có thông tin cô đã có chồng và là mẹ của hai đứa con. Sheffield, Á hậu 1 đã thay thế cô.",vie,vie,"[39767.0, 17641.0, 5083.0, 47840.0, 42159.0, 31694.0, 52026.0, 5382.0, 3588.0, 20033.0, 10166.0, 2990.0, 59202.0, 95381.0, 1553604.0]"
"Bùi Tiến Dũng đưa ra lý do kháng cáo là: đã tích cực khai báo, gia đình có công và bản thân cũng được tặng thưởng nhiều huân, huy chương nhưng không được tòa sơ thẩm tính đến khi xét xử. Bên cạnh đó, tội đưa hối lộ của ông mới chỉ dừng lại ở giai đoạn ý định và chưa thực hiện được.",vie,vie,"[37846.0, 19370.0, 3874.0, 34270.0, 31290.0, 25628.0, 44104.0, 6258.0, 5066.0, 13410.0, 8344.0, 14006.0, 75692.0, 76586.0, 1852368.0]"
Neolophonotus maculipennis là một loài ruồi trong họ Asilidae. Neolophonotus maculipennis được Lindner miêu tả năm 1955. Loài này phân bố ở vùng nhiệt đới châu Phi.,vie,vie,"[41580.0, 9801.0, 3267.0, 43659.0, 36531.0, 19305.0, 66231.0, 2673.0, 8316.0, 15147.0, 9504.0, 29700.0, 37422.0, 87318.0, 551232.0]"
"Shayne Ward có 6 anh chị em, trong đó có chị gái sinh đôi có tên Emma. Trước khi tham gia The X Factor, Ward từng có một ban nhạc tên là Destiny với hai thành viên nữ khác có tên Tracy Murphy và Tracey Lyle. Họ đã biểu diễn ở những đám cưới, câu lạc bộ và quán bar.",vie,vie,"[35224.0, 9768.0, 6216.0, 30784.0, 46768.0, 26640.0, 43512.0, 6216.0, 2368.0, 14504.0, 5920.0, 5032.0, 52392.0, 63048.0, 1293816.0]"
"Chính quyền tiểu bang Oregon có một sự chia sẻ quyền lực tương tự như chính phủ liên bang. Nó có ba ngành, được gọi là những bộ theo Hiến pháp Oregon:",vie,vie,"[15930.0, 10915.0, 1475.0, 18585.0, 20650.0, 15635.0, 25370.0, 1770.0, 5015.0, 8850.0, 2655.0, 7375.0, 29795.0, 48675.0, 775850.0]"
Vườn thực vật hoàng gia Kew; Đại học Harvard; Australian Plant Name Index (biên tập). “Epidendrum morrisii”. International Plant Names Index. Truy cập ngày 7 tháng 6 năm 2013.,vie,vie,"[37044.0, 11466.0, 6174.0, 30870.0, 39102.0, 19698.0, 65562.0, 2646.0, 11760.0, 10584.0, 14700.0, 24990.0, 31458.0, 70266.0, 454524.0]"
Bộ trưởng quốc phòng Radosław Sikorski đã so sánh đường ống dẫn khí đốt Nga-Đức Nord Stream với hiệp ước Ribbentrop-Molotov và bộ trưởng ngoại giao Anna Fotyga nói rằng đường ống dẫn khí này là một đe dọa đối với sự an toàn năng lượng của Ba Lan.,vie,vie,"[44536.0, 11427.0, 1758.0, 37504.0, 67683.0, 27542.0, 56256.0, 6446.0, 3516.0, 13478.0, 27542.0, 19631.0, 51568.0, 99620.0, 1085565.0]"
"Cha ông Hoàng Kỳ Anh là một trong 10 con hổ trong Quảng Đông thập hổ. Một trong những điểm đáng chú ý của Hoàng Phi Hồng là tinh thần cầu tiến, ham học hỏi, người ta nói rằng ông còn học võ của bà vợ cả là một danh thủ thuộc một môn phái khác.",vie,vie,"[9636.0, 14600.0, 2628.0, 37084.0, 21316.0, 24528.0, 42048.0, 2920.0, 5840.0, 13140.0, 4672.0, 1752.0, 54604.0, 46720.0, 1585560.0]"
"Theo nhà sử học Vũ Ngự Chiêu thì QLVNCH chỉ có thể kiểm soát được khoảng 20-30% dân số miền Nam. Phần còn lại sống trong những vùng MTDTGPMN kiểm soát một phần hoặc toàn bộ. Ngay trong số 20-30% dân chúng trong vùng do Việt Nam Cộng hòa kiểm soát, nhiều người cũng không ủng hộ quân đội và chia làm nhiều phe phái chống lại nhau vì những lý do như tôn giáo (Thiên Chúa giáo - Phật giáo), sắc tộc (người Việt - người Hoa), vùng miền (người miền Bắc - người miền Nam)",vie,vie,"[34629.0, 27063.0, 2619.0, 66348.0, 42195.0, 44232.0, 75951.0, 5238.0, 9894.0, 21825.0, 10185.0, 4074.0, 126003.0, 127749.0, 3052008.0]"
Huyện Žďár nad Sázavou có 195 khu tự quản sau: Baliny - Blažkov - Blízkov - Bobrová - Bobrůvka - Bohdalec - Bohdalov - Bohuňov - Borovnice - Bory - Březejc - Březí nad Oslavou - Březí - Březské - Budeč - Bukov - Býšovec - Bystřice nad Pernštejnem - Černá - Chlumek - Chlumětín - Chlum-Korouhvice - Cikháj - Dalečín - Daňkovice - Dlouhé - Dobrá Voda - Dolní Heřmanice - Dolní Libochová - Dolní Rožínka - Fryšava pod Žákovou horou - Hamry nad Sázavou - Herálec - Heřmanov - Hodíškov - Horní Libochová - Horní Radslavice - Horní Rožínka - Jabloňov - Jámy - Javorek - Jimramov - Jívoví - Kadolec - Kadov - Karlov - Kněževes - Koroužné - Kotlasy - Kozlov - Krásné - Krásněves - Křídla - Křižánky - Křižanov - Křoví - Kuklík - Kundratice - Kyjov - Lavičky - Lhotka - Lísek - Líšná - Malá Losenice - Martinice - Matějov - Měřín - Milasín - Milešín - Mirošov - Moravec - Moravecké Pavlovice - Netín - Nížkov - Nová Ves - Nová Ves u Nového Města na Moravě - Nové Dvory - Nové Město na Moravě - Nové Sady - Nové Veselí - Nový Jimramov - Nyklovice - Obyčtov - Ořechov - Oslavice - Osová Bítýška - Osové - Ostrov nad Oslavou - Otín - Pavlínov - Pavlov - Petráveč - Pikárec - Písečné - Počítky - Poděšín - Podolí - Pokojov - Polnička - Prosetín - Račice - Račín - Radenice - Radešín - Radešínská Svratka - Radkov - Radňoves - Radňovice - Radostín nad Oslavou - Radostín - Řečice - Rodkov - Rosička - Rousměrov - Rovečné - Rožná - Rozseč - Rozsochy - Ruda - Rudolec - Sázava - Sazomín - Sejřek - Sirákov - Sklené - Sklené nad Oslavou - Skorotice - Škrdlovice - Skřinářov - Sněžné - Spělkov - Štěpánov nad Svratkou - Strachujov - Stránecká Zhoř - Strážek - Střítež - Sulkovec - Světnov - Sviny - Svratka - Tasov - Tři Studně - Ubušínek - Uhřínov - Ujčov - Újezd - Unčín - Vatín - Věchnov - Věcov - Velká Bíteš - Velká Losenice - Velké Janovice - Velké Meziříčí - Velké Tresné - Vepřová - Věstín - Věžná - Vídeň - Vidonín - Vír - Vlachovice - Vlkov - Vojnův Městec - Vysoké - Záblatí - Zadní Zhořec - Ždánice - Žďár nad Sázavou - Znětínek - Zubří - Zvole,tur,vie,"[1758850.0, 98600.0, 8990.0, 755740.0, 1011230.0, 355830.0, 1213650.0, 89030.0, 130210.0, 300440.0, 221270.0, 590150.0, 354670.0, 2018110.0, 758060.0]"
"Phương Đình Trung hay Công tử Phương, là anh cả trong số 7 anh em của gia đình Hắc Công tử Ba Huy và cũng là một tay ăn chơi có hạng.. Khi miền Nam manh nha nền công nghiệp xay sát lúa gạo, ông Phương Đình Hậu, cha của ông Phương, đã bỏ ra một số vốn khổng lồ để cất """"nhà máy lửa"""" mang tên Hậu Giang, giao cho Công tử Phương cai quản. Đây có thể là một nhà máy lớn nhất Nam Bộ dạo đó, với công suất xay lúa 15 tấn một ngày. Là chủ một nhà máy lớn nên ông Đinh giàu sang nhanh chóng và là tay ăn chơi có hạng. Trong một lần, khi đưa gạo sang Nam Vang (Campuchia) bán, giao du với tầng lớp giàu có ở đó, công tử Đinh quen với một tài xế xe trong cung vua, có người vợ đẹp mê hồn. Do quen với cách ăn nói của một công tử, Đinh ngỏ ý với gã tài xế: """"Mày bán vợ cho tao, bao nhiêu tao cũng mua"""". Tài xế nổi nóng, thách thức: """"20.000 đồng đó, ông có tiền mua không?"""" (Hồi đó, giá 20 cân thóc chỉ một hào). Tưởng nói cho bõ giận, ai dè Hai Đinh mua thật. Vợ người tài xế đó đã ở với Trần Trinh Đinh cho đến cuối đời .",vie,vie,"[173689.0, 62713.0, 4624.0, 146234.0, 210681.0, 117334.0, 182937.0, 13294.0, 19652.0, 57800.0, 20519.0, 96237.0, 301716.0, 434367.0, 7295227.0]"
"Vì không có một quy định thống nhất nào nên tất cả những quy ước trên đều được dùng, đôi khi, ngay cả trong cùng một bài viết. Song vì quy ước của chúng khá rõ ràng và biệt lập nên ít khi có những trắc trở xảy ra.",vie,vie,"[8640.0, 12384.0, 2304.0, 18720.0, 10944.0, 19008.0, 36000.0, 3456.0, 4032.0, 7776.0, 5472.0, 12096.0, 68256.0, 50688.0, 1272960.0]"
Vườn thực vật hoàng gia Kew; Đại học Harvard; Australian Plant Name Index (biên tập). “Neosparton darwinii”. International Plant Names Index. Truy cập ngày 8 tháng 6 năm 2013.,vie,vie,"[34727.0, 11480.0, 5740.0, 35301.0, 38458.0, 19229.0, 69454.0, 1435.0, 13489.0, 9184.0, 13489.0, 27552.0, 29848.0, 76916.0, 445424.0]"
"Chủ nghĩa Mác không cần thiết xem những nhóm người được miêu tả ở trên là tầng lớp trung lưu. Tầng lớp trung lưu không phải là một tiêu chí cố định trong Chủ nghĩa Mác, và tranh cãi tiếp tục diễn ra về nội dung của nhóm xã hội này.",vie,vie,"[11154.0, 14300.0, 4576.0, 24596.0, 17732.0, 18304.0, 37752.0, 2574.0, 5148.0, 9152.0, 5148.0, 3718.0, 50622.0, 53482.0, 1327898.0]"
Côm da hay nhôi (danh pháp khoa học: Elaeocarpus viguieri) là một loài thực vật có hoa trong họ Côm. Loài này được Gagnep. mô tả khoa học đầu tiên năm 1915.,vie,vie,"[45315.0, 9120.0, 3990.0, 47025.0, 23655.0, 18240.0, 38760.0, 3135.0, 3135.0, 17955.0, 8835.0, 13395.0, 34770.0, 80085.0, 618450.0]"
"Ngoài 3 thiên sử thi nói trên, Virgil còn được coi là tác giả của một số trường ca tập hợp dưới tên gọi Appendix Vergiliana (tạm dịch: Phần phụ lục của Virgil) gồm: Ciris, Moretum và Сора.",vie,vie,"[28968.0, 5396.0, 1988.0, 24708.0, 33512.0, 20448.0, 62764.0, 1704.0, 2840.0, 14200.0, 7100.0, 19028.0, 41748.0, 64752.0, 904256.0]"
Bergeranthus vespertinus là một loài thực vật có hoa trong họ Phiên hạnh. Loài này được (Berger) Schwantes mô tả khoa học đầu tiên năm 1926.,vie,vie,"[30847.0, 6226.0, 3113.0, 29715.0, 32262.0, 13018.0, 30281.0, 1698.0, 3396.0, 11320.0, 2547.0, 9905.0, 26885.0, 44714.0, 381767.0]"
Vườn thực vật hoàng gia Kew; Đại học Harvard; Australian Plant Name Index (biên tập). “Physaria cinerea”. International Plant Names Index. Truy cập ngày 15 tháng 6 năm 2013.,vie,vie,"[33558.0, 11844.0, 5640.0, 30456.0, 36660.0, 18612.0, 64578.0, 1410.0, 12690.0, 9306.0, 13536.0, 25098.0, 29892.0, 64014.0, 448098.0]"
"Giống như tất cả các loài thuộc chi Conus, chúng là loài săn mồi và có nọc độc. Chúng có khả năng """"đốt"""" con người, do vậy khi cầm chúng phải hết sức cẩn thận.",vie,vie,"[12645.0, 9554.0, 3372.0, 19670.0, 15174.0, 17141.0, 31472.0, 2248.0, 4496.0, 10959.0, 6182.0, 10959.0, 46365.0, 50861.0, 1018625.0]"
"Địa khu (地区; tiếng Anh: prefecture). Hiện nay các địa khu đã được thay thế gần hết bằng thành phố trực thuộc tỉnh. Cả nước chỉ còn 7 địa khu, chỉ tồn tại ở 3 tỉnh và khu tự trị là: Khu tự trị Tây Tạng (1 địa khu), Khu tự trị Tân Cương (5 địa khu) và Hắc Long Giang (1 địa khu).",vie,vie,"[41160.0, 15400.0, 2520.0, 38920.0, 34160.0, 31360.0, 48440.0, 8120.0, 12600.0, 14840.0, 8120.0, 13160.0, 70280.0, 84560.0, 1536640.0]"
"Ước tính được đưa ra tính đến tháng 9 năm 2004 cho thấy một sự gia tăng dân hàng chục phần trăm trong nhóm người nói tiếng Tây Ban Nha và người gốc Á châu từ Điều tra Dân số năm 2000. Khoảng 60% trong số 138.197 cư dân mới là từ các nhóm dân thiểu số. Sự gia tăng dân số của người gốc Á châu phần đông là tại vùng đô thị Portland, Salem, và Eugene; riêng người nói tiếng Tây Ban Nha thì gia tăng khắp nơi trong tiểu bang.",vie,vie,"[75888.0, 18972.0, 5301.0, 46593.0, 41013.0, 57195.0, 81468.0, 6975.0, 8928.0, 13392.0, 9486.0, 20367.0, 85374.0, 135873.0, 2345553.0]"
"Địa cấp thị (地级市; bính âm: dìjí shì) là một đơn vị hành chính cấp địa khu (地区级, địa khu cấp hay 地级, địa cấp) tại Cộng hòa Nhân dân Trung Hoa. Đây là cấp hành chính thứ hai trong thứ bậc các cấp hành chính, dưới cấp tỉnh nhưng trên cấp huyện. Ở Việt Nam không có cấp tương đương với cấp địa khu. Địa cấp thị nghĩa là thành phố cấp địa khu, cũng có khi được gọi là thành phố trực thuộc tỉnh (省辖市, tỉnh hạt thị, tiếng Anh: provincial city) nhưng không phải là khu vực thành thị theo nghĩa hẹp của từ này. Địa cấp thị thường là một khu vực hành chính có một hoặc một số quận trung tâm/vùng ven/ngoại ô làm nòng cốt, xung quanh là các đơn vị cấp huyện nông thôn có thể có diện tích và dân số lớn hơn rất nhiều so với thành phố trung tâm đó. Lý do là trước đây, địa khu bao gồm các thị xã (Huyện cấp thị) và các huyện (kể cả huyện tự trị), nay được thay thế gần hết bằng địa cấp thị. Muốn nói đến khu vực thành thị thực sự, người ta dùng chữ thị khu/quận (市区, shìqū), để phân biệt với khu vực nông thôn. Mỗi địa cấp thị có thể bao gồm các quận nội thành, huyện và thị xã (Huyện cấp thị).",vie,vie,"[165132.0, 131772.0, 5004.0, 123432.0, 82288.0, 110644.0, 174028.0, 24464.0, 45870.0, 50040.0, 23908.0, 71724.0, 229628.0, 282170.0, 5649516.0]"
Vườn thực vật hoàng gia Kew; Đại học Harvard; Australian Plant Name Index (biên tập). “Arabis scabra”. International Plant Names Index. Truy cập ngày 9 tháng 6 năm 2013.,vie,vie,"[31578.0, 10803.0, 5817.0, 28808.0, 37118.0, 18559.0, 65095.0, 1662.0, 13296.0, 8310.0, 13573.0, 26592.0, 28531.0, 64818.0, 429073.0]"
"Các hoa đực không có đài hay tràng hoa; chúng chỉ bao gồm các nhị, với số lượng từ 2 tới 10, được kèm theo là tuyến mật hoa và gài vào phần đế của vảy bắc sinh ra trên trục của cành hoa rủ xuống (hoa đuôi sóc). Vảy bắc này hình ôvan, liền và nhiều lông tơ. Các bao phấn màu hồng khi ở dạng chồi nhưng có màu vàng cam hay tía sau khi hoa nở, chúng là dạng 2 ngăn và các ngăn mở theo chiều dọc. Các chỉ nhị tương tự như sợi chỉ, thường có màu vàng nhạt và nhiều lông tơ.",vie,vie,"[43056.0, 28980.0, 3036.0, 52164.0, 65688.0, 48024.0, 73968.0, 3864.0, 7176.0, 22908.0, 4416.0, 38640.0, 101292.0, 141312.0, 2787600.0]"
"Mặc dù có bằng chứng đáng kể rằng con người đã sống trong vùng Tây Bắc Thái Bình Dương 15.000 năm trước đây, ghi nhận đầu tiên về các hoạt động của con người tại nơi mà ngày nay là Oregon được nhà khảo cổ Luther Cressman khám phá vào năm 1938. Ông đã tìm thấy những đôi dép bằng vỏ cây sage gần Đồn Rock Cave. Điều đó chứng tỏ là con người đã sinh sống tại Oregon ít nhất là 13.200 năm trước đây. Khoảng năm 8000 trước Công nguyên, có nhiều khu định cư khắp nơi trên tiểu bang, đa số tập trung dọc theo hạ lưu Sông Columbia, trong các thung lũng miền tây, và quanh các nhánh sông duyên hải.",vie,vie,"[99275.0, 28600.0, 6050.0, 120175.0, 89375.0, 58850.0, 171325.0, 6875.0, 8525.0, 33000.0, 48400.0, 47025.0, 126225.0, 218625.0, 3016750.0]"
"NTP sử dụng thuật toán Marzullo, và nó cũng hỗ trợ các tính năng như giây nhuận. NTPv4 thông thường có thể đảm bảo độ chính xác trong khoảng 10 mili giây (1/100 s) trên mạng Internet công cộng, và có thể đạt đến độ chính xác 200 micro giây (1/5000 s) hay hơn nữa trong điều kiện lý tưởng của môi trường mạng cục bộ.",vie,vie,"[42470.0, 19728.0, 4932.0, 38086.0, 49320.0, 34250.0, 73706.0, 5480.0, 8494.0, 24660.0, 26852.0, 30414.0, 55896.0, 107682.0, 1366438.0]"
"Trong một khu rừng nếu một loài cây nào đó chiếm trên 95% thì rừng đó được coi là rừng thuần loài, còn rừng có từ 2 loài cây trở lên với tỷ lệ sấp xỉ nhau thì là rừng hỗn loài.",vie,vie,"[21294.0, 10374.0, 2457.0, 22386.0, 13650.0, 17472.0, 24024.0, 3276.0, 5187.0, 10101.0, 4914.0, 3276.0, 44499.0, 53781.0, 940212.0]"
"Dân cư tập trung chủ yếu phía nam và trung tâm đất nước, đôi khi có mật độ hơn 48 người/km². Mật độ dân cư cao là căn nguyên hàng năm của việc hàng trăm nghìn dân di cư lao động mùa vụ.",vie,vie,"[21760.0, 7888.0, 4080.0, 20400.0, 17680.0, 19584.0, 32912.0, 3264.0, 3536.0, 4624.0, 5168.0, 1904.0, 53312.0, 47056.0, 1116560.0]"
"Tái chiết khấu là việc ngân hàng thương mại hoặc ngân hàng trung ương thực hiện việc mua lại các giấy tờ có giá còn thời hạn thanh toán và đáng tin cậy thuộc sở hữu của các ngân hàng khác theo tỉ suất tái chiết khấu nhất định. Các giấy tờ có giá này đã được các ngân hàng chiết khấu, tái chiết khấu trên thị trường thứ cấp.",vie,vie,"[34417.0, 13008.0, 3523.0, 29810.0, 20325.0, 26287.0, 53658.0, 6775.0, 8672.0, 12466.0, 5149.0, 18428.0, 91056.0, 79945.0, 1768275.0]"
"Rừng là một thể tổng hợp phức tạp có mối quan hệ qua lại giữa các cá thể trong quần thể, giữa các quần thể trong quần xã và có sự thống nhất giữa chúng với hoàn cảnh trong tổng hợp đó.",vie,vie,"[8910.0, 6480.0, 2430.0, 16740.0, 12420.0, 14850.0, 26460.0, 1890.0, 3240.0, 11070.0, 4860.0, 4320.0, 32940.0, 42660.0, 923130.0]"
"Khi lên 5 tuổi, Hoàng Phi Hồng bắt đầu học Kung fu từ cha là ông Hoàng Kỳ Anh. Ông thường theo cha trong những chuyến đi từ Phật Sơn đến Quảng Châu, thủ phủ của tỉnh Quảng Đông. Cha ông biểu diễn võ thuật và bán thuốc rong trên đường (thường gọi là Sơn Đông mãi võ).",vie,vie,"[14257.0, 12912.0, 2959.0, 31204.0, 32011.0, 23134.0, 34432.0, 3766.0, 4842.0, 12105.0, 6456.0, 807.0, 54607.0, 52993.0, 1453676.0]"
"Những quân dịch từ lãnh thổ tham gia mặt trận châu Âu của chiến tranh thế giới thứ nhất trong các tiểu đoàn bộ binh Senegal (Tirailleurs sénégalais). Giữa năm 1915 và 1916 các vùng phía phía tây nơi mà bây giờ là Burkina Faso và Biên giới phía đông của Mali trở thành phạm vi hoạt động của một trong những lực lượng vũ trang quan trọng chống lại chính phủ thuộc địa (được biết đến như cuộc chiến tranh Volta-Bani). Chính phủ Pháp cuối cùng phải đàn áp phong trào, nhưng chỉ khi sau việc bị thất bại vì được huy động lực lượng quân viễn chinh lớn nhất của nó lịch sử thuộc địa bước sang trang. Lực lượng vũ trang đối lập cũng phá hoại phía bắc Sahelian, trong khi Tuareg và nhóm liên minh vùng Dori chấm dứt sự ngừng bắn của họ với chính phủ. Đồng thời cuộc chiến tranh thế giới thứ nhất kết thúc vào ngày 01 tháng 03 năm 1919, sợ hãi sự tái diễn đều đặn của nổi dậy bằng vũ trang và các cân nhắc kinh tế dẫn đến chính phủ thuộc địa phân ra lãnh thổ hiện thời là Burkina Faso từ Haut Sénégal et Niger nhằm tăng cường quản lý nó. Thuộc địa mới được đặt tên Haute Volta và François Charles Alexis Édouard Hesling trở thành thống đốc đầu tiên của nó. Hesling bắt đầu thực hiện một chương trình đầy tham vọng và đã xúc tiến trồng bông xuất khẩu. Chính sách bông, dựa vào sự bắt buộc, thất bại và thu nhập đình trệ. Thuộc địa đã bị phá bỏ vào ngày 5 tháng 9 năm 1932, và lãnh thổ của nó đã được chia cắt giữa Côte d’Ivoire, Mali và Niger, sự chia cắt nhiều nhất là dân số và các thành phố của Ouagadougou và Bobo-Dioulasso trải tới Côte d'Ivoire.",vie,vie,"[234500.0, 55476.0, 8308.0, 518312.0, 254600.0, 137216.0, 545916.0, 15544.0, 97284.0, 85492.0, 58424.0, 202876.0, 264516.0, 497408.0, 6610756.0]"
"Thuở nhỏ Kim Dung thông minh, lanh lợi, nghịch nhưng không đến nỗi quậy phá. Ông yêu thiên nhiên, thích nghe kể chuyện thần thoại, truyền thuyết, nhất là về những ngọn triều trên sông Tiền Đường. Đặc biệt ông rất mê đọc sách. Dòng họ Kim Dung có một nhà để sách gọi là """"Tra thị tàng thư"""" nổi tiếng khắp vùng Chiết Tây, chứa rất nhiều sách cổ, những cuốn sách này làm bạn với ông từ rất bé.",vie,vie,"[22695.0, 20826.0, 3738.0, 46725.0, 37914.0, 31773.0, 57138.0, 4272.0, 8544.0, 16287.0, 6408.0, 28035.0, 95052.0, 89712.0, 2448924.0]"
"Một loạt các crom(III) sulfat khác được biết, nhưng cũng chứa các hợp chất hydroxit hoặc oxit. Quan trọng nhất đối với thương mại là [Cr2(H2O)6(OH)4]SO4 (CAS#39380-78-4).. Nó kết quả từ việc trung hòa một phần hexahydrates. Nó liên quan đến thiệt hại về môi trường. Các crom(III) hydroxit khác đã được báo cáo.",vie,vie,"[84854.0, 18620.0, 5586.0, 48146.0, 65170.0, 41230.0, 57722.0, 5320.0, 5586.0, 17822.0, 3724.0, 28462.0, 53732.0, 122360.0, 1133692.0]"
"Không chỉ giao chiến với QDNDVN, QLVNCH cũng từng tham gia tranh chấp một số hòn đảo với Vương quốc Campuchia, Philipine, Đài Loan và Trung Quốc. Trong các tranh chấp này, VNCH đã để mất quần đảo Hoàng Sa, một số đảo thuộc quần đảo Trường Sa và một số đảo nhỏ gần đảo Phú Quốc vào tay các nước khác:",vie,vie,"[33920.0, 9010.0, 2650.0, 37100.0, 36305.0, 26235.0, 44520.0, 2385.0, 3975.0, 15900.0, 15105.0, 8215.0, 70490.0, 64395.0, 1639820.0]"
Rừng gần già: Giai đoạn này có sự phân chia không rõ với 2 giai đoạn liền trước và liền sau của nó. Trong giai đoạn này cây rừng vẫn có sự ra hoa kết quả và tăng trưởng về đường kính.,vie,vie,"[13728.0, 10560.0, 4224.0, 16896.0, 14520.0, 13728.0, 27192.0, 1056.0, 2376.0, 12408.0, 5280.0, 1848.0, 47784.0, 39072.0, 1024848.0]"
"Kết quả bầu cử được công bố vào ngày 22 tháng 10 năm 2016, trong Evening Urgant trên kênh truyền hình số 1 Nga. Con chó sói, có tên Zabivaka, ghi được 53% lá phiếu, trước con hổ (27%). Con mèo, có 20% lá phiếu, đã hạng ba. Hơn một triệu người được tham gia bỏ phiếu, mà đã diễn ra trong khi tháng 9 năm 2016 trên các nền tảng FIFA, cũng như trong khi chương trình phát sóng trực tiếp trên kênh truyền hình số 1, nơi kết quả của cuộc thi sáng tạo đã được công bố.",vie,vie,"[70747.0, 21829.0, 5523.0, 53915.0, 60490.0, 48655.0, 81530.0, 2893.0, 8942.0, 26300.0, 32349.0, 37083.0, 87842.0, 163849.0, 2310718.0]"
"Như cái tên """"chuột nhảy hai chân"""" đã đề cập, chúng đi đứng bằng hai chi sau và có khả năng nhảy tốt. Chuột nhảy hai chân Merriam có thể nhảy một đoạn xa tới 7–8 foot và nhanh chóng đổi hướng khi """"hạ cánh"""". Chuột nhảy hai chân đuôi cờ thì có khả năng chạy rất nhanh nhưng tốn ít năng lượng và giảm thiểu nguy cơ bị thiên địch săn bắt. Chúng cũng có thể chuyển sang trạng thái """"hoàn toàn đứng yên"""" vào ban đêm để tránh bị kẻ thù săn đuổi.",vie,vie,"[51876.0, 30654.0, 3930.0, 50304.0, 45326.0, 39562.0, 69692.0, 5764.0, 6812.0, 31964.0, 9694.0, 7336.0, 97726.0, 114494.0, 2319486.0]"
"Vô địch liên tiếp: Thể Công (1982, 1983), Sông Lam Nghệ An (2000, 2001), Hoàng Anh Gia Lai (2003, 2004), Gạch Đồng Tâm Long An (2005, 2006), Becamex Bình Dương (2007, 2008) (2014, 2015) - đều vô địch liên tiếp 2 lần.",vie,vie,"[62901.0, 12267.0, 6264.0, 44370.0, 56376.0, 33669.0, 65250.0, 2871.0, 5481.0, 9396.0, 22446.0, 26883.0, 66294.0, 95526.0, 1111077.0]"
"Năm 1959, cùng với bạn học phổ thông Trầm Bảo Tân, ông lập ra Minh Báo. Ông vừa viết tiểu thuyết, vừa viết các bài xă luận. Qua những bài xă luận của ông, Minh Báo càng ngày được biết đến và là một trong những tờ báo được đánh giá cao nhất. Không như một số tờ báo do ông sáng lập khác, Minh Báo theo ông đến khi kết thúc sự nghiệp.",vie,vie,"[21840.0, 14560.0, 3640.0, 39520.0, 34840.0, 27040.0, 55640.0, 5720.0, 8060.0, 13260.0, 5720.0, 520.0, 78780.0, 74620.0, 2067780.0]"
"Hoàng Phi Hồng sinh ra vào thời hoàng đế Đạo Quang trị vì nhà Thanh, tại thị xã Phật Sơn (nay là một phần của phường Tổ Miếu, quận Thiền Thành, thành phố Phật Sơn, Quảng Đông). Nhà thờ tổ của gia đình ông nằm tại làng Lộc Đan, núi Tây Tiều, thuộc phủ Nam Hải, tỉnh Quảng Đông (nay là thị trấn Tây Tiều, quận Nam Hải, thành phố Phật Sơn).",vie,vie,"[27713.0, 15022.0, 1813.0, 49728.0, 45325.0, 28490.0, 48433.0, 3108.0, 6734.0, 22274.0, 10101.0, 13727.0, 60606.0, 91427.0, 1645168.0]"
"Russell sinh ra vào thời đỉnh cao của nền kinh tế và uy thế chính trị của nước Anh. Sau đó gần một thế kỷ, ông qua đời vì bệnh cúm, khi Đế quốc Anh đã biến mất, sức mạnh của nó đã bị hao mòn bởi hai cuộc chiến tranh thế giới. Là một trong những trí thức nổi tiếng nhất của thế giới, tiếng nói của Russel mang một quyền lực đạo đức, thậm chí cả khi ông đã vào tuổi 90. Trong các hoạt động chính trị của ông, Russell là một người kêu gọi đầy nhiệt huyết cho việc giải trừ vũ khí hạt nhân và một người phê phán mạnh mẽ chế độ toàn trị tại Liên bang Xô viết và sự can thiệp của quân đội Hoa Kỳ trong Chiến tranh Việt Nam.",vie,vie,"[79206.0, 27090.0, 3354.0, 94428.0, 74304.0, 53148.0, 144222.0, 8256.0, 8772.0, 30702.0, 17544.0, 40506.0, 103200.0, 187050.0, 3189912.0]"
Việc sử dụng bất đẳng thức giúp chúng ta rất nhiều trong việc giải các phương trình vô tỉ. Ứng dụng trong Vật lý học để khảo sát công suất cực đại.,vie,vie,"[7710.0, 7453.0, 2827.0, 14906.0, 13878.0, 11051.0, 18761.0, 1542.0, 2056.0, 6168.0, 1542.0, 2056.0, 30069.0, 30583.0, 687218.0]"
"Bertrand Russell: Critical Assessments, biên tập bởi A. D. Irvine, 4 tập, London: Routledge, 1999. Gồm các bài luận của nhiều nhà triết học về các tác phẩm của Russell.",vie,vie,"[27648.0, 4608.0, 9216.0, 37120.0, 30464.0, 15104.0, 50688.0, 2560.0, 4096.0, 9984.0, 512.0, 11776.0, 30208.0, 61696.0, 428288.0]"
"Năm thứ 10 (385), vì cha mất nên rời chức. Tháng 10 cùng năm, triều đình xét công phá Tần, được phong Vọng Thái công. Mãn tang, được ban chức Chinh lỗ tướng quân, Hội Kê nội sử. Năm thứ 16 (391), được triệu về làm Thượng thư hữu bộc xạ, lĩnh Thái tử chiêm sự, gia Tán kỵ thường thị, tướng quân như cũ. Gặp lúc mẹ mất, triều đình bàn luận nghi thức tang lễ. Có người bàn rằng xưa kia vợ của Giả Sung được táng theo nghi lễ của chồng, nay cũng làm như vậy. Khi ấy Vương Tuần là Bộc xạ, Tuần trước đó đã cưới con gái của Tạ Vạn, em Tuần là Mân lấy con gái của Tạ An, đều không có kết cục tốt đẹp. Tuần do căm giận mà trì hoãn đưa ra quyết định, Diễm thấy ông ta muốn làm nhục gia tộc, bèn tự làm ra xe Ôn Lương cho tang lễ, người thời ấy chê trách việc làm này. Ngày Giáp tý tháng 5 năm thứ 21 (396), làm Thượng thư tả bộc xạ. Cuối năm, được thăng làm Hộ quân tướng quân, thêm Hữu tướng quân. Sau đó Hội Kê vương Tư Mã Đạo Tử dùng làm Tư mã, Hữu tướng quân như cũ.",vie,vie,"[110160.0, 105315.0, 3570.0, 124440.0, 115005.0, 96900.0, 145350.0, 9945.0, 30090.0, 76245.0, 21420.0, 75990.0, 185385.0, 320280.0, 5637285.0]"
"Khi tốt nghiệp, Routh làm việc như một trợ lý toán học (gia sư) tại Cambridge và giúp đỡ các học trò của William John Steele trong suốt thời gian bệnh tật sau này của ông, mặc dù cố nài nỉ Steele tính phí. Routh nhận lại các học trò của Steele, và trở thành một huấn luyện viên bất khả chiến bại. Ông đã hướng dẫn cho hơn 600 học sinh từ năm 1855 đến năm 1888, 27 trong số đó trở thành Senior Wrangler, và 17 trở thành Hopkins.",vie,vie,"[52324.0, 27432.0, 3556.0, 44704.0, 68326.0, 50292.0, 81026.0, 5334.0, 7366.0, 34544.0, 6096.0, 28194.0, 76454.0, 99568.0, 1946148.0]"
Lasserre là một xã thuộc tỉnh Lot-et-Garonne trong vùng Nouvelle-Aquitaine phía tây nam nước Pháp. Xã này nằm ở khu vực có độ cao trung bình 160 mét trên mực nước biển.,vie,vie,"[25806.0, 5313.0, 2783.0, 103730.0, 31372.0, 14674.0, 23023.0, 1771.0, 4301.0, 11891.0, 4554.0, 7084.0, 30107.0, 54142.0, 485507.0]"
Heteroscyphus rectangulatus là một loài rêu tản trong họ Geocalycaceae. Loài này được (Herzog) Piippo miêu tả khoa học lần đầu tiên năm 1993.,vie,vie,"[31248.0, 9072.0, 2268.0, 33012.0, 40572.0, 15372.0, 64260.0, 3024.0, 8820.0, 8820.0, 9324.0, 22680.0, 25452.0, 78372.0, 387828.0]"
"Toàn bộ 36 ấp và 3 vạn dân của Tây Chu thuộc về nước Tần. Tần Chiêu Tương vương chiếm lấy chín đỉnh của nhà Chu, đày Tây Chu Công ra đất Đãn Hồ rồi tha cho Chu Noãn vương trở về đất Chu, nhưng không lâu sau thì ông qua đời.",vie,vie,"[9036.0, 21084.0, 2761.0, 23845.0, 24347.0, 21586.0, 35642.0, 1506.0, 3765.0, 12299.0, 6024.0, 1757.0, 40913.0, 48192.0, 1310471.0]"
"Cẩm Phả là một thành phố trực thuộc tỉnh Quảng Ninh, nằm ở vùng Đông Bắc Bộ Việt Nam. Cẩm Phả là thành phố lớn thứ hai của tỉnh Quảng Ninh. Thành phố Cẩm Phả là đô thị loại II trực thuộc tỉnh Quảng Ninh.",vie,vie,"[12000.0, 7500.0, 2250.0, 24000.0, 24000.0, 17500.0, 27750.0, 1250.0, 5250.0, 9000.0, 4750.0, 1750.0, 49250.0, 36000.0, 947250.0]"
"Trong cộng đồng người Việt ở nước ngoài, dịch giả Nguyễn Duy Chính được xem là người có các bản dịch với chất lượng dịch tốt, điển hình như các bản dịch Thiên long bát bộ và Ỷ thiên Đồ long ký (lưu truyền trên Internet). Nguyễn Duy Chính cũng viết một số khảo luận về các yếu tố văn hóa Trung Hoa trong tác phẩm của Kim Dung.",vie,vie,"[32370.0, 11454.0, 2241.0, 34113.0, 30378.0, 22161.0, 40587.0, 2490.0, 5229.0, 17430.0, 5727.0, 18675.0, 60009.0, 79929.0, 1550523.0]"
"Theo điều tra dân số năm 2001 của Ấn Độ, Kachhwa có dân số 14.712 người. Phái nam chiếm 54% tổng số dân và phái nữ chiếm 46%. Kachhwa có tỷ lệ 57% biết đọc biết viết, thấp hơn tỷ lệ trung bình toàn quốc là 59,5%: tỷ lệ cho phái nam là 66%, và tỷ lệ cho phái nữ là 46%. Tại Kachhwa, 16% dân số nhỏ hơn 6 tuổi.",vie,vie,"[62992.0, 17112.0, 6696.0, 38936.0, 71672.0, 49600.0, 69192.0, 4960.0, 10416.0, 10664.0, 12400.0, 32488.0, 64728.0, 126728.0, 1565128.0]"
"Tương tự như các hệ đếm khác, hệ thập lục phân cũng có thể dùng để biểu thị phân số (vulgar fraction), song chu kỳ thập phân tái diễn (recurring digits) thường xảy ra, do số 16 chỉ có một thừa số nguyên tố:",vie,vie,"[9386.0, 7657.0, 3952.0, 19760.0, 13338.0, 17784.0, 32110.0, 1729.0, 3952.0, 9139.0, 2470.0, 2223.0, 31122.0, 42484.0, 841282.0]"
"Vào thế kỷ 16, Oregon là nơi cư ngụ của nhiều nhóm người bản thổ châu Mỹ, bao gồm Bannock, Chasta, Chinook, Kalapuya, Klamath, Molalla, Nez Perce,Takelma, và Umpqua.",vie,vie,"[40590.0, 4674.0, 2706.0, 37638.0, 34194.0, 23862.0, 74292.0, 4182.0, 7380.0, 7626.0, 12546.0, 20172.0, 28536.0, 79950.0, 550302.0]"
"Từ trên cao nhìn xuống, bên ba dãy chợ xếp thành hình chữ U lợp ngói âm dương là hai dãy phố cổ chạy vào chân núi. Một khu dân cư chủ yếu là người Tày với hàng chục ngôi nhà cũ dựng bởi những người thợ ở Tứ Xuyên sang làm thuê và được xem như một phần quan trọng của phố cổ Đồng Văn. Theo tài liệu từ một cuộc hội thảo về phố cổ Đồng Văn thì tại khu vực này còn khoảng trên dưới 40 ngôi nhà cổ có tuổi đời trên dưới 100 năm, cá biệt có những ngôi nhà gần 200 năm như nhà ông Lương Huy Ngò, người Tày và được xây dựng từ khoảng năm 1860.",vie,vie,"[38710.0, 24010.0, 2450.0, 60025.0, 56350.0, 46795.0, 74480.0, 5880.0, 7840.0, 24745.0, 9555.0, 31115.0, 122500.0, 109515.0, 2941715.0]"
"Năm 2005, khi về Việt Nam và trả lời phỏng vấn của báo Thanh Niên, Tướng Nguyễn Cao Kỳ, nguyên Phó Tổng thống kiêm Tư lệnh Không quân Việt Nam Cộng hòa nhận định rằng:",vie,vie,"[21960.0, 6588.0, 2440.0, 26596.0, 20496.0, 14396.0, 29280.0, 976.0, 2928.0, 9272.0, 3904.0, 10248.0, 38064.0, 51484.0, 838140.0]"
"Ngày 26 tháng 6 năm 1975, sau khi Ấn Độ tuyên bố tình trạng khẩn cấp, phiên bán Bombay của The Times of India đăng một mục từ trên cột cáo phó đọc là """"Dân chủ, người chồng yêu quý của Sự thật, cha của Tự do, anh của Tin tưởng, Hy vọng và Công lý đã tắt thở vào ngày 25 tháng 6"""". Động thái này nhằm chỉ trích tình trạng khẩn cấp kéo dài trong 21 tháng của Thủ tướng Indira Gandhi, bị nhiều người nhìn nhận là thời kỳ chính phủ Ấn Độ chuyên chế hoàn toàn.",vie,vie,"[29889.0, 20898.0, 4374.0, 46413.0, 39609.0, 58320.0, 65367.0, 3159.0, 12393.0, 20412.0, 10449.0, 31833.0, 85779.0, 110079.0, 2193561.0]"
"Quả liễu là dạng quả nang nhỏ chứa nhiều hạt nhỏ (kích thước cỡ 0,1 mm) gắn vào lông tơ màu trắng để hỗ trợ việc phát tán hạt. Quả là dạng một ngăn, với 2 mảnh vỏ, hình trụ, khoằm, chứa nhiều hạt nhỏ gắn với các lông tơ nhỏ màu trắng, dài như lụa.",vie,vie,"[15488.0, 13794.0, 2662.0, 29766.0, 29524.0, 21296.0, 36542.0, 1936.0, 2662.0, 17666.0, 3630.0, 5324.0, 61952.0, 75262.0, 1328096.0]"
"Brougham và Vaux, Henry Brougham, Baron & Routh, E. J. (ed. I. B. Cohen) [1855] (1972) Analytical View of Sir Isaac Newton's Principia, New York: Johnson Reprint Corp.",vie,vie,"[20003.0, 3133.0, 17593.0, 57358.0, 25546.0, 17352.0, 56635.0, 1446.0, 3374.0, 10845.0, 964.0, 15665.0, 18798.0, 58804.0, 88929.0]"
"Hệ thập lục phân được dùng phổ biến trong lập trình HTML và CSS (tạm dịch là Chương mục định hình tuần tự). Những lập trình này dùng bộ tam kết thập lục phân (hex triplet) biểu thị màu sắc trong các trang web, bắt đầu bằng một dấu """"#"""". Dấu này còn được dùng để biểu thị các số thập lục phân nửa. Khi biểu thị màu sắc với 24 bit, công thức #RRGGBB (""""Đỏ, Vàng, Xanh"""") được dùng để thể hiện. Trong công thức này, """"RR"""" (tiếng Anh là """"Red Red"""") biểu thị phân hợp màu đỏ, """"GG"""" (""""Green Green"""") biểu thị phân hợp màu vàng (đáng ra phải gọi là màu xanh lá cây, song gọi là vàng để phân biệt với phân hợp tiếp theo, màu xanh lam), và """"BB"""" (""""Blue Blue"""") biểu thị phân hợp màu xanh (lam) của tổ hợp tam phần, đại diện cho sắc độ của một màu. Lấy ví dụ, một dáng màu đỏ với giá trị thập phân (238, 9, 63) được mã hóa sang hệ thập lục phân là #EE093F. Công thức này được sao chép từ tổ chức màu sắc trong hệ thống cửa sổ X (X Window System).",vie,vie,"[164400.0, 28320.0, 6240.0, 99600.0, 72000.0, 80640.0, 156960.0, 7200.0, 25680.0, 40560.0, 10560.0, 74160.0, 139920.0, 221520.0, 3842640.0]"
"Theo trang Anime News Network truyện Hoàng Phi Hồng xếp hạng thứ 48 trong số các manga của Nhật, với số lượng in 11,592 bởi công ty Kodansa.",vie,vie,"[22944.0, 5258.0, 1912.0, 17686.0, 21988.0, 10755.0, 21271.0, 2629.0, 2390.0, 8126.0, 2151.0, 10038.0, 25095.0, 37523.0, 582921.0]"
"Sau chiến bại của Pháp tại trận Điện Biên Phủ, QĐQGVN lâm vào tình thế khó khăn. Sách QLVNCH trong giai đoạn hình thành 1946-1955 của VNCH mô tả thời kỳ này như sau:",vie,vie,"[22610.0, 9282.0, 1666.0, 33082.0, 17612.0, 16660.0, 24752.0, 2142.0, 3332.0, 11186.0, 3094.0, 952.0, 32368.0, 46410.0, 925106.0]"
"Ngày 10 tháng 4 năm 2010, ông và phu nhân Maria Helena Kaczyńska tử nạn trong một tai nạn máy bay trong lúc ông đang công du sang Nga nhân dịp kỉ niệm 70 năm thảm sát Katyn. Chiếc Tu-154 gặp tai nạn là loại máy bay do Liên Xô chế tạo và có tuổi thọ ít nhất 20 năm.",vie,vie,"[44793.0, 11376.0, 3792.0, 50244.0, 42186.0, 25833.0, 60672.0, 3318.0, 3555.0, 20382.0, 9480.0, 17775.0, 51429.0, 84609.0, 1260129.0]"
"Những vùng núi non của miền tây Oregon hình thành là do hoạt động núi lửa của Mảng Juan de Fuca, một mảng kiến tạo gây ra mối đe dọa liên tục về hoạt động núi lửa và động đất trong vùng. Hoạt động chính gần nhất là Động đất Cascadia năm 1700; Núi St. Helens thuộc tiểu bang Washington phun lửa năm 1980, một sự kiện có thể nhìn thấy được từ Portland.",vie,vie,"[58292.0, 13216.0, 2596.0, 58292.0, 38232.0, 31624.0, 95344.0, 2360.0, 3304.0, 21476.0, 25016.0, 25252.0, 55696.0, 123664.0, 1417888.0]"
"Tháng 2 năm 1976 hai tỉnh Bình Định và Quảng Ngãi hợp nhất thành Nghĩa Bình, thì thị xã Quy Nhơn trở thành tỉnh lỵ tỉnh Nghĩa Bình, gồm 8 phường: Đống Đa, Hải Cảng, Lê Hồng Phong, Lê Lợi, Ngô Mây, Quang Trung, Trần Hưng Đạo, Trần Phú và 4 xã: Nhơn Châu, Nhơn Hải, Nhơn Lý, Nhơn Thạnh.",vie,vie,"[40890.0, 13865.0, 3995.0, 40185.0, 39715.0, 29610.0, 54755.0, 4465.0, 2820.0, 20915.0, 5405.0, 15745.0, 71675.0, 85540.0, 1293675.0]"
"Trận giao tranh cuối cùng của QLVNCH trong thành phố Sài Gòn xảy ra tại bản doanh Bộ Tổng tham mưu QLVNCH, do Liên đoàn 81 Biệt kích dù, dưới sự chỉ huy của chỉ huy trưởng Biệt đội 3 Chiến thuật, Thiếu tá Phạm Châu Tài.",vie,vie,"[27378.0, 8658.0, 2808.0, 27612.0, 22932.0, 20592.0, 37440.0, 1638.0, 2574.0, 9828.0, 5148.0, 3744.0, 42822.0, 52416.0, 1105650.0]"
"Tất cả các phiên bản Microsoft Windows từ phiên bản 2000 đều có Dịch vụ Đồng bộ Windows (Windows Time Service), có chức năng đồng bộ đồng hồ của máy tính với một NTP server. Tuy nhiên, phiên bản Windows 2000 được triển khai Simple NTP, và nó không tương thích với chuẩn NTP phiên bản 3.. Từ phiên bản Windows 2003, Microsoft đã áp dụng phiên bản đầy đủ NTPv3 theo RFC1305 cho Windows Time Service.",vie,vie,"[60580.0, 13980.0, 9320.0, 81783.0, 81550.0, 31688.0, 168925.0, 6524.0, 30756.0, 12582.0, 29591.0, 64774.0, 62910.0, 116966.0, 1215794.0]"
Campyloneurum caudatum là một loài dương xỉ trong họ Polypodiaceae. Loài này được Raddi mô tả khoa học đầu tiên năm 1819. Danh pháp khoa học của loài này chưa được làm sáng tỏ.,vie,vie,"[30392.0, 8584.0, 3480.0, 27376.0, 27144.0, 15776.0, 48952.0, 1624.0, 1392.0, 11368.0, 13224.0, 12528.0, 30160.0, 64960.0, 491376.0]"
"Lễ bốc thăm vòng loại diễn ra tại Cung điện Konstantinovsky ở Strelna, Sankt-Peterburg vào ngày 25 tháng 7 năm 2015, lúc 18:00 giờ địa phương (UTC+3). Vòng loại trận đấu cho AFC và CONCACAF được bắt đầu vào tháng 3 năm 2015, trước khi lễ bốc thăm vòng loại.",vie,vie,"[52668.0, 12474.0, 3696.0, 37884.0, 62601.0, 32802.0, 43197.0, 2541.0, 4620.0, 12012.0, 11781.0, 20097.0, 56595.0, 88242.0, 1022868.0]"
"Nghị viện được chia làm hai viện: Thượng viện và Hạ viện. Có một tòa án hiến pháp bao gồm 10 thành viên, và một hội đồng kinh tế và xã hội có vai trò là tư vấn thuần túy.",vie,vie,"[17940.0, 5520.0, 1610.0, 19090.0, 10810.0, 14950.0, 21850.0, 920.0, 3220.0, 5980.0, 2760.0, 2760.0, 34960.0, 42090.0, 843640.0]"
"Theo Hiệp ước Élysée ngày 8 tháng 3 năm 1949, Quốc gia Việt Nam (viết tắt là QGVN) được thành lập, có quân đội và cơ quan ngoại giao riêng. Theo nghị định quốc phòng ngày 13 tháng 4 năm 1949, một Lực lượng Quân đội Quốc gia Việt Nam (viết tắt là QĐQGVN) được thành lập, lấy tên là Vệ binh Quốc gia Các lực lượng Vệ binh Nam Việt, Việt binh đoàn, Bảo chính đoàn và Vệ binh sơn cước được chuyển sang Vệ binh Quốc gia.",vie,vie,"[61143.0, 11679.0, 2748.0, 72364.0, 30228.0, 38472.0, 62059.0, 4580.0, 6641.0, 14427.0, 4351.0, 18778.0, 65723.0, 98012.0, 1919936.0]"
"Về chiến lược quân sự, QLVNCH thiếu sự ủng hộ của nhân dân (nhất là ở nông thôn). Gregory Daddis nhận xét: Những hành vi tội ác của QLVNCH khiến người dân xem họ như kẻ thù. Một nông dân kể rằng """"Khi quân đội Cộng hòa tới, mọi người trong làng đều bị đe dọa... Quân đội thoải mái đánh đập bất cứ ai, giết bất cứ ai"""", người khác kể rằng """"cứ mỗi lần quân đội Cộng hòa tới thì lại càng có nhiều người dân kết thân với Việt cộng"""". Khi được hỏi tại sao người dân không ủng hộ chính phủ Sài Gòn, một người dân trả lời """"vì quân đội Cộng hòa... thường xuyên đốt nhà của dân làng và hiếp dâm phụ nữ"""". Không có cách nào để quân đội Việt Nam Cộng hòa có thể đánh bại đối phương khi mà người dân đã xa lánh họ và quan hệ thân thiết với quân Giải phóng.",vie,vie,"[43320.0, 46740.0, 5016.0, 80028.0, 67716.0, 59508.0, 100092.0, 13452.0, 12312.0, 33060.0, 14820.0, 42180.0, 142728.0, 173052.0, 3663504.0]"
"Kim Dung tên thật là Tra Lương Dung (phồn thể: 查良鏞, giản thể: 查良镛, bính âm: Cha Leung Yung), sinh vào ngày 6 tháng 2 năm 1924 tại trấn Viên Hoa, huyện Hải Ninh, địa cấp thị Gia Hưng, tỉnh Chiết Giang, Trung Quốc, trong một gia tộc khoa bảng danh giá. Ông cố là Tra Thận Hành, nhà thơ nổi tiếng đời nhà Thanh, ông nội là Tra Văn Thanh làm tri huyện Đan Dương ở tỉnh Giang Tô. Tra Văn Thanh về sau từ chức, đến đời con là Tra Xu Khanh bắt đầu sa sút; Tra Xu Khanh theo nghề buôn, sau sinh sáu đứa con, Kim Dung là con thứ hai.",vie,vie,"[76499.0, 52664.0, 3178.0, 65149.0, 61517.0, 49486.0, 73094.0, 7264.0, 12712.0, 35412.0, 8853.0, 33142.0, 80812.0, 128482.0, 2406881.0]"
"Ngày 13 tháng 4 năm 1961, Tổng thống Ngô Đình Diệm ra sắc lệnh số SL.98/QP chia lại lãnh thổ thành ba vùng chiến thuật và Biệt khu Thủ đô. Vùng 1 chiến thuật gồm các tỉnh từ Quảng Trị đến Quảng Ngãi, do Quân đoàn I trấn đóng. Vùng 2 chiến thuật gồm Cao nguyên Trung phần và các tỉnh duyên hải nam Trung phần từ Bình Định vào tới Bình Thuận, do Quân đoàn II trấn đóng. Vùng 3 chiến thuật gồm các tỉnh từ Bình Tuy vào đến Cà Mau do Quân đoàn III trấn đóng. Biệt khu Thủ đô gồm Đô thành Sài Gòn và tỉnh Gia Định.",vie,vie,"[94242.0, 14690.0, 4520.0, 59212.0, 75258.0, 42714.0, 56274.0, 5198.0, 7910.0, 21470.0, 36160.0, 31188.0, 90852.0, 145996.0, 2112196.0]"
Toxicoscordion gramineum là một loài thực vật có hoa trong họ Melanthiaceae. Loài này được (Rydb.) Rydb. miêu tả khoa học đầu tiên năm 1903.,vie,vie,"[32625.0, 4500.0, 4500.0, 24525.0, 23175.0, 13050.0, 42975.0, 2025.0, 6975.0, 11475.0, 7875.0, 19575.0, 24300.0, 50850.0, 324225.0]"
"Diễm là con thứ của danh thần Tạ An, sau khi trưởng thành được tiếng là trung trinh tài năng, lại có phong độ và nghi biểu đẹp đẽ. Tuy ông và anh họ là Hộ quân Tạ Đạm gần nhà, nhưng không đi lại, cũng chỉ gặp gỡ vài người tài giỏi trong họ hàng.",vie,vie,"[12096.0, 13664.0, 1344.0, 22624.0, 17920.0, 19264.0, 35168.0, 2464.0, 2016.0, 12768.0, 3136.0, 2464.0, 51520.0, 53088.0, 1339072.0]"
"Người lính quốc gia đã không còn tinh thần để chiến đấu vì trước đà thắng thế của đối phương, phải liên miên chịu đựng áp lực nặng nề, vừa chiến đấu mệt mỏi, không được nghỉ ngơi, không được bổ sung, vừa bị khủng hoảng tinh thần bởi các sự tuyên truyền của đối phương nên đã đào ngũ khá nhiều. Từ ngày 21-7 đến ngày 20-8-1954, chỉ trong 1 tháng, số đào ngũ ở miền Bắc lên tới 21.421 người, gồm 112 sĩ quan, 1.031 hạ sĩ quan và 20.278 binh sĩ. Số đào ngũ vẫn gia tăng vào những tháng chót.",vie,vie,"[56196.0, 26537.0, 4683.0, 51736.0, 38802.0, 42816.0, 68684.0, 6021.0, 8920.0, 29436.0, 12711.0, 29882.0, 110162.0, 97228.0, 2501391.0]"
Scolopendrium repandum là một loài dương xỉ trong họ Aspleniaceae. Loài này được C.Presl mô tả khoa học đầu tiên năm 1822. Danh pháp khoa học của loài này chưa được làm sáng tỏ.,vie,vie,"[27306.0, 7992.0, 2886.0, 22422.0, 26862.0, 15096.0, 33744.0, 888.0, 1554.0, 9768.0, 10434.0, 17094.0, 27306.0, 56610.0, 487734.0]"
"Trong nghiên cứu và kinh doanh rừng người ta thường phân tuổi lâm phần thành các cấp tuổi. Thường thì mỗi cấp tuổi có thời gian là 5 năm, nhiều khi là các mức 10, 15, hoặc 20 năm tùy theo đổi tượng và mục đích.",vie,vie,"[6630.0, 5967.0, 2210.0, 17459.0, 15470.0, 15470.0, 26741.0, 2431.0, 2652.0, 8398.0, 3094.0, 2431.0, 39338.0, 39338.0, 910299.0]"
"Arres là một đô thị trong tỉnh Lleida, cộng đồng tự trị Cataluña Tây Ban Nha. Đô thị Arres có diện tích là 11,53 ki-lô-mét vuông, dân số năm 2009 là 68 người với mật độ 5,9 người/km². Đô thị Arres có cự ly km so với tỉnh lỵ Lleida.",vie,vie,"[62480.0, 11660.0, 3520.0, 41140.0, 27720.0, 27060.0, 35420.0, 2420.0, 3300.0, 14080.0, 5060.0, 10120.0, 38060.0, 89980.0, 734580.0]"
"Tôi không ưa Nietzsche, vì ông thích sự suy tưởng về nỗi đau, vì ông dựng tính tự cao tự đại lên thành một nghĩa vụ, vì những người ông ngưỡng mộ nhất là những kẻ chinh phục, những người mà vinh quang của họ là sự khôn ngoan trong việc gây ra cái chết cho người khác."""" (Nguồn: A History of Western Philosophy, chương về Nietzsche, đoạn cuối)",vie,vie,"[43143.0, 13578.0, 2628.0, 29346.0, 25185.0, 24309.0, 40734.0, 3723.0, 3504.0, 14235.0, 6132.0, 17958.0, 49056.0, 61758.0, 1367436.0]"
"NTP timestamp sẽ lặp lại mỗi 232 giây (136 năm). NTP lấy mốc thời gian vào tháng 1, năm 1900, vì thế nó sẽ lặp lại vào năm 2036, trước sự cố UNIX năm 2038.",vie,vie,"[18312.0, 10682.0, 5886.0, 44254.0, 18966.0, 18312.0, 59296.0, 2398.0, 5014.0, 8720.0, 2616.0, 2616.0, 34008.0, 54718.0, 649640.0]"
"Buckham, Philip Wentworth; Spence, Joseph; Holdsworth, Edward; Warburton, William; Jortin, John. Miscellanea Virgiliana: In Scriptis Maxime Eruditorum Virorum Varie Dispersa, in Unum Fasciculum Collecta. Cambridge: Printed for W. P. Grant, 1825.",ita,vie,"[57288.0, 4991.0, 14756.0, 45136.0, 27559.0, 20832.0, 103509.0, 3472.0, 217.0, 11718.0, 7378.0, 16275.0, 19096.0, 82894.0, 26040.0]"
Vườn thực vật hoàng gia Kew; Đại học Harvard; Australian Plant Name Index (biên tập). “Begonia trichosepala”. International Plant Names Index. Truy cập ngày 30 tháng 8 năm 2013.,vie,vie,"[27648.0, 8856.0, 4320.0, 23112.0, 29808.0, 15336.0, 49680.0, 1080.0, 9504.0, 8208.0, 11448.0, 18792.0, 23544.0, 50112.0, 348192.0]"
"Trong cuộc viếng thăm Serbia năm 2009, Kaczyński đã nói rằng chính phủ Ba Lan, trên nền tảng thẩm quyền hợp hiến của mình, đã quyết định công nhận Kosovo và nhấn mạnh rằng ông, với tư cách tổng thống, không đồng tình với việc này.",vie,vie,"[24510.0, 11610.0, 1720.0, 23435.0, 16340.0, 14835.0, 31175.0, 3870.0, 5805.0, 9030.0, 7310.0, 4945.0, 34185.0, 44290.0, 906440.0]"
"Tuy nhiên, Windows Time Service không thể đảm bảo độ chính xác hơn 1-2 giây. Microsoft không đảm bảo và không hỗ trợ sự chính xác của dịch vụ W32Time giữa các nút mạng. Dịch vụ W32Time không hỗ trợ đầy đủ các tính năng mà các ứng dụng nhạy cảm với thời gian cần.",vie,vie,"[14338.0, 13054.0, 4922.0, 21186.0, 21614.0, 22042.0, 34668.0, 2996.0, 4708.0, 14766.0, 4494.0, 2782.0, 36594.0, 46010.0, 904578.0]"
"Một vài ngôn ngữ assembly chỉ định thập lục phân bằng cách cho thêm chữ """"h"""" vào đuôi (nếu con số bắt đầu bằng một chữ, đồng thời đứng sau một con số 0, chỉ định rằng nó là một con số), chẳng hạn """"0A3Ch"""", """"5A3h"""".",vie,vie,"[9159.0, 9798.0, 1917.0, 18531.0, 19596.0, 19596.0, 28116.0, 1065.0, 4260.0, 6603.0, 3621.0, 7242.0, 28755.0, 38127.0, 700557.0]"
"Nếu tất cả các giá trị bằng nhau không bằng nhau, thì giá trị trung bình cộng lớn hơn giá trị trung bình nhân. Rõ ràng, điều này chỉ có thể xả ra khi n> 1. Trường hợp này khá phức tạp và được chia ra nhiều trường hợp để chứng minh.",vie,vie,"[9328.0, 13780.0, 3816.0, 16536.0, 14628.0, 16960.0, 26712.0, 1908.0, 6784.0, 11236.0, 12296.0, 3180.0, 29680.0, 40068.0, 834432.0]"
"Ngày 17 tháng 4 năm 2015, Thủ tướng Chính phủ ban hành Quyết định số 505/QĐ-TTg công nhận thành phố Cẩm Phả là đô thị loại II trực thuộc tỉnh Quảng Ninh.",vie,vie,"[36081.0, 8651.0, 2321.0, 28485.0, 26797.0, 16669.0, 46209.0, 2954.0, 2954.0, 9284.0, 13293.0, 14348.0, 37136.0, 64566.0, 588479.0]"
"Tại một số nước châu Âu, thí sinh 17 tuổi cũng có thể tham gia thi hoa hậu trong khi giới hạn tuổi của cuộc thi Hoa hậu Hoàn vũ là 18 tuổi. Do vậy, đã từng có trường hợp một số quốc gia phải cử á hậu đi thay thế cho các hoa hậu chưa đủ tuổi.",vie,vie,"[23100.0, 9450.0, 1890.0, 23520.0, 28560.0, 17850.0, 34650.0, 2730.0, 2310.0, 7980.0, 6090.0, 11340.0, 42630.0, 48720.0, 1152900.0]"
"Mỹ từng lập kỷ lập 22 năm liền lọt vào vòng bán kết của cuộc thi, từ 1977 đến 1998, còn Venezuela cũng liên tục lọt vào bán kết cuộc thi này trong 21 năm (1983-2003).",vie,vie,"[11286.0, 9196.0, 2508.0, 19228.0, 23617.0, 15048.0, 31350.0, 836.0, 2090.0, 12122.0, 2299.0, 2299.0, 29260.0, 47025.0, 816354.0]"
"Gần như tất cả các loài liễu rất dễ đâm rễ từ các cành chiết hay khi cành gãy nằm trên đất ẩm. Chỉ có một ít ngoại lệ, như liễu hoa vàng và liễu lá đào. Một ví dụ nổi tiếng về tính dễ trồng của liễu từ cách chiết là câu chuyện về nhà thơ Alexander Pope, người đã xin một cành con từ gói hàng được đai gói bằng các cành liễu nhỏ gửi từ Tây Ban Nha tới Lady Suffolk. Cành nhỏ này được trồng và phát triển tốt, người ta đồn rằng tất cả các cây liễu rủ tại Anh là hậu duệ của cây này [1].",vie,vie,"[52208.0, 21840.0, 3952.0, 47008.0, 46592.0, 36192.0, 63856.0, 4784.0, 6032.0, 24128.0, 13312.0, 31408.0, 105664.0, 140400.0, 2292368.0]"
"Muối ăn, gồm chủ yếu là NaCl, là một ví dụ của chất rắn kết tinh. Chúng đều có dạng lập phương tâm khối hoặc hình hộp. Nếu đập vỡ một hạt muối tinh khiết thành những mảnh có độ vỡ khác nhau thì tất cả chúng đều có dạng khối lập phương hoặc khối hình hộp.",vie,vie,"[14904.0, 10971.0, 3726.0, 24426.0, 13869.0, 19665.0, 25461.0, 2898.0, 3105.0, 7452.0, 4347.0, 16974.0, 35397.0, 52164.0, 898794.0]"
"Lê Công Phước (1901-1950) là một tay chơi nổi tiếng ở miền Nam những năm của thập niên 1920, 1930. Ông còn có biệt danh Bạch công tử. Lê Công Phước để lại nhiều giai thoại về ăn chơi hoang phí. Ông còn là người có rất nhiều đóng góp cho nghệ thuật cải lương ở miền Nam khi đó và là một trong số những người chồng của Nghệ sĩ nhân dân Phùng Há.",vie,vie,"[17922.0, 12566.0, 5356.0, 40994.0, 32960.0, 26162.0, 46350.0, 3296.0, 5562.0, 15450.0, 5974.0, 11742.0, 66950.0, 53560.0, 1527284.0]"
"Geastrum quadrifidum là một loài nấm không ăn được thuộc chi geastrum, được mô tả khoa học lần đầu bởi Christian Hendrik Persoon năm 1794, G. quadrifidum là một loài phân bố toàn cầu - nhưng không phổ biến - ở châu Âu, châu Mỹ, châu Phi, châu Á, và Úc. Loài nấm này mọc trên xác sinh vật đã chết, hút thức ăn phân huỷ chất hữu cơ có trong đất và rác của khu rừng lá kim.",vie,vie,"[53505.0, 8610.0, 3075.0, 55145.0, 53095.0, 27675.0, 102910.0, 3075.0, 4920.0, 18450.0, 23780.0, 36490.0, 62320.0, 120335.0, 1270795.0]"
"Bộ truyện tranh này có 4 phần của bộ truyện tranh này, đã được đăng trên Goodreads. Phần 1: Hoàng Phi Hồng phiêu lưu học võ được xuất bản trong thời than 1983-1997; Phần 2: Phi Hồng giải cứu Hà Nam và Đảo Thuyền Quân 1997-2004; Phần 3: Phi Hồng giải cứu công chúa nước láng giềng 2004-2006; Phần 4: Phi Hồng cứu bạn gái trong trận lụt và tiêu diệt tập đoàn ám sát (chưa hoàn thành), ngoài ra còn có Phi Hồng ngoại truyện.",vie,vie,"[17748.0, 20604.0, 4284.0, 51612.0, 35904.0, 35496.0, 63648.0, 2856.0, 6732.0, 17952.0, 7344.0, 2652.0, 78948.0, 86088.0, 1948608.0]"
"Sau cái chết của người anh vào năm 1931, Russell trở thành Bá tước Russell III. Ông đã từng nói rằng danh hiệu của ông hữu hiệu chủ yếu trong việc giữ phòng khách sạn.",vie,vie,"[14413.0, 5684.0, 1421.0, 13601.0, 16037.0, 10150.0, 19285.0, 2436.0, 2233.0, 7511.0, 2030.0, 3248.0, 22736.0, 29435.0, 618541.0]"
"Năm 309 TCN, Tần Vũ Vương đánh Nghi Dương của nước Hàn. Nhà Chu sợ thế nước Tần hùng mạnh, phải giúp cho chiến dịch này của Tần. Nước Hàn cầu cứu nước Sở. Sở Hoài Vương mang quân cứu Hàn, lại muốn đánh cả Chu vì Chu ủng hộ Tần. Biện sĩ Tô Đại bèn đi thuyết phục vua Sở thôi ý định đánh Chu.",vie,vie,"[29694.0, 22422.0, 2828.0, 26462.0, 28886.0, 21816.0, 36562.0, 2222.0, 7878.0, 14746.0, 4848.0, 15756.0, 43834.0, 66458.0, 1414202.0]"
"The Times of India có thị trưởng tại các thành phố lớn như Mumbai, Ahmedabad, Aurangabad, Bangalore, Bhopal, Bhubaneswar, Calicut, Chandigarh, Chennai, Coimbatore, Delhi, Guwahati, Hubli, Hyderabad, Indore, Jaipur, Kochi, Kolhapur, Kolkata, Lucknow, Madurai, Mangalore, Mysore, Nagpur, Nashik, Panaji, Patna, Puducherry, Pune, Raipur, Ranchi, Surat, Trichy, Trivandrum, Varanasi, Vijayawada và Visakhapatnam.",vie,vie,"[54270.0, 3216.0, 8643.0, 33165.0, 34974.0, 76782.0, 48441.0, 2613.0, 1407.0, 9246.0, 1206.0, 19698.0, 37185.0, 88842.0, 358986.0]"
"Sau khi báo cáo Ủy ban Vivian Bose chỉ ra các sai phạm nghiêm trọng của tập đoàn Dalmia–Jain, vào ngày 28 tháng 8 năm 1969 Tòa án Cấp cao Bombay dưới quyền Thẩm phán J.L. Nain ban lệnh tạm thời giải thể ban giám đốc Bennett Coleman và thành lập một ban điều hành mới dưới quyền chính phủ. Tòa án phán quyết rằng """"Trong hoàn cảnh này, điều tốt nhất ban hành các lệnh như vậy dựa trên giả định rằng các cáo buộc của nguyên đơn rằng sự vụ của công ty được quản lý theo một cách thức gây tổn hại đến lợi ích công cộng và lợi ích của công ty là chính xác"""". Sau lệnh này, Shanti Prasad Jain ngừng vai trò giám đốc và công ty được điều hành với một ban giám đốc mới, do Chính phủ Ấn Độ bổ nhiệm, ngoại lệ là một người viết tốc ký của gia tộc Jain. Tòa án bổ nhiệm D K Kuntelàm chủ tịch của ban điều hành. Dù là một chiến sĩ tự do và một người chính trực, song Kunte trước đó không có kinh nghiệm kinh doanh và cũng là một thành viên đối lập trong Lok Sabha.",vie,vie,"[92600.0, 17600.0, 6200.0, 110800.0, 66200.0, 106600.0, 164600.0, 7200.0, 14200.0, 32000.0, 58800.0, 48600.0, 127600.0, 273000.0, 3214200.0]"
"Ban đầu Diễm được bái làm Trước tác lang, rồi chuyển làm Bí thư thừa, ít lâu sau được thăng làm Tán kỵ thường thị, Thị trung. Năm Thái Nguyên thứ 8 (383), Tiền Tần đế Phù Kiên cử đại quân nam xâm, Tạ An cho rằng ông có tài quân sự, dùng làm Phụ quốc tướng quân, nắm 8000 quân tinh nhuệ, cùng anh họ Tạ Huyền đại phá quân Tần trong trận Phì Thủy.",vie,vie,"[16318.0, 34029.0, 995.0, 31442.0, 29054.0, 28059.0, 40596.0, 3184.0, 9552.0, 19502.0, 3781.0, 2189.0, 46566.0, 75819.0, 1587025.0]"
"Công thức quy định cách viết địa chỉ IPv6, đại diện mỗi nhóm số gồm 16 bit, bằng những số thập lục phân, hòng làm cho việc đọc, và sao chép các địa chỉ dài 128-bit được dễ dàng hơn.",vie,vie,"[10890.0, 4950.0, 2970.0, 26334.0, 11880.0, 13266.0, 37818.0, 1188.0, 4554.0, 5148.0, 1980.0, 2574.0, 30690.0, 41382.0, 655776.0]"
"Toạ lạc ở số 141 Trần Cao Vân, được xây dựng vào cuối thế kỷ 18. Chùa Long Khánh là nơi truyền bá tín ngưỡng Phật giáo trong vùng bấy giờ. Chùa do hoà thượng Đức Sơn (người Trung Quốc) sáng lập. Hiện chùa còn lưu giữ hai vật quý: Thái Bình hồng chung (chuông Hồng Thái) được đúc vào năm 1805 triều vua Gia Long. Tấm dấu biểu trưng Long Khánh Tự được in vào năm 1813 triều vua Gia Long.",vie,vie,"[42946.0, 17533.0, 3349.0, 65010.0, 53190.0, 32505.0, 81755.0, 2561.0, 5516.0, 16942.0, 5713.0, 23837.0, 85892.0, 118594.0, 1632342.0]"
Bullou là một xã thuộc tỉnh Eure-et-Loir trong vùng Centre-Val de Loire ở bắc trung bộ nước Pháp. Xã này nằm ở khu vực có độ cao trung bình 134 t]] trên mực nước biển.,vie,vie,"[22148.0, 5096.0, 2156.0, 88396.0, 19796.0, 12348.0, 22148.0, 1568.0, 3528.0, 7840.0, 3528.0, 6272.0, 26264.0, 40964.0, 403564.0]"
"Lục quân: 11 Sư đoàn bộ binh, 1 Sư đoàn Nhảy dù, 1 Sư đoàn Thủy quân lục chiến, Liên đoàn 81 Biệt cách Dù, 17 Liên đoàn Biệt động quân, Lực lượng Lôi hổ và Biệt hải thuộc Nha Kỹ thuật và Lực lượng Địa phương quân gồm 400 Tiểu đoàn, Nghĩa quân hơn 50.000 quân.",vie,vie,"[32175.0, 10725.0, 2925.0, 30810.0, 25350.0, 22035.0, 30420.0, 1170.0, 2145.0, 10725.0, 4680.0, 9945.0, 42510.0, 65130.0, 1172730.0]"
"Hiện nay đã có 15 địa cấp thị lớn của Trung Quốc đã được nâng cấp thành thành phố cấp phó tỉnh (副省级城市, phó tỉnh cấp thành thị; tiếng Anh: sub-provincial city), nghĩa là được nhiều quyền hạn tự quản hơn. Như vậy thành phố cấp phó tỉnh là những trường hợp đặc biệt của địa cấp thị.",vie,vie,"[12998.0, 34920.0, 1940.0, 21922.0, 12416.0, 18042.0, 28906.0, 6208.0, 6402.0, 5044.0, 3880.0, 970.0, 46560.0, 44038.0, 963986.0]"
"Mandray là một xã, nằm ở tỉnh Vosges trong vùng Grand Est của Pháp. Xã này có diện tích 12,36 kilômét vuông, dân số năm 1999 là 619 người. Xã này nằm ở khu vực có độ cao trung bình 470 m trên mực nước biển.",vie,vie,"[40723.0, 7334.0, 3281.0, 70638.0, 29143.0, 18721.0, 44583.0, 2702.0, 4632.0, 10808.0, 6176.0, 10229.0, 29722.0, 76042.0, 553910.0]"
"Giá trị 0xdeadbeef (""""ox dead beef"""" - trâu chết [thành] thịt bò) đôi khi được gài vào bộ nhớ chưa được ráp giá trị khởi đầu (uninitialized memory).",vie,vie,"[6336.0, 8256.0, 2880.0, 13824.0, 9600.0, 13440.0, 16512.0, 1344.0, 1920.0, 4800.0, 2688.0, 960.0, 20928.0, 26112.0, 462336.0]"
"Shayne Ward đã bắt đầu làm album thứ ba của mình với các nhà sản xuất RedOne and Taio Cruz do Simon Cowell đã từ chối phát hành thêm bất kỳ sản phẩm âm nhạc nào của Shayne nữa vì phải lo cho Leona Lewis và Susan Boyle. Album mới, với tiêu đề Obsession, đã được phát hành ngày 15 tháng 11 năm 2010. Ward đã làm việc với các nhạc sĩ như Savan Kotecha, Quiz & Larossi và Lucas Secon, còn các bài hát sản xuất bởi RedOne và Taio Cruz sẽ không được có mặt trong album. Đĩa đơn đầu tiên từ album, bản cover bài hát """"Gotta Be Somebody"""" của Nickelback, đã được phát hành ngày 7 tháng 11 năm 2010. Video của bài hát đã ra mắt ngày 29 tháng 10 năm 2010. Shayne cũng biểu diễn tại cuộc thi Hoa hậu Thế giới được tổ chức tại Sanya, Trung Quốc. Album đạt đến vị trí thứ 11 trong bảng xếp hạng Ailen vào ngày 19 tháng 11 và đạt vị trí thứ 15 tại Anh vào ngày 21 tháng mười một. Ngày 08 tháng 3 năm 2011, Shayne đã trình diễn các ca khúc từ album Obsession ở Titchmarsh Alan The Show. Trong một cuộc phỏng vấn với Digital Spy, Shayne đã nói rằng anh rất muốn ra mắt single thứ 2 từ album. Ngày 19 tháng 4 năm 2011, có tin nói rằng Syco Music đã không tiếp tục ký hợp đồng với Shayne Ward nữa do thứ hạng của Obsession quá thấp trên các bảng xếp hạng âm nhạc. Phát biểu về việc này, Shayne đã tweet rằng """"Khi một cánh cửa đóng đi, hàng ngàn cánh cửa khác mở rộng chào đón bạn"""".",vie,vie,"[201314.0, 32088.0, 10887.0, 263198.0, 244671.0, 115173.0, 544923.0, 12224.0, 75445.0, 70288.0, 88051.0, 150699.0, 197494.0, 420009.0, 3904613.0]"
Sarcophrynium villosum là một loài thực vật thuộc họ Marantaceae. Loài này có ở Cameroon và Gabon. Môi trường sống tự nhiên của chúng là rừng ẩm vùng đất thấp nhiệt đới hoặc cận nhiệt đới. Chúng hiện đang bị đe dọa vì mất môi trường sống.,vie,vie,"[34580.0, 7410.0, 1710.0, 28120.0, 26600.0, 18240.0, 32300.0, 1710.0, 3800.0, 8360.0, 3990.0, 10070.0, 40850.0, 59470.0, 569240.0]"
"Sông Columbia tạo phần nhiều ranh giới phía bắc của Oregon cũng đóng vai trò chính trong sự tiến hóa địa chất của vùng cũng như sự phát triển văn hóa và kinh tế của vùng. Sông Columbia là một trong những con sông lớn nhất Bắc Mỹ, và là con sông duy nhất cắt ngang Dãy núi Cascade. Khoảng 15.000 năm trước đây, Sông Columbia liên tục gây lũ lụt phần nhiều Oregon; sự màu mở hiện tại của vùng Thung lũng Willamette phần lớn là do kết quả của những vụ lụt lội đó. Nhiều cá hồi là một phần đặc điểm của con sông. Trong thế kỷ 20, có vô số đập thủy điện đã được xây dựng dọc theo Sông Columbia có tác dụng lớn đến cá hồi, giao thông và thương mại, điện năng, và kiểm soát lụt lội.",vie,vie,"[68418.0, 17010.0, 4158.0, 52920.0, 50463.0, 54999.0, 76167.0, 4536.0, 9450.0, 18144.0, 12285.0, 31941.0, 93366.0, 121338.0, 2544696.0]"
"Đến 1973, các khu phố của thị xã Quy Nhơn đổi thành phường. Dưới phường là khóm. Toàn thị xã có 2 quận, 16 phường, 46 khóm với dân số 213.231 khẩu.",vie,vie,"[7144.0, 7332.0, 2444.0, 17860.0, 14476.0, 13536.0, 21244.0, 2444.0, 1128.0, 5264.0, 3196.0, 10528.0, 27448.0, 38540.0, 709888.0]"
"Năm 13 tuổi, ông chạm trán với Lâm Phúc Thành (林福成), học trò của """"Thiết Kiều Tam"""" Lương Khôn trên đường Đậu Xì, Phật Sơn. Lâm Phúc Thành đã dạy ông cách dùng băng tay và những thế quan trọng của võ thuật Thiết Tuyến quyền. Sau đó, ông học Vô Ảnh cước từ Tống Huy Thang (宋輝鏜).",vie,vie,"[11781.0, 29920.0, 2431.0, 31416.0, 31042.0, 22814.0, 34969.0, 3927.0, 4862.0, 11220.0, 5797.0, 1309.0, 41701.0, 48433.0, 1179035.0]"
Quy tắc xếp hạng: 1. Điểm; 2. Hiệu số bàn thắng; 3. Số bàn thắng.(VĐ) = Vô địch; (XH) = Xuống hạng; (LH) = Lên hạng; (O) = Thắng trận Play-off; (A) = Lọt vào vòng sau.,vie,vie,"[13950.0, 10788.0, 1860.0, 21204.0, 17670.0, 14322.0, 27714.0, 558.0, 3534.0, 7440.0, 930.0, 13764.0, 34596.0, 56916.0, 698988.0]"
Thông thường việc quy định tỉ suất tái chiết khấu từ phía ngân hàng Trung ương cao hay thấp hơn tỉ suất thị trường đều có ảnh hưởng tới lượng cung tiền tệ trong lưu thông.,vie,vie,"[5365.0, 5180.0, 1295.0, 11100.0, 7215.0, 8510.0, 14060.0, 2405.0, 2775.0, 3885.0, 2220.0, 555.0, 36630.0, 23865.0, 615865.0]"
Vườn thực vật hoàng gia Kew; Đại học Harvard; Australian Plant Name Index (biên tập). “Psychotria similis”. International Plant Names Index. Truy cập ngày 5 tháng 6 năm 2013.,vie,vie,"[21896.0, 7360.0, 4048.0, 19136.0, 25024.0, 12144.0, 41032.0, 1288.0, 9016.0, 6440.0, 9200.0, 17480.0, 19136.0, 42688.0, 283912.0]"
"Năm 2009, Cuộc thi được tổ chức ở Bahamas có ba vương miện được đề cử làm vương miện cho Hoa hậu Hoàn vũ 2009. Kết quả vương miện mang tên Peace (chiến thắng), trở thành vương miện Hoa hậu Hoàn vũ 2009. Năm 2014, một chiếc vương miện mới do Diamonds International Corporation thiết kế được sử dụng làm vương miện chính thức.",vie,vie,"[25803.0, 11346.0, 4026.0, 28731.0, 31842.0, 22692.0, 40626.0, 1647.0, 3477.0, 8784.0, 4209.0, 13176.0, 54534.0, 64965.0, 1105869.0]"
"Thaanumella cookei là một loài ốc đầm nước mặn có nắp, là động vật thân mềm chân bụng sống dưới nước trong họ Assimineidae. Nó là loài đặc hữu của Micronesia.",vie,vie,"[17836.0, 5278.0, 2548.0, 11466.0, 19292.0, 13104.0, 15106.0, 910.0, 910.0, 5824.0, 11102.0, 7826.0, 20202.0, 40586.0, 424606.0]"
"Ngày 4 tháng 7 năm 1998, Thủ tướng Chính phủ ra nghị quyết 558 công nhận Quy Nhơn là đô thị loại 2. Đến ngày 26 tháng 1 năm 2010, theo nghị quyết 159 của Thủ tướng Chính phủ, thành phố Quy Nhơn được nâng cấp lên đô thị loại 1 trực thuộc tỉnh Bình Định.",vie,vie,"[36562.0, 11041.0, 2715.0, 31856.0, 19367.0, 20453.0, 39096.0, 3258.0, 4344.0, 9231.0, 5249.0, 724.0, 48327.0, 50499.0, 859931.0]"
Vườn thực vật hoàng gia Kew; Đại học Harvard; Australian Plant Name Index (biên tập). “Alyssum peltarioides”. International Plant Names Index. Truy cập ngày 9 tháng 6 năm 2013.,vie,vie,"[22500.0, 7560.0, 3600.0, 19800.0, 23220.0, 12780.0, 41580.0, 1080.0, 8100.0, 5760.0, 8820.0, 16200.0, 18900.0, 42660.0, 278280.0]"
Rhaphidorrhynchium callidioides là một loài Rêu trong họ Sematophyllaceae. Loài này được (Müll. Hal.) Broth. miêu tả khoa học đầu tiên năm 1925.,vie,vie,"[26313.0, 4833.0, 1611.0, 24523.0, 28998.0, 11635.0, 45287.0, 2327.0, 4296.0, 8413.0, 9129.0, 13067.0, 18079.0, 58891.0, 221602.0]"
Vườn thực vật hoàng gia Kew; Đại học Harvard; Australian Plant Name Index (biên tập). “Weinmannia microphylla”. International Plant Names Index. Truy cập ngày 15 tháng 9 năm 2013.,vie,vie,"[21716.0, 7476.0, 3560.0, 19758.0, 32930.0, 12282.0, 39516.0, 890.0, 7298.0, 6586.0, 8722.0, 14240.0, 18690.0, 42364.0, 284978.0]"
"Burkina Faso cũng là chủ nhà của hội chợ hàng thủ công mỹ nghệ Ouagadougou, được biết đến nhiều hơn với tên tiếng Pháp là SIAO (Le Salon International de L Artisanat de Ouagadougou), một trong những hội chợ hàng thủ công quan trọng nhất châu Phi.",vie,vie,"[16815.0, 4779.0, 2478.0, 148503.0, 16815.0, 12390.0, 23895.0, 2478.0, 2655.0, 7788.0, 3717.0, 9381.0, 32745.0, 43011.0, 544983.0]"
"Với thành công lớn từ bản tiếng Pháp, Adamo cũng chuyển thể bài hát này sang một số phiên bản ngôn ngữ khác. Bản nhạc này được nhạc sĩ Phạm Duy đặt lời Việt với tên gọi Tuyết rơi và ca sĩ Ngọc Lan là người trình bày thành công nhất.",vie,vie,"[5456.0, 5280.0, 1408.0, 23584.0, 16896.0, 11440.0, 22880.0, 880.0, 1232.0, 9504.0, 3872.0, 1056.0, 39600.0, 33616.0, 792704.0]"
"Sự xuất hiện của tổng Công ty khí thuộc tập đoàn Dầu khí Quốc gia Việt Nam đã giúp V-League có khoảng thời gian dài nhất gắn với tên nhà tài trợ. Tên giải đấu Petro Vietnam Gas V-League kéo dài 4 mùa giải và giúp cho giải đấu có nguồn tài chính ổn định. Đó cũng là một dấu ấn tốt đẹp trước khi Petro Vietnam Gas không còn xuất hiện và được thay thế bằng Eximbank. Từ trước tới nay, Eximbank được coi là đơn vị tài trợ chi nhiều nhất cho V-League. Đến mùa giải 2014, số tiền mà Eximbank tài trợ cho một mùa bóng của V-League đã lên tới hơn 40 tỷ đồng. Tuy nhiên, trường hợp của Eximbank cũng được coi là ngoại lệ bởi gói tài trợ của đơn vị này được sự hậu thuẫn khá nhiều từ Chủ tịch Liên đoàn bóng đá Việt Nam Lê Hùng Dũng, người cũng là Chủ tịch Hội đồng quản trị Eximbank và là Phó Chủ tịch Hội đồng quản trị VPF. Mùa giải 2015, nhà tài trợ chính thức hiện tại cho giải đấu là Toyota. Kết thúc mùa giải 2017, Toyota nói lời chia tay sau ba năm tài trợ với số tiền 120 tỉ đồng.",vie,vie,"[82600.0, 23275.0, 4200.0, 80150.0, 68950.0, 54075.0, 126350.0, 4900.0, 10675.0, 21525.0, 10150.0, 45675.0, 162050.0, 179725.0, 3418275.0]"
"Khoảng đầu những năm 1950 ở Hồng Kông, phim ảnh Quảng Đông chiếm lĩnh thị trường. Những phim võ thuật thời đó thường đưa lên màn ảnh những nhân vật huyền bí và những nhà thuật sĩ (một chút gì đó tựa tựa như truyện Liêu trai chí dị, truyện ma quỷ của Bồ Tùng Linh).",vie,vie,"[10440.0, 9396.0, 1740.0, 20010.0, 15660.0, 16182.0, 25578.0, 3480.0, 4524.0, 7830.0, 4176.0, 0.0, 34452.0, 40020.0, 1002240.0]"
"Thông thường, các quốc gia sẽ tổ chức một cuộc thi hoa hậu quốc gia và người chiến thắng của cuộc thi này sẽ đại diện quê hương mình đi tranh tài với đối thủ trên khuôn khổ cuộc thi Hoa hậu Hoàn vũ (Miss Universe Organization).",vie,vie,"[12975.0, 4671.0, 1211.0, 14013.0, 16435.0, 10380.0, 20414.0, 1038.0, 3114.0, 5363.0, 2595.0, 5882.0, 36676.0, 36676.0, 684388.0]"
"Năm 273 TCN, nước Tần đánh nước Ngụy, chiếm đất Hoa Dương. Mưu thần nhà Chu là Mã Phạm mưu làm lợi cho nhà Chu, bèn sang Ngụy nói với Ngụy An Ly Vương rằng vua Chu tuổi cao sắp qua đời, nếu Ngụy trợ giúp binh cho nhà Chu thì ông hứa dâng chín đỉnh cho nước Ngụy. Ngụy An Ly Vương nghe theo, cấp một đội quân cho Mã Phạm để phòng thủ cho nhà Chu.",vie,vie,"[29068.0, 23564.0, 1204.0, 26488.0, 29928.0, 22188.0, 41624.0, 1892.0, 4300.0, 12040.0, 3784.0, 1032.0, 46612.0, 62436.0, 1387180.0]"
"Chi tiết hoạt động của NTP được quy định trong các RFC 778, RFC 891, RFC 956, FRC 958 (thay thế bởi 1305), và RFC 1305. Chuẩn đang được triển khai là phiên bản 4 (NTPv4); tuy nhiên, vào năm 2005, chỉ có phiên bản 3 và các phiên bản cũ hơn được quy định trong các RFCs. Tổ chức IETF NTP Working Group đã chuẩn hóa hoạt động của cộng đồng NTP từ khi có RFC 1305.",vie,vie,"[54207.0, 15732.0, 5301.0, 68058.0, 36081.0, 32661.0, 95418.0, 3591.0, 10602.0, 15732.0, 4446.0, 18468.0, 40527.0, 95589.0, 932976.0]"
"Diễm được tặng Thị trung, Tư không, thụy là Trung Túc. Sau này Lưu Dụ thắng trận Tả Lý, bắt được Trương Mãnh, giao cho con nhỏ của Diễm là Hỗn. Ông ta mổ lấy gan của Mãnh mà ăn sống.",vie,vie,"[8840.0, 16490.0, 1360.0, 15980.0, 12920.0, 13940.0, 23460.0, 1700.0, 2210.0, 6970.0, 1700.0, 680.0, 24820.0, 32300.0, 790670.0]"
"Diễm kể đến lý lịch hay thanh danh đều rất có địa vị ở đất Việt, ai cũng cho rằng ông sẽ dẹp được loạn. Khi đến quận, Diễm không an ủi quan dân, cũng không chỉnh đốn quân đội. Bộ tướng đều can rằng: """"Giặc mạnh ở biển, dò xét tình hình, nên chấn hưng và biểu dương những phong tục tốt đẹp, mở ra cho bọn chúng một con đường để hối cải."""" Ông nói: """"Phù Kiên có trăm vạn quân, còn bị đẩy vào chỗ chết ở Hoài Nam, huống hồ Tôn Ân đã ôm đầu máu chạy ra biển, nào dám quay lại! Nếu hắn lại đến, chính là trời không tha cho tên quốc tặc, nên muốn hắn nhanh chóng phải đền tội."""" rồi không làm theo lời họ.",vie,vie,"[20111.0, 36504.0, 1521.0, 45630.0, 38532.0, 37856.0, 66248.0, 4901.0, 5239.0, 28899.0, 8619.0, 3380.0, 80444.0, 98189.0, 2404701.0]"
"Giải bóng đá vô địch quốc gia là sân chơi hạng cao nhất trong hệ thống thi đấu của bóng đá Việt Nam, giải do VFF tổ chức từ năm 1980, tính đến năm 2015 đã trải qua 32 mùa giải (năm 1988 không tổ chức thi đấu giải, còn năm 1999 chỉ có giải Tập huấn mùa Xuân và không được tính là giải bóng đá vô địch quốc gia).",vie,vie,"[32256.0, 12768.0, 2856.0, 39648.0, 24024.0, 18144.0, 71400.0, 2856.0, 4704.0, 8904.0, 4200.0, 14280.0, 55440.0, 75936.0, 1131312.0]"
"(Trong trường hợp này, trung bình số học thứ nhất và trung bình nhân thứ 1 bằngx1, và tương tự với trung bình số học thứ hai và trung bình nhân thứ 2); và trong bất đẳng thức thứ hai, Hai bên chỉ bằng nhau nếu hai giá trị trung bình bằng nhau. Vì không phải tất cả hai k đều bằng nhau, không thể cho cả hai bất đẳng thức được đẳng, vì vậy chúng ta biết rằng:",vie,vie,"[9352.0, 10354.0, 2338.0, 18203.0, 12692.0, 17535.0, 35571.0, 2171.0, 5845.0, 8350.0, 4676.0, 3841.0, 32398.0, 40915.0, 932528.0]"
"Từ năm 1969, giải Úc mở rộng cho phép tất cả các tay vợt đăng ký, kể cả các vận động viên chuyên nghiệp. Nhưng, chỉ trừ hai giải năm 1969 và 1971, còn đâu cho đến năm 1981, còn đâu hầu hết các tay vợt xuất sắc nhất thế giới đều không tham dự do tính bất hợp lý của lịch thi đấu (giải thường diễn ra đúng vào dịp Lễ Giáng sinh hay đầu năm mới), cùng với lượng tiền thưởng chưa hấp dẫn.",vie,vie,"[17264.0, 9794.0, 3486.0, 27390.0, 31208.0, 25730.0, 46646.0, 4482.0, 6308.0, 16932.0, 5312.0, 19090.0, 67064.0, 58598.0, 1435402.0]"
"Oregon cũng là nhà của nhiều công ty lớn trong những ngành kỹ nghệ khác. Tổng hành dinh thế giới của Nike nằm gần Beaverton. Medford là nhà của hai trong những công ty bán hàng qua thư tín lớn nhất tại Hoa Kỳ: Harry and David Operations Corp. bán những món hàng quà tặng dưới vài tên hiệu, và Musician's Friend, một nhà bán lẽ qua mạng quốc tế các sản phẩm nhạc cụ và có liên quan đến nhạc cụ.Medford cũng là nhà của tổng hành dinh quốc gia của công ty trong danh sách Fortune 1000 là Lithia Motors. Portland là nhà của một trong các nhà xuất bản buôn bán sách lớn nhất miền Tây Hoa Kỳ là Graphic Arts Center Publishing.",vie,vie,"[38115.0, 7425.0, 2640.0, 55935.0, 60555.0, 36630.0, 118140.0, 2805.0, 3795.0, 12375.0, 25410.0, 40755.0, 68310.0, 124575.0, 1537140.0]"
"Không quân. Quân số 60.000, trang bị hơn 2.000 máy bay các loại. Gồm: 1 Bộ tư lệnh Quân chủng với đầy đủ các cơ quan và binh sở yểm trợ, 5 Sư đoàn Không quân tác chiến (20 phi đoàn khu trục cơ, trang bị khoảng 550 phi cơ A-1 Skyraider, A-37 Dragonfly và Northrop F-5, 23 Phi đoàn trực thăng, trang bị khoảng 1.000 trực thăng UH-1 và CH-47 Chinook, 8 Phi đoàn quan sát, trang bị khoảng 200 phi cơ O1, O2 và U17), 1 Sư đoàn vận tải (9 Phi đoàn vận tải, trang bị khoảng 150 phi cơ C7, Douglas C-47, C-119 và C-130, 1 Không đoàn tân trang chế tạo, 4 Phi đoàn hỏa long, trang bị phi cơ AC-119, [[Lockheed AC-130 Gunship. Ngoài ra còn có Phi đoàn Trắc giác (tình báo kỹ thuật), Phi đoàn Quan sát RC 119L và Biệt đoàn Đặc vụ 314.",vie,vie,"[103648.0, 21812.0, 5248.0, 105616.0, 86264.0, 56252.0, 145632.0, 8692.0, 7544.0, 33620.0, 7052.0, 51168.0, 94300.0, 193028.0, 2042948.0]"
"Trần Pháp Lạp sinh ra và lớn lên ở Thành Đô, Tứ Xuyên, Trung Quốc. Năm 14 tuổi cô di cư sang Atlanta, Georgia, Hoa Kỳ cùng với gia đình. Cô tốt nghiệp Đại học Emory ngành Quản trị kinh doanh vào tháng 5 năm 2005.",vie,vie,"[10269.0, 7172.0, 2282.0, 21353.0, 23146.0, 14018.0, 23798.0, 1956.0, 1956.0, 7172.0, 2445.0, 978.0, 27058.0, 36023.0, 710843.0]"
"Nhà báo người Mỹ William J. Lederer, trong chuyến điều tra năm 1968, đã nhận xét rằng kẻ thù tồi tệ nhất của Mỹ chính là nạn tham nhũng của QĐVNCH, hàng tỷ USD viện trợ của Mỹ đã bị tham ô rồi bán ra chợ đen. Ông đã chứng kiến những kho hàng lậu đầy ắp vũ khí quân dụng, có tới cả 1.000 khẩu súng trường, bao gồm cả loại M16 hiện đại. Quy mô buôn lậu lên tới hàng tỷ USD, với sự tham gia của đủ thành phần: quan chức Việt Nam Cộng hòa, thương nhân Mỹ và Đài Loan, binh lính Mỹ, Hàn Quốc, Philippines... Ngay cả Mặt trận Dân tộc Giải phóng cũng tận dụng nạn tham nhũng của đối phương để mua vũ khí Mỹ đánh lại chính quân Mỹ. William J. Lederer nhận xét: """"Tôi đã thấy Hoa Kỳ sẽ bị đánh bại như thế nào - không phải chỉ bằng sức mạnh của đối phương, mà còn bởi chính những sai lầm của mình, sự bất lực của chính mình",vie,vie,"[66420.0, 31266.0, 2430.0, 57348.0, 62370.0, 50058.0, 83592.0, 7128.0, 11178.0, 21870.0, 12798.0, 30780.0, 116316.0, 112104.0, 2848932.0]"
"Patton, J. L. 2005. Family Heteromyidae. pp. 844–858 in Mammal Species of the World a Taxonomic and Geographic Reference. D. E. Wilson and D. M. Reeder eds. Johns Hopkins University Press, Baltimore.",tur,vie,"[27531.0, 2576.0, 12236.0, 21896.0, 18032.0, 12558.0, 40733.0, 1288.0, 644.0, 7245.0, 7567.0, 8050.0, 12558.0, 43953.0, 15939.0]"
"Convair C-131 Samaritan là một loại máy bay vận tải quân sự của Hoa Kỳ, được hãng Convair sản xuất từ năm 1954 tới 1956. Đây là phiên bản quân sự của loại Convair CV-240.",vie,vie,"[21920.0, 5600.0, 3040.0, 20800.0, 21920.0, 10560.0, 40160.0, 1760.0, 2880.0, 4160.0, 3040.0, 10880.0, 23040.0, 47840.0, 406720.0]"
"Chú ý: Đối với ribose, có sự hiện hữu của đường deoxyribose thì tiền tố """"deoxy """" có thể được thêm vào trước tên của nucleoside trong mọi trường hợp ngoại trừ đối với thymidine.",vie,vie,"[13674.0, 4293.0, 1749.0, 11766.0, 10653.0, 8109.0, 14946.0, 1272.0, 2226.0, 3657.0, 795.0, 6678.0, 18444.0, 34185.0, 398931.0]"
Meringium secundum là một loài dương xỉ trong họ Hymenophyllaceae. Loài này được Copel. mô tả khoa học đầu tiên năm 1938. Danh pháp khoa học của loài này chưa được làm sáng tỏ.,vie,vie,"[23226.0, 5214.0, 3476.0, 18012.0, 19434.0, 10270.0, 27650.0, 1422.0, 5214.0, 7742.0, 7426.0, 14852.0, 18644.0, 45504.0, 304466.0]"
"Công tử Bạc Liêu là cụm từ dân gian ở miền Nam Việt Nam đặt ra vào cuối thế kỷ 19 đến đầu thế kỷ 20 để chỉ các công tử, con của những gia đình giàu có sống ở tỉnh Bạc Liêu, trong thời kỳ xã hội Việt Nam thời Pháp thuộc. Thời đó, thực dân Pháp đã ổn định về tổ chức của vùng đất thuộc địa Nam Kỳ. Do việc phân chia lại ruộng đất, đã làm nảy sinh rất nhiều đại điền chủ ở vùng đất này. Theo phong trào khi ấy, các đại điền chủ, hào phú quyền quý khắp Nam Kỳ thường cho con lên Sài Gòn học ở các trường Pháp, thậm chí du học bên Pháp . Tuy nhiên, hầu hết các vị công tử giàu có này, ảnh hưởng bởi sự phồn hoa đô hội, sẵn tiền, nên thường đi vào con đường ăn chơi để thể hiện mình. Ngày nay, Công tử Bạc Liêu trở thành một thành ngữ để chỉ những kẻ ăn chơi, tiêu tiền như nước .",vie,vie,"[58090.0, 23707.0, 3611.0, 61544.0, 42233.0, 42076.0, 72063.0, 7379.0, 9891.0, 24492.0, 15386.0, 3454.0, 118692.0, 104248.0, 2838874.0]"
"Năm 1957, Quân đoàn I và Quân đoàn II được thành lập. Cùng năm, thành lập Binh chủng Lực lượng đặc biệt, huấn luyện sĩ quan và hạ sĩ quan tại trường Biệt động đội ở Đồng Đế, và đơn vị đầu tiên mang tên Liên đội Quan sát Số 1.",vie,vie,"[20436.0, 5616.0, 2028.0, 18720.0, 18408.0, 12948.0, 17160.0, 1092.0, 3276.0, 4680.0, 3276.0, 7488.0, 27924.0, 37440.0, 736632.0]"
"Craig A. Lockard nhận xét rằng """"trong sự khinh thường của những người Mỹ mà họ phục vụ, VNCH chỉ là một thứ công cụ để hợp thức hóa việc phê chuẩn, nếu không phải là thường bị loại ra khỏi sự chỉ đạo của Mỹ. VNCH hiếm khi đưa ra chính sách lớn, họ thậm chí còn không được tham khảo ý kiến về quyết định của Mỹ năm 1965 đưa một lực lượng lớn quân vào tham chiến trên bộ."""" Suốt nhiều năm phụ thuộc vào quân Mỹ đã khiến các chỉ huy Việt Nam Cộng hòa không còn đủ khả năng để tự đưa ra các quyết sách trên chiến trường.",vie,vie,"[11625.0, 15810.0, 2945.0, 28675.0, 22320.0, 26195.0, 47585.0, 4495.0, 5270.0, 11625.0, 6820.0, 1550.0, 52235.0, 57350.0, 1606575.0]"
"Lech tốt nghiệp ngành luật và hành chính tại Đại học Warszawa. Năm 1980, ông đã nhận được bằng tiến sĩ tại Đại học Gdańsk. Năm 1990, ông đoạt được habilitation trong luật lao động. Sau đó ông đã làm giáo sư tại Đại học Gdańsk, Đại học Hồng y Stefan Wyszyński ở Warszawa.",vie,vie,"[21406.0, 5852.0, 2772.0, 28182.0, 34804.0, 14168.0, 25256.0, 3850.0, 2156.0, 8008.0, 5698.0, 10934.0, 27104.0, 43428.0, 592592.0]"
"Oregon đôi khi là nơi để thực hiện các bộ phim. Các bộ phim toàn phần hay một phần quay tại Oregon gồm có: The Goonies, National Lampoon's Animal House, Stand By Me, Kindergarten Cop, One Flew Over the Cuckoo's Nest, Paint Your Wagon, The Hunted, Sometimes a Great Notion, Elephant, Bandits, The Ring, The Ring 2, Teenage Mutant Ninja Turtles 3, Short Circuit, Come See The Paradise, The Shining, Drugstore Cowboy, My Own Private Idaho, The Postman, Free Willy, Free Willy 2, 1941, và Swordfish.",vie,vie,"[54774.0, 8721.0, 8262.0, 57222.0, 39933.0, 23562.0, 111690.0, 3978.0, 3366.0, 6732.0, 16371.0, 27999.0, 31518.0, 107559.0, 424881.0]"
"Bias ở băng từ là thuật ngữ công nghệ gồm có hai loại là AC bias và DC bias, giúp cải tạo độ trung thực của những bản ghi âm bằng đĩa từ analogue. DC bias là kỹ thuật dùng dòng một chiều thêm vào tín hiệu ghi băng từ. DC bias được áp dụng sớm hơn AC bias, mặc dù xét ở những dải đáp ứng tuyến tính nhất định (rất nhỏ) thì DC bias có tác dụng giảm méo, tuy nhiên khi trên toàn dải âm tần thì những bản ghi thường bị méo cao và không giữ được đặc tính đáp ứng tần số (quan hệ giữa cường độ của tín hiệu tại các tần số bị thay đổi khá nhiều sau khi ghi và đọc lại). Năm 1933 người ta bắt đầu nghiên cứu và áp dụng AC bias. AC bias là kỹ thuật dùng một dòng xoay chiều có tần số siêu âm (thường từ 40 đến 150 kHz) để tạo ra tìn hiệu ghi âm (dạng điều biên với biên độ của tín hiệu chính là nguồn âm cần ghi).",vie,vie,"[57152.0, 20976.0, 4256.0, 46208.0, 38152.0, 41800.0, 72352.0, 3800.0, 13528.0, 20368.0, 9424.0, 20368.0, 110048.0, 100624.0, 2252184.0]"
Vườn thực vật hoàng gia Kew; Đại học Harvard; Australian Plant Name Index (biên tập). “Fimbristylis arnottiana”. International Plant Names Index. Truy cập ngày 11 tháng 6 năm 2013.,vie,vie,"[19630.0, 6493.0, 2869.0, 17969.0, 20385.0, 10872.0, 37297.0, 1359.0, 7248.0, 5738.0, 7852.0, 14949.0, 16761.0, 38958.0, 240845.0]"
"Hiến pháp ngày 2 tháng 6 năm 1991 thiết lập một chế độ bán tổng thống và một nghị viện. Tổng thống có quyền giải tán nghị viện. Tổng thống được bầu chọn và có nhiệm kì 7 năm. Tuy nhiên vào năm 2000, một hiến pháp quy định giảm nhiệm kì của tổng thống từ 7 năm xuống 5 năm. Đáng lẽ đã có một sửa đổi hiến pháp nữa vào năm 2005 nhằm ngăn tổng thống đương nhiệm Blaise Compaoré tái ứng cử thêm một nhiệm kỳ nữa. Tuy nhiên, vì không gặp phải thách thức nào từ những ứng viên là những lãnh tụ đảng khác, vào tháng 10 năm 2005 hội đồng hiến pháp quyết định rằng bởi vì Compaoré đương nhiệm từ năm 2000, nên hiến pháp sửa đổi sẽ không có hiệu lực với ông khi kết thúc nhiệm kỳ tổng thống lần hai. Nó đã dọn đường cho ông này tái cử vào năm 2005. Vào ngày 13 tháng 11 năm 2005, Compaoré tái cử dễ dàng do các phe đối lập thiếu đoàn kết.",vie,vie,"[98700.0, 24450.0, 4800.0, 123150.0, 67050.0, 48750.0, 162750.0, 5850.0, 11700.0, 31200.0, 12300.0, 36450.0, 102450.0, 199950.0, 2354850.0]"
"Hiện nay, Rafael Viñoly là thành viên của Hiệp hội kiến trúc sư Mỹ AIA, thành viên quốc tế của Hiệp hội kiến trúc sư Hoàng gia Anh RIBA, Hiệp hội kiến trúc sư Nhật Bản và một số tổ chức khác.",vie,vie,"[15496.0, 4768.0, 2682.0, 18774.0, 18476.0, 9238.0, 26373.0, 1043.0, 2384.0, 5811.0, 2980.0, 9238.0, 19221.0, 36654.0, 479035.0]"
"Hiện nay cơ cấu các ngành kinh tế của Quy Nhơn có sự chuyển dịch theo hướng tăng tỷ trọng ngành công nghiệp dịch vụ, giảm tỷ lệ ngành nông lâm ngư nghiệp trong GDP. Tỷ trọng nông, lâm, thủy sản - công nghiệp và xây dựng - dịch vụ trong GDP năm 2006 đạt: 36,7% - 28% - 35,3%. Thu nhập bình quân dầu người 2014 là 4500 USD/người.",vie,vie,"[25012.0, 8732.0, 2960.0, 22644.0, 16280.0, 18648.0, 30192.0, 2368.0, 4440.0, 11840.0, 3848.0, 2220.0, 47508.0, 48840.0, 945868.0]"
"Ngày 12 tháng 11 năm 1956, thị xã Cẩm Phả trực thuộc khu Hồng Quảng, gồm 7 phường: Cẩm Đông, Cẩm Sơn, Cẩm Tây, Cẩm Thạch, Cẩm Thành, Cẩm Thủy, Cẩm Trung; 3 thị trấn: Cọc 6, Cửa Ông, Mông Dương và 3 xã: Cẩm Bình, Quang Hanh, Thái Bình.",vie,vie,"[15288.0, 8820.0, 2793.0, 24108.0, 19551.0, 19845.0, 25725.0, 1617.0, 3087.0, 12495.0, 1764.0, 9408.0, 29988.0, 42042.0, 766017.0]"
"Biebelsheim là một đô thị thuộc huyện Bad Kreuznach trong bang Rheinland-Pfalz, phía tây nước Đức. Đô thị Biebelsheim có diện tích 3,1 km², dân số thời điểm ngày 31 tháng 12 năm 2006 là 608 người.",vie,vie,"[27302.0, 4672.0, 1606.0, 22192.0, 77964.0, 13870.0, 30952.0, 1314.0, 2920.0, 5110.0, 3796.0, 7446.0, 20732.0, 43070.0, 345728.0]"
"Quận Ba Đình có 14 phường gồm: Cống Vị, Điện Biên, Đội Cấn, Giảng Võ, Kim Mã, Liễu Giai, Ngọc Hà, Ngọc Khánh, Nguyễn Trung Trực, Phúc Xá, Quán Thánh, Thành Công, Trúc Bạch, Vĩnh Phúc.",vie,vie,"[20010.0, 4930.0, 2465.0, 27115.0, 23925.0, 11600.0, 39585.0, 2175.0, 2030.0, 12615.0, 2030.0, 11455.0, 23055.0, 67715.0, 492275.0]"
"Các địa cấp thị đầu tiên được lập ra từ ngày 5 tháng 11 năm 1983. Tính đến tháng 10 năm 2017, cả nước Trung Quốc có 294 địa cấp thị. Các địa cấp thị lớn nhất như Bảo Định (tỉnh Hà Bắc), Chu Khẩu và Nam Dương (tỉnh Hà Nam), Lâm Nghi (tỉnh Sơn Đông) có số dân (tính trong địa giới hành chính) vượt cả thành phố trực thuộc trung ương (trực hạt thị) Thiên Tân.",vie,vie,"[22752.0, 9936.0, 2016.0, 34128.0, 39312.0, 21024.0, 50544.0, 3312.0, 9072.0, 9504.0, 3744.0, 16848.0, 41328.0, 68400.0, 988848.0]"
"Nạn tham nhũng làm hao mòn trang bị và sức chiến đấu của quân đội: như cả nửa triệu tấn gạo biến mất khỏi các kho lương thực trong năm 1967. Súng cũng được tuồn ra bán với giá 25-30 đôla một khẩu. Nếu ai muốn mua một xe bọc thép hoặc một máy bay lên thẳng thì việc đó cũng có thể dàn xếp được. Hồi ký Nguyễn Cao Kỳ nêu trường hợp Tư lệnh đồng bằng sông Cửu Long đã lấy cắp 8.000 đài vô tuyến và 24.000 vũ khí cá nhân do Hoa Kỳ trang bị và sớm tiêu thụ hết sạch sành sanh, tài liệu mật từ Tòa đại sứ Mỹ cho biết phần lớn số đó đã lọt vào tay quân Giải phóng",vie,vie,"[43901.0, 14014.0, 2574.0, 38467.0, 37323.0, 34463.0, 58630.0, 4433.0, 5577.0, 11869.0, 7722.0, 23452.0, 73073.0, 89661.0, 1786356.0]"
"Vào tháng 10 năm 1976, sau cái chết đột ngột của con trai trưởng của mình, Kim Dung đã quyết định tìm hiểu nhiều vào các triết lý của tôn giáo. Kết quả là ông tự mình quy y Phật giáo hai năm sau đó.",vie,vie,"[7526.0, 3124.0, 1420.0, 13348.0, 16614.0, 10224.0, 18460.0, 2414.0, 3124.0, 5822.0, 2556.0, 426.0, 28116.0, 27974.0, 632184.0]"
"Sau đó, quyền sở hữu The Times of India thay đổi nhiều lần cho đến năm 1892, khi Thomas Bennett và Frank Morris Coleman có được báo thông qua công ty mới của họ mang tên Bennett, Coleman & Co. Ltd, song Coleman sau đó thiệt mạng vào năm 1915 khi SS Persia bị chìm.",vie,vie,"[20304.0, 5217.0, 3243.0, 14946.0, 23124.0, 17061.0, 22842.0, 2820.0, 2538.0, 6909.0, 1833.0, 10011.0, 26226.0, 42723.0, 546657.0]"
Saint-Roch-sur-Égrenne là một xã thuộc tỉnh Orne trong vùng Normandie tây bắc nước Pháp. Xã này nằm ở khu vực có độ cao trung bình 130 mét trên mực nước biển.,vie,vie,"[18060.0, 2380.0, 2520.0, 62580.0, 18760.0, 8680.0, 13440.0, 1400.0, 2800.0, 7700.0, 2940.0, 4060.0, 14140.0, 33460.0, 220780.0]"
"Về khí hậu, Quy Nhơn có 2 mùa rõ rệt: mùa khô từ tháng 3 - 9, mùa mưa từ tháng 10 đến tháng 2 năm sau; nhiệt độ trung bình hàng năm khoảng 28 độ C.",vie,vie,"[6394.0, 4865.0, 834.0, 11120.0, 9730.0, 8896.0, 12510.0, 973.0, 2363.0, 5838.0, 2363.0, 556.0, 23213.0, 25298.0, 460368.0]"
"Về giao thông tỉnh,Quy Nhơn có Bến xe Liên Tỉnh nằm trên Đường Tây Sơn phục vụ đi lại của nhân dân đến hầu hết các địa phương trong và ngoại tỉnh.Dịch vụ vận tải giao thông công cộng (xe buýt) ở Quy Nhơn ra đời từ năm 2000 nối thành phố với hầu hết các huyện trong tỉnh",vie,vie,"[10074.0, 6900.0, 1104.0, 15042.0, 13386.0, 12420.0, 17664.0, 1518.0, 2622.0, 4692.0, 3036.0, 6072.0, 44574.0, 35190.0, 747960.0]"
"Từ 3/1989 - 3/1993: Phó Bí thư Chi bộ Văn phòng Xí nghiệp, Trưởng phòng Kế hoạch - Vật tư kỹ thuật, Xí nghiệp sản xuất vật liệu xây dựng số 3 Tuyên Quang.",vie,vie,"[14933.0, 6576.0, 2877.0, 12604.0, 10549.0, 10412.0, 12878.0, 959.0, 1370.0, 5754.0, 2877.0, 1781.0, 18769.0, 31236.0, 432920.0]"
"Kaczyński đã 2 lần cấm diễu hành đồng tính ở Warszawa năm 2004 và 2005, ở địa phương gọi là Parada Równości, cho rằng đơn xin diễu hành của các người tổ chức đã không được nộp cách hợp thức. Ông cũng nói rằng mình không tôn trọng quyền biểu tình của các người đồng tính luyến ái: """"Tôi tôn trọng quyền biểu tình của các anh với tư cách những công dân, nhưng không với tư cách những người đồng tính luyến ái."""" Ngoài ra, ông cũng e ngại cuộc diễu hành sẽ khuyến khích """"lối sống đồng tính luyến ái"""" và phàn nàn là cảnh sát đã không sử dụng đủ lực lượng để phá vỡ cuộc diễu hành """"Tại sao lực lượng (cảnh sát) đã không được dùng để phá vỡ một cuộc biểu tình bất hợp pháp?"""". Kaczynski coi các người tổ chức cuộc diễu hành đồng tính luyến ái là những người đồi trụy tình dục. Năm 2004 các đối thủ của ông gọi hành động của ông là trái hiến pháp và ông bị Ban quản trị Mazowieckie Voivodeship – cơ quan chính thức giám sát thị trưởng - chỉ trích nhiều lần. Năm 2005, ông cho phép làm cuộc phản biểu tình """"Parade of Normality."""" (diễu hành của người bình thường)",vie,vie,"[74936.0, 24344.0, 5712.0, 63376.0, 55488.0, 52632.0, 88672.0, 8160.0, 10200.0, 22032.0, 14008.0, 39576.0, 121584.0, 182648.0, 2604808.0]"
"Russell dành hai thập kỷ 1950 và 1960 cho nhiều hoạt động chính trị, chủ yếu liên quan đến giải trừ vũ khí hạt nhân và phản đối Chiến tranh Việt Nam. Trong thời kỳ này, ông đã viết rất nhiều thư gửi các nhà lãnh đạo của thế giới. Trong lúc đó, Hoa Kỳ bắt đầu cuộc công kích, thả bom ở miền Bắc Việt Nam. Không lâu sau, ông gửi điện đến Chủ tịch Việt Nam Dân chủ Cộng hòa là Hồ Chí Minh. Trong điện này ông nêu ra quan điểm chống lại sự can thiệp của Hoa Kỳ trong cuộc chiến tranh Việt Nam. Đáp lại, Hồ Chí Minh lại gửi điện đến Russel vào ngày 10 tháng 8 năm 1964, trong đó có đoạn:",vie,vie,"[40500.0, 15255.0, 2160.0, 36045.0, 37800.0, 29295.0, 46980.0, 2970.0, 8100.0, 14310.0, 7155.0, 17550.0, 61965.0, 66015.0, 1573425.0]"
Đặc sản của Quy Nhơn có món bún chả cá. Đây là món bún ngon không chỉ người dân trong tỉnh thích mà cả nước dường như mọi người vẫn xem đây là món khoái khẩu của mình.,vie,vie,"[6030.0, 3618.0, 938.0, 10854.0, 9380.0, 7638.0, 12998.0, 1474.0, 1474.0, 4154.0, 1876.0, 5494.0, 31758.0, 19028.0, 516704.0]"
"Bắt đầu từ năm 2002, người chiến thắng Hoa hậu Hoàn vũ sẽ được nhận một chiếc vương miện trong đêm đăng quang, được thiết kế bởi nhà thiết kế Mikimoto. Vương miện Mikimoto có giá trị tới 250.000 USD, gồm có 800 viên kim cương 18 cara và 120 viên ngọc trai. Vương miện truyền thống sử dụng trong cuộc thi Hoa hậu hoàn vũ được làm mô phỏng hình dáng chim phượng hoàng. Năm 2017 chiếc vương miện này lại tiếp tục được sử dụng.",vie,vie,"[28728.0, 11970.0, 3059.0, 27265.0, 46683.0, 22876.0, 41496.0, 2527.0, 4522.0, 11039.0, 2660.0, 18354.0, 53599.0, 68894.0, 1089004.0]"
Tổng thống Nga Dmitry Medvedev đã ra lệnh lập một ủy ban chính phủ để điều tra vụ rớt máy bay này do thủ tướng Nga Vladimir Putin chịu trách nhiệm điều tra.,vie,vie,"[7524.0, 3168.0, 1188.0, 8316.0, 8316.0, 5940.0, 9108.0, 528.0, 1320.0, 4224.0, 6072.0, 5016.0, 12804.0, 22176.0, 324984.0]"
"Tầng lớp trung lưu trong bày này hàm ý chỉ những người không thuộc tầng lớp trên cùng cũng không thuộc tầng lớp dưới cùng của một hệ thống cấp bậc xã hội. Không phải tất cả mọi người đều chấp nhận ví dụ định nghĩa ở trên, bởi vì thuật ngữ """"tầng lớp trung lưu"""" đã có lịch sử lâu dài, và thỉnh thoảng mang những nghĩa trái ngược. Nó từng được định nghĩa theo cách loại trừ là một tầng lớp xã hội trung gian giữa quý tộc và nông dân ở Châu Âu. Trong khi quý tộc sở hữu đất đai thôn quê, và người nông dân làm việc trên đồng ruộng, một tầng lớp trưởng giả mới (theo nghĩa đen """"những người thành thị"""") bắt đầu xuất hiện và hoạt động trong lĩnh vực thương mại tại thành phố. Điều này dẫn tới kết quả là tầng lớp trung lưu thường là giai cấp giàu có nhất xã hội (trong khi ngày nay nhiều người dùng thuật ngữ này theo định nghĩa chỉ nói tới những người giàu có ở mức trung bình.)",vie,vie,"[16637.0, 22532.0, 4192.0, 38776.0, 33667.0, 35632.0, 63142.0, 5895.0, 9694.0, 11790.0, 10087.0, 3275.0, 82661.0, 83316.0, 2187831.0]"
"Tuy trang bị hùng hậu, song thực tế tác chiến cho thấy khi không có quân Mỹ hỗ trợ, quân đội này thường thất trận khi đối đầu với bộ đội chủ lực của MTDTGPMN. Chỉ sau gần 2 tháng của Tổng tấn công và nổi dậy mùa Xuân năm 1975, QLVNCH với hơn 1,2 triệu quân hoàn toàn bị đánh bại và tan rã. Thất bại của QLVNCH thậm chí diễn ra còn nhanh hơn cả dự đoán của các cố vấn Mỹ. Các nhà nghiên cứu đã liệt kê một số nguyên nhân để lý giải cho sự sụp đổ to lớn và toàn diện này.",vie,vie,"[32760.0, 11960.0, 2080.0, 27170.0, 24570.0, 20670.0, 36400.0, 2600.0, 4680.0, 11180.0, 7020.0, 15730.0, 53950.0, 59930.0, 1358500.0]"
"Tháng 3 năm 1975, sau khi Phước Long và Ban Mê Thuột thất thủ, Tổng thống VNCH Nguyễn Văn Thiệu ra lệnh tái phối trí, rút bỏ Quân khu 1 và 2, dồn toàn quân về Quân khu 3 và 4 chống giữ. Cuộc rút quân tái phối trí hoàn toàn thất bại. Hạ tuần tháng 4, ông Thiệu từ chức, các tướng tá tháo chạy, và trong vòng 55 ngày, toàn bộ QLVNCH đã tan rã, chủ yếu vì suy sụp tinh thần và thiếu lãnh đạo.",vie,vie,"[28380.0, 12255.0, 1419.0, 26703.0, 23478.0, 20253.0, 31218.0, 1935.0, 3612.0, 12642.0, 6450.0, 13416.0, 42957.0, 59082.0, 1197894.0]"
"Các hoa cái cũng không có đài hay tràng hoa; chỉ bao gồm 1 bầu nhụy được kèm theo một tuyến dẹt và nhỏ, gài vào phần đế của vảy bắc cũng sinh ra trên trục của hoa đuôi sóc. Bầu nhụy là dạng một ngăn, vòi nhụy 2 thùy, nhiều noãn.",vie,vie,"[7424.0, 9600.0, 1152.0, 11904.0, 17024.0, 11520.0, 18560.0, 768.0, 1280.0, 6016.0, 1536.0, 9216.0, 27264.0, 34688.0, 669312.0]"
"Rừng có sự cân bằng đặc biệt về sự trao đổi năng lượng và vật chất, luôn luôn tồn tại quá trình tuần hoàn sinh vật, trao đổi vật chất năng lượng, đồng thời nó thải ra khỏi hệ sinh thái các chất và bổ sung thêm vào đó một số chất từ các hệ sinh thái khác.",vie,vie,"[4064.0, 4572.0, 1270.0, 13081.0, 6985.0, 9271.0, 15494.0, 1905.0, 2159.0, 4318.0, 4064.0, 1778.0, 25527.0, 25400.0, 621411.0]"
"Rafael Viñoly (sinh năm 1944) là một kiến trúc sư nổi tiếng thế giới người Uruguay. Ông sinh ra tại Montevideo, Uruguay; bố ông, Román Viñoly Barreto, một đạo diễn điện ảnh và mẹ ông, bà Maria Beceiro, là một giáo viên toán.",vie,vie,"[15876.0, 3780.0, 1890.0, 27468.0, 23058.0, 10584.0, 51030.0, 4032.0, 8820.0, 9072.0, 2646.0, 31500.0, 22050.0, 44226.0, 423234.0]"
Vườn thực vật hoàng gia Kew; Đại học Harvard; Australian Plant Name Index (biên tập). “Eurystyles alticola”. International Plant Names Index. Truy cập ngày 7 tháng 6 năm 2013.,vie,vie,"[15375.0, 5500.0, 2625.0, 11875.0, 17625.0, 8375.0, 28375.0, 625.0, 5500.0, 4375.0, 6500.0, 12125.0, 13375.0, 29125.0, 194875.0]"
Papilio hornimani là một loài bướm thuộc họ Bướm phượng (Papilionidae). Loài Papilio hornimani được mô tả năm 1879 bởi Distant. Loài bướm Papilio hornimani sinh sống ở rừng núi cao của Kenya và Tanzania. Ấu trùng ăn các loài Teclea và có thể là Citrus.,vie,vie,"[21452.0, 6324.0, 1364.0, 24428.0, 18600.0, 12524.0, 28768.0, 1116.0, 1736.0, 8308.0, 3472.0, 9300.0, 27900.0, 44764.0, 420732.0]"
Liễu là đề tài nổi tiếng trong nhiều nền văn hóa Á Đông. Nó xuất hiện nhiều trong thơ ca của người Triều Tiên. Kisaeng (기생) Hongrang sống vào giữa thời Triều Tiên (1392-1910) đã viết: giống như cây liễu em sẽ là cây liễu bên cạnh giường của anh. Hongrang viết bài thơ này về cây liễu trong mưa buổi chiều để tặng cho bạn tình cách biệt của bà.,vie,vie,"[25215.0, 9225.0, 1599.0, 32349.0, 22632.0, 14883.0, 43911.0, 2337.0, 27798.0, 12792.0, 3444.0, 3321.0, 35424.0, 51414.0, 895317.0]"
"Nổi bật nhất trong số các công tử Bạc Liêu này là Trần Trinh Huy (1900-1974), còn có tên khác là Ba Huy, hay Hắc công tử, là một tay chơi nổi tiếng số 1 ở Sài Gòn và miền Nam những năm 1930, 1940.",vie,vie,"[15494.0, 5490.0, 1464.0, 15128.0, 14396.0, 11102.0, 18788.0, 1708.0, 2074.0, 6954.0, 1464.0, 732.0, 29402.0, 26718.0, 624396.0]"
"Ở hải ngoại, cộng đồng người Việt tỵ nạn đã xây dựng một số đài tưởng niệm các quân nhân trong Quân lực Việt Nam Cộng hòa. Địa phương đầu tiên là do cộng đồng người Úc gốc Việt ở Sydney vào thập niên 1990 với đài tưởng niệm ở Cabra-Vale, thuộc thành phố Fairfield, ngoại ô Sydney, thuộc tiểu bang New South Wales. Sau đó các cộng đồng người Việt tỵ nạn các nơi cũng xúc tiến xây dựng.",vie,vie,"[22627.0, 5445.0, 1452.0, 21901.0, 23595.0, 13673.0, 23837.0, 1573.0, 2299.0, 7744.0, 2783.0, 12221.0, 32186.0, 49126.0, 867812.0]"
"According to Mills, """"The 64 bit value for the fraction is enough to resolve the amount of time it takes a photon to pass an electron at the speed of light. The 64 bit second value is enough to provide unambiguous time representation until the universe goes dim."""" Indeed, 2−64 seconds is about 54 zeptoseconds, and 264 seconds is about 585 billion years.",tur,vie,"[5520.0, 1800.0, 16200.0, 11640.0, 6600.0, 12360.0, 21120.0, 240.0, 480.0, 2160.0, 0.0, 10560.0, 11400.0, 21360.0, 12120.0]"
"Trần Trinh Khương hay còn gọi là Cậu Tám bò, người con út của Trần Trinh Trạch và chính là em trai của """"Hắc công tử"""" Trần Trinh Huy. Ông được du học tại Pháp, nhưng lại nổi tiếng về việc ăn chơi, tiêu xài tiền phung phí và chơi nổi. Năm 1942, ông Trạch mất tại Sài Gòn vì bệnh suyễn, cậu Tám Bò nghĩ ra một """"chiêu độc"""": """"xác ông Hội đồng được đeo kiếng đen, đặt ngồi ngay ngắn trong chiếc xe hiệu Chevollet đưa về Bạc Liêu. Khi đến địa phận tỉnh này, tá điền hai bên đường cứ cúi đầu cung kính vì ngỡ ông Hội đồng đi thăm ruộng. Đến khi gia tộc phát tang mới bật ngửa...",vie,vie,"[33439.0, 19873.0, 1428.0, 35581.0, 37723.0, 24871.0, 41531.0, 3808.0, 6188.0, 19754.0, 5355.0, 18207.0, 64141.0, 77350.0, 1632204.0]"
Tương tự như dòng game Sudden Strike nhưng Blitzkrieg chỉ tập trung vào trận chiến chứ không phải về các mặt chiến lược thời gian thực như xây dựng căn cứ và mua quân.,vie,vie,"[8260.0, 2596.0, 1416.0, 6844.0, 9086.0, 5664.0, 9086.0, 826.0, 708.0, 1416.0, 4956.0, 4720.0, 19706.0, 14632.0, 340902.0]"
Vườn thực vật hoàng gia Kew; Đại học Harvard; Australian Plant Name Index (biên tập). “Gilia clokeyi”. International Plant Names Index. Truy cập ngày 14 tháng 9 năm 2013.,vie,vie,"[14157.0, 5031.0, 2223.0, 12519.0, 15561.0, 8190.0, 28431.0, 585.0, 6435.0, 3861.0, 6201.0, 12285.0, 12753.0, 27846.0, 193986.0]"
"Oregon cũng là một trong bốn vùng chính của thế giới trồng hazelnut, và sản xuất 95% hazelnut trong quốc nội Hoa Kỳ. Trong khi lịch sử sản xuất rượu tại Oregon có thể truy tìm về nguồn gốc trước thời cấm rượu, sản xuất rượu trở thành một ngành công nghệ nổi bật bắt đầu từ thập niên 1970. Năm 2005, Oregon đứng hạng ba trong tất cả các tiểu bang Hoa Kỳ với 303 hãng làm rượu bia. Vì có sự tương đồng về vùng khí hậu và đất đai nên nho trồng tại Oregon thường là những giống nho tương tự tìm thấy tại những vùng làm rượu bia ở Pháp như Alsace và Burgundy. Tại vùng đông bắc của tiểu bang, đặc biệt là quanh Pendleton, có cả hai giống lúa mì đất khô và cầm thủy được trồng. Các nông gia và nhà chăn nuôi Oregon cũng nuôi trồng bò, trừu, các sản phẩm từ sữa, trứng và thịt gà.",vie,vie,"[31784.0, 11368.0, 2320.0, 38628.0, 42456.0, 33524.0, 49764.0, 2668.0, 6148.0, 16240.0, 5916.0, 4524.0, 69716.0, 66468.0, 1637108.0]"
"Burkina Faso (phiên âm Tiếng Việt: Buốc-ki-na Pha-xô) là một quốc gia nằm ở Tây Phi. Nó có biên giới với Mali về phía bắc, Niger về phía đông, Bénin về phía đông nam, Togo và Ghana về phía đông nam, và Côte d'Ivoire về phía tây nam. Trước đây gọi là nước Cộng hòa Thượng Volta, sau đó tháng 4 năm 1984 tổng thống Thomas Sankara đổi tên gọi để có nghĩa """"Đất những người đứng lên"""" trong tiếng Moré và Dioula, ngôn ngữ dân tộc chính của đất nước. Trong tiếng Moré, """"Burkina"""" nghĩa là """"Những người đàn ông vẹn toàn"""", còn trong tiếng Dioula """"Faso"""" có nghĩa là """"Cái nhà của cha"""". Đất nước này giành độc lập từ Pháp năm 1960. Sự bất ổn về chính thể đã xảy ra trong thời gian từ năm 1970 đến năm 1980. Cuộc bầu cử nhiều đảng phái đầu tiên được tổ chức vào những năm 1990. Mỗi năm hàng trăm nghìn nông dân nước này di cư sang Côte d’lvoire và Ghana tìm công việc. Họ được gọi là Burkinabé.",vie,vie,"[85905.0, 17135.0, 3795.0, 145705.0, 76590.0, 40480.0, 159045.0, 5290.0, 6095.0, 20010.0, 36455.0, 41860.0, 78660.0, 177445.0, 1747655.0]"
Palicourea plowmanii là một loài thực vật có hoa trong họ Thiến thảo. Loài này được D.R.Simpson ex C.M.Taylor mô tả khoa học đầu tiên năm 1994.,vie,vie,"[16074.0, 2508.0, 1710.0, 17784.0, 11286.0, 6726.0, 24966.0, 1254.0, 1710.0, 7410.0, 1368.0, 5472.0, 12654.0, 31122.0, 175902.0]"
"Ông Trần Trinh Trạch có bảy người con (ba trai, bốn gái): Hai Đinh, Ba Quy (tức Trần Trinh Quy, sau đổi tên thành Huy), Tư Huệ, Năm Thu, Sáu Đông, Bảy Dầy, Tám Bò (tức Trần Trinh Khương, cũng là một """"công tử Bạc Liêu""""). Ông Trạch sống cần kiệm, chí thú làm giàu, nhưng ba người con trai ông Trạch có sẵn gia sản kếch sù của cha, nên đều mặc sức phung phí tiền bạc. Nhờ khả năng tài chính rất mạnh của cha mẹ mình, độ phóng túng đối của công tử Trần Trinh Huy đứng hàng số một, không một ai trong nhóm Công tử Bạc Liêu có thể tranh chấp, đến nỗi danh xưng Công tử Bạc Liêu gần như gán cho riêng ông.",vie,vie,"[43392.0, 16950.0, 1695.0, 32431.0, 35708.0, 25990.0, 44409.0, 3390.0, 5311.0, 16385.0, 4972.0, 18871.0, 57630.0, 79213.0, 1583582.0]"
Vườn thực vật hoàng gia Kew; Đại học Harvard; Australian Plant Name Index (biên tập). “Polystichum attenuatum”. International Plant Names Index. Truy cập ngày 13 tháng 8 năm 2013.,vie,vie,"[14336.0, 4928.0, 2240.0, 13552.0, 15680.0, 8288.0, 26656.0, 784.0, 5152.0, 4144.0, 5712.0, 10416.0, 12320.0, 27440.0, 178640.0]"
"Phần sau đây giới thiệu chu trình của thuật toán trên, lập trình bằng ngôn ngữ JavaScript, dùng để biến bất cứ một số thập phân nào sang hệ thập lục phân, kết quả trả về là một string (dãy các ký tự). Mục đích của ví dụ là minh họa chu trình của thuật toán (có thể dựa vào đấy để áp dụng cho các công dụng xử lý khác). Để áp dụng thuật toán này với dữ liệu cụ thể, có thể dùng các toán tử trong phép toán thao tác bit.",vie,vie,"[9324.0, 8658.0, 2553.0, 18870.0, 12654.0, 13653.0, 26085.0, 1887.0, 3774.0, 6438.0, 3441.0, 1776.0, 33078.0, 49950.0, 789321.0]"
"Niềm tin vào các giá trị tư sản, như tỷ lệ sở hữu nhà cao hay sở hữu nhà cho thuê và các công việc được chấp nhận là """"bảo đảm."""" Tại Hoa Kỳ và Anh Quốc, các chính trị gia thường tập trung vào các phiếu bầu của tầng lớp trung lưu.",vie,vie,"[3960.0, 3190.0, 1100.0, 11000.0, 6600.0, 9570.0, 14960.0, 1430.0, 2420.0, 3630.0, 1650.0, 2090.0, 18370.0, 20020.0, 537900.0]"
"Ngày 14 tháng 11 năm 2007, tại phiên tòa xét xử phúc thẩm vụ án Bùi Tiến Dũng cùng các đồng phạm tham gia đánh bạc, tổ chức đánh bạc và đưa hối lộ, """"con bạc triệu đô"""" được Viện Kiểm Sát đề nghị mức án 12 năm, 6 tháng tù giam.",vie,vie,"[15805.0, 7194.0, 1526.0, 14170.0, 19402.0, 11663.0, 16459.0, 2180.0, 2289.0, 5886.0, 1962.0, 9265.0, 26705.0, 40330.0, 578681.0]"
"Giải thưởng TOIFA được trao lần đầu vào năm 2013 và lần thứ nhì vào năm 2016, """"The Times of India Film Awards"""" hay """"TOIFA"""" là giải thưởng dành cho các tác phẩm trong ngành công nghiệp điện ảnh, được quyết định dựa trên bỏ phiếu công chúng toàn cầu theo hạng mục đề cử.",vie,vie,"[15444.0, 4536.0, 1836.0, 18792.0, 9288.0, 18360.0, 34776.0, 1512.0, 2160.0, 5292.0, 4104.0, 5400.0, 26568.0, 32400.0, 482652.0]"
"Việc phân bổ các khe cắm cho mỗi liên đoàn đã quyết định không thay đổi bởi Ủy ban điều hành FIFA vào ngày 30 tháng 5 năm 2015 tại Zürich, sau khi đại hội FIFA.",vie,vie,"[3745.0, 2675.0, 856.0, 8453.0, 8774.0, 6955.0, 10058.0, 535.0, 2354.0, 3638.0, 1926.0, 535.0, 16050.0, 18083.0, 327741.0]"
"Đây là một con tính đơn giản, nhưng cũng đã đòi hỏi bốn tính cộng, trong khi với một chút luyện tập, 11112 có thể được chuyển thẳng sang F16 mà chỉ cần một phép tính (xem Biểu thị số thập lục phân). Khi số nhị phân là một số lớn, việc đổi chúng sang số thập phân là một việc dài dòng, tẻ nhạt. Khi đổi số nhị phân sang thập lục phân, chúng ta chỉ đơn giản chia nhóm các con số thành những nhóm 4, chuyển mỗi nhóm 4 này thành một số thập lục phân, giữ nguyên vị trí tương ứng của nhóm. Ví dụ sau đây chứng tỏ việc chuyển nhị phân sang thập phân dài dòng như thế nào:",vie,vie,"[10600.0, 11024.0, 1908.0, 21306.0, 20564.0, 20458.0, 40810.0, 1166.0, 2756.0, 12720.0, 4664.0, 5406.0, 39432.0, 47594.0, 1123176.0]"
"Ngày 24/10/2015, Đại hội Đảng bộ tỉnh Tuyên Quang lần thứ XVI, nhiệm kỳ 2015-2020 đã bầu Phạm Minh Huấn tái đắc cử chức vụ Phó Bí thư Tỉnh uỷ.",vie,vie,"[16380.0, 5145.0, 1050.0, 10395.0, 11445.0, 8925.0, 9135.0, 1470.0, 1155.0, 4935.0, 2940.0, 5355.0, 17220.0, 26355.0, 333585.0]"
Vườn thực vật hoàng gia Kew; Đại học Harvard; Australian Plant Name Index (biên tập). “Saxifraga filicaulis”. International Plant Names Index. Truy cập ngày 16 tháng 7 năm 2013.,vie,vie,"[13104.0, 4472.0, 1872.0, 12064.0, 14248.0, 7280.0, 25584.0, 728.0, 4888.0, 3224.0, 5512.0, 9776.0, 11024.0, 25688.0, 166088.0]"
"Năm 13 tuổi, xảy ra sự biến Lư Câu Kiều, Kim Dung được gửi đến học trường trung học Gia Hưng ở phía Đông tỉnh Chiết Giang. Tuy xa nhà nhưng cuộc sống của ông cũng không khác mấy, ngoài đi học vẫn chúi đầu đọc sách, và vẫn đứng đầu lớp. Một hôm nhân dịp về thăm nhà, ông khoe gia đình cuốn sách Dành cho người thi vào sơ trung, một cuốn cẩm nang luyện thi, có thể coi là cuốn sách đầu tiên của ông, viết năm 15 tuổi và được nhà sách chính quy xuất bản. Đến khi lên bậc Cao trung, Kim Dung lại soạn Hướng dẫn thi vào cao trung. Hai cuốn sách in ra bán rất chạy, đem lại cho ông khoảng nhuận bút hậu hĩnh.",vie,vie,"[13390.0, 14626.0, 1854.0, 26471.0, 26059.0, 20394.0, 35741.0, 3090.0, 5253.0, 19364.0, 4429.0, 1648.0, 56547.0, 59431.0, 1479389.0]"
"Ngay sau chiến thắng của mình tại The X Factor, Shayne Ward đã ký một hợp đồng thu âm với hãng Syco Music và đĩa đơn đầu tiên của mình, """"That's My Goal"""", được phát hành tại Anh vào thứ Tư, ngày 21, tháng 12, năm 2005. Sau khi bán được 742.000 bản trong tuần đầu tiên (trong đó có tới 313.000 bản vào ngày đầu tiên), và nó trở thành đĩa đơn số một dành cho mùa Giáng Sinh năm 2005, được giữ trong bốn tuần và nằm trong top 75 cho đến tháng 6, năm 2006, đứng vững được 21 tuần. Tại cùng thời điểm đó, nó trở thành đĩa đơn của Anh đứng thứ tư bán chạy nhất mọi thời đại. Chỉ bị đánh bại bởi """"Candle in the Wind"""" của Elton John, """"Anything Is Possible/Evergreen"""" của Will Young, '''Unchained Melody''' của Gareth Gates, lần lượt được bán với 685.000, 403.000 và 335.000 bản trong ngày đầu tiên bán sản phẩm. Đến nay, """"That's My Goal"""" đã bán được hơn 1.300.000 bản tại Anh. Ward cũng đã giành một giải thưởng Ivor Nevello cho đĩa đơn bán chạy nhất.",vie,vie,"[81090.0, 14280.0, 3468.0, 105366.0, 94248.0, 43860.0, 191964.0, 3978.0, 33252.0, 19482.0, 31416.0, 73542.0, 70788.0, 159426.0, 1475940.0]"
"Sau đó Tây Chu và Đông Chu lại xô xát, giao chiến với nhau. Hàn Tương Ai Vương định giúp Tây Chu. Có vị thuyết khách (Sử ký không ghi rõ tên họ) đi thuyết phục Hàn vương án binh, nên chiến tranh Đông – Tây Chu kết thúc bất phân thắng bại.",vie,vie,"[5151.0, 8787.0, 1313.0, 9898.0, 7676.0, 8181.0, 13837.0, 101.0, 2727.0, 5858.0, 1717.0, 1313.0, 16463.0, 27977.0, 529947.0]"
Vitray-en-Beauce là một xã thuộc tỉnh Eure-et-Loir trong vùng Centre-Val de Loire ở bắc trung bộ nước Pháp. Xã này nằm ở khu vực có độ cao trung bình 156 mét trên mực nước biển.,vie,vie,"[13200.0, 2900.0, 1900.0, 64300.0, 12800.0, 7000.0, 12600.0, 1200.0, 2200.0, 4300.0, 2200.0, 3000.0, 12700.0, 24700.0, 196600.0]"
"Chuột nhảy hai chân có đời sống tình dục khá là """"lang chạ"""", cụ thể chúng giao phối với rất nhiều bạn tình khác nhau. Mức độ sinh sản cao nhất vào mùa hè sau những đợt mưa lớn.",vie,vie,"[6732.0, 5247.0, 1089.0, 7029.0, 4356.0, 6138.0, 9009.0, 693.0, 693.0, 4950.0, 1683.0, 891.0, 21285.0, 15741.0, 391149.0]"
"Đầu năm 2005, Shayne Ward thử giọng cho cuộc thi The X Factor đợt hai. Anh gây ấn tượng cho cả ba giám khảo (Simon Cowell, Sharon Osbourne và Louis Walsh) và lần lượt đi qua các vòng tiếp theo. Anh được Walse cố vấn, và được chọn làm một trong bốn thí sinh của Walse rồi trình diễn tại live show. Shayne nhanh chóng lấy được cảm tình của mọi người và giành chiến thắng trong show diễn. Sau khi """"lọt"""" vào trận chung kết, anh đã đánh bại cặp song sinh Journey South, Sharon Osbourne và trở thành người chiến thắng trong cuộc thi The X Factor năm 2005. Từ đó, cuộc đời của Shayne Ward chính thức mở sang một chương mới.",vie,vie,"[31066.0, 10094.0, 2058.0, 33516.0, 37044.0, 18816.0, 61642.0, 1764.0, 2744.0, 13720.0, 17934.0, 14210.0, 43512.0, 64974.0, 999110.0]"
"Năm 257 TCN, các nước Hàn, Triệu và Ngụy liên hợp chống Tần. Chu Noãn vương sai tướng quốc đi sứ nước Tần nhưng bị vua Tần khinh thị phải trở về.",vie,vie,"[8148.0, 7857.0, 873.0, 6305.0, 6596.0, 5626.0, 8633.0, 485.0, 1940.0, 3783.0, 1843.0, 4171.0, 14841.0, 19012.0, 320003.0]"
"Phố cổ Đồng Văn nằm ở thị trấn Đồng Văn, Đồng Văn, Hà Giang. Khu vực trung tâm thị trấn Đồng Văn xưa thuộc tổng Đông Quan, châu Nguyên Bình, phủ Tường Vân, tỉnh Tuyên Quang và có lịch sử phát triển về kiến trúc, văn hóa hàng trăm năm. Những năm 1880, khi chiếm đóng khu vực này, người Pháp đã có những quy hoạch và để lại những điểm nhấn quan trọng về quy hoạch và kiến trúc, đặc biệt là chợ Đồng Văn, xây bằng đá trong những năm 1920 gần như còn nguyên vẹn đến ngày nay.",vie,vie,"[18816.0, 8064.0, 768.0, 22176.0, 24384.0, 15744.0, 24096.0, 1632.0, 4896.0, 9312.0, 4032.0, 2976.0, 43008.0, 38880.0, 916128.0]"
"Hoàng Phi Hồng từng đặt chân đến Hồng Kông, gặp lại môn đồ Lục Chính Cương và được mời đến võ đường của Lục Chính Cương tham quan. Thời gian ở đây do bất bình trước cảnh một người cô thế bị uy hiếp, Hoàng Phi Hồng ra tay can ngăn và bị một đám đông có vũ khí bao vây. Một mình đánh bại cả chục người, Hoàng Phi Hồng trở thành vị cứu tinh của những người bị áp bức. Bị triều đình truy nã, Hoàng Phi Hồng phải chạy trốn. Về sau Lục Chính Cương tìm đến nơi trú ẩn của Hoàng Phi Hồng, kể lại chuyện người phương Tây đem chó berger đến khiêu chiến và nhiều nhà sư bị chó tấn công. Hoàng Phi Hồng đùng đùng nổi giận lập tức đến Hương Giang đập gãy xương sống con chó hung thần ấy. Ngày hôm sau báo chí Hồng Kông chạy tên bài đỏ về tin này và gọi đó là """"chí khí người Trung Quốc"""".",vie,vie,"[16055.0, 24510.0, 2185.0, 33820.0, 28880.0, 23275.0, 43320.0, 2565.0, 5320.0, 14725.0, 5035.0, 19665.0, 57475.0, 79420.0, 1663925.0]"
"Tuy nhiên, giải đấu đã liên tục có những sự thay đổi từ tên gọi cho đến số lượng các đội tham dự, cũng như thể thức thi đấu… Trong thập niên 80 của thế kỷ trước, giải đấu mang tên là giải bóng đá A1 toàn quốc.",vie,vie,"[4794.0, 1974.0, 846.0, 7614.0, 9682.0, 6486.0, 10810.0, 1034.0, 940.0, 3196.0, 1504.0, 376.0, 14100.0, 12878.0, 427324.0]"
"Ông Phạm Xuân Quắc quê ở thôn Song Động, xã Tân An, huyện Thanh Hà tỉnh Hải Dương. Ông đã bị cho nghỉ hưu non vì đã bị tòa án xử cảnh cáo về tội tiết lộ bí mật công tác trong vụ án PMU18. Ông hiện đang ở tại phố Đào Tấn, Hà Nội.",vie,vie,"[10323.0, 4278.0, 465.0, 12555.0, 10044.0, 7440.0, 12462.0, 1209.0, 930.0, 6696.0, 2883.0, 465.0, 20460.0, 26784.0, 475230.0]"
Vườn thực vật hoàng gia Kew; Đại học Harvard; Australian Plant Name Index (biên tập). “Cyrtandra sessilis”. International Plant Names Index. Truy cập ngày 10 tháng 6 năm 2013.,vie,vie,"[11316.0, 3588.0, 1748.0, 9844.0, 12144.0, 6348.0, 21804.0, 644.0, 4968.0, 3220.0, 4600.0, 10120.0, 9844.0, 21712.0, 145728.0]"
"Châu Văn Sanh hay còn gọi là công tử Lời là một Liệt sĩ Ông không chỉ nổi danh tính cách """"trọng nghĩa khinh tài"""" tiêu biểu của người Nam Bộ, mà còn là một nhà cách mạng chống chủ nghĩa thực dân Pháp đòi quyền độc lập dân tộc cho Việt Nam.",vie,vie,"[9009.0, 3549.0, 1001.0, 11648.0, 8372.0, 6825.0, 12740.0, 819.0, 1911.0, 5096.0, 2457.0, 5187.0, 20202.0, 18382.0, 468104.0]"
"Quân lực Việt Nam Cộng hòa (thường được viết tắt là QLVNCH) là Lực lượng Quân đội của Chính phủ Việt Nam Cộng hòa (viết tắt là VNCH), thành lập từ năm 1955, với nòng cốt là Lực lượng Quân đội Quốc gia Việt Nam trong Liên hiệp Pháp, chủ yếu là Bảo an đoàn, Bảo chính đoàn. Ngày truyền thống (còn gọi là ngày Quân lực) là ngày 19 tháng 6. Trong quá trình tồn tại của mình, QLVNCH nhiều lần tham gia các biến cố chính trị, mà cao điểm là cuộc Đảo chính năm 1963 lật đổ Tổng thống Ngô Đình Diệm, và sau đó các tướng lĩnh của quân đội nắm quyền chi phối chính phủ Việt Nam Cộng hòa cho đến ngày chính phủ này sụp đổ.",vie,vie,"[31680.0, 7650.0, 990.0, 42480.0, 21960.0, 20430.0, 52380.0, 2880.0, 4050.0, 10350.0, 2790.0, 13320.0, 44280.0, 69570.0, 1144530.0]"
"Nhờ có được sự ủng hộ từ người dân, Quân Giải phóng miền Nam Việt Nam áp dụng hiệu quả chiến lược chiến tranh nhân dân, do đó QLVNCH bị dồn ép liên tục, phải trải quân khắp nơi để giữ đất. Toàn bộ 13 Sư đoàn và 17 Liên đoàn Biệt động quân (tương đương với hơn 5 Sư đoàn) phải bảo vệ 44 tỉnh, tính trung bình một tỉnh chỉ được 1 tới 2 Trung đoàn chính quy đóng giữ. Trong khi đó MTDTGPMN do nắm thế chủ động chiến lược có thể tập trung hơn 10 Trung đoàn để đánh một tỉnh như tại Ban Mê Thuột tháng 3/1975.",vie,vie,"[21093.0, 10413.0, 1513.0, 27056.0, 18868.0, 16020.0, 38359.0, 2314.0, 4272.0, 7654.0, 3560.0, 12015.0, 41652.0, 48950.0, 998847.0]"
"Trong triết học của ông về cuối đời, Russell đã chia sẻ quan điểm với một dạng chủ nghĩa nhất nguyên trung dung (neutral monism), trong đó, tại phân tích cuối cùng, ông cho rằng những khác biệt giữa các thế giới vật chất và tinh thần là tùy ý, và rằng cả hai đều có thể được suy giảm về một tính chất trung gian— một quan niệm tương đồng với quan niệm của một nhà triết học Mỹ, William James, và là quan niệm đã được phát biểu đầu tiên bởi Baruch Spinoza, người mà Russell rất ngưỡng mộ. Tuy nhiên, thay vì """"trải nghiệm thuần túy"""" của James, Russell đã mô tả đặc điểm của bản chất các trạng thái khởi đầu của tri giác là các """"biến cố"""", một quan điểm tương đồng một cách kỳ lạ với triết học quá trình (process philosophy) của Alfred North Whitehead - người thầy cũ của Russell.",vie,vie,"[27632.0, 8800.0, 880.0, 40920.0, 30976.0, 22792.0, 66352.0, 3608.0, 5544.0, 12936.0, 3872.0, 19184.0, 36696.0, 88528.0, 1140832.0]"
"Độ cao trung bình của Burkina Faso là 400 m (1.300 ft), không có sự chênh lệch nhiều lắn giữa nơi có địa hình cao nhất và thấp nhất. Bởi vậy Burkina Faso là một nước tương đối bằng phẳng, với một vài địa phương là ngoại lệ.",vie,vie,"[8787.0, 4263.0, 1566.0, 11397.0, 8613.0, 7830.0, 12528.0, 696.0, 1392.0, 2871.0, 1305.0, 957.0, 13746.0, 19836.0, 357396.0]"
Vườn thực vật hoàng gia Kew; Đại học Harvard; Australian Plant Name Index (biên tập). “Nolana werdermannii”. International Plant Names Index. Truy cập ngày 14 tháng 6 năm 2013.,vie,vie,"[11094.0, 3612.0, 1720.0, 9116.0, 16082.0, 6106.0, 19350.0, 602.0, 3612.0, 2838.0, 4386.0, 7224.0, 9288.0, 21758.0, 139406.0]"
"Shayne Ward sinh ra tại Clayton năm 1984 trong một gia đình có bảy người con, cha là Martin và mẹ là Philomena, họ đều là người Ailen. Shayne có một em gái sinh đôi tên là Emma và năm anh chị em khác là Mark, Martin, Michael, Lisa và Leona. Trước khi tham gia The X Factor, Shayne là thành viên của ban nhạc Destiny cùng với hai người phụ nữ tên là Tracy Murphy và Tracey Lyle, họ thường chỉ biểu diễn tại các quán rượu, câu lạc bộ và bữa tiệc như đám cưới...",vie,vie,"[24820.0, 3825.0, 2720.0, 20740.0, 29920.0, 12070.0, 49980.0, 2635.0, 10880.0, 5780.0, 2805.0, 28135.0, 25330.0, 42075.0, 578000.0]"
"Tổ chức Hoa hậu Hoàn vũ là tổ chức hiện đang sở hữu và điều hành cuộc thi Hoa hậu Hoàn vũ (Miss Universe), Hoa hậu Mỹ (Miss USA) và Hoa hậu Tuổi Teen Mỹ (Miss Teen USA). Trụ sở của tổ chức tại New York, tổ chức này thuộc sở hữu của WME/IMG. Chủ tịch hiện tại là bà Paula Shugart. Tổ chức này có quyền bán bản quyền truyền hình cho các cuộc thi ở các nước khác.",vie,vie,"[17220.0, 4872.0, 1512.0, 23184.0, 20496.0, 10080.0, 38472.0, 1428.0, 1596.0, 4368.0, 8652.0, 7896.0, 25284.0, 46452.0, 513744.0]"
"Trong vai trò của một loại thực vật, liễu được sử dụng trong trồng rừng, lọc sinh học, tạo ra các vùng đầm lầy nhân tạo cho các hệ thống xử lý nước thải sinh thái, hàng rào, cải tạo và phục hồi đất, cảnh quan, kiểm soát xói mòn đất, hàng cây chắn gió và chắn lũ, tạo môi trường sống cho động vật hoang dã v.v. Nó cũng là một nguồn năng lượng như than củi hay trong lâm nghiệp năng lượng chẳng hạn như dự án sinh khối liễu. Ngoài ra nó còn là nguồn cung cấp gỗ và các sản phẩm từ gỗ.",vie,vie,"[6640.0, 6391.0, 1411.0, 16849.0, 14276.0, 12367.0, 21165.0, 1743.0, 2490.0, 10956.0, 3735.0, 13280.0, 35773.0, 44405.0, 858552.0]"
Vườn thực vật hoàng gia Kew; Đại học Harvard; Australian Plant Name Index (biên tập). “Schizaea ponapensis”. International Plant Names Index. Truy cập ngày 28 tháng 5 năm 2014.,vie,vie,"[10414.0, 3362.0, 1640.0, 9184.0, 13284.0, 6068.0, 19188.0, 574.0, 3772.0, 2952.0, 4264.0, 7790.0, 8856.0, 19598.0, 129396.0]"
"Năm 1973, một lần nữa Biệt động quân lại được cải tổ. Nâng tổng số Lực lượng này thành 15 Liên đoàn, một số là đơn vị Tổng trừ bị cho Bộ Tổng tham mưu, số còn lại Tổng trừ bị cho các Quân khu. Cuối năm 1974 và đầu năm 1975, thành lập thêm 2 Liên đoàn nữa.",vie,vie,"[12474.0, 4779.0, 972.0, 10044.0, 7938.0, 8505.0, 13608.0, 1377.0, 1782.0, 4779.0, 2106.0, 162.0, 18630.0, 17901.0, 482922.0]"
"Sáu tuổi, ông vào học tiểu học ở quê Hải Ninh. Ông rất chăm học, lại thêm mê đọc sách nên trở thành một học sinh giỏi của lớp. Thầy dạy văn cho ông lúc nhỏ có tên là Trần Vị Đông, là người rất thương yêu và tin tưởng Kim Dung, đă cùng ông biên tập tờ báo lớp. Một số bài làm văn của Kim Dung, nhờ sự giới thiệu của thầy Đông đă được đăng lên Đông Nam nhật báo, tờ báo nổi tiếng nhất Trung Quốc bấy giờ.",vie,vie,"[6640.0, 6960.0, 960.0, 14400.0, 21280.0, 10160.0, 31280.0, 2320.0, 3200.0, 6240.0, 2240.0, 14800.0, 27440.0, 35600.0, 761760.0]"
"Mọi người cũng tin rằng công đảng có mục tiêu cho tầng lớp trung lưu, khi được phỏng vấn một thành viên công đảng đã nói """"Nó không khác biệt từ 90% số người không thể hay có thể thực hiện với một trợ cấp"""" khi trả lời một câu hỏi về việc người thuộc tầng lớp trung lưu mất trợ cấp.",vie,vie,"[6636.0, 4424.0, 1185.0, 9638.0, 6794.0, 7584.0, 12956.0, 2133.0, 1817.0, 3160.0, 1106.0, 1264.0, 18012.0, 17222.0, 477002.0]"
De Sphecodes hyalinatus (tên tiếng Anh: lichte bloedbij) là một loài Hymenoptera trong họ Halictidae. Loài này được Hagens mô tả khoa học năm 1882.,vie,vie,"[8580.0, 1794.0, 1092.0, 9594.0, 15366.0, 4524.0, 8814.0, 1014.0, 390.0, 4758.0, 1092.0, 3978.0, 7254.0, 17784.0, 109590.0]"
Vietjet Air: Chặng Quy Nhơn - Thành phố Hồ Chí Minh - Quy Nhơn với tần suất 14 chuyến/tuần bằng máy bay Airbus 320 Sharklet và mỗi chuyến một ngày tuyến Hà Nội-Quy Nhơn từ 24/4/2014.,vie,vie,"[10395.0, 2541.0, 1540.0, 8855.0, 9317.0, 5775.0, 9163.0, 1463.0, 847.0, 2464.0, 847.0, 2310.0, 15169.0, 20405.0, 283283.0]"
"Phong cách sống. Tại Anh Quốc, vị thế xã hội đã không còn liên quan trực tiếp nhiều tới tài sản như tại Hoa Kỳ, và đã được xét theo các yếu tố như sự phân biệt, cách cư xử, nơi giáo dục và tầng lớp của những người bạn. Thông thường tại Hoa Kỳ, tầng lớp trung lưu là những người dễ tham gia nhất vào văn hoá pop. Thế hệ thứ hai của những người nhập cư mới thường từ bỏ văn hoá dân gian truyền thống của họ như một dấu hiệu đã bước vào tầng lớp trung lưu.",vie,vie,"[6308.0, 4636.0, 988.0, 12616.0, 9196.0, 10336.0, 20444.0, 2280.0, 3496.0, 5700.0, 2356.0, 1520.0, 32832.0, 23940.0, 696236.0]"
Vườn thực vật hoàng gia Kew; Đại học Harvard; Australian Plant Name Index (biên tập). “Acronema brevipedicellatum”. International Plant Names Index. Truy cập ngày 10 tháng 6 năm 2013.,vie,vie,"[10275.0, 3150.0, 1500.0, 8775.0, 10350.0, 5475.0, 18450.0, 525.0, 3750.0, 3000.0, 3750.0, 7650.0, 8175.0, 18375.0, 119025.0]"
"...Chỉ cần QLVNCH có được nửa lá gan của người cộng sản, thì ngày hôm nay quân đội Hoa Kỳ có thể duyệt binh ở Hà Nội rồi, Quân đội của các ông chỉ biết bắn giết dân thường, bám theo sau và rút chạy trước, tướng lĩnh thì tham nhũng và giỏi nhảy đầm.",vie,vie,"[8288.0, 5106.0, 740.0, 7400.0, 5994.0, 5772.0, 11100.0, 666.0, 888.0, 2812.0, 1924.0, 5254.0, 19388.0, 14948.0, 430384.0]"
"Cần lưu ý rằng cơ số """"16"""" dùng ở trên có thể được thay thế bằng bất cứ cơ số nào (chẳng hạn hệ nhị phân (2), tam phân (3), bát phân (8) v.v..). Sau đây là thủ tục được minh họa bằng ngôn ngữ C++ để in ra một số ở hệ bất kì tương ứng với một số thập phân nhận vào.",vie,vie,"[5110.0, 3504.0, 1241.0, 8687.0, 6862.0, 7154.0, 12848.0, 511.0, 1533.0, 3650.0, 1387.0, 2555.0, 15987.0, 21243.0, 338428.0]"
Vườn thực vật hoàng gia Kew; Đại học Harvard; Australian Plant Name Index (biên tập). “Jobinia grandis”. International Plant Names Index. Truy cập ngày 10 tháng 6 năm 2013.,vie,vie,"[8424.0, 2880.0, 1584.0, 7848.0, 9432.0, 4896.0, 16272.0, 360.0, 3240.0, 2376.0, 3600.0, 6480.0, 7560.0, 16272.0, 113688.0]"
"Năm 256 TCN, nước Tần đánh chiếm Dương Thành và Phụ Thư nước Hàn, áp sát biên cương nhà Chu. Chu Noãn vương lo lắng, bèn ước hợp tung với chư hầu chống Tần, dẫn quân ra cửa Y Khuyết ngăn trở khiến quân Tần không thể thông đường đến Dương Thành được. Tần Chiêu Tương vương nổi giận, bèn sai tướng quân Cưu đi đánh Tây Chu. Chu Noãn vương không chống nổi, bị quân Tần bắt về nước Tần.",vie,vie,"[15620.0, 11218.0, 852.0, 12283.0, 12709.0, 9159.0, 15407.0, 923.0, 3266.0, 6603.0, 1704.0, 7739.0, 23288.0, 29536.0, 585821.0]"
"Ở Hoa Kỳ, Giải vô địch bóng đá thế giới 2018 sẽ là giải vô địch bóng đá thế giới dành cho đàn ông đầu tiên có quyền sẽ được tổ chức bởi Fox Sports. Việc loại bỏ đội tuyển quốc gia Hoa Kỳ trong vòng loại đã dẫn đến mối quan ngại rằng sự quan tâm và người xem của Hoa Kỳ tại World Cup này sẽ bị giảm sút (đặc biệt là những khán giả """"bình thường"""" quan tâm đến đội tuyển Hoa Kỳ), đặc biệt chú ý đến mức mà Fox trả tiền cho các quyền và rằng các trận đấu Hoa Kỳ tại giải vô địch bóng đá thế giới 2014 đã đạt tới con số 16,5 triệu người xem. Trong một sự kiện ra mắt trước khi loại bỏ, Fox đã tuyên bố rằng nó đã có kế hoạch đặt một tập trung thứ hai vào đội tuyển México trong phạm vi bảo hiểm của mình để tận dụng lợi thế của họ phổ biến ở Hoa Kỳ; mạng lưới tuyên bố rằng nó vẫn cam kết phát một số lượng đáng kể phạm vi bảo hiểm cho giải đấu này.",vie,vie,"[23450.0, 10990.0, 1820.0, 21420.0, 23800.0, 24710.0, 41440.0, 2450.0, 5390.0, 10080.0, 3500.0, 1470.0, 43680.0, 45570.0, 1121050.0]"
"Malegno là một đô thị trong tỉnh tỉnh Brescia thuộc vùng Lombardia, Ý. Đô thị này có diện tích 6 km², dân số 2111 người. Các đô thị giáp ranh gồm: Breno, Cerveno, Cividate Camuno, Losine, Lozio, Ossimo",vie,vie,"[14283.0, 2070.0, 1173.0, 16560.0, 12489.0, 5796.0, 57063.0, 690.0, 1656.0, 2415.0, 4761.0, 6831.0, 9246.0, 27531.0, 160287.0]"
"Các loài liễu là đơn tính khác gốc với hoa đực và hoa cái xuất hiện dưới dạng hoa đuôi sóc trên các cây khác nhau; các hoa đuôi sóc này xuất hiện vào đầu mùa xuân, thường trước khi ra lá hoặc cùng với các lá đầu tiên.",vie,vie,"[3196.0, 3264.0, 272.0, 6120.0, 5916.0, 4352.0, 6732.0, 476.0, 884.0, 3060.0, 1020.0, 476.0, 12716.0, 13328.0, 306680.0]"
"Ba tình cảm mãnh liệt đã chi phối cuộc đời tôi: niềm khao khát tình yêu, sự tìm kiếm tri thức, và lòng thương xót không thể chịu đựng nổi đối với sự thống khổ của con người.",vie,vie,"[4355.0, 1809.0, 737.0, 4757.0, 4087.0, 4154.0, 8107.0, 536.0, 536.0, 2747.0, 1139.0, 2747.0, 11591.0, 12596.0, 250580.0]"
"Ngày 1 tháng 7 năm 1960, Binh chủng Biệt động quân được thành lập với 50 đại đội và bắt đầu hoạt động sâu trong vùng kiểm soát của Mặt trận Dân tộc Giải phóng miền Nam Việt Nam. Đại đơn vị Cảnh sát Quân sự cũng được tái tổ chức ngày 1 tháng 10, tập hợp các đơn vị cũ từ năm 1948 dưới tên mới là Quân cảnh. Cũng trong năm này, Chính phủ Việt Nam Cộng hòa ban hành động viên từng phần. Theo đó thì tất cả những thanh niên trong lứa tuổi quân dịch (18-35) phải vào quân ngũ trong một thời gian",vie,vie,"[14256.0, 5940.0, 1122.0, 15312.0, 13596.0, 11154.0, 16764.0, 1584.0, 2706.0, 6798.0, 3234.0, 6072.0, 26928.0, 27390.0, 643632.0]"
"Vợ ông, Lưu Thúy Phượng, cũng viết sách dạy nấu ăn. Những công thức nấu ăn của bà đã giúp quảng bá ẩm thực Trung Hoa ở Mỹ. Lâm Ngữ Đường viết lời giới thiệu cho một trong những bộ sưu tập ẩm thực Trung Hoa của con gái ông, Lâm Tương Như. Con gái thứ hai của ông, Lâm Thái Ất, là tổng biên tập tạp chí Readers’ Digest bản tiếng Hoa từ năm 1965 đến 1988.",vie,vie,"[8125.0, 3510.0, 1105.0, 11765.0, 12220.0, 8385.0, 14495.0, 1105.0, 1300.0, 5070.0, 1885.0, 390.0, 20150.0, 21645.0, 491335.0]"
"Từ 1980 đến 1995: các đội chia thành các bảng theo khu vực địa lý. Trong mỗi bảng các đội thi đấu vòng tròn hai lượt tính điểm. Các đội ở tốp đầu lọt vào vòng chung kết để tranh chức vô địch, Các đội nằm ở tốp cuối mỗi bảng thi đấu vòng chung kết ngược để chọn đội xuống hạng.",vie,vie,"[11648.0, 2240.0, 1344.0, 7360.0, 9216.0, 6336.0, 9792.0, 512.0, 1984.0, 4288.0, 960.0, 4032.0, 12800.0, 20160.0, 311552.0]"
"Một thành viên khác của chi Chuột nhảy hai chân, loài chuột nhảy hai chân đuôi cờ sinh sống tại khu vực kéo dài từ Đông Bắc Arizona xuống tới Aguascalientes và San Luis Posi, Mexico và từ Arizona tới Tây Texas. Chúng chủ yếu sống trong các vùng cây bụi và đồng cỏ, nhìn chung khí hậu cũng tương đối khô nhưng có sẵn nước hơn so với đồng loại Merriam. Tất cả các loài chuột nhảy hai chân đều nhạy cảm với nhiệt độ khắc nghiệt và vì vậy chúng thường ở lì trong hang mỗi khi thời tiết xấu hay có mưa bão. Thiên địch của chuột nhảy hai chân có thể kể đến như chó sói đồng cỏ Bắc Mỹ, cáo, lửng, chồn, cú và rắn.",vie,vie,"[6426.0, 5922.0, 945.0, 13860.0, 17955.0, 12600.0, 19530.0, 756.0, 2142.0, 7308.0, 3969.0, 12915.0, 28161.0, 42588.0, 681975.0]"
"Đầu năm 1975, ngoài Bộ Tổng tham mưu với các cơ quan, binh chủng và binh sở trong hệ thống quản trị (hành chánh, nhân viên, huấn luyện, chiến tranh chính trị, tiếp vận), Quân lực Việt Nam Cộng hòa còn có các đơn vị yểm trợ tác chiến gồm 4 Bộ tư lệnh Quân đoàn và các đơn vị yểm trợ trực thuộc. Các đơn vị trực tiếp tác chiến gồm:",vie,vie,"[9238.0, 3348.0, 868.0, 8742.0, 6758.0, 7130.0, 11470.0, 1116.0, 1240.0, 2418.0, 1488.0, 372.0, 16430.0, 16988.0, 417446.0]"
"Những năm bom Mỹ đánh phá Hà Nội Ông có di tản về Thôn Thượng, Xã Đại Xuyên, huyện Phú Xuyên, Tỉnh Hà Sơn Bình nay là Hà Nội. Ông có tham gia giảng dạy tại Trường Cấp 2 Đại Xuyên và có viết bài hát tặng Trường và tới nay bài hát này là bài hát truyền thống của Nhà Trường.",vie,vie,"[6222.0, 2806.0, 488.0, 8052.0, 8479.0, 5673.0, 8723.0, 671.0, 915.0, 4026.0, 1159.0, 3721.0, 15128.0, 16043.0, 368074.0]"
"Để có bề ngoài thực hơn, những diễn viên đóng vai Hoàng Phi Hồng phải là những võ sư đích thực. Người đầu tiên thủ vai này là Quan Đức Hưng - một diễn viên nhạc kịch Quảng Đông và là bậc thầy trong môn phái võ Bạch Hạc. Ngoài ra ông còn thành công trong nhiều phái võ khác, trong đó có cả Hồng gia phái. Ông đóng vai Hoàng Phi Hồng trong nhiều hồi của loạt phim hiệu quả này. Nhân cách của ông biểu thị đức hạnh của đạo lý Khổng giáo dưới tất cả mọi hình thái; đó là một đứa con tôn trọng quê hương quốc gia, tôn ti trật tự xã hội và gia đình. Những phim võ hiệp đó ca tụng đức khiêm cung, lòng trung thành, ý thức tôn sư trọng đạo và chỉ chiến đấu trong những trường hợp thực sự cần thiết. Quan Đức Hưng đã tạo ấn tượng tốt đẹp cho người xem về người anh hùng này. Một chi tiết ấn tượng của phim là trong một lần nhìn cặp gà chọi đấu nhau, Hoàng Phi Hồng nghĩ ra ngay đến cách giả gà để đối phó với thế trận con rết, sự sáng tạo này được công chúng hoan nghênh nhiệt liệt.",vie,vie,"[26040.0, 9060.0, 1020.0, 24540.0, 19860.0, 16800.0, 33240.0, 3540.0, 2760.0, 11460.0, 4440.0, 6840.0, 43560.0, 50520.0, 1236060.0]"
"Lễ bốc thăm sẽ được tổ chức vào ngày 1 tháng 12 năm 2017, lúc 18:00 MSK, tại cung điện nhà nước Kremlin ở Moskva. 32 đội tuyển sẽ được rút thăm chia thành 8 bảng 4 đội.",vie,vie,"[3304.0, 2596.0, 767.0, 6254.0, 5900.0, 4602.0, 7080.0, 649.0, 1180.0, 2714.0, 1416.0, 3540.0, 9086.0, 11092.0, 217474.0]"
"Tổ thành là nhân tố diễn tả số loài tham gia và số cá thể của từng loài trong thành phần cây gỗ của rừng. Hiểu một cách khác,tổ thành cho biết sự tổ hợp và mức độ tham gia của các loài cây khác nhau trên cùng đơn vị thể tích.",vie,vie,"[4002.0, 1682.0, 406.0, 4988.0, 2668.0, 4408.0, 7540.0, 812.0, 1102.0, 2784.0, 1218.0, 1102.0, 10672.0, 11368.0, 257346.0]"
Vườn thực vật hoàng gia Kew; Đại học Harvard; Australian Plant Name Index (biên tập). “Campanula pinatzii”. International Plant Names Index. Truy cập ngày 18 tháng 6 năm 2013.,vie,vie,"[7182.0, 2394.0, 1026.0, 6498.0, 8208.0, 3990.0, 15048.0, 456.0, 2508.0, 1995.0, 3021.0, 4902.0, 6042.0, 13737.0, 91143.0]"
Vì vậy tỷ lệ đất có rừng che phủ của một quốc gia là một chỉ tiêu an ninh môi trường quan trọng (diện tích đất có rừng đảm bảo an toàn môi trường của một quốc gia tối ưu là ≥ 45% tổng diện tích).,vie,vie,"[3808.0, 2352.0, 784.0, 4032.0, 3640.0, 3920.0, 6384.0, 728.0, 952.0, 1792.0, 1344.0, 280.0, 8848.0, 9744.0, 209776.0]"
Joux là một xã thuộc tỉnh Rhône trong vùng Auvergne-Rhône-Alpes phía đông nước Pháp. Xã này nằm ở khu vực có độ cao trung bình 300 mét trên mực nước biển.,vie,vie,"[4290.0, 1155.0, 550.0, 16665.0, 5445.0, 2420.0, 4180.0, 385.0, 1045.0, 1760.0, 770.0, 715.0, 6160.0, 7040.0, 109725.0]"
"Tại Hoa Kỳ định nghĩa tầng lớp trung lưu rất mơ hồ bởi không một nhà kinh tế hay bất kỳ một nhà xã hội nào từng đặt ra hay phát triển chính xác những yếu tố để định nghĩa rõ tầng lớp trung lưu Hoa Kỳ và các phụ nhóm. Dường như có nhiều cách tiếp cận tới cái là tầng lớp trung lưu. Bởi những khuynh hướng kinh tế gần đây đã cho thấy rằng thống kê tầng lớp trung lưu của xã hội Mỹ thực tế không thể đảm bảo phong cách sống đặc trưng của tầng lớp trung lưu, vốn chỉ 20% dân số đáp ứng được, thuật ngữ tầng lớp trung lưu cũng có thể được áp dụng trực tiếp choreltive elite của những người chuyên môn và quản lý. Nhóm này thỉnh thoảng được gọi là tầng lớp trên trung lưu, tầng lớp trung lưu thực sự hay thiểu số tầng lớp trung lưu chuyên nghiệp có giáo dục cao, được trả lương tốt, hầu như miễn nhiễm với các đợt suy giảm kinh tế có thể ảnh hưởng mạnh tới tầng lớp trung thực tế của xã hội. Hiện tại các định nghĩa khác chỉ đơn giản sử dụng thu nhập và nói tầng lớp trung lưu là tất cả những người có thu nhập từ 80% đến 120% của mức trung bình quốc gia hay những người kiếm từ $25.000 đến $100.000 mỗi năm. Vấn đề với hai lý thuyết này là lý thuyết thứ nhất thực tế không đáp ứng được phong cách sống của tầng lớp trung lưu và lý thuyết thứ hai quá phân mảnh về kinh tế, gồm cả những người trông nom nhà cửa và những người chuyên nghiệp trong cùng một tầng lớp.",vie,vie,"[28404.0, 12690.0, 2268.0, 26568.0, 20574.0, 24624.0, 41796.0, 4212.0, 7344.0, 9612.0, 6750.0, 1566.0, 55404.0, 58050.0, 1382562.0]"
"Nga giành quyền đăng cai sau khi vượt qua liên minh Tây Ban Nha/Bồ Đào Nha, liên minh Bỉ/Hà Lan và Anh. Ở vòng thứ 2, Nga thắng 2 liên minh Tây Ban Nha/Bồ Đào Nha và Bỉ/Hà Lan với số phiếu 13 /7 / 2.",vie,vie,"[7473.0, 2014.0, 1060.0, 6519.0, 7102.0, 4823.0, 8957.0, 318.0, 265.0, 3869.0, 636.0, 371.0, 9858.0, 14045.0, 223183.0]"
"Tên tiếng Anh của QLVNCH là Republic of Vietnam Military Forces hay viết tắt là RVNMF. Trong các tài liệu của phía Việt Nam Dân chủ Cộng hòa (viết tắt là VNDCCH), Mặt trận Dân tộc Giải phóng miền Nam Việt Nam (viết tắt là MTDTGPMN), QLVNCH bị đối phương gọi là """"Quân đội Sài Gòn"""" hoặc """"Ngụy quân"""". Một số tài liệu nước ngoài cũng sử dụng cụm từ """"lính đánh thuê hoặc quân đội tay sai"""" (Puppet Army) để chỉ QLVNCH vì sự phụ thuộc của lực lượng này vào quân đội Mỹ.",vie,vie,"[12688.0, 4368.0, 1248.0, 14716.0, 9724.0, 7644.0, 13624.0, 832.0, 1924.0, 3536.0, 1144.0, 4992.0, 19864.0, 26884.0, 443976.0]"
"Ngày 26 tháng 12 năm 1997, chia phường Quang Trung thành 3 phường: Quang Trung, Ghềnh Ráng và Nguyễn Văn Cừ; chuyển 2 xã Nhơn Bình và Nhơn Phú thành 2 phường có tên tương ứng.",vie,vie,"[1887.0, 1785.0, 459.0, 4743.0, 4386.0, 4539.0, 5865.0, 408.0, 816.0, 2397.0, 510.0, 612.0, 8262.0, 10506.0, 168606.0]"
"Rừng già: Trữ lượng cây gỗ đạt tối đa. Có một vài cây gỗ già, chết. Tán cây thưa dần, cây rừng vẫn ra hoa kết quả nhưng chất lượng không tốt.",vie,vie,"[1300.0, 1900.0, 650.0, 3200.0, 2500.0, 2900.0, 4550.0, 350.0, 400.0, 1250.0, 1000.0, 1950.0, 7150.0, 7600.0, 173700.0]"
"Những người theo chủ nghĩa Mác tranh luận mạnh mẽ về thành phần chính xác của tầng lớp trung lưu ở chủ nghĩa tư bản. Một số miêu tả một """"tầng lớp ngang hàng"""" thực hiện chủ nghĩa tư bản thay cho những nhà tư bản, gồm cả tiểu tư sản, người chuyên môn và nhà quản lý. Những người khác không đồng ý với điều này, sử dụng tự do thuật ngữ """"tầng lớp trung lưu"""" để chỉ những người công nhân cổ cồn trắng hữu sản như được miêu tả ở trên (thậm chí, trong các thuật ngữ của Chủ nghĩa Mác, họ là một phần của giai cấp lao động vô sản). Những người khác (ví dụ, Hội đồng cộng sản) cho rằng có một tầng lớp gồm trí thức, những nhà kỹ trị và những người quản lý đang tìm quyền lực của riêng họ. Nhóm những người cộng sản cuối cùng này cho rằng tầng lớp trung lưu gồm những nhà kỹ trị đó đã nắm quyền lực và chính phủ cho riêng họ trong các xã hội kiểu Xô viết (xem chủ nghĩa kết hợp).",vie,vie,"[19894.0, 7154.0, 980.0, 16072.0, 13181.0, 17885.0, 26411.0, 3430.0, 2989.0, 5047.0, 4361.0, 6811.0, 28910.0, 35182.0, 805658.0]"
"Năm 16 tuổi, ông viết truyện trào phúng Cuộc du hành của Alice có ý châm biếm ngài chủ nhiệm ban huấn đạo, người này tức giận, liền ép hiệu trưởng phải đuổi học ông. Cuộc du hành của Alice tuy đem lại tai hại, nhưng đã cho thấy tài tưởng tượng, cũng như tinh thần phản kháng của Kim Dung, mà sau này thể hiện rất rõ trên các tác phẩm. Ông lại chuyển đến học trường Cù Châu. Tại trường này có những quy định rất bất công với học trò, học sinh không được quyền phê bình thầy giáo, nhưng thầy giáo có quyền lăng nhục học sinh. Năm thứ hai tại trường, ông viết bài Một sự ngông cuồng trẻ con đăng lên Đông Nam nhật báo. Bài báo làm chấn động dư luận trong trường, được giới học sinh tranh nhau đọc. Ban giám hiệu trường Cù Châu đành phải bãi bỏ những quy định nọ. Không những vậy, một ký giả của Đông Nam nhật báo là Trần Hướng Bình do hâm mộ tác giả bài báo, đã lặn lội tìm đến trường học để thỉnh giáo, mà không biết tác giả chỉ là một học sinh.",vie,vie,"[20112.0, 11184.0, 576.0, 20448.0, 16560.0, 13440.0, 25248.0, 1632.0, 3648.0, 10656.0, 12192.0, 10080.0, 34320.0, 45600.0, 980016.0]"
"Hoạt động với Phi trường Quốc tế Phù Cát là một trong những sân bay lớn và có các tiêu chí kỹ thuật tốt nhất của khu vực Miền Trung và Tây Nguyên và có khả năng tiếp nhận các máy bay loại lớn như Airbus A330, Boeing 737, Boeing 777.",vie,vie,"[2068.0, 1410.0, 517.0, 5405.0, 4089.0, 3854.0, 7191.0, 329.0, 517.0, 1410.0, 423.0, 752.0, 11233.0, 8554.0, 204685.0]"
Vườn thực vật hoàng gia Kew; Đại học Harvard; Australian Plant Name Index (biên tập). “Lycaste panamanensis”. International Plant Names Index. Truy cập ngày 7 tháng 6 năm 2013.,vie,vie,"[5428.0, 1886.0, 920.0, 4600.0, 6164.0, 3128.0, 10166.0, 276.0, 1932.0, 1564.0, 2392.0, 4048.0, 4830.0, 10718.0, 71760.0]"
"Tháng 11 năm 2009, Noori là thành viên chủ chốt của đội Afghanistan vô địch 2009 ACC Twenty20 Cup. Trong giải này anh thi đấu trận đấu Twenty20 không chính thức đầu tiên với Singapore..",vie,vie,"[3285.0, 1620.0, 855.0, 4005.0, 4860.0, 3465.0, 4275.0, 270.0, 675.0, 1935.0, 900.0, 180.0, 6390.0, 8460.0, 136890.0]"
"Năm 1763, các tính chất y học của nó đã được Reverend Edward Stone ở Anh theo dõi. Ông thông báo cho Hiệp hội Hoàng gia (Royal Society) để công bố các kết quả nghiên cứu của mình. Thành phần hoạt hóa của vỏ cây, gọi là salicin, đã được Henri Leroux, một dược sĩ người Pháp và Raffaele Piria, một nhà hóa học người Italia, cô lập thành dạng kết tinh của nó năm 1828. Raffaele Piria cũng là người đã thành công trong việc tách axít này thành dạng nguyên chất của nó. Salicin có tính chất của một axít khi bão hòa trong nước (pH = 2,4), và được gọi là axít salicylic vì lý do này.",vie,vie,"[17292.0, 3652.0, 1364.0, 19580.0, 17424.0, 8888.0, 41360.0, 1364.0, 2596.0, 6072.0, 7964.0, 12452.0, 16016.0, 34276.0, 409420.0]"
"Tỉnh Santarém (phát âm tiếng Bồ Đào Nha: [sɐ̃tɐˈɾɐ̃j], tiếng Bồ Đào Nha: Distrito de Santarém) là một tỉnh của Bồ Đào Nha. Thủ phủ tỉnh đóng tại thành phố Santarém.",vie,vie,"[4128.0, 1763.0, 215.0, 5590.0, 5031.0, 4644.0, 4429.0, 602.0, 430.0, 19350.0, 1032.0, 1978.0, 6235.0, 11481.0, 97438.0]"
"Xã Emmett (tiếng Anh: Emmett Township) là một xã thuộc quận St. Clair, tiểu bang Michigan, Hoa Kỳ. Năm 2010, dân số của xã này là 2.654 người.",vie,vie,"[5082.0, 1008.0, 630.0, 3696.0, 3360.0, 3066.0, 3654.0, 714.0, 966.0, 2982.0, 882.0, 1008.0, 4536.0, 9408.0, 81270.0]"
"Vì NTP hoạt động dựa trên chênh lệch giữa các time stamp và không bao giờ dựa trên giá trị tuyệt đối, việc lặp lại nhãn sẽ không có ảnh hưởng nếu giữa các nhãn sai lệnh không quá 68 năm. Điều này cũng có nghĩa việc lặp lại vào năm 2036 sẽ không ảnh hưởng đến các hệ thống đang hoạt động vì thông thường chênh lệch thời gian là rất nhỏ. Tuy nhiên, khi hệ thống vừa khởi động, cần xác định ngày chính xác trong 68 năm.",vie,vie,"[3567.0, 3649.0, 779.0, 6068.0, 4141.0, 6273.0, 10701.0, 574.0, 1722.0, 2747.0, 1886.0, 1066.0, 14063.0, 12587.0, 309837.0]"
"1969, Dear Bertrand Russell... A Selection of his Correspondence with the General Public 1950–1968 (biên tập bởi Barry Feinberg and Ronald Kasrils), London: George Allen and Unwin.",vie,vie,"[3440.0, 720.0, 2720.0, 6920.0, 5440.0, 2240.0, 11080.0, 320.0, 1880.0, 680.0, 1760.0, 4720.0, 2360.0, 8600.0, 13720.0]"
"La Verrière có cự ly khoảng 16 km về phía tây-tây-nam Versailles và 19 km về phía đông bắc de Rambouillet. Các đơn vị giáp ranh: Élancourt về phía đông bắc, Le Mesnil-Saint-Denis về phía đông nam, Coignières về phía tây và Maurepas về phía tây bắc.",vie,vie,"[6864.0, 1248.0, 702.0, 29367.0, 10881.0, 4056.0, 21138.0, 507.0, 3081.0, 1677.0, 3549.0, 8697.0, 6864.0, 17706.0, 125346.0]"
"Cuộc thi Hoa hậu Hoàn vũ đầu tiên được phát sóng là vào năm 1955. CBS bắt đầu quảng bá rộng rãi cuộc thi Hoa hậu Hoàn vũ và Hoa hậu Mỹ như 1 cuộc thi duy nhất từ năm 1960, nhưng sau đó được tách rời từ năm 1965. Năm 2003, hãng truyền hình NBC tiếp quản việc phát sóng 2 cuộc thi sắc đẹp này.",vie,vie,"[7106.0, 2584.0, 760.0, 8322.0, 6726.0, 4560.0, 15960.0, 570.0, 760.0, 2204.0, 1026.0, 3572.0, 10488.0, 16644.0, 227772.0]"
Vườn thực vật hoàng gia Kew; Đại học Harvard; Australian Plant Name Index (biên tập). “Toxicoscordion gramineum”. International Plant Names Index. Truy cập ngày 16 tháng 7 năm 2013.,vie,vie,"[4884.0, 1554.0, 888.0, 4662.0, 5180.0, 2664.0, 9102.0, 296.0, 1850.0, 1369.0, 1924.0, 3737.0, 3811.0, 9694.0, 58830.0]"
"Ngoài nước Mỹ, Mexico là nước nhiều lần tổ chức Hoa hậu Hoàn vũ nhất với tổng số 4 lần tại Acapulca (1978), Cancun (1989) và thành phố Mexico (1993, 2007).",vie,vie,"[3240.0, 1116.0, 396.0, 6264.0, 4788.0, 2376.0, 8676.0, 468.0, 324.0, 828.0, 468.0, 2772.0, 5256.0, 11232.0, 105624.0]"
"Trong phần lớn cuộc đời, Russell nghĩ rằng rất ít khả năng tồn tại một vị Chúa trời, và ông cho rằng tôn giáo chỉ hơn mê tín dị đoan tí chút và mặc dù tôn giáo có thể có hiệu ứng tích cực, nói chung tôn giáo vẫn có hại đối với dân chúng. Ông tin rằng tôn giáo và lối suy nghĩ tôn giáo (ông coi chủ nghĩa cộng sản và các hệ tư tưởng hệ thống hóa khác cũng là các dạng tôn giáo) làm cản trở tri thức, nuôi dưỡng sự sợ hãi và phụ thuộc, và phải chịu trách nhiệm cho phần lớn các cuộc chiến tranh, đàn áp và đau khổ trên thế giới.",vie,vie,"[4200.0, 4445.0, 455.0, 6755.0, 4340.0, 6755.0, 11550.0, 945.0, 1330.0, 3605.0, 1785.0, 315.0, 14490.0, 16415.0, 374045.0]"
Ban đầu tên gốc của ông là Tích Tường (giản thể: 锡祥; phồn thể: 錫祥; Bính âm Quan Thoại: Xīxiáng; Wade–Giles: Hsi-hsiang; Việt bính: Sek3-coeng4) trước khi đổi sang tên Phi Hồng. Tên chữ của ông là Đạt Vân (giản thể: 达云; phồn thể: 達雲; Bính âm Quan Thoại: Dáyún; Wade–Giles: Ta-yun; Việt bính: Daat6-wan4).,vie,vie,"[10404.0, 10370.0, 340.0, 8466.0, 8874.0, 6222.0, 10914.0, 1190.0, 1938.0, 3026.0, 4318.0, 3910.0, 9214.0, 17476.0, 159868.0]"
Vườn thực vật hoàng gia Kew; Đại học Harvard; Australian Plant Name Index (biên tập). “Carex baccans”. International Plant Names Index. Truy cập ngày 11 tháng 6 năm 2013.,vie,vie,"[3795.0, 1353.0, 693.0, 3564.0, 4290.0, 2277.0, 7161.0, 231.0, 891.0, 1122.0, 1650.0, 2409.0, 3432.0, 7194.0, 52767.0]"
"Lâm Ngữ Đường (Phồn thể: 林語堂, Giản thể: 林语堂 10 tháng 10 năm 1895 – 26 tháng 3 năm 1976), tên chữ Ngọc Đường (玉堂), là nhà văn nổi tiếng của Trung Quốc. Ông được xem là người có công lớn trong việc giới thiệu văn hóa Trung Quốc ra thế giới qua những tác phẩm viết bằng tiếng Anh, bàn về nghệ thuật, văn hóa và nhân sinh quan của người Trung Quốc.",vie,vie,"[3136.0, 8576.0, 416.0, 9216.0, 4064.0, 4192.0, 13440.0, 928.0, 2016.0, 2400.0, 1152.0, 2912.0, 9984.0, 13664.0, 213056.0]"
"Trong Chiến tranh năm 1812, người Anh đã giành được kiểm soát tất cả những trạm thu mua của Công ty Da thú Thái Bình Dương. Trong thập niên 1820 và 1830, Công ty Vịnh Hudson của người Anh đã chi phối Tây Bắc Thái Bình Dương từ tổng hành dinh Khu Columbia của họ tại Đồn Vancouver (do John McLoughlin là Khu vực trưởng xây dựng năm 1825 ở phía bên kia Sông Columbia của Portland, Oregon ngày nay).",vie,vie,"[8711.0, 1643.0, 682.0, 8928.0, 9455.0, 4278.0, 17732.0, 434.0, 899.0, 2046.0, 4185.0, 4712.0, 8091.0, 18073.0, 201903.0]"
"Năm 1948, tờ Đại công báo ra phụ bản tại Hồng Kông, ông được cử sang làm việc ở đó, dịch tin quốc tế. Trước khi ra đi vài ngày, ông chạy đến nhà họ Đỗ để ngỏ lời cầu hôn cô con gái 18 tuổi, được chấp nhận. Hôn lễ tổ chức trang trọng tại Thượng Hải, người vợ đầu tiên Đỗ Trị Phân của ông rất xinh đẹp.",vie,vie,"[2340.0, 3240.0, 270.0, 4950.0, 4650.0, 3390.0, 5430.0, 450.0, 810.0, 2520.0, 870.0, 60.0, 9300.0, 10110.0, 221640.0]"
"Các chất đơn tinh thể có nhiều ứng dụng trong đời sống và khoa học công nghệ. Kim cương là chất rắn đơn tinh thể rắn nhất hiện nay nên được dùng làm mũi khoan địa chất, đá mài dao điện làm bằng hợp kim rất cứng v.v.. Trên 80% kim cương được khai thác trong tự nhiên và toàn bộ kim cương nhân tạo được dùng trong công nghệ, chỉ có chưa tới 20% kim cương được khai thác trong tự nhiên được khai thác trong tự nhiên dùng làm đồ trang sức. Các chất đơn tinh khiết gemani và silic dùng cho chế tạo linh kiện bán dẫn có vai trò cực kỳ quan trọng trong việc chế tạo linh kiện điện điện tử.",vie,vie,"[7975.0, 2871.0, 667.0, 6351.0, 4930.0, 5046.0, 7946.0, 406.0, 1566.0, 2146.0, 1247.0, 1595.0, 14152.0, 15805.0, 312591.0]"
"Các dịch vụ và công nghiệp kỹ thuật cao là những công ty mướn công nhân chính từ thập niên 1970. Tektronix là một công ty tư mướn công nhân nhiều nhất tại Oregon cho đến cuối thập niên 1980. Việc Intel thiết lập và mở rộng nhiều cơ sở sản xuất tại miền đông Quận Washington đã làm tiếp tục sự phát triển mà Tektronix từng khởi đầu. Intel, công ty tư lớn nhất tiểu bang, điều hành bốn cơ sở sản xuất lớn với Ronler Acres, Jones Farm và Hawthorn Farm nằm ở Hillsboro. Sự phân chia ra các công ty nhỏ và sự khởi sự của các công ty mới do hai công ty này tạo ra đưa đến sự thiết lập một khu vực có tên gọi là Rừng Silicon. Sự thối trào của các công ty Dot-com năm 2001 đã đánh gây ảnh hưởng nặng nề cho vùng; nhiều công ty kỹ thuật cao đã giảm số lượng nhân công hoặc khai phá sản. OSDL tạo chấn động tin tức năm 2004 khi họ mướn Linus Torvalds, người phát triển ra Linux. Hiện nay, Đại công ty công nghệ sinh học Genentech đã mua vài mẫu Anh đất tại Hillsboro để cố mở rộng khả năng sản xuất của họ.",vie,vie,"[12180.0, 3836.0, 784.0, 17836.0, 15512.0, 13076.0, 27160.0, 1288.0, 1736.0, 2968.0, 8820.0, 8008.0, 21168.0, 36932.0, 486416.0]"
"Sự mở rộng công nghiệp bắt đầu một cách nghiêm chỉnh theo sau việc xây dựng Đập nước Bonneville năm 1943 trên Sông Columbia. Năng lượng, thực phẩm, và gỗ của Oregon đã giúp khởi động phát triển miền Tây Hoa Kỳ.",vie,vie,"[2511.0, 837.0, 351.0, 3645.0, 2322.0, 2241.0, 6507.0, 81.0, 513.0, 891.0, 729.0, 1404.0, 3888.0, 5697.0, 97416.0]"
"Năm Long An thứ 2 (398), Thanh Duyện 2 châu thứ sử Vương Cung liên kết với bọn Kinh Châu thứ sử Ân Trọng Kham, Dự Châu thứ sử Dữu Giai cùng Quảng Châu thứ sử Hoàn Huyền mượn danh nghĩa thảo phạt Vương Du và anh em Tư Mã Thượng Chi mà cất quân. Diễm được ban chức Giả tiết, Đô đốc tiền phong quân sự, ít lâu sau đóng quân ở cửa Tuyên Dương phòng bị. Cung bị dẹp, được thăng làm Vệ tướng quân, Từ Châu thứ sử, giả tiết.",vie,vie,"[2548.0, 4524.0, 338.0, 5278.0, 5070.0, 4498.0, 6448.0, 286.0, 1144.0, 2964.0, 884.0, 2522.0, 7800.0, 9802.0, 244218.0]"
"Chi Liễu (danh pháp khoa học: Salix) là một chi của khoảng 350-450 loài cây thân gỗ và cây bụi với lá sớm rụng, chủ yếu sinh sống trong các vùng đất ẩm của các khu vực ôn đới và hàn đới thuộc Bắc bán cầu. Một số loài cây bụi và cây thân gỗ nhỏ được gọi chung là liễu bụi hay liễu gai. Một số loài liễu, cụ thể là các loài sinh sống cận Bắc cực và vùng có khí hậu núi cao, có kích thước rất nhỏ; như liễu lùn (Salix herbacea) ít khi cao quá 6 cm, mặc dù nó lan rộng trên mặt đất.",vie,vie,"[10475.0, 2425.0, 450.0, 7925.0, 7875.0, 4875.0, 12300.0, 675.0, 675.0, 2900.0, 4850.0, 4275.0, 10275.0, 17925.0, 241075.0]"
Pylaisiadelpha pallida là một loài rêu trong họ Sematophyllaceae. Loài này được (Renauld & Cardot) W.R. Buck mô tả khoa học đầu tiên năm 1984.,vie,vie,"[3792.0, 816.0, 360.0, 4296.0, 3720.0, 1608.0, 5928.0, 336.0, 816.0, 1320.0, 1056.0, 2424.0, 2328.0, 7944.0, 26496.0]"
"Cùng với các cuộc thi Hoa hậu Thế giới (Miss World), Hoa hậu Quốc tế (Miss International) và Hoa hậu Trái Đất (Miss Earth), Hoa hậu Hoàn vũ là một trong những cuộc thi sắc đẹp thường niên lớn nhất thế giới.",vie,vie,"[2438.0, 805.0, 322.0, 2277.0, 2898.0, 1311.0, 2967.0, 184.0, 345.0, 828.0, 460.0, 1242.0, 4048.0, 5359.0, 76958.0]"
"Ngày 11 tháng 5 năm 1950, Thủ tướng Trần Văn Hữu tuyên bố chính thức thành lập Vệ binh Quốc gia Việt Nam với quân số lúc đó là 60.000 người .",vie,vie,"[1738.0, 660.0, 286.0, 2200.0, 1408.0, 1452.0, 2882.0, 330.0, 440.0, 682.0, 286.0, 616.0, 2618.0, 3828.0, 63008.0]"
"Trữ lượng khoáng sản chủ yếu của Cẩm Phả là than đá, với tổng tiềm năng ước tính trên 3 tỷ tấn trong tổng số 8,4 tỷ tấn trữ lượng than của toàn tỉnh Quảng Ninh. Cẩm Phả có hệ thống đường sắt dùng chuyên chở than chạy dọc thành phố chở than đến Nhà máy Tuyển Than Cửa Ông Các mỏ than lớn như Cọc Sáu, Ðèo Nai, Cao Sơn, Mông Dương, Khe Chàm, Dương Huy, Thống Nhất. Ngoài ra, các khoáng sản khác như antimon, đá vôi, nước khoáng đều là những tài nguyên quý hiếm. Vùng núi đá vôi ở Cẩm Phả là nguồn nguyên liệu dồi dào cho việc phát triển các ngành sản xuất xi măng, nhiệt điện và vật liệu xây dựng, với Nhà máy xi măng Cẩm Phả. Thành phố Cẩm Phả có nghề khai thác hải sản với hơn 50 km bờ biển, nhưng chủ yếu là đánh bắt trong bờ, sản lượng thấp.",vie,vie,"[7224.0, 3402.0, 483.0, 7791.0, 8484.0, 5544.0, 8526.0, 567.0, 1071.0, 2772.0, 1302.0, 4053.0, 14889.0, 16968.0, 323064.0]"
"Đường mòn Oregon rót vào vùng này nhiều người định cư mới, bắt đầu từ 1842–1843 sau khi Hoa Kỳ đồng ý với Vương quốc Anh cùng định cư Xứ Oregon. Biên giới được giải quyết năm 1846 bằng Hiệp ước Oregon sau một thời kỳ tưởng chừng cả hai sẽ lâm vào chiến tranh lần thứ ba trong 75 năm. Tranh chấp biên giới Oregon giữa Hoa Kỳ và Bắc Mỹ thuộc Anh được giải quyết theo vĩ tuyến 49 độ. Lãnh thổ Oregon được chính thức tổ chức năm 1848.",vie,vie,"[5920.0, 1560.0, 400.0, 8540.0, 4400.0, 3340.0, 11500.0, 540.0, 580.0, 2260.0, 680.0, 2060.0, 5880.0, 12740.0, 168540.0]"
"Chỉ được áp dụng khi mùa giải chưa kết thúc:(Q) = Lọt vào vòng đấu cụ thể của giải đấu đã nêu; (TQ) = Giành vé dự giải đấu, nhưng chưa tới vòng đấu đã nêu.",vie,vie,"[532.0, 722.0, 209.0, 1311.0, 1121.0, 1140.0, 2052.0, 152.0, 304.0, 551.0, 171.0, 57.0, 3439.0, 3268.0, 64809.0]"
"Vì máy vi tính nói chung dùng hệ nhị phân, nên phương pháp đổi của máy thường là thông qua hệ nhị phân trước đã, sau đó dùng sự thông nối trực tiếp giữa thập lục phân và nhị phân, mà đổi sang hệ thập lục phân.",vie,vie,"[684.0, 810.0, 234.0, 1224.0, 882.0, 1170.0, 2178.0, 180.0, 270.0, 468.0, 378.0, 108.0, 3456.0, 3204.0, 65790.0]"
"Chùa Sơn Long nay thuộc phường Nhơn Bình,cách cầu Trường Úc 700m về hướng đông.Kiến trúc chùa có nhiều thay đổi nhưng khuôn viên chùa vẫn giữ như cũ. Mặt tiền hình cánh cung niễng, mặt hậu đất đá lồi lõm sát vách núi. Tương truyền dưới chân núi phía sau chùa xưa có tảng đá rất lớn trông như miệng rồng có hàm trên, hàm dưới có một cái lưỡi nhỏ đưa ra ở chính giữa. Tảng đá đó có tên gọi là đá Hàm Long, nay không còn nữa. Trong chùa có 15 ngôi mộ tháp lớn nhỏ, có những ngôi mộ vẫn còn giữ nét rêu phong cũ kỹ của mấy trăm năm về trước, có những mộ tháp đã được trùng tu khang trang hơn. Năm 1992, chùa đã cho xây dựng thêm tượng Bồ tát Quan Âm ở hướng tây. Năm 1996, xây tượng Thích ca Mâu Ni tọa thiền phía tây bắc,...mang lại sắc khí mới cho chùa.",vie,vie,"[7429.0, 3502.0, 238.0, 9129.0, 8823.0, 5032.0, 17493.0, 629.0, 612.0, 3009.0, 1309.0, 6664.0, 16490.0, 18020.0, 284818.0]"
"Russell thường được xem là một trong những người đặt nền móng cho triết học phân tích và thậm chí một số nhánh của ngành này. Vào đầu thế kỷ 20, cùng với George Edward Moore, Russell đã gần như khởi xướng """"cuộc nổi dậy"""" tại nước Anh chống lại chủ nghĩa duy tâm"""" - một trường phái triết học chịu ảnh hưởng lớn bởi Georg Hegel và vị thánh tông đồ người Anh của ông F. H. Bradley. 30 năm sau, cuộc nổi dậy này còn được vọng lại tại Viên với """"cuộc nổi dậy"""" của những người theo chủ nghĩa chứng thực lôgic chống lại siêu hình học. Russell đặc biệt phê phán mạnh mẽ học thuyết duy tâm về các quan hệ nội tại - quan niệm cho rằng để hiểu về một vật cụ thể nào đó, ta phải hiểu tất cả các quan hệ của nó. Russell đã chỉ ra rằng quan niệm này sẽ làm cho không gian, thời gian, khoa học và khái niệm về số trở thành không thể hiểu được. Các công trình lôgic của Russell và Whitehead đã tiếp tục đề tài này.",vie,vie,"[7120.0, 2160.0, 240.0, 9264.0, 9328.0, 4464.0, 17424.0, 816.0, 1072.0, 3904.0, 1424.0, 5712.0, 9232.0, 20016.0, 247760.0]"
"Từ đó, quận Ba Đình có 14 phường: Cống Vị, Điện Biên, Đội Cấn, Giảng Võ, Kim Mã, Liễu Giai, Ngọc Hà, Ngọc Khánh, Nguyễn Trung Trực, Phúc Xá, Quán Thánh, Thành Công, Trúc Bạch, Vĩnh Phúc.",vie,vie,"[2160.0, 450.0, 225.0, 2745.0, 2505.0, 1230.0, 3960.0, 195.0, 150.0, 1215.0, 225.0, 1260.0, 2415.0, 7035.0, 54510.0]"
"Vùng Sahel ở miền bắc có các đặc trưng: tiếp nhận ít hơn 24 inch (600 mm) mưa mỗi năm và nhiệt độ cao từ 5-47 °C (40-115 °F). Savanna khí hậu nhiệt đới tương đối khô ráo, Sahel mở rộng bên ngoài Burkina Faso, từ mỏm châu Phi đến Đại Tây dương. Biên giới phía bắc của Sahel giáp Sahara, và vùng đất phì nhiêu của Sudan tới phía nam.",vie,vie,"[2772.0, 784.0, 364.0, 3066.0, 2562.0, 2044.0, 2954.0, 168.0, 462.0, 476.0, 588.0, 1232.0, 3416.0, 4942.0, 82782.0]"
"Lâm Ngữ Đường đậu bằng cử nhân tại Đại học St John ở Thượng Hải, rồi nhận học bổng bán phần cho chương trình tiến sĩ tại Đại học Harvard. Về sau ông viết rằng chính tại Thư viện Widener (thư viện chính thuộc hệ thống thư viện Đại học Harvard), ông mới bắt đầu khám phá bản thân và khởi đầu cuộc sống sinh động, dù không bao giờ đi xem một trận đấu thể thao nào giữa Harvard và Yale. Dù vậy, ông sớm rời khỏi Harvard khi học bổng bị cắt, nợ nần chồng chất, và vợ ông phải giải phẫu ruột thừa. Hai người tìm đến Pháp, ở đây Lâm làm việc cho YMCA, dạy chữ cho các công nhân người Hoa bị đem đến đất nước này trong Chiến tranh thế giới thứ hai. Năm 1921, nhờ đồng mác mất giá ông sang Đức, lấy bằng tiến sĩ ngôn ngữ học tại Đại học Jena ở Leipzig trong năm 1923. Ông về nước và dạy văn chương Anh tại Đại học Bắc Kinh (1923 – 1926).",vie,vie,"[5018.0, 1664.0, 234.0, 5889.0, 9464.0, 3731.0, 11258.0, 650.0, 845.0, 2327.0, 845.0, 3588.0, 8437.0, 12558.0, 217776.0]"
"Tháp Đôi là khu tháp của Chăm Pa gồm có hai tháp là tháp phía bắc và tháp phía nam cạnh nhau, hiện nay nằm trên đường Trần Hưng Đạo, thuộc phường Đống Đa, cách trung tâm Quy Nhơn 3 km. Tháp Đôi còn có tên gọi khác là tháp Hưng Thạnh, gồm hai tháp đứng song song với nhau, một tháp cao 20 m và tháp kia cao 18 m. Tháp Đôi được xây dựng vào khoảng niên đại từ thế kỷ 11 đến thế kỷ 13. Quanh tường phía ngoài, các nóc và trên nóc tháp có nhiều bức phù điêu chạm khắc các hình tượng thần, chim, thú theo tín ngưỡng của người Chăm. Tháp đã bị chiến tranh và thời gian tàn phá nặng nề. Từ năm 1991 đến năm 1997, tháp được trùng tu, gần như nguyên vẹn. Ngày nay, Tháp Đôi là điểm tham quan du lịch của du khách khi đến Quy Nhơn.",vie,vie,"[2400.0, 1548.0, 192.0, 4668.0, 4584.0, 3360.0, 5196.0, 432.0, 456.0, 2604.0, 900.0, 2124.0, 10104.0, 9048.0, 186252.0]"
"The Times of India (TOI, nghĩa là """"Thời báo Ấn Độ"""") là một nhật báo tiếng Anh tại Ấn Độ. Đây là báo lớn thứ ba tại Ấn Độ tính theo lượng phát hành và là báo tiếng Anh bán chạy nhất hàng ngày trên thế giới theo Cục Kiểm tra Phát hành Ấn Độ. Đây là báo tiếng Anh lâu năm nhất tại Ấn Độ vẫn còn được phát hành. Năm 1991, BBC xếp The Times of India vào hàng sáu tờ báo tốt nhất thế giới.",vie,vie,"[1485.0, 583.0, 352.0, 1661.0, 2145.0, 2519.0, 2607.0, 121.0, 319.0, 462.0, 220.0, 1067.0, 4070.0, 4499.0, 82324.0]"
Mã Phạm lại đến nước Tần xui Tần Chiêu Tương Vương thử đánh Chu xem Ngụy có cứu không. Vua Tần sai tướng đánh Đông Chu. Mã Phạm trở lại nói với Ngụy An Ly vương rằng:,vie,vie,"[300.0, 660.0, 70.0, 720.0, 670.0, 590.0, 1040.0, 50.0, 80.0, 470.0, 60.0, 30.0, 1220.0, 1770.0, 40380.0]"
"Không chỉ là học giả và nhà văn, Lâm Ngữ Đường còn là người thích máy móc. Hán tự là chữ tượng hình cấu thành bởi nhiều ngàn nét khác nhau nên rất khó ứng dụng các kỹ thuật in ấn hiện đại, do đó trong một thời gian dài hầu như không có triển vọng nào cho phát minh một loại máy đánh chữ tiếng Hoa. Từ thập niên 1920, khi còn sống ở Bắc Kinh, Lâm Ngữ Đường đã quan tâm tìm kiếm giải pháp cho trở ngại này bằng cách chế tạo máy đánh chữ tiếng Hoa. Đến giữa năm 1940, nhờ những khoản lợi tức từ tiền bán sách, ông đầu tư nhiều hơn cho đề án. Với 72 phím, sáng chế này của Lâm Ngữ Đường cho phép người sử dụng tạo ra tổng cộng 7 000 ký tự. Dù được tán dương bởi các chuyên gia về Hán tự, thiết bị được tung ra thị trường ngay giữa lúc Trung Hoa có chiến tranh với Nhật Bản làm Lâm Ngữ Đường thua lỗ khoảng 100.000 USD và bị khánh kiệt. Ông và vợ phải bán căn hộ chung cư ở New York để trả nợ rồi sang Paris. Sau khi từ nhiệm chức Giám đốc Nghệ thuật và Văn chương UNESCO (chỉ vài tháng sau khi nhậm chức), Lâm Ngữ Đường và vợ di chuyển xuống miền nam nước Pháp, sống đạm bạc, trồng khoai tây trên sân thượng và viết sách để gây dựng lại gia sản. Ngoài ra, ông cũng lấy bằng sáng chế cho một số phát minh nhỏ khác như bàn chải đánh răng và pha chế kem đánh răng.",vie,vie,"[2898.0, 2628.0, 153.0, 5427.0, 4977.0, 3735.0, 7029.0, 414.0, 801.0, 2250.0, 981.0, 3195.0, 9009.0, 9540.0, 243954.0]"
"Từ cuối năm 1940 đến nay, Hồng Kông đã thực hiện hàng trăm bộ phim và kịch truyền hình về Hoàng Phi Hồng khiến tên tuổi nhà võ thuật yêu nước này trở nên thân thuộc với mọi tầng lớp khán giả. Sau khi Trung Quốc thực hiện chính sách cải cách, các tác phẩm về Hoàng Phi Hồng được người dân Quảng Đông chào đón nhiệt liệt. Đề tài Hoàng Phi Hồng thực sự trở thành cơn sốt. Cuộc đời Hoàng Phi Hồng cùng với võ công siêu việt và đức độ trong sáng của ông đã thật sự chinh phục những người mê võ thuật thật sự. triệu",vie,vie,"[880.0, 824.0, 104.0, 1688.0, 1168.0, 1224.0, 2352.0, 200.0, 304.0, 656.0, 320.0, 472.0, 3072.0, 3248.0, 83128.0]"
"Songs I Wrote with Amy là đĩa mở rộng được phát hành bởi Ed Sheeran vào ngày 4 tháng 4 năm 2010. Sau thành công của album +, Ed Sheeran cho phát hành lại năm trong số các EP trước đây của anh, trong đó có Songs I Wrote with Amy, EP đã được phát hành lần thứ hai vào ngày 9 tháng 12 năm 2011. Tất cả các bài hát được Ed Sheeran viết chung với Amy Wadge.",vie,vie,"[1554.0, 315.0, 203.0, 2170.0, 1939.0, 1050.0, 3976.0, 133.0, 301.0, 784.0, 140.0, 1232.0, 1463.0, 3584.0, 34846.0]"
"Xã Sugar Creek (tiếng Anh: Sugar Creek Township) là một xã thuộc quận Cedar, tiểu bang Iowa, Hoa Kỳ. Năm 2010, dân số của xã này là 443 người.",vie,vie,"[648.0, 120.0, 84.0, 438.0, 522.0, 366.0, 438.0, 114.0, 132.0, 354.0, 132.0, 30.0, 534.0, 1164.0, 11496.0]"
"Trong cuộc họp Liên minh châu Âu-Nga tháng 11 năm 2006 tại Helsinki, Ba Lan đã phủ quyết việc đưa ra cuộc đàm phán quan hệ đối tác Liên minh châu Âu-Nga, do Nga đã cấm nhập các sản phẩm thịt và thực vật của Ba Lan.",vie,vie,"[495.0, 165.0, 45.0, 590.0, 520.0, 390.0, 630.0, 65.0, 80.0, 295.0, 95.0, 5.0, 930.0, 1340.0, 22585.0]"
"Các dự án đường sắt đô thị đi qua địa bàn quận là các tuyến số 1 (Ngọc Hồi - Yên Viên), tuyến số 2 (Nội Bài - Thượng Đình), tuyến số 3 (Trôi - Nhổn - Yên Sở), tuyến số 5 (Hồ Tây - An Khánh), trong đó tuyến số 3 đoạn Nhổn - Ga Hà Nội (một phần của tuyến Trôi - Nhổn - Yên Sở) hiện đang được thi công; tuyến số 2 đoạn Nam Thăng Long - Trần Hưng Đạo (một phần của tuyến Nội Bài - Thượng Đình) hiện đang được đầu tư xây dựng.",vie,vie,"[1300.0, 280.0, 56.0, 980.0, 1484.0, 620.0, 1316.0, 80.0, 124.0, 388.0, 104.0, 540.0, 1712.0, 2188.0, 34976.0]"
"Trong những năm 1940 và 1950, Russell tham gia nhiều chương trình phát thanh của BBC về nhiều chủ đề triết học và thời sự. Đến thời điểm này, Russell đã nổi tiếng trên thế giới bên ngoài cộng đồng hàn lâm, ông thường là chủ đề hoặc tác giả của các bài đăng trên các báo và tạp chí, ông còn được đề nghị đưa ra quan điểm về một diện rộng các chủ đề, kể cả các chủ đề trần tục. Tháng 10 năm 1948, trên đường đi giảng tại Trondheim, Russell đã thoát chết trong một vụ máy bay rơi. Cuốn Lịch sử triết học phương Tây (1945) trở nên một tên sách bán chạy nhất và mang lại cho Russell một nguồn thu nhập ổn định trong suốt phần đời còn lại. Cùng với Albert Einstein, bạn của ông, Russell đã đạt đến vị thế siêu sao với vai trò một nhà trí thức. Năm 1949, Russell được tặng Order of Merit (Huân chương Công lao của Khối Thịnh vượng chung Anh), và năm sau, ông nhận được Giải Nobel Văn học.",vie,vie,"[1317.0, 405.0, 72.0, 1200.0, 1446.0, 864.0, 1947.0, 120.0, 264.0, 816.0, 168.0, 444.0, 1701.0, 2439.0, 50571.0]"
"Chiều 14/11, kết thúc phiên tòa phúc thẩm vụ án Bùi Tiến Dũng và đồng phạm, ông vẫn phải giữ nguyên mức án 13 năm tù cho hai tội đánh bạc và đưa hối lộ.",vie,vie,"[168.0, 84.0, 14.0, 182.0, 178.0, 120.0, 202.0, 8.0, 40.0, 78.0, 40.0, 2.0, 284.0, 408.0, 7012.0]"
Vườn thực vật hoàng gia Kew; Đại học Harvard; Australian Plant Name Index (biên tập). “Diplazium spiniferum”. International Plant Names Index. Truy cập ngày 28 tháng 5 năm 2014.,vie,vie,"[125.0, 42.0, 21.0, 111.0, 139.0, 71.0, 234.0, 7.0, 48.0, 29.0, 50.0, 97.0, 106.0, 236.0, 1580.0]"
