sentences,predictions,labels,"results (['Bulgarian', 'Chinese', 'English', 'French', 'German', 'Hindi', 'Italian', 'Japanese', 'Korean', 'Portuguese', 'Russian', 'Spanish', 'Thai', 'Turkish', 'Vietnamese'])"
วันที่ 19 มีนาคม มิก-23ยูบี ถูกยิงตกระหว่างยุทธการเบงกาซีครั้งที่สอง รายงานสื่อในตอนแรกเป็นไปด้วยความสับสน กระทั่งโฆษกยืนยันว่าเครื่องบินลำดังกล่าวเป็นของฝ่ายกบฏ โฆษกฝ่ายนิยมกัดดาฟีว่า กบฏละเมิดเขตห้ามบินของสหประชาชาติ อย่างไรก็ตาม โฆษกฝ่ายกบฏอ้างว่าอากาศยานลำนั้นถูกยิงตกโดยกำลังนิยมกัดดาฟี ท้ายที่สุด บีบีซีนิวส์รายงานเมื่อวันที่ 20 มีนาคม ว่า อากาศยานกบฏดังกล่าวถูกยิงตกโดยฝ่ายเดียวกัน และนักบินเสียชีวิตเพราะดีดตัวออกจากเครื่องไม่ทัน,tha,tha,"[617000.0, 174000.0, 31000.0, 38500.0, 348000.0, 375000.0, 710000.0, 76000.0, 126000.0, 494000.0, 42000.0, 21000.0, 8025500.0, 992000.0, 752500.0]"
จอมพลไรช์ แฮร์มันน์ วิลเฮล์ม เกอริง (เยอรมัน: Hermann Wilhelm Göring; พ.ศ. 2436 — พ.ศ. 2489) เป็นนายทหารและนักการเมืองคนสำคัญของพรรคแรงงานสังคมนิยมแห่งชาติเยอรมันหรือพรรคนาซี เขามีบทบาทสำคัญในการขยายระบบเผด็จการของพรรคนาซีให้ครอบคลุมทั่วเยอรมนี รวมทั้งสร้างเสริมแสนยานุภาพทางทหารของเยอรมนีโดยเฉพาะกองทัพอากาศให้มีความแข็งแกร่ง,tha,tha,"[475048.0, 161177.0, 32435.0, 41417.0, 412673.0, 270458.0, 549898.0, 74351.0, 153193.0, 383731.0, 32435.0, 21457.0, 4786408.0, 823350.0, 486525.0]"
นายตำรวจลูกน้องของสารวัตรอาเคจิ เคนโมจิเป็นนายตำรวจที่มีฝีมือในด้านการต่อสู้และเป็นยูโดสายดำ พบกับคินดะอิจิครั้งแรกในการคลี่คลายคดีฆาตกรรมโรงละครโอเปร่า ตอนแรกหมวดเคนโมจิไม่ค่อยชอบขี้หน้าคินดะอิจิสักเท่าไหร่ และต่อมาเมื่อมีคดีเกิดขึ้น เคนโมจิมักจะขอความช่วยเหลือจากคินดะอิจิอยู่เสมอ,tha,tha,"[395412.0, 133962.0, 27390.0, 19920.0, 229578.0, 258960.0, 476586.0, 57768.0, 118026.0, 332166.0, 31872.0, 10956.0, 5388858.0, 676782.0, 390432.0]"
สำนักวิชาทรัพยากรการเกษตร จุฬาลงกรณ์มหาวิทยาลัย เป็นส่วนงานประเภทคณะของจุฬาลงกรณ์มหาวิทยาลัย ทำหน้าที่ในการจัดการศึกษา วิจัย และบริการวิชาการในศาสตร์ที่เกี่ยวข้องกับทรัพยากรการเกษตร ที่ครอบคลุมได้ในสาขาที่เกี่ยวข้อง,tha,tha,"[305655.0, 69580.0, 21868.0, 20377.0, 145621.0, 235081.0, 327523.0, 47712.0, 67095.0, 228123.0, 14413.0, 6958.0, 4066951.0, 482090.0, 254464.0]"
"เดิมเทศบาลตำบลระแหง คือ สุขาภิบาลตำบลระแหง ซึ่งตั้งขึ้นตามประกาศกระทรวงมหาดไทย ลงวันที่ 8 สิงหาคม 2499 ประกาศในราชกิจจานุเบกษา เล่มที่ 73 ตอนที่ 99 วันที่ 28 พฤศจิกายน 2499 และเปลี่ยนแปลงฐานะ จากสุขาภิบาลตำบลระแหงเป็นเทศบาลตำบลระแหง ตามพระราชบัญญัติเปลี่ยนแปลงฐานะของสุขาภิบาลเป็นเทศบาล เมื่อวันที่ ๒๕ พฤษภาคม พ.ศ. 2542 ประกาศราชกิจจานุเบกษา เล่มที่ ๑๑๖ ตอนที่ ๙ก หน้าที่ ๑ ลงวันที่ ๒๔ กุมภาพันธ์ พ.ศ. 2542 ที่ตั้งสำนักงานเทศบาลตำบลระแหง เลขที่ ๘๕/๑๔-๑๖ หมู่ที่ ๓ ถนนปทุมธานี–บางเลน ตำบลระแหง อำเภอลาดหลุมแก้ว จังหวัดปทุมธานี 12140 มีเนื้อที่ 18.22 ตารางกิโลเมตร หรือประมาณ ๑๑,๓๘๗ ไร่ ๒ งาน",tha,tha,"[1028208.0, 232128.0, 107632.0, 78368.0, 659680.0, 646784.0, 1133856.0, 104160.0, 280736.0, 820384.0, 46624.0, 41664.0, 10207680.0, 1763280.0, 544112.0]"
วันที่ 12 มกราคม พ.ศ. 2553 บริษัท ระบบขนส่งมวลชนกรุงเทพ จำกัด (มหาชน) หรือบีทีเอสซี ชนะการประกวดราคาผู้รับจ้างเดินรถและจัดหารถบีอาร์ที 25 คัน หลังจากเป็นผู้ยื่นซองเพียงรายเดียวเมื่อวันที่ 5 มกราคม แต่ทางคณะกรรมการบริหารกรุงเทพธนาคมมีมติไม่ยกเลิกการประมูลดังกล่าว โดยทางกรุงเทพธนาคมในฐานะผู้บริหารโครงการได้ต่อรองราคาลดลง 2.6 ล้านบาท เหลือ 535 ล้านบาท จากวงเงินที่กำหนดไว้ 550 ล้านบาท ระยะเวลาสัญญา 7 ปี ต่อมาได้ลงนามสัญญาในวันที่ 10 กุมภาพันธ์ พ.ศ. 2553,tha,tha,"[684090.0, 151470.0, 36630.0, 49500.0, 371745.0, 321255.0, 760815.0, 71775.0, 200970.0, 539550.0, 29700.0, 16335.0, 8865450.0, 1093455.0, 521730.0]"
ช่วงเวลาที่นายบราวน์โดนแขวนคอสำหรับความพยายามก่อการกบฏเลิกทาสในปี 2402 โบสถ์ได้ตีระฆัง มีการยิงปืนใหญ่สดุดีเกียรติ และมีพิธีรำลึกถึงเขาทั่วเขตเหนือของประเทศ นักเขียนชื่อดัง เช่น อีเมอร์สัน และ ธอร์โรได้ร่วมกับชาวเหนือจำนวนมากในการสดุดีนายบราวน์,tha,tha,"[368030.0, 127946.0, 16302.0, 20254.0, 164502.0, 216372.0, 406562.0, 56316.0, 52858.0, 271700.0, 24206.0, 9386.0, 4311138.0, 580450.0, 416442.0]"
เป็นปลาที่มักพบในแหล่งน้ำที่มีอุณหภูมิประมาณ 18-26 องศาเซลเซียส และค่าความเป็นกรด-ด่างประมาณ 5.9-7.2 (pH) ที่เป็นพื้นที่ชุ่มน้ำและบึง ที่เป็นแหล่งน้ำนิ่งซึ่งมีปริมาณออกซิเจนละลายอยู่ค่อนข้างต่ำ หรือในป่าที่มีน้ำท่วมเกือบทั้งปี,tha,tha,"[324394.0, 78387.0, 18734.0, 12325.0, 150858.0, 128673.0, 361862.0, 57681.0, 68034.0, 241077.0, 13804.0, 8874.0, 4023866.0, 510255.0, 303688.0]"
สวีเดนมีพระมหากษัตริย์เป็นของตนเองมาตั้งแต่ยุคก่อนประวัติศาสตร์ในช่วงศตวรรษที่ 1 แทซิทัส นักประวัติศาสตร์ของโรมันได้บันทึกว่าเผ่าซิโอเนส (เผ่าโบราณที่อาศัยอยู่บริเวณสวีเดนในปัจจุบัน) มีพระราชาปกครอง ซึ่งลำดับการสืบสันตติวงศ์ยังไม่มีผู้ใดทราบแน่ชัด มีเพียง ซากา (อังกฤษ: Saga เป็นบันทึกทางประวัติศาสตร์ของชาวไวกิง เกี่ยวกับดินแดนแถบสแกนดิเนเวีย) ที่ใช้อ้างอิงเท่านั้น แต่ก็ยังคงเป็นที่ถกเถียงอยู่ในปัจจุบัน,tha,tha,"[612540.0, 194340.0, 40344.0, 39360.0, 328656.0, 411804.0, 668628.0, 113160.0, 140220.0, 477240.0, 36408.0, 23124.0, 6972624.0, 961368.0, 622380.0]"
"แต่เมื่อในปี พ.ศ. 2534 ที่นำพลพี่ชายแขวนนวมไปจากอุบัติเหตุทางรถ นำขบวนซึ่งขณะเกิดเหตุได้นอนดูวิดีโออยู่ที่บ้าน จึงไม่ได้รับบาดเจ็บด้วย จากนั้นมานำขบวนได้พัฒนาฝีมือขึ้นมา กลายเป็นยอดมวยที่ชกได้สวย กลายเป็นมวยเอกภายในระยะเวลาไม่นาน นำขบวนมีท่าไม้ตายทีเด็ดคือ """"ไถนา"""" คือการจับขาของคู่ชกแล้วไถดันไปข้างหลังให้เสียหลัก จึงได้รับฉายาจากแฟนมวยว่า """"จอมไถนา",tha,tha,"[479707.0, 125205.0, 13748.0, 20622.0, 241081.0, 219968.0, 551884.0, 45663.0, 132079.0, 387399.0, 23077.0, 12766.0, 8154528.0, 785109.0, 487563.0]"
ศ.ดร.ปราโมทย์ เป็นนักวิชาการรัฐศาสตร์ และอาจารย์คณะรัฐศาสตร์ มหาวิทยาลัยสุโขทัยธรรมาธิราช ได้รับแต่งตั้งเป็นสมาชิกสภานิติบัญญัติแห่งชาติ ในปี พ.ศ. 2516 เคยดำรงตำแหน่งเป็นสมาชิกสภาร่างรัฐธรรมนูญ พ.ศ. 2517 และเคยร่วมจัดตั้งพรรคการเมือง คือ พรรคพลังใหม่ โดยรับตำแหน่งเป็นเลขาธิการพรรค,tha,tha,"[451290.0, 112700.0, 30380.0, 49490.0, 238630.0, 339570.0, 518420.0, 52920.0, 139160.0, 368480.0, 24990.0, 20580.0, 5541900.0, 783510.0, 320460.0]"
"โดยนิตินัย (ละติน: De jure) หมายความว่า """"เกี่ยวกับกฎหมาย"""" ซึ่งตรงกันข้ามกับคำว่า “โดยพฤตินัย” (de facto) (""""ในทางปฏิบัติหรือตามความเป็นจริง ที่อาจจะมิได้เป็นไปตามกฎหมายที่วางไว้"""") “โดยนิตินัย” เป็นคำที่ใช้ในทางกฎหมาย หรือ การปกครอง",tha,tha,"[311982.0, 91932.0, 14670.0, 28362.0, 150612.0, 176040.0, 343278.0, 65526.0, 76284.0, 227874.0, 6846.0, 14181.0, 3519333.0, 468462.0, 382887.0]"
นำขบวน หนองกี่พาหุยุทธ มีชื่อจริงคือ คำเพียว ศรีจันทึก ชื่อเล่น เพียว เกิดเดือนกุมภาพันธ์ พ.ศ. 2516 ที่ตำบลจันทึก อำเภอหนองกี่ จังหวัดบุรีรัมย์ โดยเป็นน้องชายของนำพล หนองกี่พาหุยุทธ อดีตนักมวยไทยที่มีชื่อเสียง,tha,tha,"[314760.0, 81496.0, 20008.0, 15616.0, 200080.0, 226920.0, 336232.0, 29768.0, 75640.0, 205936.0, 12688.0, 10248.0, 4278784.0, 488976.0, 246928.0]"
สตีฟ จ็อบส์ อัจฉริยะเปลี่ยนโลก เล่าถึงเรื่องราวทรงพลังและน่าทึ่งของผู้ชายคนหนึ่ง ที่ต้องการเปลี่ยนโลก และสุดท้ายก็ทำจนสำเร็จ โดยเล่าถึงช่วงเวลาระหว่างปี 1970 จนถึง 2000 ที่สร้างผลกระทบและหล่อหลอมให้สตีฟ จอบส์ กลายเป็นไอคอนแห่งวงการไอทีอย่างที่ทุกคนรู้จัก จอบส์ต้องพบกับแรงบันดาลใจ การค้นพบตัวตน จุดต่ำสุดของชีวิต ชัยชนะที่ยิ่งใหญ่ และความพยายามอย่างไม่ลดละในการเปลี่ยนโลกที่ทุกคนเคยรู้จัก,tha,tha,"[492357.0, 136847.0, 16558.0, 29220.0, 295609.0, 226942.0, 572712.0, 73537.0, 87173.0, 394957.0, 25324.0, 11201.0, 7310357.0, 786018.0, 584400.0]"
ซังโชเมะโนะยูฮิ (ญี่ปุ่น: Sunset on Third Street 三丁目の夕日 夕焼けの詩 San-Chōme no Yūhi Yūyake no Uta ?) เป็นการ์ตูนญี่ปุ่น เรื่องและภาพโดยเรียวเฮ ไซงัง โดยในปี พ.ศ. 2552 ได้ออกเผยแพร่ตีพิมพ์ถึง 56 เล่ม,tha,tha,"[298404.0, 119070.0, 30618.0, 17982.0, 162324.0, 128790.0, 352350.0, 237654.0, 106920.0, 240570.0, 18468.0, 19440.0, 2238516.0, 518076.0, 182250.0]"
"ซัมเมอร์สแลม ปี 2009 เป็นรายการ เพย์-เพอร์-วิว ของ WWE ในปี 2009 สถานที่จัดคือ Staples Center ใน Los Angeles, California เมื่อวันที่ 23 สิงหาคม พ.ศ. 2552 โดยเป็นการปล้ำทั้ง 3 ค่าย ได้แก่ รอว์ สแมคดาวน์ และ อีซีดับเบิลยู โดยมีแมทช์การปล้ำ 8 แมทช์",tha,tha,"[354050.0, 94090.0, 36375.0, 21340.0, 172660.0, 186725.0, 395275.0, 43165.0, 92635.0, 273540.0, 26190.0, 13580.0, 3235435.0, 552900.0, 242500.0]"
ภาษาคาบาร์เดีย ใกล้เคียงกับภาษาอะดืยเกที่เป็นภาษากลุ่มคอเคซัสตะวันตกเฉียงเหนือ ส่วนใหญ่พูดในสาธารณรัฐคาบาร์ดีโน-บัลคาเรียและสาธารณรัฐคาราไช-เชียร์เคสส์ของประเทศรัสเซีย รวมทั้งในประเทศตุรกีและตะวันออกกลาง มีหน่วยเสียงพยัญชนะ 47-48 เสียง โดยเป็นเสียงเสียดแทรก 22-23 เสียง,tha,tha,"[411884.0, 131648.0, 22264.0, 14520.0, 210056.0, 269104.0, 449636.0, 83732.0, 88088.0, 297176.0, 100188.0, 13552.0, 3569016.0, 645172.0, 319924.0]"
"บาซิลิกาซานอันโตนิโอแห่งปาดัว (อังกฤษ: Basilica of Saint Anthony of Padua, อิตาลี: Basilica di Sant'Antonio da Padova) เป็นคริสต์ศาสนสถาน นิกายโรมันคาทอลิกที่มีฐานะเป็นบาซิลิกา ที่ตั้งอยู่ที่เมืองปาดัวในประเทศอิตาลี สถาปัตยกรรมที่เห็นอยู่ในปัจจุบันเป็นแบบฟื้นฟูศิลปวิทยา แม้ว่าจะเป็นคริสต์ศาสนสถานที่มีผู้มาเยี่ยมชมและแสวงบุญมากที่สุดแต่มิได้เป็นมหาวิหาร มหาวิหารของปาดัวเป็นอีกสิ่งก่อสร้างหนึ่ง บาซิลิกาซานอันโตนิโอรู้จักกันในท้องถิ่นว่า “il Santo”",tha,tha,"[586845.0, 199479.0, 43953.0, 42504.0, 346311.0, 432285.0, 1455279.0, 77763.0, 183540.0, 492177.0, 28497.0, 29946.0, 5808075.0, 997395.0, 497490.0]"
"จีโอซิตี้ส์ก่อตั้งโดย David Bohnett และ John Rezner ช่วงปลายปี 1994 ในชื่อ Beverly Hills Internet (BHI) ในตอนแรกนั้น ผู้ใช้จะเลือก """"เมือง"""" ที่ต้องการจะวางหน้าเว็บของตนลงไป """"เมือง"""" เหล่านี้ ตั้งชื่อตามเมืองหรือภูมิภาคจริง ๆ ให้เข้ากับประเภทเนื้อหา ตัวอย่างเช่น เว็บไซต์เกี่ยวกับคอมพิวเตอร์ จะถูกวางใน """"SiliconValley"""" และไซต์ที่เกี่ยวกับความบันเทิงก็จะถูกจัดให้อยู่ใน """"Hollywood"""" จึงเป็นที่มาของชื่อ """"จีโอซิตีส์",tha,tha,"[426088.0, 190872.0, 51574.0, 23618.0, 233770.0, 156650.0, 483928.0, 68926.0, 138334.0, 347040.0, 20726.0, 13496.0, 5231628.0, 738906.0, 517668.0]"
"แม้ว่าผู้กำหนดกรอบจะตั้งใจเช่นนี้เมื่อตั้งประเทศ ทั้งการเสนอกฎหมายเพื่อลงคะแนนโดยประชาชน (ballot measure) และการลงประชามติที่เป็นของคู่กัน ก็ได้ใช้อย่างกว้างขวางในทั้งระดับรัฐและระดับท้องถิ่นอื่น ๆ และก็มีกฎหมายที่ตั้งโดยการพิพากษา (case law) ต่าง ๆ ในทั้งระดับรัฐและระดับประเทศระหว่างคริสต์ทศวรรษ 1900 จนถึง 1990 ที่ป้องกันสิทธิอำนาจของประชาชนในการปกครองแบบประชาธิปไตยโดยตรง กรณีพิพากษาแรกของศาลสูงสุดสหรัฐที่ได้ตัดสินคดีเห็นชอบกับการออกกฎหมายของประชาชน เกิดขึ้นในปี 2455 (Pacific States Telephone and Telegraph Company v. Oregon, 223 U.S. 118)",tha,tha,"[692159.0, 236171.0, 51467.0, 43771.0, 454545.0, 331409.0, 779220.0, 132756.0, 197210.0, 564213.0, 30784.0, 14430.0, 8057231.0, 1261663.0, 841269.0]"
เนื่องจากอาร์ซีเอสทำงานกับไฟล์เดียวต่อการดำเนินการ เดียวจึงไม่มีวิธีที่จะจัดการกับไฟล์ของทั้งโครงการ อีกทั้งไม่มีวิธีจัดการกับผู้ใช้หลายคนที่ใช้ไฟล์เดียวพร้อมกัน อาร์ซีเอสจึงถูกแทนที่โดยซีวีเอส (Concurrent Versions System; CVS) และโปรแกรมอื่นๆ ที่รองรับโครงการที่ซับซ้อน โครงการซีวีเอสเริ่มต้นสร้างบนอาร์ซีเอส,tha,tha,"[323520.0, 125760.0, 30240.0, 16800.0, 157440.0, 168000.0, 371040.0, 67200.0, 58560.0, 264960.0, 19680.0, 12960.0, 3938880.0, 514080.0, 479040.0]"
พนักงานไต่สวนตัวแทนที่ประชุมสภาโบสถ์ของอีกโลกหนึ่งที่ถูกส่งมาเพื่อตรวจสอบเรื่องของจอมมารและผู้กล้าเอมิเลีย และมีฉายาว่า ” Death Scythe Bell”,tha,tha,"[181541.0, 60354.0, 13891.0, 12454.0, 80472.0, 90052.0, 201180.0, 29698.0, 38799.0, 126456.0, 8143.0, 5748.0, 2297763.0, 261534.0, 185852.0]"
เมาริตส์ กอร์เนลิส แอ็ชเชอร์ (ดัตช์: Maurits Cornelis Escher หรือ M.C. Escher) เกิดเมื่อวันที่ 17 มิถุนายน ค.ศ. 1898 ที่เมืองเลววาร์เดิน (Leeuwarden) ประเทศเนเธอร์แลนด์ ถึงแก่กรรม 27 มีนาคม ค.ศ. 1972 เป็นศิลปินสาขาเลขนศิลป์ ผู้มีผลงานที่ใช้หลักการทางเรขาคณิต ไม่ว่าจะเป็นรูปทรง มิติ ภาพลวงตา และเทสเซลเลชัน ถึงแม้ว่าเขาจะมีความรู้ทางคณิตศาสตร์ไม่มากนักก็ตาม,tha,tha,"[513850.0, 149136.0, 46844.0, 58794.0, 329342.0, 301618.0, 586506.0, 68354.0, 153438.0, 399608.0, 40630.0, 18642.0, 4750842.0, 830764.0, 367104.0]"
ในพิธีเปิดโอลิมปิกฤดูหนาวครั้งนี้ นายเอ๊ดมันด์ ซัลท์เตส ประธานาธิบดีสวิตเซอร์แลนด์ เป็นประธานในพิธี พร้อมด้วย อ็องรี เดอ บาแย-ลาตูร์ ประธานคณะกรรมการโอลิมปิกสากลเป็นต้น,tha,tha,"[260919.0, 83952.0, 19557.0, 70119.0, 120681.0, 209880.0, 300033.0, 29574.0, 48654.0, 200817.0, 22419.0, 8586.0, 2399310.0, 390663.0, 158841.0]"
มิสแกรนด์มาเลเซีย (อังกฤษ: Miss Grand Malaysia) เป็นการประกวดนางงามระดับประเทศของมาเลเซีย เพื่อคัดเลือกตัวแทนเข้าร่วมการประกวดมิสแกรนด์อินเตอร์เนชันแนล เริ่มจัดประกวดเพื่อคัดเลือกผู้ดำรงตำแหน่งเป็นครั้งแรกในปี ค.ศ. 2017 โดยใช้ระบบการคัดเลือกหาตัวแทนของแต่ละรัฐ เพื่อเข้าร่วมการประกวดในระดับประเทศ โดยก่อนหน้า ตั้งแต่ปี ค.ศ. 2013 – 2014 นั้น ผู้ดำรงตำแหน่งมิสแกรนด์มาเลเซียจะมาจากการแต่งตั้งโดยผู้อำนวยการกองประกวดให้ดำรงตำแหน่งในปีนั้นๆ ผู้อำนวยการกองประกวดมิสแกรนด์มาเลเซียในปัจจุบัน คือ จูดี เบนจามิน ลิซา (Jude Benjamin Lisa) ซึ่งได้รับสิทธิ์การจัดส่งตัวแทนมาเลเซียเข้าร่วมการประกวดมิสแกรนด์อินเตอร์เนชันแลตั้งแต่ ปี ค.ศ. 2015 เป็นต้นมา,tha,tha,"[766836.0, 198016.0, 65212.0, 52360.0, 535024.0, 381276.0, 914872.0, 130900.0, 160412.0, 598808.0, 42364.0, 12852.0, 10088344.0, 1346128.0, 793016.0]"
สปริงมีประโยชน์มากต่อกลไกประดิษฐ์ที่เป็นอุปกรณ์ในชีวิตประจำวัน สปริงเชื่อมโยงกับสิ่งประดิษฐ์ที่มนุษย์กระทำขึ้นในทุกหนทุกแห่ง แม้บนเตียงนอนและเฟอร์นิเจอร์ที่เราใช้งาน ใต้เบาะลึกลงไปก็ประกอบไปด้วยสปริงจำนวนมาก,tha,tha,"[289750.0, 76950.0, 9025.0, 10925.0, 133950.0, 186200.0, 307800.0, 72200.0, 41800.0, 217550.0, 46075.0, 4750.0, 3755350.0, 447450.0, 295450.0]"
ในปี พ.ศ. 2550 ได้ขึ้นเวทีปราศรัยที่ท้องสนามหลวงของกลุ่มแนวร่วมประชาธิปไตยขับไล่เผด็จการ (นปก.) ต่อมาลงรับสมัครรับเลือกตั้งในวันที่ 23 ธันวาคม พ.ศ. 2550 ที่จังหวัดสมุทรปราการ บ้านเกิด ในนามพรรคพลังประชาชน และได้รับเลือกตั้ง แต่ต่อมา กรุง ศรีวิไล ถูกคณะกรรมการการเลือกตั้งให้ใบเหลืองโดยอ้างว่า เจ้าตัวทุจริตการเลือกตั้งและสั่งเลือกตั้งใหม่ในเขตนั้น แต่ศาลได้ยกคำร้อง ต่อมาหลังจากที่พรรคพลังประชาชนถูกยุบ เจ้าตัวก็ได้ย้ายไปสังกัดพรรคเพื่อไทย,tha,tha,"[593448.0, 133194.0, 29388.0, 58776.0, 373512.0, 331326.0, 662178.0, 58302.0, 162108.0, 474948.0, 30810.0, 15168.0, 8164176.0, 1008198.0, 474000.0]"
ได้มีโรงเรียนหลายแห่งเปลี่ยนชื่อโดยเอาคำว่า วัด ออก โรงเรียนที่เปลี่ยนชื่อนั้นฝ่ายผู้บริหารโรงเรียน หรือผู้ปกครอง มีทัศนคติที่ไม่ดีต่อชื่อวัดนำหน้า โดยคิดว่าเป็นโรงเรียนชั้นสอง และไม่นิยมส่งบุตรหลานเข้าเรียนในโรงเรียนวัด เป็นเหตุให้ คณะอนุกรรมาธิการกิจการพระพุทธศาสนา ในคณะกรรมาธิการศาสนา ศิลปะและวัฒนธรรม ของสภาผู้แทนราษฎร เสนอต่อมหาเถรสมาคมเพื่อให้ออกคำสั่งแก่โรงเรียนวัดที่ใช้พื้นที่ของวัดหรือธรณีสงฆ์ที่เปลี่ยนชื่อแล้วรวมทั้งกำลังจะเปลี่ยนชื่อให้นำชื่อ วัด ใส่ไปดังเดิม ซึ่งมหาเถรสมาคมเห็นชอบตามข้อเสนอ จึงได้ออกมติมหาเถรสมาคมห้ามเปลี่ยนชื่อโรงเรียนโดยตัดคำว่าวัดออกส่วนโรงเรียนที่เปลี่ยนชื่อไปแล้วให้เปลี่ยนกลับใช้ชื่อเดิม ทั้งนี้ให้ยกเว้นโรงเรียนที่ใช้ชื่อพระราชทาน ส่วนโรงเรียนใดไม่ปฏิบัติตามจะห้ามใช้พื้นที่ของวัด ตลอดจนที่ธรณีสงฆ์อื่นๆ นอกจากคำสั่งเรื่องการเปลี่ยนชื่อแล้วยังได้ให้สถาบันการศึกษาหรือโรงเรียนวัดร่วมมือกับทางวัดในการพัฒนาโรงเรียน,tha,tha,"[934175.0, 229878.0, 52976.0, 45881.0, 571384.0, 506110.0, 1054317.0, 145211.0, 249744.0, 764368.0, 43989.0, 17501.0, 14934502.0, 1641783.0, 985732.0]"
ค่า K ของสปริง คือ ค่าการยุบตัวของสปริงรถยนต์ เป็นค่าความแข็งของคอยล์สปริง ที่ใช้ในระบบรองรับน้ำหนักรถยนต์ สำหรับการผลิตรถยนต์ เมื่อทำการออกแบบระบบรองรับน้ำหนักรถยนต์ วิศวกรจะต้องกำหนดค่า Spring Rate ของคอยล์สปริงให้เหมาะสมกับการใช้งานและน้ำหนักของรถยนต์ เพื่อให้ได้สมรรถนะการขับขี่และยึดเกาะถนนที่ดี รวมถึงการทรงตัว และความนุ่มนวลในการขับขี่ โดยการออกแบบต้องให้สอดคล้องกับการใช้งานจริง,tha,tha,"[420552.0, 109032.0, 27848.0, 14160.0, 194936.0, 185024.0, 485688.0, 78352.0, 69384.0, 343144.0, 15104.0, 14160.0, 6777448.0, 673544.0, 491824.0]"
จากการที่นำขบวนชอบใช้ลูกไถนานี้ จึงได้มีการประชุมกติกาและตกลงกันใหม่ว่า ห้ามนักมวยไทยใช้ลูกไถนานี้อีก เนื่องจากเป็นการเอาเปรียบคู่ต่อสู้ ซึ่งยังใช้เป็นกติกามาจนปัจจุบัน,tha,tha,"[238797.0, 57462.0, 9420.0, 12717.0, 99381.0, 102207.0, 246804.0, 31557.0, 27318.0, 174270.0, 9891.0, 5181.0, 3794376.0, 348069.0, 240210.0]"
คืนนั้น...พี่เต้ยหายตัวไปแล้ว สิ่งที่เราจะสื่อถึงกันได้ในขณะนั้นก็มีเพียงสมุดภาพเคลื่อนไหวเล่มน้อยเก่าๆที่ผมยังเก็บไว้ ภาพเคลื่อนไหวย้ำใจตัวเองว่า จริงๆแล้วผมไม่ได้เกิดมาเพื่อเป็นวิศวกรอย่างที่พ่อวาดหวัง ผมอยากเป็นคนทำหนังเหมือนอย่างที่เคยบอกพี่เต้ยไว้เมื่อครั้งหนึ่งนานมาแล้วต่างหาก,tha,tha,"[293280.0, 92590.0, 11750.0, 17860.0, 133950.0, 123610.0, 335580.0, 45120.0, 54990.0, 236410.0, 16450.0, 6110.0, 5144620.0, 487390.0, 362840.0]"
"พระบาทสมเด็จพระจุลจอมเกล้าเจ้าอยู่หัวทรงเป็นผู้แรกที่นำนิทาน อาหรับราตรี (The Thousand and One Nights หรือ The Arabian Night's Entertainments) มาพระราชนิพนธ์เป็นภาษาไทย โดยทรงเก็บความจากเรื่อง """"Sleeper Awaken"""" ซึ่งเป็นนิทานย่อยเรื่องหนึ่งในจำนวน 1001 เรื่องในอาหรับราตรี มาเรียบเรียงใหม่ แล้วทรงพระกรุณาโปรดเกล้าฯ ให้กรมหลวงพิชิตปรีชากร ตรวจแก้ไขถ้อยคำ จากนั้นโปรดเกล้าฯ ให้พระยาศรีสุนทรโวหาร (น้อย อาจารยางกูร) ตรวจทาน และจัดพิมพ์เพื่อพระราชทานแก่พระบรมวงศานุวงศ์ เนื่องในโอกาสวันขึ้นปีใหม่ พระองค์ทรงพระราชนิพนธ์เรื่องจบโดยใช้เวลาเพียง 29 วันเพื่อให้ทันต่อโอกาสดังกล่าว",tha,tha,"[680988.0, 211050.0, 39865.0, 68943.0, 414596.0, 479787.0, 779947.0, 89579.0, 220430.0, 552951.0, 31423.0, 18291.0, 8342103.0, 1223152.0, 566552.0]"
ประเทศคาซัคสถาน เข้าร่วมแข่งขันกีฬาโอลิมปิกฤดูร้อนครั้งที่ 30 ค.ศ. 2012 (พ.ศ. 2555) ณ กรุงลอนดอน สหราชอาณาจักร ระหว่างวันที่ 27 กรกฎาคม – 12 สิงหาคม ค.ศ. 2012,tha,tha,"[297648.0, 96876.0, 33228.0, 19188.0, 155376.0, 167544.0, 331812.0, 26208.0, 73476.0, 209664.0, 30420.0, 5616.0, 2646540.0, 469404.0, 177840.0]"
"ท่าอากาศยานเพชรบูรณ์ หรือ สนามบินเพชรบูรณ์ (อังกฤษ: Phetchabun Airport) ตั้งอยู่ที่ อำเภอหล่มสัก จังหวัดเพชรบูรณ์ ตั้งอยู่ที่ตำบลลานบ่า อำเภอหล่มสัก จังหวัดเพชรบูรณ์ อยู่ห่างจากตัวอำเภอหล่มสักประมาณ 16 กิโลเมตร และห่างจาก ตัวจังหวัดเพชรบูรณ์ประมาณ 31 กิโลเมตร มีเนื้อที่ทั้งหมดประมาณ 4,100 ไร่ เป็นสนามบินที่มีพื้นที่ใหญ่ที่สุดในประเทศไทย (รองจากสนามบินสุวรรณภูมิ) ทำพิธีเปิดเมื่อ 8 เมษายน พ.ศ. 2543 เป็นท่าอากาศยานในสังกัดกรมท่าอากาศยาน กระทรวงคมนาคม",tha,tha,"[643059.0, 138232.0, 49502.0, 23817.0, 382473.0, 401153.0, 721515.0, 68182.0, 212018.0, 513233.0, 34558.0, 17279.0, 7994573.0, 1060090.0, 417498.0]"
ละครเรื่องนี้ถูกสร้างโดย บริษัท ไอพีเอ็มโปรดักชั่น จำกัด โดยออกอากาศทาง สถานีโทรทัศน์ช่อง พีพีทีวี กำกับการแสดงโดย ชายแฮ็คส์ สุทธา ออกอากาศทุกวันจันทร์–อังคาร เวลา 20.20 – 21.45 น. เริ่มตอนแรกวันที่ 18 มกราคม พ.ศ. 2559,tha,tha,"[380256.0, 81084.0, 25164.0, 35416.0, 189196.0, 178478.0, 385848.0, 41940.0, 91336.0, 254436.0, 24698.0, 16310.0, 4210776.0, 556870.0, 207370.0]"
"ธีรภัทร์ สุวรรณดี เริ่มเข้าสู่วงการบันเทิง จากผู้กำกับภาพยนตร์แถวหน้าของ ธนิตย์ จิตนุกูล หรือ ปี๊ด จึงถูกเลือกให้มารับบทในภาพยนตร์ที่มีเนื้อหาเกี่ยวกับวัยรุ่นและยาเสพติดเรื่อง """"สามชุก"""" ในปี พ.ศ. 2552 หลังจากนั้นไม่นานก็ได้เซ็นต์สัญญาเป็นนักแสดงในสังกัด สถานีโทรทัศน์สีกองทัพบกช่อง 7 และมีโอกาสได้แสดงละครเรื่องแรกคือ เรื่อง วัยป่วนก๊วนล่าฝัน และมีผลงานละครเรื่องที่สองคือละครเรื่อง ทีมซ่าท้าฝัน ทำให้ หมู ธีรภัทร์ เป็นที่รู้จักในวงการบันเทิงมากขึ้น",tha,tha,"[609615.0, 136710.0, 31155.0, 58125.0, 351075.0, 314340.0, 668670.0, 58590.0, 226920.0, 476160.0, 35340.0, 26040.0, 8832210.0, 976035.0, 530100.0]"
แดนอรัญ แสงทอง เป็นนักเขียนที่มีชื่อเสียงในระดับนานาชาติ โดยเฉพาะทวีปยุโรป แต่ทว่าในประเทศไทยกลับมีผู้รู้จักน้อยมาก เนื่องจากผลงานมีเอกลักษณ์ที่โดดเด่นทั้งวรรณศิลป์ การใช้ภาษาที่มีพลัง และมุมมองที่ลุ่มลึก ล้ำสมัย จึงยากแก่การเข้าใจของผู้อ่าน และก่อนออกพิมพ์ต้องผ่านการตรวจสอบแก้ไขไม่น้อยกว่า 8 เที่ยว,tha,tha,"[356352.0, 86768.0, 8816.0, 19024.0, 153584.0, 164720.0, 380016.0, 58464.0, 91408.0, 267728.0, 14848.0, 8816.0, 5607904.0, 523856.0, 431520.0]"
การคัดเลือกผู้เข้าร่วมการประกวดมิสแกรนด์มาเลเซีย 2017 นั้นจะมีการคัดเลือกตัวแทนในแต่ละรัฐ/ดินแดน โดยผู้ที่ผ่านรอบคัดเลือกระดับรัฐ/ดินแดนเข้าสู่การประกวดมิสแกรนด์มาเลเซีย 2017/2018 มีทั้งสิ้น 19 คน ดังรายชื่อต่อไปนี้:,tha,tha,"[305580.0, 82877.0, 24539.0, 12038.0, 142141.0, 99545.0, 324100.0, 46300.0, 57412.0, 226870.0, 13427.0, 4167.0, 3821602.0, 453740.0, 266688.0]"
การระบาดครั้งใหญ่ของกาฬโรคที่เรียกว่าแบล็กเดทในทวีปยุโรปสมัยศตวรรษที่ 14 ทำให้ประชาชนหลายล้านคนเสียชีวิตและเศรษฐกิจตกต่ำ อาชีพหมอกาฬโรคเป็นอาชีพที่มีค่ามากจนเคยเกิดเหตุจับตัวหมอกาฬโรคในเมืองบาร์เซโลนาไปเรียกค่าไถ่และชาวเมืองบาร์เซโลนายอมจ่ายเงินเพื่อไถ่ตัว เมืองออร์เวียโตจ้างมัตตีโอ ฟู แองเจโลด้วยเงินมากกว่า 4 เท่าของค่าจ้างปกติของหมอกาฬโรคที่อยู่ที่ 50 ฟลอรินต่อปี,tha,tha,"[494802.0, 149226.0, 29106.0, 25872.0, 271656.0, 325710.0, 618618.0, 72996.0, 169554.0, 403326.0, 32340.0, 14322.0, 6123348.0, 830214.0, 503118.0]"
จุลินทรีย์ทุกชนิดยกเว้น Lactobacilli ต้องการเหล็กในการเจริญ ดังนั้นจึงมีการสร้างระบบการขนส่งเหล็กที่มีประสิทธิภาพ เช่นสร้าง siderophores ซึ่งเป็นสารจับเหล็กชนิดพิเศษ,tha,tha,"[180712.0, 53476.0, 16596.0, 7376.0, 83902.0, 89895.0, 181634.0, 45639.0, 31348.0, 130002.0, 9220.0, 5532.0, 2219254.0, 265536.0, 181634.0]"
กว่าหกศตวรรษที่แม่น้ำถูกใช้สำหรับการค้าขายและการขนส่ง แม่น้ำมีความสำคัญต่อจักรวรรดิอังกฤษหลังได้พม่าเข้ามาอยู่ในอาณานิคมได้มีการพัฒนาเครือข่ายคลองชลประทาน แม่น้ำยังคงมีความสำคัญในปัจจุบันเนื่องจากเป็นเส้นทางการจราจรและเป็นเส้นทางของสินค้าส่งออกจำนวนมาก ข้าวมีการผลิตในเขตดินดอนสามเหลี่ยมปากแม่น้ำอิรวดีซึ่งมีการใช้น้ำจากแม่น้ำ,tha,tha,"[378120.0, 105800.0, 15640.0, 13800.0, 170200.0, 223560.0, 410780.0, 66700.0, 48760.0, 300840.0, 20700.0, 8280.0, 5137280.0, 580980.0, 453100.0]"
เดอะมาร์เวลซูเปอร์ฮีโรส์ - แฮงก์เคยปรากฏตัวพร้อมกับแจนิตรายการโทรทัศน์แอนิเมชัน ค.ศ. 1966 ในฐานะแอนต์-แมนกับวอสป์ ในตอนที่กัปตันอเมริกาฟื้นคืนชีพจากน้ำแข็ง,tha,tha,"[268515.0, 89964.0, 25704.0, 13770.0, 145044.0, 190485.0, 282744.0, 55539.0, 55539.0, 177174.0, 18819.0, 5049.0, 2364309.0, 409428.0, 184977.0]"
เขาลาออกจากตำแหน่ง ที่ปรึกษานายกรัฐมนตรีฝ่ายข้าราชการประจำ (นักบริหารระดับสูง) สำนักเลขาธิการนายกรัฐมนตรี สำนักนายกรัฐมนตรีในวันที่ 25 กุมภาพันธ์ พ.ศ. 2560,tha,tha,"[227626.0, 59540.0, 13740.0, 20152.0, 105798.0, 160300.0, 246404.0, 25648.0, 60914.0, 171292.0, 10992.0, 3664.0, 2906468.0, 369148.0, 168086.0]"
การพิมพ์ด้วยแม่พิมพ์แกะดำเนินต่อมาจนกระทั่งความนิยมภาพอุคิโยะเริ่มลดถอยลง และการใช้แท่นพิมพ์และวิธีการพิมพ์แบบอื่นเข้ามาแทนที่ในการพิมพ์งานศิลปะที่เป็นแบบใหม่,tha,tha,"[182343.0, 51641.0, 11425.0, 5484.0, 76319.0, 95513.0, 203822.0, 28334.0, 21936.0, 141670.0, 6855.0, 5941.0, 2760737.0, 273743.0, 239011.0]"
การประกวดภาพยนตร์ รางวัลตุ๊กตาทอง ครั้งที่ 3 ประจำปี พ.ศ. 2502 จัดขึ้นโดยสมาคมนักเรียนเก่าอำนวยศิลป์ ร่วมกับสงบ สวนสิริ สมาคมโรงภาพยนตร์แห่งประเทศไทย (ประหลาท อิศรางกูร ณ อยุธยา นายกสมาคม) และสมาคมโรงภาพยนตร์ชั้นสองแห่งประเทศไทย โดยมีนายเจิม ภูมิจิตร นายกสมาคมเป็นประธานจัดงาน และสงบ สวนสิริ เป็นเลขานุการ,tha,tha,"[443232.0, 112632.0, 24624.0, 34656.0, 237576.0, 305976.0, 489744.0, 44688.0, 128136.0, 356136.0, 22344.0, 19608.0, 5485680.0, 714552.0, 341088.0]"
โป๊ยเซียน (八仙) มาจากภาษาจีน แปลว่าเทพยดาทั้ง 8 องค์ ได้แก่ เซียนทิก๋วยลี้ เซียนฮั่นจงหลี เซียนลือท่งปิน เซียนเจียงกั๋วเล้า เซียนหลันไฉ่เหอ เซียนฮ่อเซียนโกว เซียนหันเซียงจือ เซียนเชาก๊กกู๋ เชื่อกันว่า ถ้าบ้านใดมีดอกโป๊ยเซียนครบ 8 ดอก จะนำความโชคดีมาให้แก่บ้านของผู้นั้น,tha,tha,"[378560.0, 167440.0, 17290.0, 14105.0, 161525.0, 257985.0, 427245.0, 56420.0, 84175.0, 278915.0, 27755.0, 10465.0, 3871140.0, 604695.0, 341705.0]"
แอ็ชเชอร์เริ่มต้นศึกษาขั้นต้นระดับประถมศึกษาและมัธยมศึกษาเช่นเดียวกับนักเรียนทั่วไป แต่เรียนได้ไม่ค่อยดีนัก เว้นแต่วิชาด้านทั้งดนตรีและงานช่าง ด้วยความเป็นศิลปินที่ประยุกต์แนวคิดคณิตศาสตร์ไว้ในผลงาน ทำให้ผู้คนส่วนมากเข้าใจว่าเขาเก่งทางคณิตศาสตร์ แต่ความจริงแล้วเขาแทบจะไม่เอาไหนเลย และจะว่าไปแล้ว วิชาอื่น ๆ ก็แย่พอกัน เขายอมรับว่า เขาเรียนทั้งคณิตศาสตร์และพีชคณิตได้ไม่ดี ส่วนเรขาคณิตนั้น แม้จะสร้างจินตนาการให้เขาในภายหลัง แต่เมื่อครั้งเรียนหนังสือก็เรียนได้ไม่ดีเช่นกัน,tha,tha,"[492590.0, 155268.0, 13620.0, 30418.0, 246522.0, 277394.0, 570224.0, 61744.0, 86260.0, 409054.0, 31780.0, 9988.0, 8162920.0, 839446.0, 668288.0]"
ช่องเดินรถมวลชน (high-occupancy vehicle/HOV lane) เป็นช่องจราจรด้านขวาสุดของถนนช่วงที่เหมาะสม ที่เปิดให้รถยนต์ที่มีผู้โดยสารตั้งแต่ 3 คนขึ้นไปสามารถเข้ามาใช้ช่องทางร่วมกับรถบีอาร์ทีได้,tha,tha,"[202038.0, 60249.0, 18120.0, 8154.0, 91506.0, 56172.0, 220611.0, 24462.0, 27180.0, 154926.0, 11325.0, 5436.0, 2680854.0, 317553.0, 206568.0]"
สายเมโทรโพลิตัน ในรถไฟใต้ดินลอนดอน เป็นเส้นทางสำคัญที่ผ่านย่านการเงิน สีประจำเส้นทางคือสีม่วง มีจำนวน 34 สถานีในระยะทาง 66.7 กิโลเมตร (41.4 ไมล์) โดยมีบางส่วนเชื่อมกับสายเซอร์เคิล สายแฮมเมอร์สมิธและซิตี และสายพิคคาดิลลี่ มีผู้โดยสารประมาณ 67 ล้านคนในปี 2011/12.,tha,tha,"[362956.0, 111644.0, 31640.0, 16272.0, 176732.0, 168144.0, 410868.0, 43844.0, 111192.0, 293348.0, 27120.0, 10848.0, 3799060.0, 597092.0, 266680.0]"
เป็นเรื่องราวในแบบละครที่ซ้อนละคร โดยมีเนื้อหาหลักเกี่ยวกับทีมงานในการผลิตละครโทรทัศน์ที่มี วิษณุ ชายหนุ่มรูปหล่อและมีความสามารถ เป็นเจ้าของบริษัทซึ่งจากความสนใจของชายหนุ่มที่มีความต้องการที่จะนำตำนานซึ่งเป็นเรื่องเล่าที่มีความเก่าแก่ของหมู่บ้านนางบาป ซึ่งเป็นเรื่องราวเกี่ยวกับ นางหยาด ทาสสาวสวยที่มีจิตใจร้ายกาจนำมาสร้างเป็นละครโทรทัศน์เพื่อนำเสนอไปสู่ผู้ชม รวมถึงการเลือกที่จะใช้สถานที่ซึ่งเกิดขึ้นจริงมาเป็นโลเกชั่นในการถ่ายทำ ก็ทำให้กองถ่ายละครโทรทัศน์ในเรื่องนี้ของวิษณุที่ยกกองถ่ายไปที่บ้านเรือนไทย ได้พบกับเหตุการณ์ที่ลึกลับ น่ากลัว เกิดขึ้นหลายครั้ง ซึ่งจากการเล่นสนุกของทางทีมงานจากการรวมกลุ่มเล่นผีถ้วยแก้ว รวมถึงความผูกพันของเหล่าผู้คนทั้งในปัจจุบันและอดีตชาติ ที่มีความเกี่ยวพันมาแต่ก่อนเก่าก็ทำให้วิญญาณของ นางหยด และนางหยาดสองทาสสาวที่มีนิสัยที่แตกต่างกันซึ่งถูกจองจำ และยังคงยึดติดอยู่ในเรือนไทยออกมาสิงร่างของ เรืองริน วิสาข์ และ พักตรา ซึ่งเป็นทีมงานประจำกองถ่ายจนเกิดเป็นเรื่องราวที่สับสน วุ่นวาย เพื่อบอกเล่าถึงความจริง และเรื่องราวที่เคยเกิดขึ้นเกี่ยวกับตำนานหมู่บ้านนางบาปมีความแตกต่าง จากตำนานเก่าแก่ที่เป็นการบอกเล่าจากผู้คนในพื้นที่ในแต่ละยุคสมัยจนทำให้เรื่องราวของตำนานเรื่องนี้ได้ผิดเพี้ยนไป,tha,tha,"[1113970.0, 266541.0, 40139.0, 57728.0, 665225.0, 560593.0, 1322783.0, 152889.0, 313445.0, 930864.0, 49159.0, 24354.0, 19867384.0, 1862630.0, 1445906.0]"
ผู้นำประชาธิปไตยที่ยิ่งใหญ่ที่สุดและคงยืนที่สุดก็คือเพริคลีส (Pericles) ภายหลังการเสียชีวิตของเขา ระบอบประชาธิปไตยของชาวเอเธนส์ก็ถูกปฏิวัติเปลี่ยนเป็นคณาธิปไตยอย่างสั้น ๆ 2 ครั้งท้ายสงครามเพโลพอนนีเซียน แล้วต่อมาจึงฟื้นฟูอีกแม้จะเปลี่ยนไปภายใต้การปกครองของยูคลีดีส (Eucleides) ปี 403-402 ก่อน ค.ศ. เป็นช่วงที่ได้รายละเอียดเกี่ยวกับการปกครองมากที่สุด ไม่ใช่ได้ในช่วงการปกครองของเพริคลีส ต่อมาจึงถูกระงับอีกในปี 322 ก่อน ค.ศ. ภายใต้การปกครองของชาวมาเซโดเนีย แม้ภายหลังสถาบันของชาวเอเธนส์จะกลับคืนมาอีก แต่ความเป็นประชาธิปไตยจริง ๆ ของระบอบก็เป็นเรื่องไม่ชัดเจน,tha,tha,"[713250.0, 210600.0, 42750.0, 41400.0, 439200.0, 435150.0, 818100.0, 102150.0, 175050.0, 570150.0, 33300.0, 13950.0, 8641350.0, 1145250.0, 756450.0]"
อีกด้านปาร์ควอนจงพร้อมขุนนางคนสนิทได้ไปเข้าเฝ้า พระพันปีจาซุน พระมเหสีองค์ที่ 3 ของ พระเจ้าซองจง เพื่อขอคำยืนยันว่าจะให้ องค์ชายจินซอง พระราชโอรสของพระนางพระชนม์ 17 พรรษาได้ขึ้นเป็นพระราชาองค์ต่อไปซึ่งพระนางก็เห็นด้วยทำให้องค์ชายจินซองได้ขึ้นครองราชย์เป็น พระเจ้าจุงจง ในเวลาต่อมา,tha,tha,"[357853.0, 100127.0, 10327.0, 24695.0, 184988.0, 233480.0, 411284.0, 51186.0, 252787.0, 298136.0, 13470.0, 8531.0, 4682621.0, 606599.0, 366833.0]"
ประทักษ์ ประทีปะเสน นักไวโอลิน และวาทยากรที่มีชื่อเสียง เป็นผู้เชี่ยวชาญเฉพาะด้านดนตรีสากล สังกัดกองการสังคีต กรมศิลปากร และเป็นผู้อำนวยเพลง วงดุริยางค์เครื่องลม แห่งมหาวิทยาลัยเกษตรศาสตร์,tha,tha,"[262528.0, 69440.0, 14784.0, 21056.0, 125888.0, 240128.0, 278656.0, 38976.0, 78400.0, 198912.0, 10752.0, 6720.0, 3258752.0, 416640.0, 186816.0]"
ประเทศสวิตเซอร์แลนด์ เข้าร่วมแข่งขันกีฬาโอลิมปิกฤดูหนาวครั้งที่ 1 ค.ศ. 1924 (พ.ศ. 2467) ณ เมืองชาโมนิกซ์ ประเทศฝรั่งเศส ระหว่างวันที่ 25 มกราคม – 5 กุมภาพันธ์ พ.ศ. 2467,tha,tha,"[286974.0, 90294.0, 30396.0, 31737.0, 151533.0, 166731.0, 312900.0, 25926.0, 85377.0, 187740.0, 17880.0, 7152.0, 2625678.0, 442083.0, 186399.0]"
สกุลหญ้าจิ้มฟันควายหรือ Arundina เป็นกล้วยไม้สกุลหนึ่ง มีสมาชิกเพียงชนิดเดียวคือยี่โถปีนัง แต่บางแหล่งกล้าวว่ามีสองสปีชีส์ กระจายพันธุ์ในทวีปเอเชีย,tha,tha,"[195348.0, 57980.0, 12042.0, 12488.0, 90092.0, 119082.0, 215864.0, 37910.0, 45938.0, 157438.0, 8920.0, 6690.0, 2725506.0, 351002.0, 156100.0]"
ฌ็อง ลาน (ฝรั่งเศส: Jean Lannes; 10 เมษายน ค.ศ. 1769 - 31 พฤษภาคม ค.ศ. 1809) เป็นทหารและผู้บัญชาการทหารระหว่างสงครามปฏิวัติฝรั่งเศสและสงครามนโปเลียน เขาเป็นหนึ่งใน 18 จอมพลฝรั่งเศสดั้งเดิมที่นโปเลียนทรงสถาปนาและเป็นหนึ่งในคนสนิทของนโปเลียน โบนาปาร์ต เขาเป็นหนึ่งในคนที่สนับสนุนนโปเลียนในการรัฐประหาร18 บรูแมร์ เขามีส่วนร่วมในยุทธการที่เอาสเทอร์ลิทซ์ ยุทธการที่เจนาและไฟรล์แลนด์ ในวันที่ 22 พฤษภาคม ค.ศ. 1809 ที่ยุทธการที่แอสเพน-เอสริ่ง เขาถูกปืนใหญ่ยิง ในระหว่างการโจมตีของออสเตรียตอบโต้โดย นายพล Johann Von Klenau เขาได้รับบาดเจ็บสาหัส หลังจากถูกเคลื่อนย้ายไป เอเบอร์สดอร์ฟ หลังจากนั้นประมาณ 10 วันเขาก็เสียชีวิตจากจากบาดแผลที่รุนแรง รวมแล้วมีอายุ 40 ปี,tha,tha,"[874870.0, 269225.0, 69865.0, 192240.0, 627895.0, 534890.0, 1047530.0, 129495.0, 254540.0, 720455.0, 68975.0, 34265.0, 7766140.0, 1556610.0, 800110.0]"
"ในบริเวณกอลชนแฟรงค์ผู้ซึ่งผู้นำเป็นพันธมิตรของโรมันอย่างเหนียวแน่นมาตั้งแต่คริสต์ศตวรรษที่ 3 ก็เริ่มเข้ามาตั้งถิ่นฐานในดินแดนโรมันอย่างสงบในช่วงคริสต์ศตวรรษที่ 5 และโดยทั่วไปก็เป็นที่ยอมรับว่าเป็นประมุขของชาวโรมัน-กอล จักรวรรดิแฟรงค์ผู้ต่อต้านการรุกรานจากชนอลามานนิ, เบอร์กันดี และวิซิกอธเป็นส่วนสำคัญที่กลายมาเป็นฝรั่งเศสและเยอรมนีต่อมา",tha,tha,"[433344.0, 159840.0, 29748.0, 33300.0, 249084.0, 277944.0, 495504.0, 71040.0, 95016.0, 329004.0, 27972.0, 10656.0, 4873788.0, 703740.0, 479964.0]"
เจมส์ ฟอร์เรสต์ เกิดเมื่อวันที่ 7 กรกฎาคม ค.ศ. 1991 เป็นนักฟุตบอลชาว สก็อตแลนด์ ฟอร์เรสเป็นเด็กปั้นของ สโมสรฟุตบอลเซลติก มาตั้งแต่วัย 12 ปี จนกระทั่งปี 2009 สโมสรฟุตบอลเซลติก ให้เขาได้ย้ายไปเล่นในสโมสรฟุตบอลมืออาชีพ ฟอร์เรสตัดสินใจว่าเขาจะอยู่กับ สโมสรฟุตบอลเซลติก ต่อไป ฟอร์เรสเล่นในตำแหน่ง กองหน้า และ ปีกซ้าย,tha,tha,"[424837.0, 128913.0, 37212.0, 28795.0, 238777.0, 273331.0, 486857.0, 57590.0, 80626.0, 333136.0, 34997.0, 15948.0, 4879645.0, 656526.0, 297696.0]"
ประเทศไทยออกอากาศทางช่อง 9 เอ็มคอตเอชดี วันเสาร์ 10.00-10.30 และวันอาทิตย์ 9.30-10.00 น. ตั้งแต่วันที่ 25 กันยายน 2559 - 21 มกราคม 2560 (ซีซั่น 1),tha,tha,"[270504.0, 68952.0, 25194.0, 16796.0, 167518.0, 92378.0, 295256.0, 26520.0, 90610.0, 205088.0, 15912.0, 5304.0, 2669680.0, 404872.0, 109174.0]"
เมื่อมาถึงคริสต์ศตวรรษที่ 11 วัดในประเทศญี่ปุ่นก็เริ่มพิมพ์หนังสือพุทธศาสนาและภาพของตนเอง แต่การพิมพ์ก็จำกัดเฉพาะสิ่งที่เกี่ยวกับพระพุทธศาสนา เพราะการพิมพ์ยังเป็นสิ่งที่มีราคาสูงเกินกว่าที่จะผลิตเป็นจำนวนมากได้ และในขณะนั้นก็ยังไม่มีผู้ที่มีความรู้พอที่จะอ่านหนังสือที่พิมพ์ได้อย่างกว้างขวาง ซึ่งทำให้การพิมพ์ไม่มีตลาด,tha,tha,"[304731.0, 99225.0, 14112.0, 17199.0, 146853.0, 159201.0, 331191.0, 69237.0, 39249.0, 234171.0, 18522.0, 3969.0, 4562145.0, 464373.0, 468342.0]"
"มีระบบเบรกรวม (Combine brake system) และระบบเบรกป้องกันล้อล็อก (ABS) แบบ C-ABS[ต้องการอ้างอิง] เฟรมเป็นแบบ Underbone ทำด้วยท่อเหล็ก แบบเดียวกับรถมอเตอร์ไซค์ 125ซีซี, มีท่อเหล็กเดินเป็นแนวยาววิ่งลงใต้ขาที่นั่งคนขับจากนั้นวิ่งขึ้นด้านบนเพื่อรองรับที่นั่งพร้อมทั้งเป็นจุดแขวนเครื่องยนต์และช่วงล่าง. ฮอนด้าอ้างว่าด้วยเทคโนโลยีการวิเคราะห์โครงสร้างสมัยใหม่สามารถลดน้ำหนักได้ 10%",tha,tha,"[396880.0, 111320.0, 31680.0, 19360.0, 174680.0, 169840.0, 451880.0, 65120.0, 123640.0, 309320.0, 21560.0, 13640.0, 5253600.0, 636240.0, 411840.0]"
ในปีการศึกษา 2548 ได้รับรางวัลประกาศนียบัตร การเป็นประธานคณะกรรมการวัดผล และประเมินผลงานเวทีวิชาการ ของสำนักงานเขตพื้นที่การศึกษาที่ 1 กรุงเทพมหานคร,tha,tha,"[195794.0, 49607.0, 15804.0, 12731.0, 89556.0, 123359.0, 204574.0, 17999.0, 46534.0, 139163.0, 7024.0, 5268.0, 2571662.0, 312129.0, 141797.0]"
ไฮโดรเจนไอโอไดด์ (HI) เป็นสารประกอบขนาดสองอะตอม สารละลายของ HI เรียกว่ากรดไอโอไฮโดรอิก (iohydroic acid) หรือ กรดไฮโดรไอโอดิก (hydroiodic acid) มีฤทธิ์เป็นกรดแก่ อย่างไรก็ตามไฮโดรเจนไอโอไดด์นั้นมีสถาะเป็นก๊าซที่สภาวะมาตรฐานแต่กรดไอโอไฮโดรอิกเป็นสารละลาย HI ใช้ในการสังเคราะห์สารอินทรีย์และอนินทรีย์โดยเป็นแหล่งของไอโอดีนและใช้ในการทำปฏิกิริยารีดักชัน,tha,tha,"[455958.0, 114756.0, 38544.0, 20148.0, 192282.0, 363978.0, 524286.0, 92418.0, 96360.0, 360036.0, 17958.0, 16644.0, 4189908.0, 719196.0, 383250.0]"
เนื่องจากเต้าหู้ยี้ชนิดนี้ได้ผ่านกระบวนการทำให้สุกแล้ว เต้าหู้ยี้ชนิดนี้ เปิดบรรจุภัณฑ์ออกมาก็สามารถรับทานได้เลย และเป็นที่นิยมมากกว่า เพราะสามารถรับทานกับข้าวต้มหรือข้าวสวยก็ได้เลย และโดยเฉพาะตามเทศกาลสำคัญๆต่างๆของคนไทยเชื้อสายจีนก็นิยมรับประทานกัน เช่น กินเจ ตรุษจีน สารทจีน ด้วยผิวที่อ่อนนุ่มเพราะผ่านกระบวนการที่ทำให้สุกมาแล้ว จึงทำให้รับทานง่าย นุ่มลิ้น และรสชาติกลมกล่อม ส่วนใหญ่เป็นสินค้านำเข้าจากต้นตำรับ โดยตรงก็คือประเทศจีน ซึ่งมีประวัติ รูปแบบ และ เทคนิค เฉพาะตัว แต่ราคา จะสูงกว่าชนิดแรก เพราะต้องผ่านกรรมวิธี และกระบวนการผลิตที่มากกว่า เหมาะสำหรับ รับทานเลย หรือนำไปผสมเป็นน้ำจิ้มปรุงรส หรือแม้แต่การนำไปปรุงอาหารประเภทผัด หรือต้มต่างๆ ด้วยรูปทรงที่อ่อนนุ่ม เมื่อนำไปประกอบอาหาร จึงมีความสาสารถที่จะละลายตัว แทรกซึมเข้ากันกับส่วนประกอบอาหารอื่นๆได้เป็นอย่างดี,tha,tha,"[749892.0, 178733.0, 25783.0, 35397.0, 404662.0, 320321.0, 866571.0, 127604.0, 230736.0, 630591.0, 19665.0, 12236.0, 13047946.0, 1228844.0, 864386.0]"
ในการเลือกตั้งปี พ.ศ. 2554 กรุง ศรีวิไล ได้ลงสมัครเลือกตั้งใน จังหวัดสมุทรปราการ เขต 5 ในสังกัดพรรคภูมิใจไทย แต่ไม่ได้รับเลือกตั้ง โดยแพ้ให้กับ สลิลทิพย์ สุขวัฒน์ ผู้สมัครจากพรรคเพื่อไทย โดยก่อนการเลือกตั้งครั้งนี้เจ้าตัวได้เปลี่ยนชื่อจริงตัวเองมาเป็น กรุงศรีวิไล สุทินเผือก อย่างในปัจจุบัน,tha,tha,"[324384.0, 80660.0, 20056.0, 27032.0, 197508.0, 241544.0, 372344.0, 42292.0, 102896.0, 269448.0, 14824.0, 11772.0, 4562304.0, 560260.0, 217128.0]"
พระราชวังมีทั้งหมด 5 ชั้น ชั้นที่สามเป็นที่ประทับขององค์ซารีนาและพระโอรสธิดา ชั้นที่สี่เป็นที่ประทับส่วนพระองค์ของพระเจ้าซาร์ ชั้นบนเหนือนั้นจะมีลักษณะโครงสร้างแบบเต็นท์ใช้สำหรับประชุมสภาโบยาร์ดูมา ภายนอกมีการตกแต่งอย่างประณีตด้วยลวดลายอิฐและกระเบื้องเคลือบสีแดง เหลือง และส้ม ภายในเคยถูกตกแต่งด้วยภาพวาด แต่ภาพจิตรกรรมฝาผนังยุคดั้งเดิมถูกทำลายจากเพลิงไหม้ไปแล้ว ในไฟไหม้ใหญ่ปีค.ศ. 1812 การตกแต่งภายในจึงถูกปรับปรุงใหม่ให้สอดคล้องกับภาพวาดเก่าในแบบสถาปัตยกรรมรัสเซียยุคฟื้นฟู,tha,tha,"[562020.0, 152685.0, 26970.0, 24795.0, 274920.0, 357135.0, 635970.0, 75690.0, 170955.0, 447615.0, 71775.0, 13485.0, 7666005.0, 926985.0, 658155.0]"
"ชมพูทวีป มีความหมายได้ 2 ประการ ประการแรกหมายถึง ดินแดนที่เป็นประเทศอินเดีย ปากีสถาน เนปาลและบังกลาเทศในปัจจุบัน มีชื่อเรียกทางภูมิศาสตร์ที่เรียกว่า “""""เอเชียใต้""""” หรือ “""""อนุทวีปอินเดีย""""” หรือ “ภารตวรรษ” (Bharatavarsa) ประการที่สองหมายถึงทวีปใหญ่ทางทิศใต้ของเขาพระสุเนรุซึ่งเป็น 1 ใน 4 ทวีปของชาวภารตะ (อุตรกุรูทวีป บุพวิเทหทวีป ชมพูทวีป และอมรโคยานทวีป)",tha,tha,"[449190.0, 138446.0, 32984.0, 23870.0, 256494.0, 594580.0, 526008.0, 78120.0, 95480.0, 358484.0, 22134.0, 10416.0, 4826514.0, 762972.0, 312914.0]"
ฟลักซ์ (Flux) เป็นขบวนการทางการเมืองมีจุดมุ่งหมายเพื่อเปลี่ยนระบบนิติบัญญัติแบบเลือกตั้งของโลกด้วยระบบอิเล็กทรอนิคส์ใหม่ที่เรียกว่า issue-based direct democracy (ประชาธิปไตยโดยตรงตามประเด็นปัญหา) เป็นขบวนการที่เกิดและมีการดำเนินงานมากที่สุดในออสเตรเลีย แต่ก็เป็นขบวนการสากลด้วยโดยมีกลุ่มดำเนินการในประเทศบราซิล,tha,tha,"[332977.0, 101322.0, 23815.0, 21650.0, 157612.0, 206108.0, 368483.0, 66249.0, 83136.0, 289677.0, 22516.0, 6495.0, 4162429.0, 522631.0, 401391.0]"
"เรื่องราวของ """"Galaxy Angel"""" จะเป็นเรื่องราวของหน่วยงานที่ได้รับการสนับสนุนโดยรัฐบาล ที่มีชื่อว่า Angel Troupe (Angel-tai) มีหน้าที่หลักคือค้นหา เทคโนโลยีที่สาบสูญ (Lost Technology) เพื่อนำมาใช้งานต่างๆ",tha,tha,"[195696.0, 57024.0, 20736.0, 15552.0, 117936.0, 77328.0, 214272.0, 51840.0, 30672.0, 152064.0, 7344.0, 3024.0, 2676672.0, 321840.0, 246240.0]"
"โป๊ยเซียน (ชื่อวิทยาศาสตร์: Euphorbia milli; อังกฤษ: Crown of thorns, Christ Thorn) เป็นหนึ่งในไม้มงคล จัดอยู่ในวงศ์ Euphorbiaceae อยู่ในสกุล Euphorbia ซึ่งเป็นสกุลเดียวกับพืชหลายชนิด เช่น ต้นคริสต์มาส และส้มเช้า",tha,tha,"[231447.0, 65512.0, 30170.0, 18102.0, 112922.0, 106026.0, 256014.0, 36204.0, 38359.0, 181020.0, 8189.0, 9913.0, 2599792.0, 363764.0, 141368.0]"
ปรากฏตัวในภาคเสริม ความมุ่งมั่นของทิเอล (新機動戦記ガンダムW ～ティエルの衝動～) กันดั้มเดธไซธ์กิลตี้เป็นโมบิลสูทรุ่นต้นแบบที่พวก OZที่รอดจากสงครามแอบพัฒนาขึ้นโดยใช้ข้อมูลของกันดั้มเดธไซธ์เฮลและใช้ปริซึมโค้ตคลุมทั่วร่างเพื่อให้มองเห็นได้ยาก ทหารของ OZ เซมิสใช้กันดั้มเดธไซธ์กิลตี้ไล่ตามพวกทิเอล นอนบลูซึ่งขโมยกันดั้มหนีไป,tha,tha,"[415810.0, 164260.0, 33970.0, 24940.0, 254560.0, 226180.0, 484610.0, 267030.0, 154370.0, 326370.0, 26230.0, 14620.0, 4133590.0, 706060.0, 319920.0]"
"อุทยานแห่งชาติน้ำตกโยง ตั้งอยู่บนคาบสมุทรทำให้ได้รับอิทธิพลจากลมมรสุมที่พัดผ่านทะเลทั้งสองด้าน ฝนตกเกือบตลอดทั้งปี ระหว่างเดือนพฤษภาคม-ธันวาคม มีอากาศค่อนข้างเย็นและฤดูร้อนจะอยู่ระหว่างเดือนมกราคม-เดือนเมษายน อุณหภูมิโดยเฉลี่ยโดยประมาณ 26 องศาเซลเซียส สภาพภูมิอากาศโดยทั่วไป อยู่ในภูมิอากาศเขตร้อนชื้น มีฝนตกชุกเกือบทั้งปี มีปริมาณน้ำฝนเฉลี่ยรายปี 2,000-3,000 มิลลิเมตร บางแห่งสูงกว่า 4,000 มิลลิเมตร",tha,tha,"[522093.0, 120120.0, 30030.0, 21879.0, 322608.0, 289146.0, 589017.0, 60489.0, 144144.0, 407121.0, 29172.0, 15873.0, 6859710.0, 859716.0, 406692.0]"
"ภาพพิมพ์สีคราม หรือ ภาพพิมพ์สีม่วง (ญี่ปุ่น: Aizuri-e 藍摺り絵 ?) , (ญี่ปุ่น: Murasaki-e 紫絵 ?) และภาพพิมพ์ลักษณะอื่นที่เพิ่มสีขึ้นอีกหนึ่งสีนอกไปจากสีดำ หรือแทนที่สีดำ",tha,tha,"[179332.0, 80036.0, 19260.0, 13268.0, 102292.0, 58636.0, 202016.0, 128400.0, 57780.0, 140812.0, 4708.0, 10272.0, 1886624.0, 278628.0, 181472.0]"
ภายหลังจากการแต่งงานครั้งแรกเฮฟกลายเป็นคนที่มีชื่อเสียง และเป็นเพลย์บอยที่น่าอิจฉาที่สุดคนหนึ่ง เฮฟกล่าวว่าในบางช่วงเขาต้องใช้เวลาร่วม 11-12 เดือนกับเหล่าเพลย์เมดในสังกัด เฮฟมีความสัมพันธ์กับเพลย์เมดแทบทุกคนที่มีชื่อเสียง ซึ่งล้วนแล้วแต่จะเป็นคนที่ได้ตำแหน่ง Playmate of the Year จากนิตยสารเพลย์บอยทั้งนั้น,tha,tha,"[320677.0, 99064.0, 21777.0, 23485.0, 168238.0, 151158.0, 367220.0, 49532.0, 48678.0, 249368.0, 21777.0, 12810.0, 4433114.0, 513681.0, 373198.0]"
เข้าสู่วงการบันเทิงด้วยการถ่ายแบบ ถ่ายมิวสิกวิดีโอ ถ่ายโฆษณา จนมีผลงานแสดงละครเรื่องแรก เงารักลวงใจ และเป็นที่รู้จักมากขึ้นจากละครเรื่อง ปฐพีเล่ห์รัก ในบทบาทของ ปฐพี อดิศวร ในละครซีรีส์ชุด 4 หัวใจแห่งขุนเขา,tha,tha,"[286272.0, 88608.0, 9372.0, 22578.0, 161454.0, 141432.0, 310554.0, 37488.0, 91164.0, 210870.0, 12780.0, 11502.0, 3886824.0, 472860.0, 243246.0]"
"นักเรียนในระดับมัธยมศึกษาของประเทศเกาหลีใต้จะสวมเครื่องแบบที่เรียกว่า กโยบก (เกาหลี: 교복) โดยส่วนใหญ่แล้วโรงเรียนในระดับประถมศึกษายกเว้นโรงเรียนเอกชนบางแห่งจะไม่มีเครื่องแบบนักเรียน โดยเครื่องแบบนักเรียนนี้จะเริ่มถูกกำหนดให้ใส่อย่างเคร่งครัดโดยเริ่มตั้งแต่นักเรียนระดับชั้นมัธยมศึกษาตอนต้นขึ้นไป โดยเครื่องแบบนักเรียนของประเทศเกาหลีใต้มีพื้นฐานมาจากเครื่องแบบแนวตะวันตก ส่วนใหญ่ประกอบไปด้วย เสื้อเชิ้ต, เสื้อสูทและเนคไท พร้อมด้วยกระโปรงสำหรับนักเรียนหญิงและกางเกงขายาวสีเทาสำหรับนักเรียนชาย เครื่องแบบนักเรียนนี้ดาราผู้มีชื่อเสียงมักสวมใส่เพื่อเจาะตลาดวัยรุ่นหรือเพื่อขายผลิตภัณฑ์เกี่ยวกับความบันเทิงที่ให้วัยรุ่น เครื่องแบบนักเรียนนั้นถูกใช้ไปในการพบปะกันในเรื่องของความรักใคร่อยู่บ่อยครั้ง ด้วยเหตุนี้เองเครื่องแบบนักเรียนจนกลายเป็นบางสิ่งที่เกี่ยวข้องกันในการแสดงลักษณะออกในลักษณะของแฟชั่นระหว่างนักเรียนด้วยกัน",tha,tha,"[699550.0, 216325.0, 37400.0, 33150.0, 364225.0, 271150.0, 807500.0, 123250.0, 387175.0, 578850.0, 24650.0, 18700.0, 10758025.0, 1183200.0, 1185325.0]"
Neo-X กลุ่มศิลปินทริโอร็อคอันประกอบไปด้วย หนุ่ย - สุรวุฒิ หิรัญเมฆาวนิช (กีตาร์ / ร้องนำ) โต่ง - ชลภัทร์ สหวาณิชกุล (กลอง) และ ดัง - อรรณพล สหวาณิชกุล (เบส) หลังเปิดตัวอัลบั้มชุดแรกที่ใช้ชื่อเดียวกับวง นีโอ เอ็กซ์ ในสังกัด อาร์เอส ก็ได้เริ่มเป็นที่รู้จักจากเพลง ใจเธอกอดใคร ในอัลบั้มชุดที่สองก็ไม่ประสบความสำเร็จมากเท่าที่ควร นีโอ เอ็กซ์ได้ออกจากสังกัดอาร์เอสและย้ายไปอยู่ในสังกัดริทึ่ม มิวสิคเนื่องด้วยหมดสัญญากับทางอาร์เอส ในปี 2552 และปล่อยอัลบั้มชุดที่สามในปีเดียวกันนี้ NEO-X : Rhythmicหลังจากที่พวกเขาปล่อยอัลบั้มชุดที่สามก็ไม่มีข่าวคราวอะไรเกี่ยวกับวงอีกเลย,tha,tha,"[688152.0, 169176.0, 48760.0, 27984.0, 435024.0, 436720.0, 805600.0, 93704.0, 170024.0, 561376.0, 42824.0, 25440.0, 9591728.0, 1161760.0, 502440.0]"
"ดร.เฮนรี """"แฮงก์"""" พิม (อังกฤษ: Henry """"Hank"""" Pym) ปรากฎตัวครั้งแรกในTales to Astonish เล่มที่ 27 แฮงก์ พิม ปรากฎตัวครั้งแรกไม่ใช่ในฐานะซูเปอร์ฮีโรแต่เป็นตัวละครในการ์ตูนไซไฟที่ชื่อว่า The Man in Ant Hill โดยนอกจากจะเป็นแอนต์-แมนเขายังเป็นไจอันต์-แมน, โกไลอัท และวอสป์ซึ่งได้เปลี่ยนเป็นชุดนี้เพื่อให้เกียรติภรรยาเขาอีกด้วย",tha,tha,"[387891.0, 121401.0, 46107.0, 28341.0, 208962.0, 222921.0, 437382.0, 58374.0, 127746.0, 306675.0, 25380.0, 14805.0, 3961818.0, 621810.0, 293562.0]"
งานช่างทองเป็นงานศิลปะชั้นสูงของลุ่มแม่น้ำเมิซในคริสต์ศตวรรษที่ 12 ที่สร้างโดยมีผู้ว่าจ้างโดยห้องงานศิลปะที่เดินทางไปทำงานตามที่สั่ง จำนวนงานมีเพียงไม่กี่ชิ้นเพราะจำนวนการจ้างน้อย แต่คุณภาพของงานจะดี ตัวอย่างงานในช่วงนี้ก็ได้แก่ บานพับภาพสเตฟลอทซึ่งเป็นฉากประดับแท่นบูชาเคลื่อนที่ที่สร้างราวระหว่างปี ค.ศ. 1156 ถึงปี ค.ศ. 1158,tha,tha,"[368828.0, 120270.0, 19412.0, 24054.0, 220706.0, 162470.0, 417358.0, 56548.0, 51484.0, 288648.0, 16880.0, 2954.0, 4817130.0, 575186.0, 457870.0]"
"Our New Torpedo Bombers To Batter the Axis, September 1942, Popular Science illustration at bottom of page 94 shows how Whitehead's so called """"secret unit"""" (ie the Pendulum mechanism) kept a torpedo level after entering the water, which made the self-propelled torpedo possible",tur,tha,"[152823.0, 28628.0, 83358.0, 3789.0, 118722.0, 7578.0, 197449.0, 2947.0, 2526.0, 115775.0, 1263.0, 1263.0, 62308.0, 248390.0, 2105.0]"
แอ็ชเชอร์เข้าศึกษาสถาปัตยกรรม ที่โรงเรียนสถาปัตยกรรมและมัณฑนศิลป์ (ค.ศ. 1919 – 1922) ในเมืองฮาร์เลม เริ่มสนใจงานกราฟิกและการเดินทางท่องเที่ยวเพื่อสเกตช์ภาพทั่วยุโรปเป็นเวลาหลายปี ทำงานเป็นนักร่างแบบ วาดภาพประกอบหนังสือ นักออกแบบผ้าทอ และวาดจิตรกรรมฝาผนัง,tha,tha,"[294840.0, 100380.0, 29820.0, 24360.0, 141120.0, 228060.0, 354900.0, 39480.0, 87360.0, 238140.0, 16380.0, 8820.0, 3880380.0, 511980.0, 329280.0]"
ระบบส่งกำลังบำรุงรวม (อังกฤษ: Integrated Logistics Support) โดยเริ่มมาจากระบบส่งกำลังบำรุงให้กับหน่วยทหารที่อยู่นอกที่ตั้งที่ห่างไกลการขนส่งยุทธภัณฑ์ต่างๆนับว่าต้องมีการจัดการที่พิเศษกว่าภาคพลเรือนโดยทั่วไป,tha,tha,"[196511.0, 54051.0, 12989.0, 7123.0, 106426.0, 87990.0, 220394.0, 36453.0, 44833.0, 157963.0, 10894.0, 4190.0, 2959397.0, 305032.0, 241763.0]"
วิธีการพิมพ์เนื้อความ และ ภาพจะคล้ายคลึงกัน ความแตกต่างที่เห็นได้ชัดก็แต่ตรงปริมาณที่พิมพ์ และความซับซ้อนของสีที่ใช้ถ้าเป็นการพิมพ์ภาพ ภาพประกอบหนังสือส่วนใหญ่จะเป็นภาพเอกรงค์ที่ใช้หมึกดำเท่านั้น และในช่วงระยะเวลาหนึ่งการพิมพ์งานศิลปะจะเป็นแต่การพิมพ์เอกรงค์หรือเพียงสองหรือสามสีเท่านั้น,tha,tha,"[248710.0, 78584.0, 11704.0, 9614.0, 105754.0, 99484.0, 279642.0, 43472.0, 33858.0, 207746.0, 5434.0, 4180.0, 4305818.0, 365750.0, 359062.0]"
งานโยธาทางกรุงเทพมหานครเป็นผู้ลงทุนทั้งหมด และให้ บริษัท กรุงเทพธนาคม จำกัด ดำเนินการหาเอกชนขึ้นมาบริหารจัดการ จัดซื้อรถ และจัดหาพนักงานมาปฏิบัติการ แต่ไม่มีส่วนเข้ามาลงทุน และไม่มีส่วนในการแบ่งผลกำไร จึงไม่ขัดต่อพระราชบัญญัติว่าด้วยการให้เอกชนเข้าร่วมงานหรือดำเนินการในกิจการของรัฐ พ.ศ. 2535 (พ.ร.บ.ร่วมทุน) ซึ่งกรุงเทพธนาคมใช้วิธีการว่าจ้าง บริษัท ระบบขนส่งมวลชนกรุงเทพ จำกัด (มหาชน) หรือบีทีเอสซี เป็นผู้ดำเนินการติดตั้งระบบการเดินรถ และจัดหาพนักงานปฏิบัติการ โดยจ่ายในส่วนของค่าจ้างดำเนินการเป็นรายปี ในขณะที่ค่าโดยสารก็ส่งเข้ากรุงเทพมหานครทั้งหมด,tha,tha,"[598395.0, 137193.0, 26688.0, 34194.0, 354867.0, 308580.0, 685548.0, 73809.0, 163881.0, 492477.0, 25854.0, 14178.0, 9018876.0, 986205.0, 625083.0]"
ทางแยกต่างระดับบางใหญ่ (อังกฤษ: Bang Yai Interchange) หรือ สามแยกบางใหญ่ เป็นทางแยกต่างระดับบริเวณจุดตัดถนนรัตนาธิเบศร์ กับถนนกาญจนาภิเษก ในเขตตำบลเสาธงหิน อำเภอบางใหญ่ จังหวัดนนทบุรี,tha,tha,"[239616.0, 57824.0, 17056.0, 24544.0, 128128.0, 151840.0, 261248.0, 32448.0, 57824.0, 180128.0, 11648.0, 12480.0, 2558816.0, 376896.0, 123136.0]"
วันที่ 31 มีนาคม พ.ศ. 2551 เปิดใช้สะพานเดินข้ามถนนของสถานีนำร่อง ได้แก่สถานีนราราม 3 และสถานีเจริญราษฎร์ ซึ่งก่อสร้างเสร็จสมบูรณ์เป็นกลุ่มแรก,tha,tha,"[183015.0, 49800.0, 10375.0, 11620.0, 110390.0, 116615.0, 203765.0, 27805.0, 38595.0, 141515.0, 9960.0, 2905.0, 2459705.0, 283860.0, 134460.0]"
รัตนพลมีโอกาสชิงแชมป์โลกอีกครั้ง ในปี พ.ศ. 2541โดยขยับขึ้นไปชกในรุ่นไลท์ฟลายเวท แต่ก็เป็นฝ่ายแพ้คะแนน วิลล์ กริ๊กส์บี้ย์ นักมวยชาวอเมริกัน ที่ประเทศสหรัฐอเมริกา หลังจากนั้นยังแพ้น็อค ยูรา ดิม่าร์ นักมวยชาวมองโกเลีย ชิงแชมป์ไลต์ฟลายเวต PABA ที่ว่างไม่ได้อีก ในปี พ.ศ. 2542 ก่อนที่จะได้มีโอกาสชิงแชมป์โลกอีกครั้งในปี พ.ศ. 2543 ที่สหรัฐอเมริกา แต่ก็เป็นฝ่ายแพ้น็อกยกที่ 3 ริคาร์โด้ โลเปซ ไปอย่างสู้ไม่ได้ จึงแขวนนวมไป,tha,tha,"[542340.0, 162702.0, 30222.0, 32706.0, 315054.0, 313398.0, 630108.0, 60444.0, 151524.0, 449604.0, 46782.0, 19872.0, 6706386.0, 863604.0, 408204.0]"
ผลงานเริ่มเด่นชัดเมื่อ เริ่มมีการทำภาพพิมพ์ขึ้น หลังปี ค.ศ. 1937 และเริ่มเบี่ยงเบนความสนใจจากสถาปัตยกรรมมายังภาพพิมพ์นับแต่นั้นมา โดยมีการใช้หลักทางเรขาคณิตเป็นแนวคิด ทั้งเรื่องของรูปทรง มิติ และภาพลวงตา,tha,tha,"[215999.0, 67732.0, 13216.0, 10738.0, 103250.0, 135051.0, 254408.0, 28910.0, 35105.0, 170569.0, 8260.0, 4130.0, 3410554.0, 345268.0, 283318.0]"
หนังสือที่พิมพ์จากวิธีการพิมพ์แกะไม้จากวัดพุทธศาสนาในประเทศจีนพบในญี่ปุ่นมาตั้งแต่คริสต์ศตวรรษที่ 8 ในปี ค.ศ. 764 จักรพรรดินีโชะตุกุ (Shotuku) จ้างให้ทำเจดีย์เล็กๆ หนึ่งล้านองค์ (“Hyakumanto Darani”) แต่ละองค์ก็จะบรรจุม้วนกระดาษเล็ก (กว้างยาวประมาณ 6 x 45 เซนติเมตร) ที่มีคำสวดมนต์ และทรงแจกจ่ายไปยังวัดวาอารามทั่วประเทศเพื่อเป็นการฉลองการปราบกบฏเอมิ (Fujiwara no Nakamaro)[1] ซึ่งเป็นตัวอย่างของการพิมพ์แกะไม้ที่เก่าแก่ที่สุดเท่าที่มีหลักฐานปรากฏในญี่ปุ่น,tha,tha,"[515000.0, 154500.0, 34196.0, 38316.0, 323008.0, 288400.0, 616352.0, 86520.0, 133900.0, 425184.0, 25956.0, 11948.0, 6053516.0, 880444.0, 545900.0]"
"ในปี พ.ศ. 2550 ถือว่าเป็นปีที่ยอดเยี่ยมของสินทวีชัยในการเป็นนักกีฬาอาชีพ ในเดือนกรกฎาคม ประเทศไทยได้เป็นเจ้าภาพร่วมในรายการแข่งขันที่มีความสำคัญที่สุดในทวีปเอเชีย คือ เอเชียนคัพ 2007 โดยเป็นครั้งแรกที่มีเจ้าภาพร่วม 4 ประเทศ ในเอเชียตะวันออกเฉียงใต้ (มาเลเซีย, อินโดนีเซีย, ไทย, เวียดนาม)",tha,tha,"[327567.0, 101928.0, 21372.0, 16440.0, 167277.0, 183306.0, 374421.0, 50553.0, 92886.0, 253587.0, 20139.0, 11097.0, 4240287.0, 528957.0, 327156.0]"
ท้ายที่สุดในปี ค.ศ. 1929 ยิปมันและหวินชิงได้แต่งงานกัน และมีลูกชายเล็ก ๆ คนหนึ่ง คือ อาชุน ยิปมันได้เปิดสำนักสอนมวยหย่งชุนขึ้นตามฝัน และอู๋จงซูยอมรับในวิชาหย่งชุนแบบที่ยิปมันใช้,tha,tha,"[219350.0, 68060.0, 14760.0, 6970.0, 105370.0, 135710.0, 243130.0, 26240.0, 43870.0, 153750.0, 14350.0, 5740.0, 2752740.0, 331280.0, 230830.0]"
"ส่วนการออกกฎหมายโดยประชาชนในยุคปัจจุบันได้เริ่มในเมืองต่าง ๆ ของสวิตเซอร์แลนด์ในคริสต์ทศวรรษที่ 13 ต่อมาในปี 2390 คนสวิสจึงได้เพิ่มอำนาจ """"การขอเสียงประชามติต่อบทกฎหมาย"""" สำหรับรัฐธรรมนูญของประเทศ แล้วต่อมาจึงพบว่า การมีอำนาจเพียงแค่ยับยั้งกฎหมายรัฐสภายังไม่เพียงพอ ในปี 2434 จึงเพิ่มอำนาจ """"การริเริ่มการแก้ไขเพิ่มเติมรัฐธรรมนูญ"""" การเมืองชาวสวิสตั้งแต่ปี 2434 จึงเป็นประสบการณ์สำคัญของโลกเกี่ยวกับการริเริ่มการแก้ไขเพิ่มเติมรัฐธรรมนูญระดับชาติที่ริเริ่มแล้วตัดสินโดยประชาชน",tha,tha,"[492027.0, 138242.0, 32311.0, 21268.0, 307568.0, 275257.0, 555831.0, 86299.0, 138242.0, 395912.0, 23722.0, 8589.0, 6835208.0, 796323.0, 584461.0]"
ถนนพระรามที่ 2 (อักษรโรมัน: Thanon Rama II) หรือ ทางหลวงแผ่นดินหมายเลข 35 สายธนบุรี–ปากท่อ เป็นถนนที่ตัดผ่านกรุงเทพมหานคร จังหวัดสมุทรสาคร จังหวัดสมุทรสงคราม และจังหวัดราชบุรี เป็นเส้นทางหลักที่มุ่งสู่ภาคใต้ของประเทศไทย และยังเป็นหนึ่งในถนนพระรามทั้ง 7 สาย ซึ่งอยู่ในความรับผิดชอบของกรุงเทพมหานคร ยกเว้นถนนพระรามที่ 2 ที่อยู่ในความรับผิดชอบของกรมทางหลวง ถนนพระรามที่ 2 มีระยะทางรวม 84.041 กิโลเมตร,tha,tha,"[443904.0, 90984.0, 26520.0, 35496.0, 259080.0, 253776.0, 498168.0, 61200.0, 155040.0, 341088.0, 26112.0, 13872.0, 5576544.0, 742560.0, 309264.0]"
ในมุทราศาสตร์ “ดอกจิกสี่แฉก” เป็นสัญลักษณ์ของดอกไม้ที่มีสี่กลีบ หรือใบไม้ที่มีสี่แฉก เช่นใบจิกสี่แฉก บางครั้งก็จะเป็นภาพที่มีก้านที่นิยาม ว่า “slipped” แต่ไม่ถือว่าเป็นดอกไม้แต่เรียกว่า “Foil”,tha,tha,"[219373.0, 63085.0, 13024.0, 18722.0, 94017.0, 135938.0, 239723.0, 44363.0, 33374.0, 170126.0, 9361.0, 5698.0, 2719981.0, 327635.0, 219780.0]"
เพราะถูกจำกัดสมัยการดำรงตำแหน่งตามรัฐธรรมนูญ ปูตินจึงไม่มีสิทธิลงสมัครรับเลือกตั้งเป็นประธานาธิบดีสมัยที่สาม หลังชัยชนะของผู้สืบทอดเขา ดมีตรี เมดเวเดฟ ในการเลือกตั้งประธานาธิบดี ค.ศ. 2008 เมดเวเดฟได้เสนอชื่อปูตินเป็นนายกรัฐมนตรีของรัสเซีย ปูตินดำรงตำแหน่งเมื่อวันที่ 8 พฤษภาคม 2008 ในเดือนกันยายน 2011 ปูตินและเมดเวเดฟตกลงกันว่าปูตินจะลงสมัครรับเลือกตั้งเป็นประธานาธิบดีสมัยที่สามไม่ติดต่อกันในการเลือกตั้งปี 2012 ซึ่งเขาชนะรอบแรกเมื่อวันที่ 4 มีนาคม 2012,tha,tha,"[559062.0, 170926.0, 38976.0, 36946.0, 326424.0, 358904.0, 649194.0, 71862.0, 126266.0, 460810.0, 85666.0, 11774.0, 6412364.0, 909846.0, 525364.0]"
"ดาร์ลิงนิกกี้ (อังกฤษ: Darling Nikki) เป็นเพลงของพรินซ์ และเดอะเดอะรีโวลูชั่น จากอัลบั้มในปี ค.ศ. 1984 Purple Rain ออกจำหน่ายในวันที่ 25 มิถุนายน ค.ศ. 1984 ส่วนหนึ่งเป็นเพราะของเนื้อหาดังกล่าวของ """"Darling Nikki"""" ,Tipper Gore ผู้ก่อตั้งParents Music Resource Center ซึ่งในที่สุดนำไปสู่การใช้สติ๊กเกอร์ผู้ปกครองควรแนะนำ และสำนักพิมพ์บนปกอัลบั้ม เมื่อเทียบกับการผลิตที่เรียบของเพลงอื่น ๆ ในอัลบั้ม """"Darling Nikki"""" ถูกออกแบบจงใจที่จะมีความดิบความรู้สึกสด",tha,tha,"[448335.0, 139725.0, 55080.0, 24705.0, 271755.0, 218700.0, 495315.0, 64395.0, 128385.0, 341820.0, 25920.0, 12555.0, 4347675.0, 709965.0, 468990.0]"
ผมกลับมาบ้านเก่าอีกครั้ง มีเพียงลุงสมชายเท่านั้นเองที่เป็นที่พึ่งทางใจเวลานี้ แล้วผมก็ได้รู้ในสิ่งที่ไม่มีใครคาดคิด ไม่มีอะไรจะทำให้ผมสะเทือนใจได้มากกว่าข่าวนี้อีกแล้ว พ่อกับแม่มาตามเกลี้ยกล่อมจะให้ผมกลับบ้าน กับสิ่งที่ผมเพิ่งได้ยินมาผมไม่คิดว่าใครจะผิด นอกจาก...คนที่พยายามกำหนดทางเดินชีวิตให้คนอื่น ผมระเบิดความรู้สึกอัดแน่นทั้งหมดใส่พ่อ แล้วตะบึงรถมอเตอร์ไซค์อย่างลืมตาย อยากหนีให้หลุดพ้นจากทุกสิ่งทุกอย่าง เพียงเสี้ยววินาทีนั้นเอง รถสิบล้อวิ่งสวนมาด้วยความเร็วสูง จากนั้น...โลกของผมก็เลือนลางอยู่ระหว่างกึ่งจริงกึ่งฝัน อะไรกำลังจะเกิดขึ้นกับชีวิตผม นี่เป็นจุดเริ่มต้นของความจริง หรือเป็นจุดจบของสิ่งมหัศจรรย์? ช่วยตอบผมที...,tha,tha,"[598324.0, 160792.0, 7676.0, 32724.0, 313504.0, 233108.0, 679932.0, 83628.0, 169276.0, 502172.0, 33936.0, 15352.0, 9932744.0, 1054036.0, 683972.0]"
พ.ศ. 2540 (ค.ศ. 1997) - เครื่องบินโบอิ้ง 747-300 ของสายการบินเกาหลีแอร์ เที่ยวบิน 801 ตกในเขตป่าของกวม ขณะมุ่งหน้าไปยังสนามบิน ทำให้มีผู้เสียชีวิต 228 คน,tha,tha,"[223262.0, 75764.0, 24180.0, 15717.0, 130572.0, 103571.0, 263159.0, 28613.0, 75361.0, 175708.0, 10478.0, 6448.0, 2335385.0, 363506.0, 162006.0]"
ทางมุขตะวันออกก็ได้รับการต่อเติมเป็นแบบกอธิคแต่เป็นเพดานโค้งสันโดยมีชาเปลเก้าชาเปลกระจายออกไปตามแบบฝรั่งเศส ต่อมาก็มีการสร้าง ชาเปลเรลิควิโอเดลเทโซโร (Cappella delle Reliquie o del Tesoro) หรือชาเปลเก็บของมีค่า (Treasury chapel) ในปี ค.ศ. 1691 แบบบาโรกโดยฟิลิปโป พาโรดิ (Filippo Parodi) ลูกศิษย์ของจานโลเรนโซ แบร์นินี,tha,tha,"[350544.0, 113364.0, 30150.0, 36582.0, 174468.0, 227934.0, 1142484.0, 39396.0, 69546.0, 285018.0, 26130.0, 28140.0, 3418206.0, 567222.0, 255270.0]"
ไตเติ้ลรายการท้าพิสูจน์ในปีแรก เป็นภาพจากเรื่องต่างๆ ที่นำเสนอในรายการตั้งแต่เทปแรกๆ นอกจากนั้นยังมีภาพบางส่วนจากละครเรื่อง ตี๋ใหญ่ ที่มี ฉัตรชัย เปล่งพานิช แสดงนำ รวมอยู่ด้วย,tha,tha,"[206515.0, 72581.0, 11228.0, 8020.0, 107869.0, 91027.0, 212530.0, 28872.0, 55338.0, 157994.0, 6817.0, 4010.0, 3131810.0, 330023.0, 170024.0]"
คินดะอิจิ กับคดีฆาตกรรมปริศนาถูกดัดแปลงเป็นการ์ตูนโทรทัศน์ภาคแรก 148 ตอน ในปี พ.ศ. 2540-พ.ศ. 2543 และกลับมาออกอากาศอีกครั้งในปี พ.ศ. 2557 หลังผ่านไป 14 ปี ในชื่อภาครีเทิร์น ซึ่งปัจจุบันออกอากาศไปแล้ว 47 ตอน นอกจากนี้ยังถูกดัดแปลงเป็นภาพยนตร์การ์ตูนในปี พ.ศ. 2539 คดีพิศวง Phantom of The Opera และพ.ศ. 2542 ฆาตกรรมหมู่ในมหาสมุทร,tha,tha,"[419200.0, 138000.0, 35200.0, 32400.0, 284000.0, 237200.0, 504800.0, 63600.0, 152000.0, 353600.0, 24400.0, 11200.0, 5114800.0, 767200.0, 388800.0]"
สายโยะโกะซุกะ (ญี่ปุ่น: 横須賀線 Yokosuka-sen ?) เป็นเส้นทางรถไฟในประเทศญี่ปุ่น ให้บริการโดยบริษัทรถไฟญี่ปุ่นตะวันออก เชื่อมต่อระหว่างสถานีรถไฟโตเกียว เมืองโตเกียว กับสถานีรถไฟคุริฮะมะ เมืองโยะโกะซุกะ จังหวัดคะนะงะวะ ในทางการแล้วสายโยะโกะซุกะที่แท้จริงอยู่ระหว่างสถานีรถไฟโอฟุนะ กับสถานีรถไฟคุริฮะมะ แต่ในการบริการนั้นเรียกโดยรวมทั้งเส้นว่าสายโยะโกะซุกะ มีความยาวทั้งสิ้น 73.3 กิโลเมตร จำนวน 19 สถานี,tha,tha,"[413763.0, 166782.0, 38304.0, 22344.0, 239799.0, 231819.0, 503139.0, 154413.0, 131271.0, 336756.0, 22743.0, 11571.0, 4370646.0, 697851.0, 331968.0]"
กรมแผนที่ทหาร เป็นหน่วยงานย่อยในกองบัญชาการกองทัพไทย มีหน้าที่สำรวจและทำแผนที่ของประเทศเพื่อรักษาอธิปไตยและเขตแดนประเทศให้ถูกต้อง เป็นที่รวบรวมเอกสารและจัดทำเอกสารเกี่ยวกับการปักปันเขตแดน ทั้งประเทศ รวมไปถึงการรักษาเอกสารที่เกี่ยวข้องกับแผนที่ทั้งหมดของประเทศไทย,tha,tha,"[255516.0, 62486.0, 8358.0, 18308.0, 130544.0, 123778.0, 281386.0, 50148.0, 51342.0, 200990.0, 10746.0, 9552.0, 3889256.0, 412726.0, 308052.0]"
องค์ชายอิมแฮประสูติเมื่อปี ค.ศ. 1574 แต่เพราะพระอุปนิสัยที่หุนหันพลันแล่นและขี้เมาจึงทำให้องค์ชายอิมแฮถูกตัดออกจากการคัดเลือกรัชทายาทและพระอนุชาคือองค์ชายควางแฮจึงได้เป็นรัชทายาทแทน,tha,tha,"[248919.0, 64711.0, 8734.0, 21041.0, 141729.0, 163564.0, 271548.0, 33348.0, 147287.0, 194927.0, 13895.0, 2779.0, 2763517.0, 404940.0, 244552.0]"
เริ่มจากกรณีเรื่องที่ดินของวัดในการสร้างโบสถ์โรมันคาทอลิกเนื่องจากฝ่ายมิชชั่นนารีอ้างว่าที่ดินเป็นของตนตั้งแต่สมัยจักรพรรดิคังซีแล้วแต่ได้ถูกทิ้งร้างไปนาน ชาวบ้านในท้องถิ่นรู้สึกว่าข้อเรียกร้องไม่เป็นธรรมกับตนเพราะเดิมเป็นวัดประจำหมู่บ้านแต่ต้องมาสร้างโบสถ์ในวัดแทนที่จึงเกิดจลาจลโดยชาวบ้านได้จับมิชชั่นนารีเป็นตัวประกันและทำลายโบสถ์นั้นเสีย,tha,tha,"[338976.0, 99000.0, 16236.0, 19404.0, 183744.0, 177012.0, 393624.0, 48312.0, 93060.0, 268884.0, 17820.0, 7920.0, 5103252.0, 548460.0, 395208.0]"
นายตำรวจหนุ่มแห่งญี่ปุ่น หัวหน้าของผู้หมวดเคนโมจิ เป็นคนนิ่ง ๆ หยิ่ง ๆ และสุขุมรอบคอบ อาเคจิเป็นไม้เบื่อไม้เมากับคินดะอิจิ เมื่อแรกที่ทั้งสองพบกันอาเคจิไม่ชอบใจที่คินดะอิจิมาวุ่นวายกับคดีฆาตกรรม แต่เมื่อคินดะอิจิช่วยเหลือในด้านการคลี่คลายคดีและจับตัวฆาตกรได้สำเร็จ ทำให้อาเคจิยอมรับในฝีมือของคินดะอิจิ,tha,tha,"[337330.0, 115735.0, 15800.0, 17380.0, 188415.0, 215670.0, 410800.0, 58460.0, 94405.0, 286770.0, 26465.0, 10665.0, 4809520.0, 616200.0, 313235.0]"
ในค.ศ. 2005 กู้ดริดจ์ ได้เข้าร่วมในเค-วัน เวิลด์ GP สองทัวร์นาเมนท์ ที่จัดขึ้นในสหรัฐอเมริกา เมื่อวันที่ 30 เมษายน เขาได้ชนะน็อค ฌอน โอ'เฮนรี่ กับสก็อต ไลท์ตี้ ซึ่งสามารถเข้าสู่รอบไฟนอล ก่อนที่จะแพ้ให้กับกลาเบ้ เฟโตซ่า โดยถูกเตะสูง สามเดือนต่อมาในวันที่ 30 กรกฎาคม ค.ศ. 2005 ที่โฮโนลูลู รัฐฮาวาย เขาทำสถิติชนะน็อคคู่ต่อสู้ได้ทั้งสามรายของการแข่งขันเค-วัน เวิลด์กรังด์ปรีซ์ ในฮาวายทัวร์นาเมนท์,tha,tha,"[487378.0, 153266.0, 40188.0, 35854.0, 253342.0, 343174.0, 575634.0, 60676.0, 144204.0, 414882.0, 44916.0, 16942.0, 5054626.0, 815186.0, 366026.0]"
มีประชาธิปไตยกึ่งโดยตรงบางรูปแบบ ที่ผู้แทนจะบริหารการปกครองวันต่อวัน ส่วนประชาชนก็ยังคงเป็นองค์อธิปัตย์และสามารถใช้อำนาจโดยตรงได้โดยสามอย่างคือ การลงประชามติ การริเริ่มออกกฎหมาย และการถอดถอนผู้ได้รับเลือกตั้ง การใช้อำนาจสองอย่างแรก คือการลงประชามติและการริเริ่มออกกฎหมาย เป็นตัวอย่างของนิติบัญญัติโดยตรง,tha,tha,"[309684.0, 72312.0, 6681.0, 17292.0, 170562.0, 195714.0, 329334.0, 63273.0, 87639.0, 232656.0, 10611.0, 8253.0, 4201170.0, 477888.0, 392214.0]"
นอกจากนี้ดูว์ครุแอยังมีพี่ชายต่างมารดาคือ นายมีกาแอล มาลบูวีเย และน้องสาวต่างบิดาคือ กามีย์ ก็อตลีบ ที่เกิดกับพระราชองครักษ์คนหนึ่งของเจ้าหญิงสเตฟานี ดูว์ครุแอสามารถใช้ภาษาฝรั่งเศสและภาษาอังกฤษ รวมไปถึงภาษาพื้นถิ่นของโมนาโก และยังใช้ภาษาเยอรมัน และอิตาลี ได้เล็กน้อย นอกจากนี้ดูว์ครุแอยังเป็นแฟนคลับและให้การอุปถัมภ์สโมสรโมนาโกเอฟซีซึ่งเขาให้ความสนใจเป็นอย่างมาก,tha,tha,"[383376.0, 140336.0, 20384.0, 79184.0, 239120.0, 245392.0, 444136.0, 60760.0, 105056.0, 292040.0, 38024.0, 13328.0, 4691848.0, 624848.0, 402192.0]"
ปี พ.ศ. 2424 โปรดฯ ให้ สมเด็จกรมพระยาดำรงราชนุภาพ (ขณะนั้นยังทรงดำรงพระยศ พระเจ้าน้องยาเธอ พระองค์เจ้าดิศวรกุมาร ราชองค์รักษ์ ผู้บังคับการทหารมหาดเล็ก) ทรงตั้งโรงเรียนขึ้นอีกแห่งหนึ่งเพื่อสอนผู้ที่จะมาเป็นนายสิบ นายร้อย ในกรมทหารมหาดเล็ก ด้วยมีนักเรียนเข้าเรียนเป็นจำนวนมากสถานที่ในกรมทหารมหาดเล็กมีไม่เพียงพอ จึงทรงพระราชทานพระตำหนักสวนกุหลาบ ให้ใช้เป็นโรงเรียนสำหรับทหารมหาดเล็ก ปีพ.ศ. 2425 โดยนักเรียนส่วนใหญ่เป็นราชนิกูล และบุตรหลานของข้าราชการ,tha,tha,"[479366.0, 113390.0, 13685.0, 34799.0, 292077.0, 335869.0, 547791.0, 57477.0, 111826.0, 378488.0, 21505.0, 14858.0, 6227457.0, 785128.0, 427754.0]"
"คินดะอิจิ กับคดีฆาตกรรมปริศนา (ญี่ปุ่น: 金田一少年の事件簿 Kindaichi Shōnen no Jikenbo ?) เป็นการ์ตูนญี่ปุ่น แนวสืบสวนสอบสวน เรื่องโดย โยซาบุโร่ คานาริ และเซย์มารุ อามางิ ภาพโดย ฟุมิยะ ซาโต้ ตีพิมพ์ในประเทศญี่ปุ่นโดยสำนักพิมพ์โคดันฉะ ตีพิมพ์ในประเทศไทยโดยสำนักพิมพ์วิบูลย์กิจ แปลโดยยูตะ, บี, ชิริว และกาญจนี ต่อมาถูกนำมาสร้างเป็นแอนิเมชันโดยโตเอแอนิเมชัน ในปีพ.ศ. 2540 - 2543 และกลับมาออกอากาศใหม่อีกครั้งในภาครีเทิร์น ในปี พ.ศ. 2557 - ปัจจุบัน",tha,tha,"[534300.0, 194610.0, 41730.0, 48360.0, 329550.0, 350220.0, 650910.0, 190320.0, 210990.0, 448110.0, 44070.0, 23010.0, 5325840.0, 907530.0, 365430.0]"
"Milford, Frederick J. """"U.S. Navy Torpedoes: Part One—Torpedoes through the Thirties"""". The Submarine Review, April 1996. (quarterly publication of the Naval Submarine League, P.O. Box 1146, Annandale, VA 22003)",tur,tha,"[166492.0, 28786.0, 71965.0, 9336.0, 111254.0, 5446.0, 203447.0, 5057.0, 25674.0, 145097.0, 1945.0, 8947.0, 65741.0, 276190.0, 4279.0]"
โทโมโยะไม่สนใจว่าซากุระจะรู้สึกกับเธออย่างไร เธอต้องการที่จะรักและเห็นซากุระมีความสุข ซึ่งนั่นก็ทำให้เธอมีความสุข เธอไม่สนว่าซากุระจะรักใคร มีครั้งหนึ่งที่เธอบอกว่าเธอพร้อมที่จะรักคนที่เธอรักแม้ว่าเขาจะไม่รู้สึกอะไรกับเธอเลย ขอแค่ให้คนที่เธอรักมีความสุข เพียงแค่นั้นเธอก็มีความสุขที่สุดแล้ว,tha,tha,"[244828.0, 90016.0, 12416.0, 24444.0, 66348.0, 104372.0, 271212.0, 59364.0, 46560.0, 199432.0, 20564.0, 4656.0, 3543604.0, 402744.0, 251036.0]"
"เขตรักษาพันธุ์สัตว์ป่าเชียงดาว เป็นเขตรักษาพันธุ์สัตว์ป่าแห่งหนึ่งในประเทศไทย ตั้งอยู่ในเขตอำเภอเชียงดาว จังหวัดเชียงใหม่ มีเนื้อที่ประมาณ 521 ตารางกิโลเมตร หรือประมาณ 325,625 ไร่ ครอบคลุมเนื้อที่ของตำบลเมืองแหง ในอำเภอเวียงแหง ตำบลเมืองงาย ตำบลเมืองคอง ตำบลเชียงดาว และตำบลแม่นะ มีสภาพภูมิประเทศเป็นเทือกเขาสูงสลับซับซ้อน สภาพป่าเป็นป่าดิบแล้ง ป่าดิบเขา ป่าสน สลับกับทุ่งหญ้า โดยมีจุดน่าสนใจ คือ ดอยหลวงเชียงดาว ซึ่งเป็นภูเขาหินปูนที่สูงที่สุดในประเทศไทย มีความสูง 2,275 เมตร นับเป็นดอยหรือภูเขาที่มีความสูงเป็นอันดับ 3 ของประเทศไทย รองจากดอยอินทนนท์ และดอยผ้าห่มปก ได้รับการขึ้นทะเบียนเป็นเขตรักษาพันธุ์สัตว์ป่าเมื่อวันที่ 24 สิงหาคม พ.ศ. 2521",tha,tha,"[717885.0, 177246.0, 47988.0, 52632.0, 438471.0, 343656.0, 811152.0, 107199.0, 202401.0, 570825.0, 32508.0, 29412.0, 8986527.0, 1222533.0, 488007.0]"
"นอกจากนี้ยังถูกดัดแปลงเป็นละครชุดถึง 4 เวอร์ชัน คือ พ.ศ. 2538, 2539, 2544 และ2557 และเป็นภาพยนตร์พิเศษทางโทรทัศน์ ในปี พ.ศ. 2548, 2556 และ 2557 นอกจากนี้ยังเคยเป็นภาพยนตร์คือ คดีฆาตกรรมนางเงือกเมืองเซี่ยงไฮ้ (พ.ศ. 2540)",tha,tha,"[292202.0, 81060.0, 27406.0, 11580.0, 148224.0, 141662.0, 341610.0, 33582.0, 99974.0, 242408.0, 12352.0, 8878.0, 3760026.0, 482500.0, 237776.0]"
"โบราณสถานเนินดินโคกพนมดี อยู่ที่ บ้านโคกพนมดี ตำบลท่าข้าม อำเภอพนัสนิคม จังหวัดชลบุรี แผนที่ทหาร พิมพ์ครั้งที่1 -RTSD ลำดับชุดL7017 ระวาง 5236 III รุ้ง 13ฐ 34' 40""""เหนือ แวง 101 ฐ 08'50 """" ตะวันออก พิกัดกริด 47 PQR 317205",tha,tha,"[311080.0, 96250.0, 36575.0, 19635.0, 200200.0, 176330.0, 370755.0, 40810.0, 65835.0, 260645.0, 12705.0, 8470.0, 3036110.0, 512820.0, 153230.0]"
รวมทั้งสิ้นแล้ว มีผู้เสียชีวิตในเหตุแผ่นดินไหวครั้งนี้ 185 คน จึงนับได้ว่าแผ่นดินไหวครั้งนี้เป็นภัยธรรมชาติครั้งที่มีผู้เสียชีวิตมากที่สุดเป็นอันดับสองเท่าที่มีการบันทึกในนิวซีแลนด์ (หลังแผ่นดินไหวอ่าวเฮวค์ พ.ศ. 2474) และเป็นภัยพิบัติทุกประเภทครั้งที่มีผู้เสียชีวิตมากที่สุดเป็นอันดับสี่เท่าที่มีการบันทึกในนิวซีแลนด์ โดยมีพลเมืองกว่า 20 ประเทศเป็นผู้เสียชีวิต ผู้เสียชีวิตเกินครึ่งติดอยู่ในอาคารโทรทัศน์แคนเทอเบอรีหกชั้น ซึ่งถล่มลงมาและเกิดเพลิงไหม้ในเหตุแผ่นดินไหว รัฐบาลประกาศสถานการณ์ฉุกเฉินแห่งชาติ ซึ่งยังมีผลบังคับถึงวันที่ 30 เมษายน พ.ศ. 2554,tha,tha,"[559104.0, 159744.0, 30336.0, 19968.0, 317568.0, 285312.0, 624384.0, 84480.0, 176640.0, 445440.0, 23040.0, 15744.0, 7287552.0, 891264.0, 624768.0]"
26 กรกฎาคม-4 สิงหาคม พ.ศ. 2556 ได้รับเกียรติให้เป็นสนามในการจัดการแข่งขันวอลเลย์บอลยุวชนหญิงชิงแชมป์โลก 2013 ร่วมกับ สนามเดอะมอลล์ คอนเวนชั่น เซ็นเตอร์,tha,tha,"[209884.0, 59365.0, 19150.0, 19916.0, 101878.0, 119879.0, 231332.0, 29108.0, 45960.0, 145540.0, 10724.0, 8809.0, 2368855.0, 326316.0, 130603.0]"
กฎทรงพลังงาน (อังกฤษ: Conservation of energy) เป็นกฎในทางฟิสิกส์ที่กล่าวว่า พลังงานโดยรวมในระบบแยกส่วนหนึ่งๆ จะมีค่าเท่าเดิม หรือพูดได้ว่าพลังงานจะถูกอนุรักษ์ตลอดช่วงเวลา พลังงานที่ป้อนเข้าไปในระบบใดระบบหนึ่ง จะเท่ากับพลังงานที่ส่งออกมา พลังงานไม่สามารถถูกสร้างขึ้นใหม่หรือถูกทำลาย มันทำได้แต่เพียงเปลี่ยนรูปไปเป็นพลังงานรูปแบบอื่นเท่านั้น ตัวอย่างเช่น พลังงานเคมีสามารถเปลี่ยนไปเป็นพลังงานจลน์ได้ในการระเบิดของแท่งไดนาไมท์ เป็นต้น,tha,tha,"[373214.0, 100084.0, 14516.0, 11078.0, 184124.0, 187180.0, 409886.0, 57300.0, 87478.0, 297196.0, 25594.0, 9550.0, 5169224.0, 634502.0, 404920.0]"
ที่มาของคำว่า “อำเภอนาหมื่น” แต่เดิมหมู่บ้านตั้งอยู่ ตำบลนาทะนุง สาเหตุที่ชื่อบ้านหลักหมื่น ได้มีเล่าสืบต่อกันมาว่า มีเสาหลักกิโลเมตรที่ทางราชการมาปักไว้แต่ไม่ทราบว่า พ.ศ.ใด และยังบอกว่าเสานี้ คือ “เสาแดนเมือง” เป็นหลักที่หนึ่งหมื่น แต่ไม่ทราบว่าเสาต้นที่หนึ่งเริ่มนับมาจากที่ใด หมู่บ้านดังกล่าวจึงได้ชื่อว่า “บ้านหลักหมื่น” เป็นต้นมา เสาหลักกิโลเมตรที่หนึ่งหมื่นดังกล่าว เป็นเสาไม้เนื้อแข็ง สี่เหลี่ยม ขนาด ๑๐ x ๑๐ นิ้ว ยาว ๓ เมตร รอบฐานมีเสาไม้ขนาด ๕ x ๕ นิ้ว ยาว ๑.๕ เมตร ฝังรอบอีก ๕ ต้น กาลเวลาล่วงเลยมานาน เสาหลักที่หมื่นได้ล้มลง และต่อมาโดยการนำของท่านนายอำเภอนาหมื่นสมัยนั้น คือ นายดิเรก ถึงฝั่ง พร้อมราษฎรในอำเภอ นำเสาแดนเมืองมาปักไว้ที่ที่ว่าการกิ่งอำเภอนาหมื่น และตั้งศาลขึ้นมา เรียกกันทั่วไปว่า “ศาลหลักเมือง” ตั้งอยู่หน้าที่ว่าการอำเภอนาหมื่น และเป็นที่นับถือ ยึดเหนี่ยวรวมน้ำใจของชาวอำเภอนาหมื่นจนถึงปัจจุบันนี้ ชื่ออำเภอนาหมื่นได้มาจากหลักเมืองนาหมื่น ถือว่าเป็นสิริมงคล ทางผู้ใหญ่และชาวบ้านเห็นฟ้องกันว่าต้องการให้สอดคล้องกับอำเภอนาน้อย อันเนื่องจากเคยเป็นส่วนหนึ่งของอำเภอนาน้อย และเห็นควรให้ชื่อดีเด่นกว่าของเดิม ซึ่ง นาน้อย หมายถึงที่นามีน้อย แต่คำว่า นาหมื่น หมายถึงมีที่นามากเป็นหมื่นไร่,tha,tha,"[1058037.0, 261366.0, 47625.0, 38100.0, 619887.0, 552450.0, 1255014.0, 124587.0, 198501.0, 893445.0, 27432.0, 27432.0, 16961740.0, 1769745.0, 974598.0]"
ภาวะเศรษฐกิจฟองสบู่ (อังกฤษ: Economic Bubble หรือ Bubble Economy) คือภาวะที่ราคาของสินทรัพย์ เช่นอสังหาริมทรัพย์หรือหน่วยลงทุนต่าง ๆ เพิ่มขึ้นสูงเกินกว่าราคาตามความเป็นจริง จนเกิดอุปสงค์เทียมจากการเก็งกำไรที่ทำให้ราคาเพิ่มสูงขึ้นไปเรื่อย ๆ เป็นวงจร และขยายตัวเหมือนฟองสบู่ โดยส่วนใหญ่ภาวะฟองสบู่นี้จะจบลงเมื่อเกิดเหตุที่ทำให้นักลงทุนเลิกคาดหวังว่าราคาจะเพิ่มขึ้นอีก หรือรัฐบาลออกนโยบายเพื่อดึงราคาลงสู่ภาวะปกติ (เช่นการขึ้นอัตราดอกเบี้ย) จึงทำให้การเก็งกำไรและราคาที่สูงกว่าความเป็นจริงลดลง,tha,tha,"[475760.0, 114380.0, 23940.0, 23940.0, 269040.0, 241680.0, 507680.0, 77520.0, 70680.0, 368220.0, 19380.0, 11780.0, 6824040.0, 748980.0, 553280.0]"
"โรงเรียนซัมเมอร์ฮิลล์ในประเทศอังกฤษใช้วิธีการตัดสินใจแบบประชาธิปไตยโดยตรงเป็นเวลากว่า 90 ปี และมักจะมีปัญหากับรัฐบาลอังกฤษบ่อย ๆ แต่ก็ได้ชัยชนะเมื่ออุทธรณ์ศาลสูงอังกฤษปี 2542 หลังจากถูกขู่ว่าจะให้ปิด แล้วออกคำแถลงการณ์ร่วมกับเจ้าหน้าที่ของรัฐโดยยืนยันว่า """"กระทรวงยอมรับว่า โรงเรียนมีสิทธิในการมีปรัชญาของตนเอง และการตรวจสอบ (ของรัฐ) ทุกอย่างควรคำนึงถึงจุดมุ่งหมายของสถาบันเพื่อเป็นโรงเรียน 'อิสระ' สากล.. ทั้งสองฝ่ายกล่าวยืนยันตกลงร่วมกันว่า นักเรียนควรมีเสียงเป็นตัวแทนในการประเมินคุณภาพการศึกษาที่ รร. ซัมเมอร์ฮิลล์ และว่า การตรวจสอบต้องพิจารณาการเรียนรู้ทุกอย่างที่โรงเรียน เพราะการเรียนรู้ไม่ได้จำกัดอยู่ที่บทเรียน",tha,tha,"[603368.0, 187984.0, 26151.0, 28425.0, 292209.0, 307369.0, 650364.0, 107257.0, 88307.0, 474508.0, 20466.0, 13265.0, 8468755.0, 952806.0, 847444.0]"
วันที่ 20 ธันวาคม พ.ศ. 2550 การประกวดราคาเพื่อจัดซื้อรถบีอาร์ทีอีกครั้งหนึ่งที่มีนายวินัย ลิ่มสกุล รองผู้อำนวยการ สจส. กทม. เป็นประธานคณะกรรมการในการจัดซื้อ มีผู้มายื่นซองเพียง 4 ราย ผู้ชนะการประกวดราคาคือบริษัท เบสท์ริน กรุ๊ป จำกัด เสนอราคา 387 ล้านบาทซึ่งต่ำกว่าราคากลางประมาณ 1 ล้านบาท,tha,tha,"[326970.0, 76734.0, 21546.0, 21546.0, 182574.0, 168588.0, 365526.0, 38178.0, 96768.0, 260064.0, 19278.0, 12096.0, 4331880.0, 528822.0, 222264.0]"
เดือนกรกฎาคม พ.ศ. 2552 หลังจากที่โครงการบีอาร์ทีทั้งหมดของ กทม. ได้หยุดชะงักไประหว่างการตรวจสอบความโปร่งใสจากกรมสอบสวนคดีพิเศษในทุกกระบวนการที่อาจมีการฮั้วประมูลเกิดขึ้น ต่อมากรมสอบสวนคดีพิเศษได้สรุปผลการตรวจสอบการจัดซื้อรถบีอาร์ทีว่าเข้าข่ายความผิดฐานฮั้วประมูล โดยบริษัทที่เข้าเสนอราคามีชื่อร่วมกันในบริษัทที่ 3 ทางกรมฯ จึงส่งสำนวนให้คณะกรรมการป้องกันและปราบปรามการทุจริตแห่งชาติ (ป.ป.ช.) ดำเนินการชี้มูลความผิดต่อไป แต่ไม่กระทบกับการดำเนินโครงการอีกต่อไป เนื่องจากทาง กทม. ได้เตรียมลงนามในสัญญาว่าจ้างบริษัท กรุงเทพธนาคม จำกัด รัฐวิสาหกิจของ กทม. ให้เข้าบริหารโครงการและจัดหารถแทนแล้ว ส่วนแนวโน้มการยกเลิกสัญญาการจัดซื้อรถกับผู้ชนะการประมูลเพื่อความโปร่งใสนั้น แม้ กทม. อาจจะถูกฟ้องศาลเรียกค่าเสียหาย แต่เนื่องจากได้ดำเนินการตรวจสอบตามระเบียบพัสดุอย่างเคร่งครัดแล้วว่าบริษัทที่เข้ายื่นประมูลไม่มีผลประโยชน์ร่วมกัน และการที่มีชื่อร่วมในบริษัทที่ 3 เป็นเรื่องยากที่ กทม. จะตรวจสอบได้ ทาง สจส. จึงยืนยันว่ากรณีความผิดนี้ไม่เกี่ยวข้องกับ กทม. อีกต่อไป แต่หาก ป.ป.ช. ระบุในภายหลังว่าไม่มีความผิด กทม. อาจให้บริษัท เบสท์รินฯ ผลิตรถสำหรับเส้นทางบีอาร์ทีสายหมอชิต-ศูนย์ราชการแจ้งวัฒนะแทน โดยเป็นเส้นทางที่ กทม. กำลังเร่งรัดให้มีการก่อสร้างเช่นกันในระหว่างที่โครงการสายช่องนนทรีหยุดชะงักไป แต่รัฐบาลยังไม่ได้อนุมัติเส้นทาง,tha,tha,"[1262196.0, 317434.0, 56550.0, 69368.0, 780767.0, 615641.0, 1438632.0, 157209.0, 369083.0, 1033734.0, 48633.0, 31668.0, 18835672.0, 2297438.0, 1180387.0]"
premature birth มักใช้ในความหมายเดียวกันกับ preterm birth หมายถึงการที่ทารกคลอดก่อนที่อวัยวะต่างๆ จะเจริญเต็มที่พอที่จะมีชีวิตรอดและเจริญเติบโตได้ ทารกที่ premature จะมีความเสี่ยงสูงทั้งในระยะสั้นและระยะยาว รวมถึงอาจมีความผิดปกติในการเจริญเติบโตและพัฒนาการทางสติปัญญาได้ด้วย ในปัจจุบันการดูแลทารก premature มีความก้าวหน้ามาก แต่ยังไม่สามารถลดความชุก (prevalence) ของการคลอดก่อนกำหนดได้ ปัจจุบันการคลอด preterm เป็นสาเหตุที่สำคัญที่สุดของการมีทารก premature และเป็นสาเหตุสำคัญของอัตราตายแรกเกิด (neonatal mortality) ในประเทศที่กำลังพัฒนา,tha,tha,"[426008.0, 112424.0, 28200.0, 24816.0, 228608.0, 205672.0, 494440.0, 78960.0, 56400.0, 379384.0, 13912.0, 15792.0, 6296872.0, 717784.0, 549712.0]"
พระองค์ได้เข้ารับการศึกษาในโรงเรียนประถมสุลต่านสุไลมาน และโรงเรียนระดับสองสุลต่านสุไลมาน ในเมืองกัวลาเตอเริงกานู เมืองเอกของรัฐตรังกานู ต่อมาได้ทรงเข้ารับการศึกษาต่อมาที่โรงเรียนกีลองแกรมมา เมืองกีลอง ประเทศออสเตรเลีย ในปี พ.ศ. 2531 พระองค์เสร็จสิ้นการศึกษาระดับปริญญาจาก U.S. International University-Europe ปัจจุบันคือมหาวิทยาลัยนานาชาติแอลเลียนต์ (Alliant International University) ที่กรุงลอนดอน สาขาศิลป์ในความสัมพันธ์ระหว่างประเทศ,tha,tha,"[413625.0, 133500.0, 35250.0, 38625.0, 232875.0, 281250.0, 483375.0, 52875.0, 81750.0, 349875.0, 25875.0, 14250.0, 4057875.0, 721500.0, 318375.0]"
ฮิวจ์ มาร์ซัน เฮฟเนอร์ (Hugh Marston Hefner) เกิดเมื่อวันที่ (9 เมษายน ค.ศ. 1926)-(27 กันยายน ค.ศ. 2017) รู้จักกันดีในชื่อว่า เฮฟ เป็นผู้ก่อตั้ง บรรณาธิการสูงสุดนิตยสารเพลย์บอย และเป็นผู้พัฒนาเพลย์บอยเอนเตอร์ไพร์ (Playboy Enterprise),tha,tha,"[269280.0, 82280.0, 33660.0, 27676.0, 152218.0, 162316.0, 307802.0, 35904.0, 57596.0, 211310.0, 18700.0, 11594.0, 2330020.0, 419254.0, 158202.0]"
รัฐประหารพระเจ้าจุงจง เป็นเหตุการณ์ที่ได้ถูกบันทึกไว้ในพงศาวดารราชวงศ์โชซอน ว่าเกิดขึ้นเมื่อวันที่ 18 กันยายน ค.ศ. 1505 เป็นเหตุการณ์รัฐประหารที่สำคัญที่สุดในราชวงศ์โชซอน,tha,tha,"[177548.0, 57815.0, 12682.0, 6341.0, 107424.0, 120479.0, 198809.0, 27975.0, 88028.0, 127939.0, 8206.0, 4103.0, 2123116.0, 297281.0, 195079.0]"
"ประชาธิปไตยโดยตรงแบบอิเล็กทรอนิคส์ (Electronic direct democracy, EDD) หรือรู้จักอีกอย่างหนึ่งว่า ประชาธิปไตยดิจิตัลโดยตรง (direct digital democracy, DDD) เป็นรูปแบบหนึ่งของประชาธิปไตยโดยตรงที่ใช้โทรคมนาคมเพื่ออำนวยให้ประชาชนมีส่วนร่วม ซึ่งบางครั้งก็เรียกเป็นชื่อภาษาอังกฤษอย่างอื่น ๆ ได้ด้วยเช่น open-source governance (วิธีการปกครองแบบโอเพนซอร์ซ) หรือ collaborative governance (วิธีการปกครองแบบปรึกษาหารือ)",tha,tha,"[325128.0, 97836.0, 36456.0, 15996.0, 185256.0, 193068.0, 364188.0, 59520.0, 94860.0, 266352.0, 11160.0, 7440.0, 4014252.0, 543120.0, 313968.0]"
"เพลงนี้มีคำร้องภาษาอังกฤษแต่งโดยดอน รอเบิร์ตสัน ในชื่อเพลง """"No More"""" ได้รับความนิยมจากการขับร้องโดยดีน มาร์ติน และเอลวิส เพรสลีย์ในปี ค.ศ. 1961",tha,tha,"[168063.0, 51940.0, 17808.0, 9646.0, 77910.0, 87556.0, 175112.0, 20034.0, 53424.0, 117236.0, 12243.0, 4081.0, 1808254.0, 253764.0, 129850.0]"
ในปี ค.ศ. 2013-2016 ผู้ดำรงตำแหน่งมิสแกรนด์มาเลเซียจะมาจากการแต่งตั้งให้ดำรงตำแหน่ง หลังปี ค.ศ. 2017 เป็นต้นมา จึงได้มีการจัดประกวดเพื่อค้นหาผู้ดำรงตำแหน่งมิสแกรนด์มาเลเซีย,tha,tha,"[210530.0, 56980.0, 17020.0, 13690.0, 96570.0, 102860.0, 235690.0, 35520.0, 39590.0, 159470.0, 15540.0, 3700.0, 2613680.0, 314500.0, 199800.0]"
สาธารณรัฐซานมารีโน เข้าร่วมแข่งขันกีฬาโอลิมปิกฤดูร้อนครั้งที่ 27 ค.ศ. 2000 (พ.ศ. 2543) ณ เมืองซิดนีย์ ประเทศออสเตรเลียระหว่างวันที่ 15 กันยายน – 1 ตุลาคม พ.ศ. 2543,tha,tha,"[245016.0, 76014.0, 22509.0, 19188.0, 135054.0, 150921.0, 276750.0, 32841.0, 68634.0, 183393.0, 21771.0, 5535.0, 2067876.0, 370107.0, 169371.0]"
เนื้อหาของเรื่องเกี่ยวกับคนหลายคนที่เกี่ยวข้องกับเหตุการณ์ประหลาด ที่ทุกคนในโลกหลับไปเป็นเวลา 2 นาทีกับ 17 วินาที พร้อมกันทั้งโลก ในวันที่ 6 ตุลาคม ค.ศ. 2009 ในระหว่างการหลับ จะเห็นภาพในอนาคตของวันที่ 29 เมษายน ค.ศ. 2010 ที่เรียกว่า แฟลชฟอร์เวิร์ด และเอฟบีไอต้องมาสืบสวนว่าเกิดอะไรขึ้น เกิดได้อย่างไรและจะเกิดขึ้นอีกเมื่อไร,tha,tha,"[311696.0, 90160.0, 24656.0, 13984.0, 176640.0, 136896.0, 365792.0, 33488.0, 55568.0, 258704.0, 27232.0, 7360.0, 4308176.0, 498640.0, 285200.0]"
"เดอะแมนฮูเนเวอร์ลายด์"""" เป็นเพลงป็อปมีความยาว 3 นาที 25 วินาที แต่งด้วยคีย์ดีเมเจอร์ ในจังหวะ 4 4 (common time) เทมโป 116 จังหวะต่อนาที พิสัยเสียงร้องของเลอวีนกว้างตั้งแต่โน้ตต่ำ A4 ถึงโน้ตสูง B5 ด้านเนื้อร้อง เพลงเล่าเรื่องปัญหาความสัมพันธ์ของตัวเอกซึ่งเขารับบทเป็นคนดีคนหนึ่ง """"I was the man who never lied... but I couldn't break your heart like you did yesterday."""" เนต ชิเนน จากเดอะนิวยอร์กไทมส์ กล่าวถึงเพลง """"เดอะแมนฮูเนเวอร์ลายด์"""" ว่า เลอวีนร้อง """"เกี่ยวกับการทำลายความซื่อสัตย์สมบูรณ์แบบในตัวเขาเพื่อให้คนรักที่ชวนเขาทะเลาะเหลือแต่ความรู้สึกเจ็บปวด"""" ร็อบ ชีเฟลด์จากโรลลิงสโตนสรุปว่าในเพลง นักร้องสารภาพว่าความซื่อสัตย์เป็นอุบายที่แย่ที่สุด นักวิจารณ์คนดังกล่าวกล่าวว่า นั่นเป็น """"คำคมคลุมเครือในชีวิตจริง แต่มันจะดูสมเหตุสมผลสำหรับคนฉลาด",tha,tha,"[718219.0, 237816.0, 55417.0, 56151.0, 397461.0, 413609.0, 838962.0, 96888.0, 222035.0, 601146.0, 43306.0, 20552.0, 8066293.0, 1223945.0, 774003.0]"
วันสอบมาถึง ผมตัดสินใจส่งกระดาษเปล่า บอกพ่อว่าจะเอ็นทรานซ์ใหม่เพื่อเรียนสื่อสารมวลชนและแน่นอน...พ่อโกรธมากหาว่าผมทำตัวเลวเหมือนพี่เต้ย ผมตัดสินใจทันทีว่าจะไปขอโทษพี่เต้ย ไปตามคนที่ผมรักกลับมา,tha,tha,"[178608.0, 61122.0, 7686.0, 7320.0, 111264.0, 72834.0, 206424.0, 24156.0, 26718.0, 148962.0, 8418.0, 2928.0, 2953254.0, 294264.0, 186294.0]"
"นายบราวน์เริ่มเป็นที่รู้จักทั่วไปเมื่อเขานำกลุ่มอาสาสมัครกลุ่มเล็กจำนวนหนึ่งเข้าร่วมต่อสู้ในวิกฤตการณ์แคนซัสนองเลือด เขาแตกต่างไปจากชาวเหนืออื่นๆ ซึ่งในขณะนั้นเพียงแค่ต่อต้าน กลุ่มนิยมการมีทาสอย่างสงบ นายบราวน์เรียกร้องให้ใช้ความรุนแรง เพื่อตอบโต้กลุ่มนิยมการมีทาสในทางใต้ของอเมริกา และเนื่องจากความไม่พอใจต่อแนวทางสันติของกลุ่มสนับสนุนการเลิกทาสในขณะนั้น มีคนได้ยินเขาประกาศว่า """"คนพวกนี้ดีแต่พูด สิ่งที่เราต้องคือการกระทำจริงๆ - ทำจริงๆ!"""" และที่แคนซัสนี้เอง นายบราวน์และพวกได้ฆ่ากลุ่มชาวใต้ที่นิยมการมีทาส ที่เป็นที่รู้จักกันในชื่อ การสังหารหมู่พอตตาวาโทมี่ ในเดือน พฤษภาคม 2399 เพื่อตอบโต้การโจมตีโรงแรมและหนังสือพิมพ์ของพวกนิยมการมีทาสที่ เมือง ลอว์เรนซ์ ซึ่งเป็นเมืองศูนย์กลางอุดมการณ์เลิกทาสในขณะนั้น และต่อมาในปี 2402 นายบราวน์ได้นำพวกเข้าบุกคลังแสง ที่ฮาร์เปอร์ เฟอรรี่ รัฐ เวอร์จิเนีย ที่เป็นที่รู้จักกันในปัจจุบันว่าคือ เวสต์เวอร์จิเนีย (West Virginia) นั่นเอง ในการโจมตีครั้งนี้ เขาได้ยึดอาวุธของรัฐบาล คน 7 คนซึ่งรวมถึงคนดำที่เป็นไท 1 คนด้วย เสียชีวิต และมีผู้บาดเจ็บอย่างน้อย ๆ 10 คน อย่างไรก็ตาม การบุกโจมตีครั้งนี้ประสบความล้มเหลว ภายในเวลา 36 ชั่วโมง คนของนายบราวน์ได้หลบหนี ถูกฆ่า หรือถูกจับโดยชาวไร่ท้องถิ่น ทหารอาสา และนาวิกโยธินสหรัฐ ภายใต้การนำของพันเอก (ยศในขณะนั้น) โรเบิร์ต อี. ลี ผู้ซึ่งต่อมาได้กลายเป็นแม่ทัพของฝ่ายสมาพันธรัฐอเมริกา (ฝ่ายใต้) สุดท้ายนายบราวน์โดนจับโดยเจ้าหน้าที่ของรัฐ ถูกนำไปขึ้นศาลในข้อหากบฏต่อรัฐเวอร์จิเนีย และได้รับโทษแขวนคอที่เมือง ชาร์ลสทาวน์ รัฐเวอร์จิเนีย ซึ่งเหตุการณ์นี้ถือเป็นตัวเร่งที่สำคัญที่ทำให้เกิดสงครามกลางเมืองใน 16 เดือนถัดมา",tha,tha,"[1454525.0, 483990.0, 66065.0, 92710.0, 854465.0, 800080.0, 1707835.0, 230680.0, 475230.0, 1209610.0, 86140.0, 41245.0, 18168364.0, 2451705.0, 1904205.0]"
"เมื่อกำแพงเบอร์ลินพังทลายลง มีนักสิทธิมนุษยชนเดินขบวนประท้วงมายังอาคารของ KGB ในเบอร์ลิน ปูตินได้เผาทำลายเอกสารของ KGB และยื่นขอคำสั่งเร่งด่วนไปยังผู้บังคับบัญชาในกรุงมอสโก ซึ่งเขาก็ได้กล่าวถึงเหตุการณ์ในตอนนั้นว่า """"มอสโกได้แต่เงียบ"""" เมื่อรัฐบาลเยอรมนีตะวันออกล่มสลาย ปูตินก็ถูกเรียกตัวกลับไปอยู่ที่เลนินกราดในสหภาพโซเวียต ที่ซึ่งในปี 1991 เขาได้คั่วตำแหน่งในภาควิชากิจการต่างประเทศของมหาวิทยาลัยเลนินกราด ตามบันทึกของรองอธิการบดี ยูรี มอลคานอฟ ด้วยตำแหน่งใหม่นี้ ปูติดคอยจับตามองเหล่านักศึกษาที่มีแววเพื่อเฟ้นหาคนเข้าสังกัด และในช่วงนี้เองที่เขาได้พบกับ อนาโตลี ซ็อบจัก ซึ่งเป็นอดีตอาจารย์ของเขาอีกครั้งซึ่งกำลังดำรงตำแหน่งนายกเทศมนตรีเลนินกราด",tha,tha,"[678132.0, 226408.0, 32032.0, 44408.0, 389116.0, 446992.0, 769860.0, 90272.0, 93912.0, 537992.0, 131768.0, 16016.0, 8061144.0, 1135680.0, 812448.0]"
บีเอซี 167 สไตรค์มาสเตอร์ (อังกฤษ: BAC 167 Strikemaster) เป็นเครื่องบินฝึกที่พัฒนามาจากบีเอซี 145 เจ๊ตฝึกของกองทัพอากาศอังกฤษ และใช้งานในหลายประเทศ บีเอซี 167 เริ่มบินเป็นครั้งแรกเมื่อวันที่ 26 ตุลาคม ค.ศ. 1967,tha,tha,"[243936.0, 77319.0, 26136.0, 17424.0, 159720.0, 124146.0, 281688.0, 25410.0, 81312.0, 196383.0, 13794.0, 12705.0, 2425929.0, 419991.0, 168432.0]"
"สำเนียงที่สำคัญมีสองสำเนียงคือ สำเนียงเบสเลเนย์และสำเนียงเตเรค นักภาษาศาสตร์บางคนจัดให้ภาษาคาบาร์เดียเป็นสำเนียงของภาษาอะดีเก ผู้พูดภาษาคาบาร์เดียมักเรียกภาษาของตนว่า Adighabze (""""Adyghe language"""") เขียนด้วยอักษรซีริลลิก มีระบบคำกริยาที่ซับซ้อนเช่นเดียวกับภาษากลุ่มคอเคซัสตะวันออกเฉียงเหนืออื่น ๆ เป็นภาษาสัมพันธการก ตั้งแต่ พ.ศ. 2547 ในตุรกีจัดให้มีโทรทัศน์ภาคภาษาคาบาร์เดียสำเนียงเตเรค ครึ่งชั่วโมงต่อสัปดาห์",tha,tha,"[414490.0, 132854.0, 31856.0, 22082.0, 213580.0, 264260.0, 472772.0, 70952.0, 110410.0, 322542.0, 75296.0, 13394.0, 4182910.0, 746082.0, 352950.0]"
5 ธันวาคม พ.ศ. 2520 สถาปนาเป็นรองสมเด็จพระราชาคณะที่ พระธรรมปัญญาจารย์ ปริยัติญาณโสภณ วิมลศีลาจารวัตร พุทธปริษัทปสาทกร สุนทรธรรมวินยวาที ตรีปิฎกวิภูสิต ยติคณิสสร บวรสังฆาราม คามวาสี,tha,tha,"[244397.0, 63175.0, 13718.0, 25270.0, 132487.0, 315875.0, 285912.0, 32490.0, 47291.0, 195662.0, 11552.0, 10830.0, 2128456.0, 417677.0, 110466.0]"
"วันเดียวกัน ศาลอาญาได้อ่านคำพิพากษาคดีหมายเลขดำที่ อ.1818/2549 ที่พันตำรวจโท ทักษิณ ชินวัตรและพรรคไทยรักไทยเป็นโจทก์ยื่นฟ้อง ศ.ดร.ปราโมทย์ นาครทรรพ และบริษัท แมเนเจอร์ มัลติมีเดีย กรุ๊ป จำกัด (มหาชน) กับพวกรวม 5 คน ในความผิดฐานหมิ่นประมาทด้วยการโฆษณา ดูหมิ่นด้วยการโฆษณา กรณีการพิมพ์บทความ """"ยุทธศาสตร์ฟินแลนด์:แผนเปลี่ยนการปกครองไทย ?"""" ศาลพิพากษาให้จำคุก ศ.ดร.ปราโมทย์ และขุนทอง ลอเสรีวานิช บรรณาธิการผู้พิมพ์ผู้โฆษณาหนังสือพิมพ์ผู้จัดการรายวัน เป็นเวลา 1 ปี ปรับ 1 แสนบาท แต่ให้รอลงอาญา 2 ปี ส่วนจำเลยคนอื่น ศาลให้ยกฟ้องเพราะเห็นว่าไม่มีส่วนร่วมในการกระทำดังกล่าว",tha,tha,"[644040.0, 201600.0, 34200.0, 66240.0, 352800.0, 393120.0, 717480.0, 70200.0, 207360.0, 522000.0, 32400.0, 26640.0, 7858080.0, 1151280.0, 446040.0]"
"ฮอนด้า NSS300 ฟอร์ซ่า เป็นรถมอเตอร์ไซค์ประเภทสกู๊ตเตอร์ขนาดกลาง (Mid size scooter) ที่ผลิตโดยบริษัท Honda เป็นรถสกู๊ตเตอร์ขนาด 279 ซีซี 24 แรงม้าที่มีกำหนดขายในยุโรป, แคนาดา, ไทย, จีน และญี่ปุ่น (ใส่เครื่อง 250ซีซีแทน 300 ซีซี[ต้องการอ้างอิง]) ในปี 2013 ถูกเปิดตัวในงาน EICMA 2012 (มิลาน Show) ที่เมืองมิลานประเทศอิตาลีเมื่อวันที่ 13 พฤศจิกายน 2013. นอกจากใช้งานในเมืองตามประเภทรถสกู๊ตเตอร์ยังสามารถใช้เพื่อท่องเที่ยว (touring) ได้ด้วย. เป็นรถที่ผลิตในประเทศไทยโดย Thai Honda Manufacturing และจำหน่ายในประเทศโดย เอ.พี.ฮอนด้า รวมถึงส่งออกไปขายยังต่างประเทศโดย เอเชียน ฮอนด้า มีสีให้เลือก 3 สี แต่สำหรับตลาดแคนาดาจะมีสีให้เลือกเพิ่มอีก 1 สีคือสีแดง",tha,tha,"[601684.0, 180577.0, 61389.0, 30874.0, 379104.0, 274276.0, 721949.0, 101597.0, 202476.0, 493625.0, 23335.0, 20822.0, 7501305.0, 967505.0, 550347.0]"
"คำว่า ตอร์ปิโด มาจากชื่อสกุลของปลากระเบนไฟฟ้า (genus of electric rays) ในอันดับ (order) Torpediniformes, ซึ่งในทางกลับกันก็มาจากคำว่า """"torpere"""" ในภาษาละติน (เพื่อจะทำให้แข็งหรือชาหมดความรู้สึก)",tha,tha,"[158594.0, 49046.0, 15036.0, 12888.0, 93080.0, 56564.0, 193320.0, 23628.0, 43318.0, 135682.0, 9666.0, 7160.0, 1697994.0, 284610.0, 176852.0]"
"ผมกลับไปบ้านเก่าของเรา พี่เต้ยรอผมอยู่ มันน่าอัศจรรย์ใจแค่ไหน ใครจะเชื่อว่าสิ่งนี้ได้เกิดขึ้นแล้วจริงๆ ผมพาพี่เต้ยกลับเข้ากรุงเทพฯ พบกับความแปลกของโลกที่แตกต่าง เราสองคนพี่น้องสนุกกับการซิ่ง เซอร์ จนผมต้องมานอนเบลออยู่ที่โรงพยาบาล แล้วก็ที่นี่เอง ทำให้พี่เต้ยได้พบกับ """"หมอทิพย์"""" หวานใจในอดีต เพียงได้รู้ว่าเธอยังมีพี่เต้ยอยู่เต็มหัวใจ แค่นี้ก็เกินพอแล้ว แต่คนที่หัวใจกำลังเต้นแร็พอยู่ตอนนี้ไม่ใช่พี่เต้ย ผมต่างหากมี """"น้ำฝน"""" ชโลมใจอะไรๆก็สดชื่น แต่ก็รื่นอยู่ได้ไม่นานเพราะความพิเรนทร์ของพี่เต้ย",tha,tha,"[446964.0, 128163.0, 12852.0, 24276.0, 278817.0, 223839.0, 531930.0, 67116.0, 116739.0, 388773.0, 22848.0, 13566.0, 7601601.0, 769335.0, 484806.0]"
พ่อท่านนวล ได้อาพาธด้วยโรคชรา และปัญหาสุขภาพ ท่านได้เข้ารักษา ณ โรงพยาบาลบำรุงราษฎร์ เมื่อวันที่ 6 มีนาคม ที่ผ่านมา จนกระทั่ง ในวันที่ 11 พฤษภาคม พ.ศ. 2555 ท่านได้ถึงแก่มรณภาพลงอย่างสงบ เวลา 10.05 น. รวมสิริอายุได้ 89 ปี 69 พรรษา สรีรสังขารของท่านถูกนำกลับไปยังวัดไสหร้าบ้านเกิด เมื่อวันจันทร์ที่ 14 พ.ค. มีหน่วยงานราชการ พ่อค้าประชาชนและศิษยานุศิษย์ตั้งขบวนรับอย่างมากมาย ตลอดเส้นทางสู่วัดไสหร้า หลังจากเคลื่อนสรีรสังขาร บรรจุศพพ่อท่านในโลงแก้ว ณ ศาลาปฏิบัติธรรมวัดประดิษฐาราม คณะสงฆ์และคณะศิษย์ได้ร่วมสรงน้ำสรีรสังขาร เวลา 17.30 น. พระพรหมจริยาจารย์ เจ้าคณะใหญ่หนใต้ ประกอบพิธีพระราชทานสรงน้ำศพ,tha,tha,"[668212.0, 140620.0, 35600.0, 52332.0, 378428.0, 476328.0, 795660.0, 73692.0, 201852.0, 548952.0, 42008.0, 18156.0, 8878996.0, 1146320.0, 578856.0]"
ในสวิตเซอร์แลนด์ การได้คะแนนเกินครึ่งของที่ออกเสียงลงคะแนน (simple majority) ก็พอแล้วในระดับเทศบาลและแคนทอน แต่ในระดับประเทศ การได้เสียงข้างมากโดยอย่างน้อย 2 เกณฑ์ (double majority) เป็นข้อบังคับในเรื่องเกี่ยวกับรัฐธรรมนูญ ซึ่งก็คือ ต้องได้เสียงข้างมากจากประชาชนที่ลงคะแนน และจากแคนทอน,tha,tha,"[224360.0, 66385.0, 14910.0, 17395.0, 111825.0, 105435.0, 252760.0, 40470.0, 30530.0, 169335.0, 7810.0, 8165.0, 2969930.0, 353225.0, 258085.0]"
ช่วงนี้เป็นช่วงของการเข้ามตั้งถิ่นฐานของชนสลาฟกลุ่มต่างๆ ในยุโรปกลางและยุโรปตะวันออกโดยเฉพาะในบริเวณเจอร์มาเนีย ชนบัลการ์ที่อาจจะมีรากฐานมาจากกลุ่มชนเตอร์กิคที่เข้ามาตั้งถิ่นฐานตั้งแต่คริสต์ศตวรรษที่ 2 พิชิตดินแดนทางตะวันตกของบอลข่านของจักรวรรดิไบแซนไทน์ในคริสต์ศตวรรษที่ 7 ส่วนชนลอมบาร์ดที่มาจากชนเจอร์มานิคก็เข้ามาตั้งถิ่นฐานทางตอนเหนือของคาบสมุทรอิตาลีในบริเวณที่ปัจจุบันคือลอมบาร์ดี,tha,tha,"[441084.0, 119298.0, 33630.0, 22656.0, 216294.0, 271164.0, 468342.0, 71862.0, 81066.0, 316830.0, 32568.0, 12036.0, 4537218.0, 648528.0, 402852.0]"
มันถือได้ว่าเป็นหนึ่งในผู้บุกเบิกของการเล่นวิดีโอเกมที่ทันสมัย และมีส่วนช่วยขยายอุตสาหกรรมวิดีโอเกม ด้วยความแปลกใหม่ให้กับอุตสาหกรรมทั่วโลก (ดูเพิ่มที่ ยุคทองแห่งวิดีโอเกมอาเขด) ในการเปิดตัวครั้งแรก สเปซอินเวเดอร์ส ก็ประสบความสำเร็จเป็นอย่างสูง โดยภายหลังจากการเปิดตัว เกมนี้ได้ส่งผลให้เกิดการขาดแคลนเหรียญ 100 เยนในประเทศญี่ปุ่นอยู่ช่วงระยะเวลาหนึ่ง และสามารถทำรายได้ทั่วโลกที่ 2 พันล้านเหรียญสหรัฐเมื่อถึง ค.ศ. 1982,tha,tha,"[385123.0, 125668.0, 25769.0, 19768.0, 223096.0, 192738.0, 425365.0, 64246.0, 117549.0, 313111.0, 16944.0, 9178.0, 5212045.0, 618809.0, 463489.0]"
"แยกเอส. เอ. บี. (อังกฤษ: S. A. B. Intersection) เป็นทางแยกที่เกิดจากถนนเจริญกรุงตัดกับถนนวรจักรและถนนจักรวรรดิ สร้างขึ้นในสมัยรัชกาลที่ 5 โดยได้ชื่อทางแยกมาจากชื่อบริษัทเอส. เอ. บี. ของฝรั่งชาติเบลเยียมซึ่งมีสำนักงานอยู่บริเวณนั้น [S. A. B. ย่อมาจาก Société Anonyme Belge pour le Commerce et l'Industrie au Siam แปลว่า """"บริษัทเบลเยียมเพื่อการพาณิชย์และการอุตสาหกรรมในสยาม จำกัด (มหาชน)""""] ขณะนี้หนังสือพิมพ์ซิงเสียนเยอะเป้าได้เข้ามาทำการแทนหลังจากที่บริษัทเอส. เอ. บี. ย้ายออกไป",tha,tha,"[463936.0, 116160.0, 49984.0, 436832.0, 290048.0, 245344.0, 543488.0, 55264.0, 137632.0, 391424.0, 24640.0, 23584.0, 5475360.0, 788832.0, 361504.0]"
"ถนนนราธิวาสราชนครินทร์ ได้จัดให้เป็นช่องทางเฉพาะบีอาร์ที ยกเว้นบริเวณแยกจันทน์-นราธิวาส, แยกรัชดา-นราธิวาส และแยกพระรามที่ 3-นราธิวาส ที่เป็นช่องทางร่วมกับรถทั่วไป โดยห้ามรถหยุดหรือจอดตลอดแนวถนนนราธิวาสราชนครินทร์ ทั้งนี้ ภายหลังการก่อสร้างพื้นผิวจราจรแต่ละฝั่งยังมีครบทั้ง 4 ช่องจราจรเช่นเดิม แต่มีขนาดช่องทางลดลงจาก 3.50 เมตร เหลือ 2.85 เมตร ซึ่งรถอื่นยังสามารถใช้เส้นทางได้ตามปกติ",tha,tha,"[394524.0, 94770.0, 22113.0, 29133.0, 244998.0, 233064.0, 455247.0, 48438.0, 61776.0, 321516.0, 21762.0, 9126.0, 5413473.0, 650754.0, 320112.0]"
ในอเวนเจอร์สเล่มที่ 1 เมื่อริก โจนส์ได้ส่งวิทยุขอความช่วยเหลือเรื่องฮัลค์ถูกโลกิไปให้แฟนแทสติกโฟร์ แต่คลื่นได้ถูกส่งไปถึงตัวเขา ภรรยาของเขาและโทนี่ สตาร์ค จึงไปช่วยเหลือริกแทนแฟนแทสติกโฟร์ที่ติดธุระ และได้ร่วมมือกับธอร์จัดการกับโลกิ หลังจากที่ฮัลค์ลาออกจากทีมในเล่มที่ 2 เล่มที่3แฮงก์เปลี่ยนชุดและชื่อเป็น ไจอันต์-แมน มนุษย์ยักษ์เพื่อจัดการกับนามอร์และฮัลค์ที่กลับมาแก้แค้นในภายหลัง หลังจากที่กัปตันอเมริกาเข้ามาเป็นสมาชิกของทีม แฮงก์และเพื่อนๆที่ร่วมก่อตั้งได้ลาออกจากทีมกันทั้งหมดคอยให้แคปรวบรวมทีมของตัวเองขึ้นมา บางทีแฮงก์ก็อาจจะมาเข้าร่วมทีมบ้างเป็นครั้งคราว เดี๋ยวเข้า-เดี๋ยวออก,tha,tha,"[531650.0, 176750.0, 39550.0, 29050.0, 250250.0, 316750.0, 617400.0, 82950.0, 106400.0, 431900.0, 34300.0, 13300.0, 7396200.0, 862400.0, 504000.0]"
มหกรรมกีฬาโอลิมปิกฤดูหนาวครั้งที่ 2 ประจำปี ค.ศ. 1928 (พ.ศ. 2471) (อังกฤษ: II Olympic Winter Games ) เป็นการแข่งขันกีฬาโอลิมปิกฤดูหนาวครั้งที่ 2 จัดขึ้น ณ เมืองเซนท์มอริทซ์ ประเทศสวิตเซอร์แลนด์ ระหว่างวันที่ 11-19 กุมภาพันธ์ พ.ศ. 2471,tha,tha,"[279200.0, 85156.0, 30363.0, 32806.0, 174849.0, 153211.0, 330503.0, 31759.0, 72243.0, 212192.0, 23034.0, 9074.0, 2524666.0, 446022.0, 185668.0]"
สำหรับธงผู้ว่าการหมู่เกาะเคย์แมนก็เป็นเช่นเดียวกับธงของผู้ว่าการดินแดนต่างๆ ของดินแดนอาณานิคมโพ้นทะเลของสหราชอาณาจักร กล่าวคือ ใช้ธงชาติสหราชอาณาจักรประดับภาพตราแผ่นดินในวงกลมล้อมด้วยช่อใบไม้ที่กลางธง,tha,tha,"[205320.0, 66468.0, 15312.0, 11484.0, 98832.0, 125976.0, 227592.0, 32364.0, 65772.0, 157992.0, 9048.0, 4872.0, 2338212.0, 336864.0, 232812.0]"
สวนเมาคลี จัดตั้งหุ่นจำลองตัวละครในนิยายเรื่อง เมาคลี และสัตว์ประจำราศีต่างๆ นิยมใช้ทำกิจกรรมลูกเสือ-เนตรนารี และในช่วงเทศกาลประจำปีของโรงเรียนปี 2548 เป็นต้นมา โรงเรียนจะใช้สวนเมาคลี ทำเป็นสนาม Paint Ball,tha,tha,"[198484.0, 57949.0, 13186.0, 13533.0, 109305.0, 107570.0, 215834.0, 29148.0, 51356.0, 150251.0, 12492.0, 4164.0, 2855810.0, 307095.0, 193973.0]"
5 ธันวาคม พ.ศ. 2536 ได้รับพระราชทานสมณศักดิ์เป็นพระราชาคณะปลัดซ้าย ฐานานุกรมในสมเด็จพระญาณสังวร สมเด็จพระสังฆราช สกลมหาสังฆปริณายก ที่ พระจุลนายก ธรรมนีติสาธกมหาเถราธิการ คณะกิจบรรหารธุรการี สมุหบดีศรีธรรมภาณกาจารย์,tha,tha,"[281990.0, 60550.0, 17646.0, 32870.0, 155700.0, 276108.0, 313476.0, 29064.0, 81310.0, 212444.0, 17300.0, 7612.0, 2419578.0, 468830.0, 149818.0]"
โดยที่ an > 0 สำหรับทุก n แต่ละพจน์ของอนุกรมจะมีเครื่องหมายบวกและลบสลับกัน เช่นเดียวกับอนุกรมอื่นๆ อนุกรมสลับจะลู่เข้าก็ต่อเมื่อลำดับของผลบวกจำกัดพจน์ลู่เข้า,tha,tha,"[165255.0, 38985.0, 5520.0, 6555.0, 78315.0, 86250.0, 175605.0, 36570.0, 48645.0, 124200.0, 5175.0, 8625.0, 1950285.0, 262545.0, 128685.0]"
อาณัติ สายทวี มีชื่อเล่นว่า หรั่ง เป็นนักแสดงและนักร้อง ชาวไทย เกิดที่ จังหวัดอุตรดิตถ์ เมื่อวันที่ 19 กันยายน พ.ศ. 2528 มีพี่น้อง 3 คน ชาย 2 คน หญิง 1 คน เป็นบุตรคนที่ 2 จบการศึกษาระดับปริญญาตรี คณะศิลปกรรมศาสตร์ สาขาออกแบบนิเทศศิลป์ มหาวิทยาลัยราชภัฏสวนดุสิต,tha,tha,"[296872.0, 72928.0, 13760.0, 17544.0, 163056.0, 199520.0, 318544.0, 39216.0, 97696.0, 227384.0, 10664.0, 8256.0, 3780904.0, 463368.0, 205024.0]"
"ทรัพย์อนันต์ เยนเนอรัลฟู้ด (อังกฤษ: Sapanan General Food) ผู้ผลิตและจำหน่ายเครื่องดื่มแบรนด์ “โมกุโมกุ” และ “เซ็ปเป้” ก่อตั้งเมื่อ พ.ศ. 2544 โดยมีอนันต์ รักอริยะพงศ์ เป็นประธานกรรมการ/กรรมการผู้จัดการ และอดิศักดิ์ รักอริยะพงศ์ กรรมการผู้จัดการ ปัจจุบันได้ผลิตเครื่องดื่มเพื่อสุขภาพออกมาภายใต้แบรนด์ """"เซ็ปเป้"""" ได้แก่ บิวติ ดริ้งค์, บิวติ ชอท, จูซมี, ฟอร์ วัน เดย์, สมาร์ทที ชอท และอโร เวร่า และผลิตภัณฑ์อื่นๆ อีกมากมาย เช่น โมกุโมกุ, เซนต์ แอนนา, เพรียว คอฟฟี่ และ สลิมฟิต เป็นต้น",tha,tha,"[486374.0, 124509.0, 44590.0, 35672.0, 308014.0, 361865.0, 566636.0, 74431.0, 144403.0, 395822.0, 31899.0, 11319.0, 5845063.0, 801248.0, 249361.0]"
ธีรภัทร์ สุวรรณดี (นามเดิม: ธีรภัทร์ แย้มศรี; ชื่อเล่น: หมู) เกิดเมื่อวันที่ 13 มกราคม พ.ศ. 2535 จังหวัดสุพรรณบุรี น้ำหนัก 68 กิโลกรัม ส่วนสูง 180 เซนติเมตร เป็นนักแสดงชาวไทย,tha,tha,"[207594.0, 51642.0, 14364.0, 15048.0, 103284.0, 130644.0, 225720.0, 29412.0, 74556.0, 151164.0, 12654.0, 8208.0, 2255148.0, 314298.0, 129960.0]"
สถาบันเทคโนโลยีฟลอลิดาได้ทำงานวิจัยและพัฒนาเทคโนโลยีสนับสนุน EDD ซึ่งสถาบันเองก็ได้ใช้ในองค์กรต่าง ๆ ของนักศึกษา อนึ่ง ยังมีโปรเจ็กต์พัฒนาซอฟต์แวร์อื่น ๆ อีกมาก ตลอดจนโครงการสนับสนุนอื่น ๆ มีหลายโครงการที่ทำงานร่วมมือกันโดยใช้สถาปัตยกรรมข้ามแพลตฟอร์ม ภายใต้โครงการ Metagovernment (อภิรัฐบาล),tha,tha,"[287804.0, 79453.0, 22847.0, 11935.0, 127534.0, 182094.0, 307582.0, 56606.0, 53537.0, 217558.0, 11594.0, 7502.0, 3939232.0, 444323.0, 294283.0]"
เรื่องราวชีวิตของหญิงสาว 2 คน ที่ดำเนินไปกันคนละด้าน ทั้งสองพบกับชีวิตรักที่ไม่ราบรื่น แต่การเลือกเดินขั้นต่อ ไปเป็นจุดตัดสินว่าสุดท้ายจะพบความสุขในชีวิตได้หรือไม่ ชเล สาวเก่งนักเรียนทุนผู้ศึกษาอยู่ในสถานศึกษาชั้น แนวหน้าของฝรั่งเศส โดยพักอยู่กับ จิลลา สาวที่ไม่เคยคิดอะไรได้เอง เรื่องเริ่มขี้นเมื่อ กันตยศ ร่ำรวย แต่ ไม่เอาถ่านจากเมืองไทยผู้ถูกคาดโทษจากบิดาให้เอาปริญญามาให้ได้ เดินทางมาเรียนที่ฝรั่งเศส กันตยศ เปลือกนอกรูปหล่อ สุภาพ เรียบร้อย แต่ซ่อนความหลอกลวง อ่อนแอ เห็นแก่ตัวไว้ภายใน จิลลาที่โหยหาความรัก หลงกันตยศ ทุ่มเทให้ทุกอย่าง จนไปอยู่ด้วยกันอย่างเปิดเผยทำให้ ชเล กับ จิลลาต้องโกรธกัน ชเล เองก็มีอดีตโดนหักหลังจากแฟนเคยคบจนเจ็บอยู่ทุกวันนี้ เหมือนกับชีวิตของ ศวัส หนุ่มผู้ไม่ค่อยพูดหรือยิ้ม ผู้ได้ทุนมาเรียนต่อจนถึงปริญญาเอก ศวัส ถูกแฟนสาวที่คบกันมา 9 ปี ทิ้งไปอย่าง ไม่น่าเชื่อ ความรักของสองคนเกิดขึ้นอีกครั้งจากความ เข้าใจ จากบทเรียนราคาแพงที่ทั้งสองได้รับมาก่อน ในขณะที่จิลลาต้องสูญเสียอนาคต และทำให้คนรอบข้างผิดหวัง,tha,tha,"[743240.0, 206040.0, 24140.0, 50320.0, 396100.0, 400520.0, 879580.0, 94520.0, 153000.0, 629000.0, 32980.0, 22100.0, 12883960.0, 1251200.0, 878220.0]"
ทางด้านทิศเหนือไปทิศใต้ เป็นบริเวณที่ราบลาดเอียง ระดับความสูงประมาณ 180 เมตรจากระดับน้ำทะเล บริเวณอำเภอสอง แล้วลดความสูงมาเป็น 157 เมตร ส่วนทางด้านแนวทิศตะวันออกและทิศตะวันตกนั้น มีพื้นที่ลาดเอียงสู่แม่น้ำยมทั้งสองด้าน ดินส่วนใหญ่เป็นดินลูกรังและดินร่วนปนทราย ชนิดหินเป็นหินชั้นและหินเชล,tha,tha,"[275946.0, 70851.0, 11526.0, 13221.0, 163398.0, 149499.0, 312558.0, 32205.0, 61020.0, 221028.0, 11187.0, 7458.0, 3924603.0, 438327.0, 247131.0]"
"เหล่าเอเลี่ยนพยายามที่จะทำลายฐานกำลังด้วยการยิงไปที่ส่วนนี้ ในขณะที่พวกมันค่อยๆเคลื่อนตัวลงสู่ด้านล่างของจอ หากพวกมันมาถึงด้านล่าง การรุกรานของเหล่าเอเลี่ยนก็จะเป็นผลสำเร็จและเกมก็จะจบลง ส่วน """"เรือลึกลับ"""" ลำพิเศษในบางครั้งจะเคลื่อนผ่านในหน้าจอและหากสามารถทำลายได้จะได้รับคะแนนโบนัส ปืนเลเซอร์จะได้รับการป้องกันบางส่วนจากบังเกอร์นิ่งที่มีอยู่หลายอัน โดยจะมีจำนวนที่แตกต่างกันไปในแต่ละเวอร์ชัน ซึ่งจะถูกทำลายโดยขีปนาวุธจากเหล่าเอเลี่ยนและตัวของผู้เล่นเอง",tha,tha,"[398502.0, 120666.0, 15210.0, 20618.0, 221052.0, 185562.0, 440414.0, 71994.0, 103428.0, 300482.0, 16224.0, 11154.0, 5077774.0, 619554.0, 554996.0]"
วันที่ 13 มีนาคม พ.ศ. 2554 อาลี อัตติยา นาวาอากาศเอกแห่งกองทัพอากาศลิเบียที่สนามบินทหารมาติกา ใกล้กับกรุงทริโปลี แปรพักตร์และเข้ากับการปฏิวัติ ซึ่งเป็นการอ้างถึงการมีบุคลากรกองทัพอากาศของกำลังต่อต้านกัดดาฟีเป็นครั้งแรก หลังจากนั้น เมื่อวันที่ 16 มีนาคม เครื่องบินขับไล่เจ็ตมิก-21 มากถึงสี่ลำลงจอดที่สนามบินเบงกาซีและเข้ากับฝ่ายกบฏ,tha,tha,"[327901.0, 82902.0, 19209.0, 14491.0, 175914.0, 218713.0, 378114.0, 51561.0, 80880.0, 266230.0, 31341.0, 11121.0, 3600508.0, 557735.0, 318128.0]"
ไฮเปอร์ไจแอนท์ (อังกฤษ: Hypergiant; ระดับความส่องสว่าง 0) คือดาวฤกษ์ที่มีมวลและความส่องสว่างขนาดมหาศาล ซึ่งเป็นตัวแสดงว่ามีอัตราการสูญเสียมวลที่สูงมาก,tha,tha,"[155568.0, 46368.0, 10752.0, 10080.0, 69552.0, 109200.0, 169008.0, 29568.0, 24864.0, 115584.0, 12096.0, 6048.0, 1620192.0, 233520.0, 141792.0]"
เนื่องจากเขาไม่ได้กำลังสังกัดอยู่กับพรรคการเมืองใด ปูตินได้ให้สัญญาที่จะสนับสนุนพรรคเอกภาพ ซึ่งเป็นพรรคการเมืองที่พึ่งตั้งขึ้นใหม่และครองสัดส่วนเป็นอันดับสองของคะแนนเสียงผู้มีสิทธิเลือกตั้ง (23.3%) ในเดือนธันวาคม 1999 และจะตอบแทนปูตินในสภาเป็นการต่างตอบแทน,tha,tha,"[213730.0, 70350.0, 13065.0, 10050.0, 119595.0, 112225.0, 245555.0, 35845.0, 34170.0, 163145.0, 30485.0, 5695.0, 3071950.0, 354095.0, 265320.0]"
ป่าดิบชื้น มีพันธุ์ไม้ที่มีค่าและมีขนาดใหญ่อยู่เป็นจำนวนมาก เช่น ยาง หลุมพอ ตะเคียนทอง นาคบุตร กระบาก เสียดช่อ เลือดนก ขนุนปาน จำปา พิกุลป่า ก่อ รักเขา กระท้อน สะตอ เหรียง ฯลฯ พืชพื้นล่างมีจำพวกเฟินต้นชนิดต่างๆ พืชตระกูลขิงข่า ไม้เลื้อย และเถาวัลย์ขึ้นเกาะตามไม้ใหญ่มากมาย,tha,tha,"[277888.0, 76820.0, 11356.0, 24716.0, 140280.0, 182364.0, 325650.0, 52438.0, 74482.0, 222778.0, 15364.0, 12358.0, 3784888.0, 463258.0, 200734.0]"
ต่อมาในเดือนสิงหาคม พ.ศ. 2553 กรุง ศรีวิไล ได้ประกาศย้ายไปร่วมกิจกรรมทางการเมืองกับพรรคภูมิใจไทย โดยเมื่อวันที่ 31 สิงหาคม พรรคเพื่อไทยได้ติดประกาศหน้าพรรคห้ามกรุง และ ส.ส. ของพรรคอีก 3 คน เข้าร่วมกิจกรรมทางการเมืองกับพรรค ส่วนกรุงและเพื่อน ส.ส. อีกหนึ่งคน และอดีต ส.ส. จากพรรคเพื่อแผ่นดินอีกหนึ่งคน ได้เข้าสมัครเป็นสมาชิกพรรคภูมิใจไทยในวันเดียวกัน,tha,tha,"[307359.0, 71595.0, 18648.0, 19647.0, 188145.0, 169164.0, 360639.0, 35298.0, 109890.0, 253080.0, 7326.0, 11988.0, 4694967.0, 508824.0, 230436.0]"
มีการประเมินว่ามูลค่าทั้งหมดในการบูรณะต่อบริษัทประกันภัยจะตกอยู่ระหว่าง 2-3 หมื่นล้านดอลล่าร์นิวซีแลนด์ จึงนับว่าเป็นภัยธรรมชาติครั้งที่แพงที่สุดของนิวซีแลนด์จนถึงปัจจุบัน และเป็นแผ่นดินไหวครั้งที่แพงที่สุดอันดับสาม (แต่ในนาม) ทั่วโลก,tha,tha,"[217128.0, 57436.0, 8632.0, 10956.0, 101924.0, 104248.0, 230408.0, 30876.0, 54780.0, 151724.0, 8632.0, 4980.0, 2864164.0, 325692.0, 232068.0]"
ในปี 1639 ชาวโปรตุเกสกลุ่มสุดท้ายก็ถูกขับไล่ออกจากญี่ปุ่นไป แต่นั้นก็ทำให้เดจิมะเริ่มที่จะล้มเหลวในการลงทุน และเมื่อไม่มีเรือโปรตุเกสที่ทำการค้าจากมาเก๊า เศรษฐกิจของนะงะซะกิได้รับความเดือดร้อนอย่างมาก ถึงพวกเขาก็ยังสามารถอดทนได้ แต่ด้วยนโยบายอีกมากมายและยังเป็นศัตรูกับสเปนและโปรตุเกส ซึ่งทั้งสองประเทศก็ที่มีทั้งศาสนาและพื้นฐานทางการเมืองที่ต่างจากญี่ปุ่นมาก ชาวดัทต์เป็นคนกลุ่มเดียวที่ได้รับการยกเว้นจากการถูกขับไล่ แต่พวกเขาก็ถูกรัฐบาลญี่ปุ่นย้ายให้ไปอยู่ที่เดจิมะ,tha,tha,"[381643.0, 120815.0, 18867.0, 22839.0, 209854.0, 192311.0, 440561.0, 71496.0, 76130.0, 340268.0, 25487.0, 7282.0, 5016305.0, 606392.0, 497162.0]"
"ปี พ.ศ. 2549 หลังจากที่ """"โมกุโมกุ"""" ประสบความสำเร็จเป็นอย่างดี ต่อมาคุณอดิศักดิ์ รักอริยะพงศ์ กรรมการผู้จัดการ บริษัท ทรัพย์อนันต์ เยนเนอรัลฟู้ด จำกัด ผู้บริหารรุ่นที่ 2 ของครอบครัว ก็ได้ผลิตเครื่องดื่มเพื่อสุขภาพแนวใหม่ ภายใต้แบรนด์ """"เซ็ปเป้ บิวติ ดริ้งค์"""" ที่ชูแนวคิดในเรื่องความงาม ภายใต้แบรนด์ที่ชื่อว่า """"เซ็ปเป้"""" เครื่องดื่มเพื่อสุขภาพ",tha,tha,"[321090.0, 79530.0, 25740.0, 17490.0, 170610.0, 203280.0, 353100.0, 47190.0, 88440.0, 229350.0, 15840.0, 5940.0, 4573470.0, 496320.0, 218130.0]"
ในเขตนิวอิงแลนด์ในสหรัฐ เทศบาลต่าง ๆ จะมีระบบ การปกครองตนเองของท้องถิ่น (home rule) แบบจำกัด และตัดสินเรื่องในท้องถิ่นผ่านกระบวนการประชาธิปไตยโดยตรงที่เรียกว่า ประชุมเมือง (town meeting) ซึ่งเป็นรูปแบบประชาธิปไตยโดยตรงที่เก่าแก่ที่สุดในสหรัฐ และได้มีมาตั้งแต่ก่อนตั้งประเทศอย่างน้อยก็หนึ่งศตวรรษ,tha,tha,"[240828.0, 77644.0, 12173.0, 15134.0, 127323.0, 150353.0, 263858.0, 46718.0, 58233.0, 193123.0, 11186.0, 4606.0, 3151162.0, 373086.0, 272741.0]"
โรงเรียนลาซาลกรุงเทพ ตั้งอยู่ที่ 752 ถนนลาซาล แขวงบางนาใต้ เขตบางนา กรุงเทพมหานคร เปิดสอนในระดับอนุบาล จนถึงระดับมัธยมศึกษาตอนปลาย ก่อตั้งในวันที่ 10 เมษายน พ.ศ. 2506 โดยมีภราดาพิเอเลต์ ไมเคิล ดำรงตำแหน่ง​ผู้รับใบอนุญาตคนแรก และมีนักบุญฌ็อง-บาติสต์ เดอ ลา ซาล เป็นองค์อุปถัมภ์ของโรงเรียน,tha,tha,"[314224.0, 87904.0, 19680.0, 55432.0, 171216.0, 223040.0, 347024.0, 28536.0, 93480.0, 257152.0, 20336.0, 12464.0, 3401688.0, 521848.0, 215168.0]"
ผมชวนเพื่อนๆมาเที่ยวบ้านวันหนึ่ง พี่เต้ยแกล้งทำไฟดับ ตอนที่เราอยู่กันสองคนในห้องของผม พ่อกลับเข้ามาพอดี ด่าว่าน้ำฝนเสียๆหายๆ คุณพ่อทำร้ายจิตใจผมเกินกว่าจะมีอารมณ์สนุก ผมทะเลาะกับเจ้าตัวการจอมวางแผนอย่างรุนแรง,tha,tha,"[161865.0, 53301.0, 4905.0, 10137.0, 80769.0, 75864.0, 191295.0, 20928.0, 24198.0, 134070.0, 4905.0, 3597.0, 2844573.0, 274353.0, 179850.0]"
"เมื่อประมาณปี พ.ศ. 2432 พระบาทสมเด็จพระจุลจอมเกล้าเจ้าอยู่หัวได้พระราชทานพระบรมราชานุญาตพิเศษให้แก่บริษัทขุดคลองแลคูนาสยามซึ่งมีหม่อมราชวงศ์สุวพันธุ์ สนิทวงศ์ เป็นผู้รับมอบ ให้จัดการขุดคลองซอยตัดท้องทุ่งระหว่างแม่น้ำเจ้าพระยากับแม่น้ำนครนายก โดยให้สิทธิ์แก่บริษัทฯ ในการขายที่ดินทั้งสองฝั่งคลองเพื่อจัดเป็นที่นาได้ บริษัทฯ ได้ขุดคลองสายกลางขึ้นสายหนึ่งจากแม่น้ำเจ้าพระยาไปทะลุแม่น้ำนครนายกพร้อมตัดคลองซอยจากทั้งสองฝั่งคลองสายกลางนี้ โดยได้รับพระราชทานนามว่า """"คลองรังสิตประยูรศักดิ์"""" ประตูน้ำปิด-เปิดด้านแม่น้ำเจ้าพระยาได้พระราชทานนามว่า """"ประตูน้ำจุฬาลงกรณ์"""" ส่วนประตูน้ำทางด้านแม่น้ำนครนายกนั้นพระราชทานนามว่า """"ประตูน้ำเสาวภาผ่องศรี",tha,tha,"[545724.0, 136268.0, 29666.0, 41728.0, 333824.0, 377182.0, 641894.0, 71394.0, 98778.0, 453140.0, 26080.0, 10758.0, 7605254.0, 931708.0, 428038.0]"
ในปีการศึกษา 2532 กรมสามัญศึกษาได้รับเป็นโรงเรียนในโครงการขยายโอกาสทางการศึกษา ระดับมัธยมศึกษาตอนต้น แต่เนื่องจากในระยะแรกยังไม่มีผู้บริหาร กรมสามัญศึกษาจึงได้แต่งตั้งให้ นายชวลิต ตัณฑเสรณีวัฒน์ ผู้อำนวยการโรงเรียนบุญเหลือวิทยานุสรณ์สมัยนั้น มาปฏิบัติหน้าที่เป็นผู้บริหารและได้จัดครูจากโรงเรียนบุญเหลือวิทยานุสรณ์ จำนวน 9 คน โดยมีรถรับ - ส่ง จากตัวเมืองนครราชสีมาเพื่อมาทำการสอน เช้าไปเย็นกลับ ตั้งแต่วันที่ 15 เดือน พฤษภาคม พ.ศ. 2532 เป็นต้นมา โดยครั้งแรกทำการสอนที่โรงเรียนบ้านสำนักตะคร้อ สังกัดสำนักงานการประถมศึกษา,tha,tha,"[448500.0, 98800.0, 22425.0, 24050.0, 255450.0, 274950.0, 501800.0, 46800.0, 131300.0, 361725.0, 20475.0, 13975.0, 6144450.0, 738725.0, 353275.0]"
สระตัวใดที่ใช้เขียนไว้ข้างหน้า ก็ต้องเขียนไว้ข้างหน้าอักษรนำเหมือนอักษรธรรมดา เช่น เขนย แสยง ไฉน ฯลฯ สระตัวใดใช้เขียนคร่อม ก็ต้องเขียนคร่อมอักษรนำเหมือนอักษรธรรมดาด้วย เช่น เฉลียว เขยิบ ฯลฯ สระที่ใช้เขียนไว้ข้างบน ข้างล่าง และหลังพยัญชนะ รวมทั้งรูปวรรณยุกต์ด้วย ให้เขียนไว้ที่ตัวที่ 2 ของอักษรนำ เช่น สระ สมิง ฉลุ ฯลฯ ทั้งนี้แสดงให้เห็นว่า แม้จะเขียนคู่กันเป็น 2 ตัว ก็ต้องถือว่าได้ประสมเป็นตัวเดียวกันแล้ว เพราะเราไม่มีการเขียนพยัญชนะ 2 ตัว ให้เป็นตัวเดียวกันได้เหมือนพยัญชนะบาลีและสันสกฤต,tha,tha,"[398196.0, 110484.0, 11340.0, 14256.0, 260820.0, 309420.0, 457812.0, 64476.0, 75816.0, 312336.0, 10368.0, 5184.0, 5905548.0, 625968.0, 343440.0]"
อี้จงเทียนตีพิมพ์หนังสือทางวิชาการที่เขาสนใจหลายๆเล่ม และเป็นที่นิยม นี่จึงทำให้เกิดการโต้เถียงเป็นอย่างมาก แต่ก็ทำให้งานของอี้จงเทียนเป็นที่นิยม,tha,tha,"[135660.0, 54587.0, 5168.0, 8721.0, 61693.0, 53941.0, 140505.0, 22610.0, 35207.0, 101099.0, 6460.0, 1615.0, 1874046.0, 204782.0, 162792.0]"
กล่าวโดยย่อ การขาดความพยายามร่วมกันจากรัฐบาลและอุตสาหกรรมเภสัช ร่วมกับสมรรถภาพสืบทอดของจุลชีพในการพัฒนาการดื้อยาในอัตราที่เร็วกว่าการพัฒนายาใหม่ ๆ แนะว่า ยุทธศาสตร์ที่มีอยู่ในการพัฒนาการบำบัดต้านแบคทีเรียระยะยาวซึ่งอยู่รอดได้จะล้มเหลวในท้ายที่สุด หากปราศจากยุทธศาสตร์ทางเลือก การดื้อยาโดยจุลชีพก่อโรคจวนเป็นหนึ่งในภัยคุกคามทางสาธารณสุขที่สำคัญที่สุดที่มนุษยชาติกำลังเผชิญในคริสต์ศตวรรษที่ 21,tha,tha,"[385434.0, 99176.0, 11914.0, 25438.0, 188370.0, 253092.0, 408296.0, 73094.0, 89194.0, 291088.0, 17066.0, 12236.0, 4586890.0, 582176.0, 462714.0]"
ในวันที่ 31 ธันวาคม 1999 ประธานาธิบดีเยลต์ซินประกาศลาออกอย่างไม่คาดคิด ซึ่งตามบทบัญญัติของรัฐธรรมนูญทำให้ปูตินซึ่งเป็นนายกรัฐมนตรีต้องขึ้นมาเป็นรักษาการประธานาธิบดี ซึ่งในระหว่างที่เขาเป็นรักษาการนี้ เขาได้เดินทางไปให้กำลังกองทหารในเชชเนีย,tha,tha,"[209613.0, 67089.0, 8988.0, 14124.0, 109461.0, 146055.0, 240108.0, 37236.0, 35310.0, 158574.0, 29532.0, 8667.0, 2562222.0, 340260.0, 247812.0]"
"ทาวน์เซนต์เป็นนักแต่งเพลงหลักให้กับวงฮู , โดยเขาเขียนเพลงไปกว่า 100 เพลงให้กับวงในอัลบั้มสตูดิโอทั้งหมด 11 อัลบั้ม รวมทั้งอัลบั้มสตูดิโอและโอเป่าร็อค อัลบั้มสตูดิโอลำดับที่สี่ Tommy และอัลบั้มสตูดิโอลำดับที่หก Quadrophenia รวมถึงถูกเรียกว่าร็อคยอดนิยมและมีการเปิดในวิทยุอยู่บอยครั้งเช่นอัลบั้มสตูดิโออัลบั้มที่ห้า Who's Next และอีกหลายผลงานอื่นๆที่ไม่ปรากฏในอัลบั้มไม่ว่าจะเป็นซิงเกิ้ลเพลง , โบนัสแทร็ค ก็ถูกนำมาผลิตซ้ำอีกครั้ง",tha,tha,"[413440.0, 133440.0, 33600.0, 19840.0, 201280.0, 243200.0, 475200.0, 80640.0, 92160.0, 339840.0, 21440.0, 14720.0, 4481920.0, 663360.0, 429120.0]"
นางสาวพิมลพร เชื้อบุญมี ผุ้จบการศึกษาจากโรงเรียนปราณีเนาวบุตรในชั้นประถมศึกษาช่วงชั้นที่ ๒ ปีการศึกษา 2552 ปัจจุบันเข้ารับการศึกษา ณ มหาวิทยาลัยอิสเทิร์นเอเชีย และเป็นผุ้เรียนดีมีความสามารถทางด้านภาษาอังกฤษ,tha,tha,"[189486.0, 44979.0, 12441.0, 12760.0, 90277.0, 122177.0, 212454.0, 18821.0, 51040.0, 150887.0, 7337.0, 5742.0, 2506064.0, 296351.0, 135894.0]"
"ผลงานสตูดิโออัลบั้มเปิดตัวชุด The All-American Rejects ออกจำหน่ายครั้งแรกในปี 2002 มีซิงเกิลดังอย่าง """"Swing, Swing"""" อัลบั้มขายมากกว่า 1ล้านชุดในสหรัฐอเมริกาและได้รับรางวัลแผ่นเสียงทองคำขาวจากสถาบัน RIAA",tha,tha,"[183486.0, 55014.0, 19398.0, 11766.0, 91902.0, 81726.0, 200658.0, 26394.0, 48654.0, 143418.0, 9540.0, 8268.0, 2019936.0, 283338.0, 180942.0]"
"ทางรถไฟเกือกม้า คือรางรถไฟรูปเกือกม้า 3 รางบนทางรถไฟสายพิทส์เบิร์กของการรถไฟนอร์ฟอล์กใต้ในโลแกนทาวน์ชิพ, แบลร์คัลที, เพนซิลวาเนีย ทางโค้งนี้ยาว2,375-ฟุต (724 เมตร) และมีเส้นผ่านศูนย์กลางยาว1,300 ฟุต (400 เมตร) สร้างเสร็จในปี 1854 โดยการรถไฟเพนซิลวาเนีย เป็นทางเพื่อใต่ระดับตามไหล่เทือกเขาเอลเลกเฮนี ภายหลังเส้นทางนี้ถูกแทนที่โดย ทางรถไฟสายเอลเลกเฮนี พอร์เทก เพื่อลดเวลาในการเดินทางลง ซึ่งเป็นอีกทางข้ามภูเขาสำหรับรถไฟขนาดใหญ่",tha,tha,"[403224.0, 137578.0, 34870.0, 22507.0, 271352.0, 234580.0, 478353.0, 59913.0, 71959.0, 308124.0, 30749.0, 13314.0, 4077254.0, 687573.0, 362014.0]"
เนื่องจากรูปร่างของของเหลวนั้นจะขึ้นอยู่กับความถ่วง กล้องโทรทรรศน์แบบนี้จึงต้องมีการวางในตำแหน่งที่ตั้งตรง ทำให้กล้องโทรทรรศน์ต้องชี้ขึ้นไปยังจุดเหนือศีรษะเสมอ แต่ก็ไม่ใช่เรื่องที่ยุ่งยากแต่อย่างใด เพราะวัตถุในท้องฟ้าย่อมเปลี่ยนแปลงอยู่ตลอดเวลา ตามฤดูกาล และช่วงเวลาของวัน,tha,tha,"[224992.0, 62884.0, 7900.0, 9796.0, 104280.0, 121660.0, 251852.0, 40132.0, 42344.0, 176328.0, 9164.0, 7584.0, 3249428.0, 360556.0, 258488.0]"
ในอดีตนั้นได้แบ่งเป็น ๒ เมืองคือ ๑.เมืองหิน ประกอบด้วยตำบลบ่อแก้ว ตำบลนาทะนุง และยังรวมไปถึงตำบลสถาน ที่เป็นส่วนหนึ่งของอำเภอนาน้อยในปัจจุบันด้วย ๒.เมืองลี ประกอบด้วยตำบลเมืองลีกับตำบลปิงหลวง ซึ่งทั้งสองเมืองนี้เป็นเพียงเมืองเล็กๆที่อยู่ทางตอนใต้ของเมืองน่านเท่านั้นแต่มีความสำคัญคือเป็นเมืองด่านใต้ของเมืองน่านในสมัยที่ยังมีเจ้าเมืองปกครองอยู่ได้มีด่านตรวจคนเข้าเมืองอยู่ที่ บ้านนาทะนุง เมืองหินและในปี พ.ศ. ๒๕๕๕ ข้าศึกพวกเงี้ยวเข้าตีเมืองแพร่นั้น ทางเมืองน่านก็ได้ทำการตั้งด่านอยู่ที่ดอยผาไก่ขัน เมืองลี ดังนั้นเมืองทั้งสองจึงเป็นเมืองด่านใต้ของเมืองน่าน,tha,tha,"[426825.0, 115290.0, 17640.0, 13860.0, 244440.0, 253575.0, 492030.0, 65205.0, 92610.0, 296415.0, 11340.0, 15120.0, 6769350.0, 698355.0, 374220.0]"
โรงเรียนเทพารักษ์ราชวิทยาคม อำเภอเทพารักษ์ จังหวัดนครราชสีมา เดิมชื่อ โรงเรียนสำนักตะคร้อวิทยาคม ตั้งอยู่ที่ตำบลสำนักตะคร้อ จังหวัดนครราชสีมา ตามประกาศกระทรวงศึกษาธิการ ลงวันที่ 10 มีนาคม 2532,tha,tha,"[186516.0, 46158.0, 15700.0, 10362.0, 84152.0, 139730.0, 191226.0, 21666.0, 41134.0, 132822.0, 7850.0, 4396.0, 2203338.0, 273494.0, 104876.0]"
ในช่วงท้ายของสงครามโลกครั้งที่ 2 เมื่อสถานการณ์ของฝ่ายเยอรมันอยู่ในขั้นวิกฤติ ในเดือนเมษายน 2488 เกอริงซึ่งอยู่ในออสเตรียพยายามรวบอำนาจขึ้นเป็นผู้นำเยอรมัน เพราะเขาเชื่อว่าฮิตเลอร์ถูกปิดล้อมอยู่ที่กรุงเบอร์ลินและหมดหนทางที่จะเข้าไปช่วยเหลือ เขาเสนอให้มีการเจรจาสงบศึกกับฝ่ายพันธมิตร แต่การกระทำดังกล่าวทำให้ฮิตเลอร์ออกคำสั่งจับเขาในฐานะผู้ทรยศ ขี้ขลาดและยอมแพ้ อย่างไรก็ตาม เมื่อเยอรมนีแพ้สงครามเมื่อวันที่ 7 พฤษภาคม พ.ศ. 2488 เขาก็ยอมจำนนต่อกองทัพที่ 7 ของสหรัฐอเมริกาในอีก 2 วันต่อมา,tha,tha,"[448216.0, 137407.0, 20971.0, 28170.0, 290464.0, 234437.0, 510503.0, 64478.0, 148988.0, 355255.0, 30987.0, 15650.0, 5361690.0, 727725.0, 507686.0]"
ประทักษ์ ประทีปะเสน จบการศึกษาจากวชิราวุธวิทยาลัย แล้วไปศึกษาต่อด้านดนตรีที่ประเทศอังกฤษ และได้รับทุนรัฐบาลไทยไปศึกษาต่อที่สหรัฐอเมริกา ด้านไวโอลินและการอำนวยเพลง จนสำเร็จปริญญาเอกที่มหาวิทยาลัยโคลัมเบีย ได้รับเชิญให้เป็นสมาชิกกิตติมศักดิ์ A.R.A.M. (Associate of the Royal Academy of Music) ในปี พ.ศ. 2528,tha,tha,"[293592.0, 76128.0, 23400.0, 23400.0, 163488.0, 209040.0, 334776.0, 30888.0, 63024.0, 241488.0, 9672.0, 7488.0, 3410472.0, 489528.0, 207792.0]"
ในการไต่สวนคดีอาชญากรสงครามของศาลพิเศษพิจารณาคดีอาชญากรรมสงครามแห่งนูเนมเบิร์ก เขาได้รับการบำบัดการติดยาเสพติดและสามารถโต้แย้งข้อกล่าวหาได้อย่างมีประสิทธิภาพ เขาปฏิเสธว่าไม่มีส่วนพัวพันใดๆ กับการกระทำที่เหี้ยมโหดของระบอบนาซี โดยอ้างว่าเป็นงานลับของฮิมม์เลอร์ อย่างไรก็ตามเขาก็ถูกตัดสินประหารชีวิตในวันที่ 15 ตุลาคม พ.ศ. 2489 แต่เขาก็กินยาพิษตายในห้องขังไม่กี่ชั่วโมงก่อนกำหนดการประหาร เกอริงถึงแก่กรรมขณะอายุ 53 ปี,tha,tha,"[415496.0, 124400.0, 22703.0, 36076.0, 221121.0, 224542.0, 436644.0, 73085.0, 123778.0, 314110.0, 32655.0, 10574.0, 4509500.0, 644081.0, 526212.0]"
"แอนโทนีแฟรงก์ """"โทนี อิออมมี"""" (อังกฤษ: Anthony Frank """"Tony"""" Iommi) เกิด 19 กุมภาพันธ์ ค.ศ 1948 เบอร์มิงแฮม ประเทศอังกฤษ เขาเป็นมือกีตาร์ และ นักแต่งเพลงชาวอังกฤษ สมาชิกของวง แบล็ค ซับบาธ ตั้งแต่ก่อตั้งวง โทนี อิออมมี ได้รับการยอมรับว่าเป็นมือกีตาร์ที่สร้างอิทธิพลต่อวงการเพลงเฮฟวี่เมทัล เขาเป็นมือกีตาร์อันดับสองรองจาก จิมมี เพจ ในการบุกเบิกแนวเพลงเฮฟวี่เมทัล ในปี 2004 เขาได้รับการจัดอันดับมือกีตาร์อันดับหนึ่งของโลกจาก Guitar World เป็นมือกีตาร์ที่ยิ่งใหญ่ที่สุดในแนวเพลงเฮฟวี่เมทัล",tha,tha,"[443610.0, 143530.0, 41230.0, 37820.0, 278690.0, 256060.0, 515220.0, 54870.0, 141360.0, 354020.0, 32550.0, 11160.0, 4612490.0, 751130.0, 338830.0]"
เรื่องราวของแซนเดอร์ เคจ หรือ ทริปเปิ้ลเอ็กซ์ ชายหนุ่มผู้มีชื่อเสียงในทางบ้าระห่ำ เป็นพวกเดนตายที่กฎหมายเข้าถึงไม่ได้ จนกระทั่งเขาพบกับ กิบสัน หัวหน้าหน่วย NSA ผู้ที่ต้องการหาคนเข้าไปสืบความลับของอาชญากรรัสเซีย กิบสันรู้ว่ามีเพียงคนเดียวเท่านั้นที่สามารถทำงานเสี่ยงตายนี้ได้ ดังนั้นเขาจึงยื่นข้อเสนอให้กับ XXX โดยจะลบข้อมูลที่ทางการมีอยู่ ปล่อยเขาเป็นอิสระจากการติดตามของตำรวจ ถ้าเขายอมรับที่จำทำงานนี้ภายใต้การทำงานนอกเครื่องแบบเพื่อเข้าไปสืบข้อมูลในกลุ่มอาชญากรร้ายรัสเซีย,tha,tha,"[358749.0, 113712.0, 15450.0, 18540.0, 234531.0, 193743.0, 424875.0, 46659.0, 64890.0, 309000.0, 23793.0, 8034.0, 5330868.0, 631596.0, 407880.0]"
รายการทางช่อง ตร๊านซ์ เตเว ประกอบไปด้วย ปฏินกะ อย่าง เช่น เอ็กซตร้าแวนกานซ่า(Extravaganza)the Dorce Show (ดำเนินรายการโดยDorce Gamalama) และ Indonesian versions of Thank God You're Here (Akhirnya Datang Juga) และ The Gong Show(เดอะ ก๊อง โชว์) รายการศาสนา ภาพยนตร์ บันเทิง ละคร และ ข่าวทั่วไป,tha,tha,"[215908.0, 87780.0, 39116.0, 13552.0, 130284.0, 113960.0, 257796.0, 22484.0, 72996.0, 185108.0, 5852.0, 9548.0, 2266572.0, 403480.0, 143528.0]"
สมเด็จพระมหาวีรวงศ์ ถึงแก่มรณภาพเมื่อวันอังคารที่ 10 ตุลาคม พ.ศ. 2543 เวลา 14.30 น. ณ โรงพยาบาลศิริราช ศพตั้งบำเพ็ญกุศลที่ศาลาอเนกประสงค์ 90 ปี สมเด็จพระมหาวีรวงศ์ วัดราชประดิษฐฯ ได้รับพระราชทานโกศไม้สิบสองประกอบศพ มีพระพิธีธรรมสวดพระอภิธรรมมีกำหนด 7 คืน,tha,tha,"[300246.0, 67847.0, 15043.0, 33156.0, 169157.0, 246521.0, 344454.0, 35919.0, 89337.0, 242530.0, 18420.0, 13508.0, 3291961.0, 496726.0, 208760.0]"
เมื่อ ฟ้าลั่น ลูกมิ่งขวัญ เสียแชมป์โลกในรุ่นและสถาบันเดียวกันนี้ไปในกลางปี พ.ศ. 2535 ด้วยเรื่องหัวหน้าคณะของฟ้าลั่นขัดใจเรื่องผลประโยชน์กับผู้จัดการ รัตนพลจึงได้มีโอกาสชิงแชมป์แทนในปลายปี โดยมี พ.อ.(พิเศษ) บรรจุ อ่องแสงคุณ เป็นผู้จัดการ ซึ่งก็สามารถทำได้โดยชนะคะแนน แมนนี่ เมลชอร์ นักมวยชาวฟิลิปปินส์ไปอย่างไม่เป็นเอกฉันท์ โดยขณะนั้นรัตนพลมีอายุเพียง 19 ปีเท่านั้น จากนั้นรัตนพลก็สามารถป้องกันตำแหน่งแชมป์ไว้ได้หลายต่อหลายครั้ง เนื่องจากชกป้องกันตำแหน่งภายในประเทศตลอด แม้รูปร่างจะแลดูใหญ่เกินนักมวยรุ่นเดียวกันในพิกัด แต่ก็สามารถทำน้ำหนักผ่านมาได้ตลอด โดยเป็นที่รับรู้ทั่วกันของสื่อมวลชนและแฟนมวยว่า เป็นเพราะทางกรรมการจัดการแข่งขันแอบตั้งตาชั่งให้หย่อนมาตลอด จนกระทั่งการป้องกันตำแหน่งครั้งที่ 13 ในวันที่ 16 มีนาคม พ.ศ. 2539 รัตนพลต้องเป็นฝ่ายตกตาชั่งเสียแชมป์โลก เนื่องจากไม่สามารถทำน้ำหนักได้ จึงทำสถิติป้องกันตำแหน่งไว้ได้เพียงแค่ 12 ครั้ง แต่ในปลายปีเดียวกันก็สามารถกลับมาเป็นแชมป์โลกได้อีกครั้ง,tha,tha,"[715428.0, 176256.0, 36720.0, 34884.0, 436050.0, 369036.0, 835686.0, 74664.0, 233172.0, 594558.0, 37332.0, 19890.0, 10760796.0, 1185138.0, 706860.0]"
ทีวีอินไซด์ ฮอท อวอร์ด 2010 เป็นการจัดงานครบรอบ 7 ปีของนิตยสารทีวีอินไซด์ จึงได้จัดให้มีการมอบรางวัลให้แก่คนบันเทิงเป็นครั้งที่ 2 เพื่อเป็นขวัญและกำลังใจแก่คนบันเทิงที่ได้รับรางวัล โดยจะให้ประชาชนเสนอชื่อคนบันเทิงเพื่อเข้าชิงรางวัลสาขาต่าง ๆ จนรวมคะแนนได้ 10 คนสุดท้ายแล้วเปิดโผรายชื่อ 10 คนสุดท้ายที่เข้าชิงจากนั้นจะคัดเลือกคนที่มีคะแนนมากที่สุด 5 คนสุดท้ายเข้าชิงในรอบที่ 2 เพื่อหาผู้ชนะ โดยจัดงานวันที่ 15 สิงหาคม พ.ศ. 2553 ณ CDC คริสตัล ดีไซน์ เซ็นเตอร์,tha,tha,"[393755.0, 97600.0, 29280.0, 21045.0, 197640.0, 163785.0, 448350.0, 39345.0, 89670.0, 313540.0, 20435.0, 11590.0, 5927370.0, 634400.0, 378810.0]"
ในช่วงก่อนการจัดตั้งโรงเรียน ชาวไทยมักเรียนหนังสือที่วัด โดยมีพระทำหน้าที่สอนหนังสือ ซึ่งเวลาของการเรียนการสอนไม่แน่นอน นักเรียนก็ล้วนเป็นเด็กผู้ชาย ส่วนเด็กผู้หญิงต้องอยู่ช่วยงานบ้าน,tha,tha,"[110656.0, 31312.0, 4560.0, 2736.0, 37088.0, 40128.0, 120688.0, 16416.0, 15808.0, 74480.0, 3040.0, 3344.0, 2030720.0, 170240.0, 161424.0]"
วันที่ 29 พฤษภาคม พ.ศ. 2553 เปิดให้บริการทดลองเดินรถบีอาร์ทีครั้งแรก โดยไม่คิดค่าโดยสารเป็นเวลา 3 เดือน จากนั้นเก็บค่าโดยสาร 10 บาทตลอดสาย และจะเปิดให้บริการเต็มรูปแบบในวันที่ 2 มกราคม พ.ศ. 2554 โดยจัดเก็บค่าโดยสารตามระยะทาง เริ่มต้นที่ 12 บาท สูงสุด 20 บาท,tha,tha,"[209979.0, 47571.0, 14544.0, 12120.0, 122715.0, 80598.0, 239673.0, 16362.0, 67569.0, 167862.0, 6969.0, 6969.0, 2836989.0, 332088.0, 185739.0]"
ทางรถไฟสายเกือกม้าเป็นสถานที่ท่องเที่ยวมาอย่างยาวนาน และมีการจัดตั้งสวนสาธารณะเพื่อการสำรวจข้างทางรถไฟเสร็จสิ้นในปี 187 ในช่วงก่อนทศวรรศ 1990 สวนสาธารณะถูกปรับปรุงและมีการก่อสร้างศูนย์นักท่องเที่ยวขึ้น โดยมีพิพิธภัณฑ์การรถไฟในเมืองอัลทูนาเป็นผู้จัดการ และมีการจัดแสดงสิ่งที่เกี่ยวข้องในทางโค้งดังกล่าวด้วย,tha,tha,"[239486.0, 64326.0, 17818.0, 11174.0, 117780.0, 123216.0, 266062.0, 34730.0, 36542.0, 187844.0, 15704.0, 3322.0, 3287874.0, 379010.0, 299886.0]"
เต้าหู้ยี้ เป็นอาหารจีนชนิดหนึ่ง ได้จากการหมักเต้าหู้ขาวกับเกลือและเครื่องปรุงรสต่างๆ มีคุณค่าโปรตีนจากถั่วเหลืองที่นำมาทำเต้าหู้ขาว มีลักษณะเป็นก้อนเต้าหู้เนื้อแน่น มีรสเค็ม นำมารับประทานโดยตรงหรือนำไปประกอบเป็นอาหารอื่นได้หลากหลาย ชาวจีนรู้จักวิธีทำเต้าหู้มานานหลายศตวรรษ,tha,tha,"[217322.0, 52976.0, 10535.0, 10535.0, 108661.0, 110166.0, 237790.0, 34916.0, 42742.0, 175784.0, 6020.0, 7525.0, 3220700.0, 333207.0, 224245.0]"
ในช่วงความวุ่นวายภายหลังจากความพ่ายแพ้ของเยอรมนี เขารู้สึกขัดเคืองใจต่อการที่นายทหารถูกปฏิบัติอย่างเลวร้ายจากพลเรือน เขาจึงไปทำงานเป็นนักบินพานิชย์ในเดนมาร์กและสวีเดน ต่อมาเขาได้รับแต่งตั้งให้เป็นเจ้าหน้าที่ของสายการบินสวีเดน และมีโอกาสได้พบกับบารอนเนสคาริน ฟอน โรเชิน (Baroness Carin von Rosen) สตรีผู้สูงศักดิ์ชาวสวีเดนซึ่งหย่าขาดจากสามี เขาได้แต่งงานกับบารอนเนสคารินที่นครมิวนิกเมื่อวันที่ 3 กุมภาพันธ์ พ.ศ. 2465 ในปีเดียวกัน เขาได้ร่วมกับพรรคนาซี และเนื่องจากมีชื่อเสียงในฐานะวีรบุรุษในสงคราม ฮิตเลอร์จึงมอบหมายให้เขาบังคับบัญชาหน่วยเอสเอ (SA - Sturmabteilung หรือ Storm troopers) ซึ่งเป็นกองกำลังของพรรคนาซี,tha,tha,"[498300.0, 167700.0, 29400.0, 39600.0, 394800.0, 272400.0, 585900.0, 69900.0, 117600.0, 399600.0, 27300.0, 17700.0, 5690400.0, 852000.0, 586800.0]"
พระที่นั่งไอศวรรย์ทิพยอาสน์จัดได้ว่าเป็นผลงานชิ้นเอกแห่งกรุงรัตนโกสินทร์ ซึ่งเคยได้รับเกียรติให้สร้างจำลองแบบไปแสดงในงานมหกรรมนานาชาติ ณ กรุงบรัสเซลส์ ประเทศเบลเยียม เมื่อ พ.ศ. 2501,tha,tha,"[167440.0, 45747.0, 9867.0, 17940.0, 99268.0, 121992.0, 189566.0, 20930.0, 34385.0, 128869.0, 11063.0, 5382.0, 2109445.0, 269100.0, 138138.0]"
"การแข่งขัน ฟุตบอลชิงแชมป์สโมสรโลก 2015 นัดชิงชนะเลิศ เป็นการแข่งขันนัดชิงชนะเลิศของ ฟุตบอลชิงแชมป์สโมสรโลก 2015, เป็นทัวร์นาเมนต์ฟุตบอลที่เป็นเจ้าภาพโดย ประเทศญี่ปุ่น. ครั้งนี้เป็นนัดชิงชนะเลิศครั้งที่ 11 ของ ฟุตบอลชิงแชมป์สโมสรโลก, ทัวร์นาเมนต์ที่มีการจัดขึ้นโดยฟีฟ่าระหว่างสโมสรที่เป็นผู้ชนะจากแต่ละทีมแต่ละสมาพันธ์จากหกทวีป, เช่นเดียวกับแชมป์ลีกจากชาติเจ้าภาพ.",tha,tha,"[348064.0, 101320.0, 19668.0, 27416.0, 181184.0, 181780.0, 399916.0, 61388.0, 75990.0, 277140.0, 17880.0, 15794.0, 4053098.0, 567392.0, 379354.0]"
"ปลากดเกราะ (อังกฤษ: Atipa, Brown hoplo) เป็นปลาน้ำจืดชนิดหนึ่ง ในอันดับปลาหนัง มีชื่อวิทยาศาสตร์ว่า Hoplosternum littorale ในวงศ์ปลาแพะ (Callichthyidae)",tha,tha,"[136026.0, 47223.0, 16632.0, 13959.0, 66528.0, 51678.0, 145530.0, 16038.0, 34155.0, 107811.0, 5643.0, 6534.0, 1049895.0, 224532.0, 67716.0]"
เขาเข้าศึกษาต่อในวิทยาลัยการทหารในเมืองคาร์ลสรูเออ และเข้ารับราชการในปี พ.ศ. 2455 ระหว่างสงครามโลกครั้งที่ 1 เขามียศเป็ยนายร้อยโททหารราบในแคว้นอัลซาช-ลอแรน (Alsace-Lorraine) ก่อนที่จะย้ายไปสังกัดกองทัพอากาศ เขาเป็นนักบินที่มีความสามารถและได้รับเหรียญปัวร์เลอแมริท และกางเขนเหล็กชั้น 1,tha,tha,"[242128.0, 81104.0, 16872.0, 62752.0, 149480.0, 139120.0, 274392.0, 35816.0, 46768.0, 188256.0, 26344.0, 7696.0, 2508304.0, 393976.0, 235616.0]"
ระหว่างดำรงตำแหน่ง ปูตินผ่านกฎหมายปฏิรูปขั้นพื้นฐานหลายฉบับ รวมทั้งภาษีเงินได้อัตราเดียว การลดภาษีกำไร และประมวลที่ดินและกฎหมายใหม่ เขาทุ่มเทความพยายามอย่างมากในการพัฒนานโยบายพลังงานของรัสเซีย โดยยืนยันตำแหน่งของรัฐเซียเป็นอภิมหาอำนาจด้านพลังงาน ซึ่งรวมถึงการฟื้นฟูอุตสาหกรรมนิวเคลียร์ในประเทศและการริเริ่มการก่อสร้างท่อส่งออกหลักหลายแห่ง รวมทั้งเอสโปและนอร์ดสตรีม เช่นเดียวกับเมกะโปรเจกต์อื่น ๆ ในรัสเซีย,tha,tha,"[329515.0, 98825.0, 14160.0, 22420.0, 202370.0, 232460.0, 382025.0, 59590.0, 96170.0, 275825.0, 80830.0, 7375.0, 3864500.0, 562270.0, 419785.0]"
สังเกตรูปพยัญชนะ คือ ถ้าอักษรนำเป็นอักษรสูง หรืออักษรกลาง อักษรเดี่ยวซึ่งเป็นตัวที่ 2 จะต้องออกเสียงเป็นเสียงสูงหรือกลางตามไปด้วย เช่น กนก ถนน สนิม ขนม ฯลฯ ในที่นี้ นก นน และ นิม ต้องออกเสียงให้เป็น หนก หนน หนิม ซึ่งผิดกับเมื่ออยู่ตามลำพัง,tha,tha,"[180222.0, 46452.0, 4704.0, 5880.0, 87612.0, 139062.0, 192864.0, 38808.0, 42042.0, 116718.0, 5292.0, 3822.0, 2668344.0, 252840.0, 152292.0]"
"เดอะแมนฮูเนเวอร์ลายด์"""" (อังกฤษ: The Man Who Never Lied) เป็นเพลงของวงดนตรีอเมริกัน มารูนไฟฟ์ จากสตูดิโออัลบั้มที่สี่ โอเวอร์เอกซ์โพสด์ (2012) เพลงแต่งโดยแอดัม เลอวีน ไบรอัน เวสต์ และมอเรียส โมกา และผลิตโดยเลอวีน และโนอาห์ """"เมลบ็อกซ์"""" พาสโซวอย ร่วมกับเวสต์ ภายใต้ชื่อว่า สวีตเวสตี เพลงได้รับคำวิจารณ์ด้านบวกจากนักวิจารณ์ โดยเฉพาะท่อนคอรัส หลังจากอัลบั้มออกจำหน่าย เพลงขึ้นอันดับที่เก้าบนชาร์ตซิงเกิลในประเทศเกาหลีใต้ ด้วยยอดขาย 31,977 ซิงเกิล",tha,tha,"[392034.0, 129506.0, 37211.0, 24905.0, 223559.0, 258426.0, 462354.0, 49224.0, 121302.0, 326402.0, 44536.0, 15822.0, 3382392.0, 644600.0, 286554.0]"
กรมป่าไม้ได้นำเสนอคณะกรรมการอุทยานแห่งชาติเห็นสมควรให้ออกพระราชกฤษฎีกากำหนดพื้นที่ดังกล่าวเป็นอุทยานแห่งชาติ เมื่อ 23 มกราคม 2527 โดยใช้ชื่อว่า “อุทยานแห่งชาติแม่ปุง” ต่อมาได้เปลี่ยนชื่อเป็น “อุทยานแห่งชาติแม่ยม” โดยกำหนดพื้นที่บริเวณที่ดินป่าแม่ปุง ป่าแม่เป้าและป่าแม่สอง ในท้องที่ตำบลเตาปูน ตำบลสะเอียบ อำเภอสอง จังหวัดแพร่ และป่าแม่งาวฝั่งซ้าย ในท้องที่ตำบลแม่ตีบ อำเภองาว จังหวัดลำปาง ให้เป็นอุทยานแห่งชาติ เมื่อวันที่ 1 มีนาคม 2529 เป็นอุทยานแห่งชาติลำดับที่ 51 ของประเทศ,tha,tha,"[399456.0, 95192.0, 25404.0, 29200.0, 234476.0, 241192.0, 461652.0, 58984.0, 112712.0, 329668.0, 15184.0, 11680.0, 5191760.0, 656416.0, 259880.0]"
ปูตินอ้างว่า การเอาชนะความยากลำบากในวิกฤตเศรษฐกิจโลก เป็นหนึ่งในความสำเร็จสองอย่างของปูตินในช่วงที่เป็นนายกรัฐมนตรีครั้งที่สอง ความสำเร็จอีกอย่างคือการรักษาเสถียรภาพด้านขนาดประชากรในรัสเซียระหว่างปี 2008–2011 หลังจากที่รัสเซียต้องเผชิญกับภาวะจำนวนประชากรถดถอยมากว่าสองทศวรรษ ในการประชุมใหญ่ของพรรคในวันที่ 24 กันยายน 2011 เมดเวเดฟก็ประกาศให้ปูตินเป็นผู้ลงชิงตำแหน่งประธานาธิบดีในการเลือกตั้งในเดือนธันวาคม นักสังเกตการณ์จำนวนมากเชื่อว่าปูตินจะได้รับเลือกตั้งเป็นประธานาธิบดีวาระที่สามและเมดเวเดฟก็ถูกวางตัวให้เป็นนายกรัฐมนตรีคนถัดไปหลังเมดเวเดฟลงจากตำแหน่งประธานาธิบดี อย่างไรก็ตาม หลังผลการเลือกตั้งเมื่อ 4 ธันวาคม 2011 ได้ออกมาและปูตินเป็นผู้ชนะนั้น มีชาวรัสเซียหลายหมื่นคนออกมาประท้วงต่อต้านผลการเลือกตั้งและกล่าวหาคณะกรรมการการเลือกตั้ง ซึ่งถือเป็นการประท้วงที่ใหญ่ที่สุดนับตั้งแต่ปูตินเข้ามาปกครองประเทศ กลุ่มผู้ประท้วงได้ออกมาเรียกร้องให้การเลือกตั้งเป็นโมฆะ,tha,tha,"[694326.0, 210975.0, 34920.0, 52671.0, 434754.0, 415839.0, 784827.0, 114363.0, 182457.0, 551736.0, 135606.0, 15423.0, 8395641.0, 1182624.0, 807816.0]"
ปูตินเริ่มการทำงานในหน่วยเคจีบี (KGB) ในปี 1975 เมื่อจบการศึกษา โดยเข้ารับการฝึกฝนเป็นเวลาหนึ่งปีที่ โรงเรียนเคเกเบในออตา เลนินกราด อย่างไรก็ตาม ในรายงานการประเมินผลจากเจ้าหน้าที่ระดับสูงของหน่วยได้ระบุว่าปูตินนั้นมีข้อบกพร่อง ว่าเขานั้นเป็นคนไม่เข้าสังคมและมีสัญชาติญาณต่อภัยอันตรายต่ำ ต่อมาไปทำงานเป็นระยะเวลาสั้นๆที่กรมหลักที่สองแห่งคณะกรรมการความมั่นคงแห่งรัฐ (หน่วยราชการลับฝ่ายโต้ตอบ) ก่อนที่ต่อมาจะย้ายไปยังกรมหลักที่หนึ่งฯ ซึ่งเขามีหน้าที่ที่จะต้องเฝ้าจับตามองชาวต่างประเทศและเจ้าหน้าที่กงสุลในเลนินกราด,tha,tha,"[380480.0, 124990.0, 18850.0, 29000.0, 242150.0, 187340.0, 446020.0, 45530.0, 64670.0, 309140.0, 80330.0, 8410.0, 4902450.0, 635390.0, 610740.0]"
หลังจากชิงแชมป์ไม่สำเร็จ สุลต่านชกป้องกันแชมป์ฟิลิปปินส์ได้อีก 1 ครั้ง และยังไปชกนอกรอบชนะที่ญี่ปุ่น ต่อมา สุลต่านได้ไปชิงแชมป์ PABA รุ่นเวลเตอร์เวทที่รัสเซียเมื่อ 20 พฤษภาคมพ.ศ. 2549 ชนะน็อค แอนตัน โซโลปอฟ ยก 1 ได้แชมป์มาครอง และขึ้นชิงแชมป์โลกรุ่นเวลเตอร์เวท WBF ที่ว่างเมื่อ 25 พฤศจิกายน พ.ศ. 2549 ชนะคะแนน เอ็ดดี เดลิก ที่สิงคโปร์ แต่พอป้องกันแชมป์ครั้งแรกก็เสียแชมป์ไปเมื่อ 23 มิถุนายน พ.ศ. 2550 แพ้น็อค ฮัมซา อิสซา ยก 9 ที่ ฝรั่งเศส และในการชกครั้งถัดมา สุลต่านก็เสียแชมป์ฟิลิปปินส์ไปอีกเมื่อชกแพ้คะแนน อาร์เนล ทิคัมเปย์ เมื่อ 14 พฤศจิกายน พ.ศ. 2550 แล้วขึ้นชิงแชมป์ IBF ออสเตรเลียรุ่นเวลเตอร์เวทก็เป็นฝ่ายแพ้ทีเคโอไป เพราะสุลต่านไม่ออกจากมุมมาสู้ต่อเมื่อหมดยกที่ 4,tha,tha,"[640713.0, 176290.0, 37281.0, 34102.0, 394485.0, 395930.0, 756313.0, 68204.0, 216172.0, 539852.0, 57222.0, 22542.0, 7416607.0, 1082594.0, 402288.0]"
วันที่ 23 เมษายน พ.ศ. 2553 บีทีเอสซีได้ส่งมอบรถบีอาร์ที 2 คันจากประเทศจีนแก่บริษัท กรุงเทพธนาคม จำกัด ส่วนที่เหลือจะจัดส่งมาอีกจนครบ 25 คัน ก่อนนำมาติดตั้งระบบอาณัติสัญญาณ เพื่อให้สามารถเปิดเดินรถได้ทันในวันที่ 15 พฤษภาคม รถดังกล่าวเป็นรถยี่ห้อซันลอง (Sunlong) จากนครเซี่ยงไฮ้ ประเทศจีน ใช้เครื่องยนต์จากสหรัฐอเมริกา และระบบเบรกแบบดิสก์เบรกจากประเทศเยอรมนี ก่อนหน้านั้นรถได้ทดลองวิ่งที่ประเทศจีนมาแล้ว ทำให้สามารถประหยัดระยะเวลาดำเนินการทดลองเดินรถได้ถึง 2 เดือน,tha,tha,"[361152.0, 94176.0, 20448.0, 18720.0, 209952.0, 184032.0, 420480.0, 42048.0, 112896.0, 298944.0, 16704.0, 14688.0, 4879008.0, 599328.0, 328896.0]"
ซานอันโตนิโอเป็นสิ่งก่อสร้างที่ไม่บ่งลักษณะสถาปัตยกรรมของตระกูลใดตระกูลหนึ่งโดยเฉพาะ แต่เป็นสิ่งก่อสร้างที่วิวัฒนาการที่มาจากลักษณะสถาปัตยกรรมของหลายตระกูลที่เกิดขึ้นในช่วงหลายศตวรรษที่สร้างที่จะเห็นได้จากรายละเอียดของลักษณะภายนอก,tha,tha,"[152971.0, 51947.0, 13202.0, 7749.0, 71176.0, 125993.0, 185976.0, 31570.0, 36449.0, 118531.0, 13776.0, 5166.0, 2130401.0, 243663.0, 192577.0]"
วันที่ 15 เมษายน พ.ศ. 2556 ประกาศเก็บค่าโดยสาร 5 บาทตลอดสาย และไม่เก็บค่าโดยสารกับผู้สูงอายุ คนพิการ และพระสงฆ์ ตามนโยบายของ ม.ร.ว.สุขุมพันธุ์ บริพัตร ผู้ว่าราชการกรุงเทพมหานคร,tha,tha,"[160160.0, 34892.0, 10582.0, 12012.0, 98670.0, 100100.0, 173030.0, 15158.0, 49478.0, 125268.0, 11154.0, 5148.0, 1970254.0, 258258.0, 118976.0]"
กันดั้มเดธไซธ์เป็นหนึ่งในกันดั้มทั้งห้าเครื่องซึ่งมีต้นแบบมาจาก XXXG-00W0 วิงกันดั้มซีโร่ที่นักวิทยาศาสตร์ทั้งห้าได้ร่วมกันพัฒนาเพื่อใช้ต่อสู้กับองค์กรลับ OZ (Organization of Zodiac) แต่เนื่องจากพลังในการต่อสู้ของวิงกันดั้มซีโร่นั้นสูงเกินไปจนเป็นอันตราย นักวิทยาศาสตร์ทั้งห้าจึงได้ยกเลิกแผนการสร้างวิงกันดั้มซีโร่และได้แยกย้ายกันไปสร้างกันดั้มของตัวเอง กันดั้มเดธไซธ์ได้รับการพัฒนาโดยโปรเฟสเซอร์ G,tha,tha,"[293550.0, 87210.0, 28785.0, 12540.0, 160170.0, 150480.0, 330315.0, 66120.0, 69825.0, 229140.0, 13110.0, 10260.0, 3524880.0, 479085.0, 275310.0]"
"ท่านได้ออกบวชพร้อมกับเจ้าราชกุมารทั้ง 6 คือ พระเจ้าภัททิยศากยราชา, เจ้าชายอนุรุทธะ, เจ้าชายอานนท์, เจ้าชายภัคคุ , เจ้าชายกิมพิละ และเจ้าชายเทวทัต รวมเป็น 7 ออกบวช ณ อนุปิยอัมพวัน ในอนุปิยนิคม แคว้นมัลละ โดยในวันผนวชนั้น เจ้าชายทั้ง 6 ได้ตกลงกันให้นายอุบาลีผู้เป็นช่างภูษามาลาออกบวชก่อนตน เพื่อจะได้ทำความเคารพเป็นการลดทิฐิและมานะแห่งความเป็นเชื้อสายกษัตริย์ของตนลง โดยทั้งหมดได้อุปสมบทด้วยวิธีเอหิภิกขุอุปสัมปทาโดยตรงจากพระพุทธเจ้า เมื่อบวชได้ไม่นานท่านก็ได้สำเร็จเป็นพระอรหันต์ และพระอุบาลีได้รับการยกย่อง",tha,tha,"[421172.0, 100536.0, 11928.0, 21584.0, 233164.0, 447868.0, 487344.0, 61344.0, 125528.0, 347048.0, 14484.0, 9656.0, 4785968.0, 699208.0, 349604.0]"
"อะนิเมะซีรีส์ ผลิตโดย BROCCOLI, Madhouse and Bandai Visual เปิดฉายเป็นครั้งแรกที่ญี่ปุ่นโดย Animax ระหว่าง 7 เมษายน ค.ศ. 2001 ถึง 29 กันยายน ค.ศ. 2001 ต่อมาจึงได้มีภาคอื่นฉายตามกันมาซึ่งประกอบด้วยซี่รี่ย์ที่สอง (""""Z"""") และซี่รีย์ที่สาม (""""A"""", """"AA"""" และ """"S"""") และซี่รีย์ที่สี่ (""""X"""") ในแต่ละตอนที่ฉายจะมีประมาณ 25 นาที โดยชื่อตอนแต่ละจะเป็นชื่อของอาหาร ซี่รีย์แรกถูกนำเสนอโดย Animax ส่วนซี่ย์ต่อๆมา ถูกนำเสนอโดยTV Osaka และสถานี TXN ในต่างประเทศนั้น ถูกนำเสนอโดย Animax โดนนำเสนอเป็นเครือข่ายโดยใช้ภาษาอังกฤษ โดยเครือข่ายดังกล่าวได้แก่ เอเชียตะวันออกเฉียงใต้ และ เอเชียใต้ นอกจากนี้ยังมีประเทศอื่นๆ ได้แก่ ฮ่องกง ไต้หวัน เกาหลีใต้ และ ลาตินอเมริกา",tha,tha,"[469497.0, 148009.0, 53770.0, 29432.0, 300263.0, 205175.0, 554680.0, 99050.0, 184233.0, 397332.0, 21225.0, 8490.0, 5861213.0, 836831.0, 442612.0]"
ปรากฏตัวในภาคเสริม ความมุ่งมั่นของทิเอล (新機動戦記ガンダムW ～ティエルの衝動～) เป็นรุ่นปรับปรุงของกันดั้มเดธไซธ์กิลตี้ โดยติดส่วนหัวไหล่ของ OZ-15AGX ไฮดร้ากันดั้มซึ่งมีบีมแคนน่อนติดตั้งไว้เพื่อเพิ่มความสามารถในการต่อสู้ระยะไกล,tha,tha,"[189222.0, 82344.0, 17766.0, 14382.0, 108570.0, 86856.0, 212346.0, 152562.0, 62604.0, 144384.0, 9870.0, 7332.0, 1708638.0, 305406.0, 162432.0]"
โรงเรียนมัธยมวัดดุสิตาราม เป็นโรงเรียนสังกัดสำนักงานคณะกรรมการการศึกษาขั้นพื้นฐาน เขตการศึกษา กรุงเทพมหานครเขต 1 กระทรวงศึกษาธิการ เปิดสอนตั้งแต่ชั้นมัธยมศึกษาปีที่ 1 ถึง 6 ก่อตั้งในปีพุทธศักราช 2504,tha,tha,"[180402.0, 41307.0, 15455.0, 17984.0, 83738.0, 107623.0, 181526.0, 19389.0, 38216.0, 127855.0, 9273.0, 6182.0, 2002406.0, 278190.0, 117458.0]"
วลาดีมีร์ ปูตินในวัยเด็ก เป็นช่วงที่หนังสายลับได้รับความนิยมจึงเป็นการสร้างแรงบันดาลใจให้กับปูติน ในสมัยนั้นมีอาชีพอยู่เพียงสองประเภทที่สามารถเป็นสายลับได้คือต้องเป็นทหารหรือจบนิติศาสตร์,tha,tha,"[137200.0, 45360.0, 8400.0, 6160.0, 70000.0, 76160.0, 148680.0, 17920.0, 35000.0, 102200.0, 20440.0, 3360.0, 1902040.0, 212800.0, 148960.0]"
รถถังรุ่นมาทิลดา 1 (55) และมาทิลดา 2 ได้ถูกใช้ในการรบในประเทศฝรั่งเศสภายใต้สังกัดของกองพลน้อยทหารบกรถถังที่ 1 (British 1st Army Tank Brigade) แห่งกองกำลัง British Expeditionary Force (ฺBEF) กองทัพสหราชอาณาจักร โดยรถทั้งสองรุ่นได้มีส่วนร่วมในการป้องกันและการโต้กลับกองทัพนาซีเยอรมนีในการยุทธแห่งอาร์ราสในเดือนพฤษภาคม ค.ศ. 1940 ซึ่งในการรบครั้งนั้นกองทัพบริเตนสามารถทำให้กองพลรถถังที่ 7 (7th Panzer Division) ภายใต้การบัญชาการของจอมพลเออร์วิน รอมเมล แตกพ่ายไปได้ชั่วขณะหนึ่ง ต่อมาเมื่อกองกำลัง BEF ถอนทำกับเกาะอังกฤษ รถถังมาทิลดา เอ็มเค 1 จึงถูกปลดประจำการเพื่อใช้การฝึกซ้อมแทน,tha,tha,"[433845.0, 137826.0, 36270.0, 59985.0, 246357.0, 227664.0, 512523.0, 52173.0, 142290.0, 353493.0, 29016.0, 13392.0, 4816935.0, 733491.0, 449748.0]"
กบฏนักมวยได้เกิดขึ้นในเมืองชานตงในปี 1898 และเริ่มตอบโต้ชาวเยอรมันในชิงต่าวและจับกุมชาวอังกฤษในเหวยไห่แต่ก็พ่ายแพ้กับกองกำลังนานาชาติ ความอ่อนแอของจีนได้แสดงให้เห็นหลังจากแพ้สงครามจีน-ญี่ปุ่นในปี 1895 และความวุ่นวายก็เกิดขึ้นที่หมู่บ้านเล็กๆ แห่งหนึ่งในเมืองชานตงเนื่องจากปัญหาที่ดินของวัดพุทธและโบสถ์คริสต์โรมันคาทอลิกมิชชันนารีจึงร้องเรียนว่าที่ดินผืนนี้เป็นของตนมาแต่เดิมแล้ว การที่มีการสร้างโบสถ์ในที่ดินผืนนี้ทำให้ชาวบ้านไม่พอใจอย่างมากจึงทำลายโบสถ์จึงก่อกบฏนักมวยขึ้น,tha,tha,"[358898.0, 125934.0, 19182.0, 11398.0, 239914.0, 175974.0, 416722.0, 54210.0, 65052.0, 285228.0, 21684.0, 10564.0, 4570876.0, 583244.0, 459534.0]"
"การแข่งขันว่ายน้ำมาราธอน ในเอเชียนบีชเกมส์ 2016 จัดขึ้นที่เมืองดานัง, ประเทศเวียดนาม ระหหว่างวันที่ 23 - 25 กันยายน 2559 ณ. สวนสาธารณะเบี๋ยนดง, เมืองดานัง, ประเทศเวียดนาม",tha,tha,"[163430.0, 52630.0, 18282.0, 9972.0, 72297.0, 98612.0, 180604.0, 21606.0, 44320.0, 124373.0, 12742.0, 5817.0, 1658676.0, 247915.0, 239328.0]"
กล้องโทรทรรศน์กระจกเหลว (อังกฤษ: Liquid mirror) เป็นกล้องโทรทรรศน์แบบสะท้อนแสง ที่มีกระจกปฐมภูมิเป็นแอ่งของเหลวสะท้อนแสง หมุนตลอดเวลา โดยปกติจะใช้ปรอท,tha,tha,"[126408.0, 36156.0, 9108.0, 6072.0, 59064.0, 78108.0, 136068.0, 19872.0, 35052.0, 96048.0, 5520.0, 4140.0, 1374204.0, 194304.0, 115644.0]"
โทโมโยะเป็นลูกสาวคนเดียวของโซโนมิ ไดโดจิเจ้าของบริษัทผลิตของเล่นเด็ก โซโนมิเป็นลูกพี่ลูกน้องของนาเดชิโกะ คิโนโมโตะ แม่ของซากุระ ส่วนพ่อของโทโมโยะนั้นในเรื่องไม่มีการกล่าวถึง เขา,tha,tha,"[121000.0, 46200.0, 7425.0, 4125.0, 35200.0, 75900.0, 133925.0, 27225.0, 30800.0, 81400.0, 10725.0, 3850.0, 1389300.0, 185075.0, 102575.0]"
"การแต่งไม่ได้แต่งรวดเดียวจบ แต่แต่งเรื่อยไปวันละบทสองบทตามแต่จะคิดโคลงออก ซึ่งมักเป็นเวลาแปลกๆ เช่น เวลานั่งรถบ้าง เวลาคุยกับใครๆ หรือเวลาเข้านอน ตอนแรกๆไปได้ช้าเพราะต้องเตรียมสอบ ม.ศ. ๕ พอเสร็จแล้วแต่งตามสบาย โดยอ่าน """"สามกรุง"""" ประกอบไปด้วย นับว่าเป็นหนังสือเล่มเดียวที่ใช้ประกอบการสอบเข้ามหาวิทยาลัย และโคลงที่ข้าพเจ้าแต่งก็บังเอิญเสร็จตอนมหาวิทยาลัยเปิดพอดี เมื่อจบแล้วได้ให้อาจารย์กำชัย ทองหล่อดู อาจารย์กรุณาตั้งชื่อให้ว่า """"กษัตริยานุสรณ์""""...",tha,tha,"[329074.0, 84940.0, 10412.0, 11234.0, 164126.0, 199746.0, 370722.0, 39182.0, 50416.0, 265780.0, 11508.0, 8220.0, 5181888.0, 549370.0, 301674.0]"
"ในชุดไฟล์ (File) เล่ม2-3 ตอน """"คดีฆาตกรรมหมู่บ้านอาถรรพณ์"""" นั้นได้รับอิทธิพลจากนิยายสืบสวนเรื่อง """"จักรราศีฆาตกรรม"""" (สำนักพิมพ์นานมีบุ๊คส์) ของ โซจิ ชิมาดะ (ฉบับแปลภาษาอังกฤษชื่อ The Tokyo zodiac murders)",tha,tha,"[165984.0, 55146.0, 15288.0, 10920.0, 105378.0, 117390.0, 191373.0, 31941.0, 59514.0, 133224.0, 6552.0, 3822.0, 2082444.0, 287742.0, 141687.0]"
"จอห์น วิเธอร์สปูน ซึ่งเป็นผู้ลงนามคำประกาศอิสรภาพสหรัฐอเมริกากล่าวว่า """"ประชาธิปไตยบริสุทธิ์ไม่สามารถดำรงอยู่ได้นานด้วย ไม่สามารถใช้ในส่วนต่าง ๆ ของรัฐด้วย (เพราะ) มันตกอยู่ใต้การทำตามอำเภอใจและตามความบ้าเนื่องจากความคลั่งไคล้ของประชาชน"""" ส่วนอเล็กซานเดอร์ แฮมิลตัน ผู้เป็นบิดาของประเทศและเลขาธิการกระทรวงการคลังสหรัฐคนแรก ได้กล่าวไว้ว่า """"จุดยืนว่า ถ้าประชาธิปไตยบริสุทธิ์สามารถปฏิบัติได้ ก็จะเป็นระบบการปกครองที่สมบูรณ์ที่สุด (แต่) ประสบการณ์ได้พิสูจน์แล้วว่า ไม่มีจุดยืนไหนที่เป็นเท็จยิ่งกว่านี้ ประชาธิปไตยโบราณต่าง ๆ ที่ประชาชนเองปรึกษาหารือ ไม่มีลักษณะการปกครองอะไรดีสักอย่าง (เพราะ) ลักษณะโดยเฉพาะของพวกมันก็คือ เป็นระบบทรราชย์ และรูปร่างของมันก็พิกลพิการ",tha,tha,"[477360.0, 139264.0, 11152.0, 35088.0, 249696.0, 318240.0, 523600.0, 94656.0, 146608.0, 381072.0, 24752.0, 11152.0, 5828960.0, 813008.0, 518976.0]"
"เมื่อสร้างถนนเจริญกรุงเสร็จใหม่ ๆ นั้น ยังไม่ได้พระราชทานนาม จึงเรียกกันทั่วไปว่า ถนนใหม่ และชาวยุโรปเรียกว่า นิวโรด (New Road) ชาวจีนเรียก ซินพะโล้ว แปลว่าถนนตัดใหม่ ต่อมา พระบาทสมเด็จพระจอมเกล้าเจ้าอยู่หัวจึงโปรดเกล้าฯ พระราชทานนามถนนว่า """"ถนนเจริญกรุง"""" ซึ่งมีความหมายถึงความเจริญรุ่งเรืองของบ้านเมือง เช่นเดียวกับชื่อถนนบำรุงเมืองและถนนเฟื่องนคร ที่โปรดเกล้าฯ ให้สร้างขึ้นในคราวเดียวกัน",tha,tha,"[280214.0, 69376.0, 13550.0, 21409.0, 153115.0, 166665.0, 315715.0, 39295.0, 65040.0, 222491.0, 8943.0, 5962.0, 4000773.0, 435226.0, 228182.0]"
ตะเคียนหินเป็นไม้ยืนต้นขนาดกลางถึงใหญ่ สูง 15-30 เมตร เรือนยอดเป็นพุ่มกลมหรือรูปกรวยแหลม โคนต้นมีพูพอน ใบเป็นใบเดี่ยวเรียงสลับ รูปหอกแกมรูปไข่ กว้าง 2.5-3 เซนติเมตร ยาว 6-8.5 เซนติเมตร โคนใบทู่หรือกลมแล้วค่อย ๆ เรียวไปหาปลายใบ ปลายใบยาวคล้ายหาง ใบเกลี้ยงเป็นมันทั้งสองด้าน มีเส้นแขนงใบ 8-10 คู่ ก้านใบยาว 1-1.3 เซนติเมตร เมื่อแห้งจะมีสีดำ ดอกเป็นช่อแบบแยกแขนงสั้น ออกระหว่างง่ามใบหรือปลายกิ่ง มีสีขาวหรือสีเหลืองอ่อน กลีบเลี้ยงมี 5 กลีบ โคนกลีบเชื่อมติดกันเป็นรูปกรวย ปลายกลีบแยกเป็น 5 แฉก กลีบดอกมี 5 กลีบ จีบเวียนเป็นรูปกังหัน กลีบดอกยาวเป็นสองเท่าของกลีบเลี้ยง มีสีขาวหรือสีเหลืองอ่อนเช่นกัน ผลเป็นผลแห้งไม่แตก มีผิวแข็ง เป็นรูปขอบขนาน มีปีก 5 ปีก ผลและโคนปีกไม่เชื่อมติดกัน ปีกยาว 2 ปีก รูปขอบขนาน ยาวประมาณ 3 เซนติเมตร ปีกสีน้ำตาลดำ ปีกสั้น 3 ปีก สั้นมากติดกับโคนผล,tha,tha,"[647460.0, 166590.0, 24030.0, 66420.0, 331560.0, 270810.0, 747900.0, 153900.0, 222750.0, 523800.0, 29160.0, 20250.0, 7379910.0, 1138860.0, 615600.0]"
โคกพนมดีเป็นเนินดินขนาดใหญ่ ลักษณะคล้ายเกาะที่ตั้งอยู่ในที่ราบลุ่ม มีรูปร่างค่อนข้างกลม เส้นผ่าศูนย์กลางประมาณ ๒๓๐ เมตร มีพื้นที่ประมาณ ๒๘ ไร่ จุดสูงสุดจากพื้นที่โดยรอบประมาณ ๑๒ เมตร อยู่ในตำบลท่าข้าม อำเภอพนัสนิคม ผลการศึกษาพบว่า โคกพนบดีเป็นที่ตั้งชุมชนโบราณที่สามารถสร้างเครื่องมือหิน (ขวานหินขัด หินลับ หินบด ค้อนหิน หินกรวดสำหรับขัดผิว ภาชนะและกำไลหิน) เครื่องมือที่ทำจากกระดูกสัตว์เช่น ฉมวก เครื่องมือที่ทำจากหอยเช่น มีด สิ่ว เครื่องประดับที่ทำจากเปลือกหอย และภาชนะดินเผาแบบเชือกทาบ เป็นชุมชนที่อพยพ และเปลี่ยนแปลงมาจากสังคมแบบดั้งเดิม ซึ่งมักอาศัยอยู่ในที่สูงดำรงชีวิตด้วยการล่าสัตว์และแสวงหาอาหารจากธรรมชาติ ต่อมาอพยพลงมาอยู่ที่โคกพนบดี ซึ่งในครั้งนั้นเป็นพื้นที่ชายฝั่งทะเลที่อุดมสมบูรณ์ด้วยทรัพยากรธรรมชาติทั้งจากป่าและทะเล มีผู้เสนอข้อคิดเห็นว่าเนินดินแห่งนี้เป็น shell Mound สมัยก่อนประวัติศาสตร์ขนาดใหญ่ที่สุดแห่งหนึ่งในเอเซียอาคเนย์ ต่อมาผู้คนเหล่านั้นก็เริ่มพัฒนาการดำรงชีวิตด้วยการเพาะปลูกแบบเริ่มแรก ควบคู่กันไปกับการแสวงหาอาหารจากทะเล และล่าสัตว์,tha,tha,"[659319.0, 168663.0, 22865.0, 35777.0, 397582.0, 407266.0, 778755.0, 106255.0, 221925.0, 539345.0, 31204.0, 21520.0, 9832219.0, 1103707.0, 767726.0]"
"อัลบั้มชุดที่ 3 When the World Comes Down ออกวางขายเมื่อ 16 ธันวาคม ค.ศ. 2008 มีซิงเกิลแรกคือ """"Gives You Hell"""" เป็นที่นิยมในระดับนานาชาติ เพลงนี้ขึ้นชาร์ตสูงสุดอันดับ 4 บนบิลบอร์ดฮอต 100 และอันดับ 2 บนชาร์ตป็อป 100 เช่นเดียวกับในสหราชอาณาจักรบนยูเคซิงเกิลส์ชาร์ต ที่ติดท็อป 20 และอันดับ 3 บน Australian ARIA Singles chart",tha,tha,"[255136.0, 73164.0, 28408.0, 11792.0, 134000.0, 117652.0, 287296.0, 33768.0, 46632.0, 202072.0, 14740.0, 7772.0, 2666064.0, 395032.0, 197784.0]"
วังคลังสินค้า เป็นวังที่สร้างขึ้นในสมัยพระบาทสมเด็จพระพุทธยอดฟ้าจุฬาโลกมหาราช เพื่อเป็นที่ประทับของเจ้าฟ้ากรมหลวงพิทักษ์มนตรี เมื่อกรมหลวงพิทักษ์มนตรีสิ้นพระชนม์ก็ไม่ปรากฏนามว่าพระบรมวงศานุวงศ์คนใดมาประทับ ปัจจุบันอยู่บริเวณกรมการค้าภายใน กระทรวงพาณิชย์ในปัจจุบัน,tha,tha,"[211464.0, 48594.0, 12282.0, 15219.0, 108669.0, 176487.0, 237630.0, 23229.0, 43254.0, 171147.0, 11748.0, 6675.0, 2653713.0, 333750.0, 154860.0]"
สัมประสิทธิ์ ของความในทางคณิตศาสตร์หมายถึงตัวประกอบการคูณในบางพจน์ของนิพจน์ (หรือของอนุกรม) ปกติแล้วจะเป็นจำนวนจำนวนหนึ่ง ซึ่งไม่เกี่ยวข้องกับตัวแปรของนิพจน์ ตัวอย่างเช่น,tha,tha,"[122094.0, 36176.0, 5586.0, 7714.0, 57722.0, 87248.0, 123690.0, 22344.0, 26600.0, 86982.0, 2926.0, 3458.0, 1360058.0, 175560.0, 112784.0]"
คลองบางกอกใหญ่ในปัจจุบันนั้นถือเป็นเส้นทางสัญจรและระบายน้ำ และยังเป็นแหล่งท่องเที่ยวเชิงวัฒนธรรมที่สำคัญอย่างมาก มีศาสนสถานตั้งอยู่อย่างหนาแน่นทั้งสองฝั่ง วัดและมัสยิดริมคลองบางกอกใหญ่ได้แก่,tha,tha,"[134090.0, 33920.0, 6095.0, 10865.0, 63070.0, 79765.0, 144425.0, 19080.0, 31270.0, 97520.0, 8215.0, 3710.0, 2092705.0, 206700.0, 128525.0]"
หมี่กึง เป็นวัตถุดิบประกอบอาหารแทนเนื้อสัตว์อีกหนึ่งชนิด แต่ไม่ถือเป็นโปรตีนเกษตร เนื่องจากส่วนผสมหลักคือแป้งข้าว เช่น ข้าวเหนียว และ ข้าวสาลี ซึ่งให้คาร์โบไฮเดรต รูปร่างมีได้หลายขนาดหลายแบบ ส่วนใหญ่เป็นก้อนแป้งม้วนลักษณะคล้ายโรตี แต่ปัจจุบันมีการผลิตออกในรูปแบบต่างๆเช่น ลูกชิ้น เนื้อปลาเทียม หรืออื่นๆ โดยหมี่กึงจะอยู่ในรูปของอาหารสดเสมอ ไม่นิยมอบแห้ง เนื่องจากรสสัมผัสจะเปลี่ยน,tha,tha,"[239976.0, 61512.0, 11616.0, 8712.0, 135696.0, 130152.0, 281952.0, 55704.0, 45408.0, 195360.0, 9504.0, 8448.0, 3816912.0, 388608.0, 261360.0]"
"กองกำลังนานาชาติภายใต้คำสั่งของนายพลอัลเฟรด แกสลี ประมาณ 45,000 คน ประกอบด้วยกำลังจากญี่ปุ่น 20,840 คน รัสเซีย 13,150 คน สหราชอาณาจักร 12,020 คน ฝรั่งเศส 3,520 คน สหรัฐอเมริกา 3,420 คน เยอรมนี 900 คน อิตาลี 80 คน และออสเตรีย-ฮังการี 75 คน ได้ยึดเมืองเทียนจินในวันที่ 14 กรกฎาคม ค.ศ. 1900",tha,tha,"[264578.0, 104937.0, 28667.0, 20514.0, 160956.0, 154118.0, 323753.0, 50759.0, 83634.0, 224339.0, 23144.0, 9994.0, 2073755.0, 451571.0, 179892.0]"
แต่เดิมพระมหากษัตริย์สวีเดนมีพระราชอำนาจเพียงเล็กน้อย ส่งผลจำกัดในเรื่องการทำศึกสงคราม โดยผู้พิพากษาและพระสงฆ์จะต้องเป็นสักขีพยานของความบกพร่องในการใช้อำนาจในครั้งนี้ด้วย ทั้งนี้ศิลาจารึกนับพันได้จารึกไว้เช่นกันแต่ไม่มีบันทึกเกี่ยวกับพระมหากษัตริย์เลย อย่างไรก็ตามพระราชอำนาจของพระมหากษัตริย์ก็ยังคงได้รับการสนับสนุนจากศาสนจักร ทำให้มีพระราชอำนาจมากขึ้นในระหว่างคริสต์ศตวรรษที่ 11 และในคริสต์ศตวรรษต่อมา พระราชอำนาจของพระมหากษัตริย์สวีเดนก็เพิ่มมากขึ้นเรื่อย ๆ ตามประเพณีแล้วพระมหากษัตริย์จะทรงบรมราชาภิเษกที่แท่นหินแห่งโมรา ซึ่งเป็นสถานที่ประชาชนมีสิทธิจะยอมรับหรือไม่ยอมรับพระมหากษัตริย์พระองค์ใหม่ได้ ซึ่งพิธีกรรมนี้สืบทอดจากพระมหากษัตริย์สวีเดนพระองค์ก่อน ๆ มาตั้งแต่ปี ค.ศ. 1544 ซึ่งในปัจจุบันพระราชวงศ์เบอร์นาดอตต์ปกครองสวีเดนมาตั้งแต่ช่วงสงครามนโปเลียน และต่อมาสวีเดนก็ต้องสูญเสียฟินแลนด์และส่วนตะวันออกของรีล์มให้แก่จักรวรรดิรัสเซีย ทั้งนี้ตามบทบัญญัติในรัฐธรรมนูญแห่งราชอาณาจักรสวีเดนระบุไว้ว่าพระมหากษัตริย์ทรงเป็นเพียงประมุขแห่งรัฐเท่านั้นและไม่มีพระราชอำนาจทางการเมือง,tha,tha,"[735434.0, 204360.0, 35108.0, 37204.0, 466098.0, 600504.0, 838400.0, 145672.0, 201216.0, 581116.0, 34322.0, 17554.0, 8896210.0, 1204414.0, 802768.0]"
"ในประเทศญี่ปุ่น คินดะอิจิ กับคดีฆาตกรรมปริศนาลงตีพิมพ์เป็นตอน ๆ ในนิตยสาร โชเน็นแม็กกาซีน ของสำนักพิมพ์โคดันฉะ ตั้งแต่ปีพ.ศ. 2535 และตีพิมพ์รวมเล่มออกจำหน่ายจนถึงตอนนี้เป็นจำนวน 52 เล่ม แบ่งเป็นฉบับ """"ไฟล์"""" 27 เล่ม 19 คดี ฉบับ """"เคส"""" 10 เล่ม 7 คดี ฉบับ """"ชุดแฟ้มคดีพิศวง"""" 6 เล่ม 17 คดี ฉบับ """"ชุดสารวัตรอาเคจิ"""" 2 เล่ม 7 คดี และฉบับ """"ชุดไฟล์ฉบับใหม่"""" 14 เล่ม 8 คดี """"ชุดคดีฉลองครบรอบ 20 ปี"""" 5 เล่ม 3 คดี และฉบับล่าสุด """"อาร์"""" ซึ่งในขณะนี้ 10 เล่ม 8 คดี สำหรับประเทศไทยผู้ได้รับลิขสิทธิ์ในการตีพิมพ์คือสำนักพิมพ์วิบูลย์กิจ เริ่มแรกตีพิมพ์เป็นรายสัปดาห์ในนิตยสาร KC WEEKLY ภายหลังเปลี่ยนเป็นรายสะดวก ตีพิมพ์รวมเล่มออกจำหน่ายแล้ว 75 เล่ม และปัจจุบันสามารถหาอ่านแบบหนังสืออิเล็กทรอนิกส์ (อีบุ๊ค) อย่างถูกกฎหมายผ่านเว็บไซต์ของวิบูลย์กิจ ทั้งแบบรวมเล่ม และตอนรายสัปดาห์",tha,tha,"[571851.0, 181395.0, 52722.0, 31842.0, 366705.0, 326250.0, 691389.0, 96831.0, 139374.0, 491724.0, 24795.0, 16443.0, 7587531.0, 980577.0, 475281.0]"
"มิสแกรนด์มาเลเซีย 2017 ( อังกฤษ: Miss Grand Malaysia 2017) เป็นการประกวดนางงามระดับประเทศของมาเลเซีย ซึ่งถือเป็นการประกวดมิสแกรนด์มาเลเซียครั้งแรก โดยการประกวดรอบสุดท้ายถูกจัดขึ้นในวันที่ 5 สิงหาคม ค.ศ. 2017 ณ ห้อง Grand Pacific Ballroom, ห้างสรรพสินค้า Evolve Concept Mall, อาราดามันซารา, เมืองเพทาลิง จายา, รัฐเซอลาโงร์, ประเทศมาเลเซีย โดยผู้ชนะจำนวน 2 คนในการประกวดในครั้งนี้ คือ Sanjeda John จากรัฐซาบะฮ์ และ Sanjna Suri จากกัวลาลัมเปอร์ ซึ่งได้รับการส่งมอบตำแหน่งโดย Ranmeet Jassal – มิสแกรนด์มาเลเซีย 2016 และจะต้องเข้าร่วมการประกวดมิสแกรนด์อินเตอร์เนชันแนล 2017 ในช่วงเดือนตุลาคม ค.ศ. 2017 ที่ประเทศเวียดนาม และมิสอินเตอร์คอนติเนนตัล 2017 ที่ประเทศอินเดีย ตามลำดับ",tha,tha,"[469040.0, 132340.0, 44720.0, 39520.0, 311740.0, 237640.0, 555880.0, 77220.0, 159380.0, 391820.0, 25740.0, 13780.0, 4392700.0, 815620.0, 346320.0]"
ในปิศาจวิทยา โอโรบัส(อังกฤษ: Orobas)เป็นเจ้าฟ้าแห่งนรกผู้มีอสูรใต้บังคับบัญชา 20 กองและเป็นปิศาจตนที่ 55 ในบท อาร์สโกเอเทีย จากหนังสือกุญแจย่อยของโซโลมอน,tha,tha,"[140637.0, 46361.0, 13986.0, 14504.0, 67081.0, 116291.0, 157990.0, 22274.0, 25123.0, 97384.0, 8029.0, 8288.0, 1341620.0, 222740.0, 96089.0]"
"ช่วยรับที"""" เป็นเพลงจากอัลบั้มและซิงเกิลแรกของ ธงไชย แมคอินไตย์ ในอัลบั้ม ซิมพลีย์ เบิร์ด ประพันธ์เนื้อร้องโดย เพียงออ (นิติพงษ์ ห่อนาค) แต่งทำนองและเรียบเรียงโดย สุวัชชัย สุทธิรัตน์ ออกจำหน่ายในวันที่ 4 พฤศจิกายน พ.ศ. 2550 และมิวสิกวิดีโอเพลงนี้มี จรินทร์พร จุนเกียรติ กับ อัครณัฐ อริยฤทธิ์วิกุล ร่วมแสดงและมี อภินันท์ ธีระนันทกุล กับนิรมล กิจภิญโญชัย พากย์เสียงในมิวสิกวิดีโออีกด้วย",tha,tha,"[364554.0, 90300.0, 19092.0, 29154.0, 211302.0, 281994.0, 397836.0, 41538.0, 128226.0, 292572.0, 20382.0, 11352.0, 3993324.0, 610170.0, 219042.0]"
สปริง คือ ขดสปริง หมายถึง Coil Spring เป็นขดลวดที่มีเส้นผ่าศูนย์กลางขนาดต่างๆ ขดเป็นวง รูปทรงกระบอก โดยทั่วไปหมายถึงการยืดหด ยุบ หรือขยายตัว ของอุปกรณ์ เรียกว่า สปริง เช่น การสปริงของยางยืด (Rubber Spring) เป็นต้น ในพจนานุกรมฉบับราชบัณฑิตยสถาน ว่า สปริงหมายถึง สิ่งที่ยืดหรือหดแล้วคืนตัวได้เอง (อ. spring) สปริงมีหลายประเภท หลายรูปแบบ ที่นิยมใช้อยู่ในปัจจุบัน ได้แก่,tha,tha,"[249033.0, 61937.0, 14649.0, 20303.0, 149574.0, 154714.0, 274219.0, 52685.0, 80441.0, 196091.0, 13878.0, 9252.0, 3506508.0, 407345.0, 245178.0]"
ป่าดิบเขา เป็นป่าที่มีความโปร่งกว่าป่าดิบชื้นอยู่ในระดับความสูง 800 เมตรขึ้นไป เนื่องจากมีต้นไม้ใหญ่ขึ้นอยู่น้อย พันธุ์ไม้เด่นได้แก่ ก่อตาหมู ก่อนก ก่อเดือย ก่อแป้น พืชพื้นล่างที่พบได้แก่ มังเส เฟิน มอส กล้วยไม้ดิน เป็นต้น,tha,tha,"[153088.0, 42496.0, 8192.0, 11520.0, 71680.0, 82432.0, 181248.0, 26880.0, 38912.0, 126976.0, 8704.0, 5376.0, 2287616.0, 255744.0, 135168.0]"
ก้องเกียรติสนใจไวน์เพราะความลับ ต่างจาก ชยุต (โอลิเวอร์ พูพาร์ท) กรรมการหนุ่มใหญ่อีกคนหนึ่ง ที่เผลอใจมีความสัมพันธ์กับ บีบี (วราไพลินทร์ ลภัสนิธิโรจน์) สาวงามที่สวยด้วยมีดหมอ ทำให้ชยุตต้องแอบให้ความช่วยเหลือบีบีอยู่ตลอดเวลา แต่ความสัมพันธ์ของทั้งคู่ก็ล่วงรู้ไปถึง เดียร์ (พรพรรณ ฤกษ์อัตการ) สาวห้าว ปากกล้า และ ลูกหว้า (รัตนาภรณ์ กลิ่นกุหลาบหิรัญ) สาวสวย หัวอ่อน คู่หูพริตตี้ตะกายดาว เดียร์และลูกหว้าจึงพยายามหาทางเปิดเผยความจริงของบีบี ในขณะที่บีบีก็หาทางเขี่ยทั้งคู่ให้ตกรอบไป ขึ้นอยู่กับว่าฝ่ายใดจะเพลี่ยงพล้ำก่อน,tha,tha,"[396015.0, 98685.0, 17340.0, 29835.0, 254235.0, 276165.0, 454410.0, 53805.0, 114495.0, 330225.0, 26265.0, 14790.0, 5540130.0, 692070.0, 283815.0]"
Opperhoofd เป็นภาษาดัตช์ความหมายว่าผู้ใหญ่บ้านสูงสุด เป็นคำที่ชาวญี่ปุ่นใช้เรียกผู้ที่ดำรงตำแหน่งเป็นหัวหน้าดูแลร้านค้าในเกาะแห่งนี้ ซึ่งมักจะเป็นชาวโปรตุเกสที่สืบเชื้อสายกันต่อๆมา เป็นตำแหน่งที่มีอำนาจเหมือนกับผู้ว่าการรัฐOpperhoofd ที่โดดเด่น,tha,tha,"[161036.0, 43688.0, 10414.0, 9398.0, 100076.0, 68326.0, 178562.0, 31750.0, 25146.0, 152400.0, 7112.0, 3810.0, 2106168.0, 252730.0, 178054.0]"
โดยชื่อของ ลักษทวีป มาจากภาษาสันสกฤตสองคำคือ ลักษะ (लक्षं) หรือ ลักขะ ที่มีความหมายว่า จำนวนแสน กับคำว่า ทวีป (द्वीप) ที่มีความหมายว่า เกาะ รวมกันจึงมีความหมายคือ หมู่เกาะที่มีจำนวนแสนเกาะ,tha,tha,"[118151.0, 33396.0, 5060.0, 7590.0, 53636.0, 195316.0, 135102.0, 23529.0, 35420.0, 86526.0, 5566.0, 4807.0, 1563287.0, 192027.0, 99176.0]"
เนื้อสัตว์เทียม คือวัตถุดิบประกอบอาหาร ทำจากผลิตภัณฑ์ทางการเกษตร ใช้ประกอบอาหารแทนเนื้อสัตว์ เนื้อสัตว์เทียมมักใช้เป็นส่วนผสมในอาหารมังสวิรัติหรืออาหารเจ โดยมีชนิดย่อยต่างๆ คือ,tha,tha,"[104580.0, 28224.0, 4284.0, 4284.0, 43092.0, 60732.0, 114156.0, 27720.0, 18144.0, 80640.0, 2016.0, 1512.0, 1662444.0, 151704.0, 117936.0]"
เด็กนักเรียนชั้นมัธยมปลาย เรียนอยู่โรงเรียนฟุโด หลานชายของยอดนักสืบชื่อดัง คินดะอิจิ โคสุเกะ คินดะอิจิมีความสามารถในด้านการสืบสวนสอบสวน ไขปมปริศนา พิจารณาร่องรอยในสถานที่เกิดเหตุการฆาตกรรมได้อย่างดีเยี่ยม นิสัยซุ่มซ่าม เจ้าชู้และทะลึ่ง มีเพื่อนสนิทในวัยเด็กคือนานาเสะ มิยูกิ คิดะอิจิก็แอบชอบแต่ไม่เปิดเผย ที่คอยช่วยเหลือคินดะอิจิยามมีปัญหา และเป็นกำลังใจสำคัญแก่คินดะอิจิในการไขคดีฆาตกรรม,tha,tha,"[272586.0, 92368.0, 14056.0, 16566.0, 170680.0, 187497.0, 331069.0, 52208.0, 82830.0, 229665.0, 20833.0, 9538.0, 3822479.0, 486689.0, 265056.0]"
ปีถัดมา เขาได้รับเกียรติให้รับใช้ทีมชาติไทยเข้าร่วมการแข่งขันเอเชียนเกมส์ที่โดฮา ประเทศกาตาร์ ด้วยควมสามารถที่ดีแต่โชคไม่เข้าข้าง สินทวีชัย และนักฟุตบอลทีมชาติไทย ทำให้ไม่สามารถทีมชาติเจ้าภาพได้ ทำให้พวกเขาไม่สามารถเข้าสู้รอบชิงชนะเลิศได้แต่อย่างไรก็ตาม สินทวีชัย ก็กลับมาพร้อมประสบการณ์ที่เขาต้องเรียนรู้ต่อไป,tha,tha,"[188750.0, 58750.0, 8500.0, 7750.0, 96250.0, 94750.0, 210500.0, 23500.0, 33250.0, 150750.0, 11750.0, 8250.0, 2966250.0, 303750.0, 211500.0]"
"ข้าพเจ้าเริ่มอ่านสามกรุงไปเรื่อยๆ วันหนึ่งก็นึกออกว่าโคลงที่นึกอยากจะแต่งนั้นควรเป็นเรื่อง """"อะแซหวุ่นกี้ขอดูตัวเจ้าพระยาจักรี"""" ซึ่งเป็นบทยอพระเกียรติพระบาทสมเด็จพระพุทธยอดฟ้าจุฬาโลก จึงวางโครงเรื่องลงในสมุดแล้วใช้เค้าโครงจากหนังสือ """"ไทยรบพม่า""""...",tha,tha,"[158862.0, 48306.0, 8217.0, 6972.0, 89142.0, 103584.0, 179778.0, 22161.0, 27888.0, 120516.0, 10209.0, 3486.0, 2306985.0, 253482.0, 141930.0]"
"อีกเพียงก้าวเดียวเท่านั้นจอมมารซาตานก็จะครอบครองโลกได้อยู่แล้วเชียว แต่เขากลับโดนผู้กล้าโค่นลงเสียก่อน จอมมารจึงต้องกระเสือกกระสนหนีไปยังโลกต่างมิติและมาลงเอยที่เมืองซาซาสึกะ จังหวัดโตเกียว ประเทศญี่ปุ่น เรื่องที่จอมมารคิดจะทำตอนอยู่ญี่ปุ่นก็คือ """"การครอบครองโลก""""!!! ซะเมื่อไหร่กันล่ะ คือการทำงานพิเศษในร้านเฟรนชายส์ของร้านอาหารฟาสต์ฟู้ดชื่อดังหน้าสถานีเพื่อเก็บเงินเป็นค่าครองชีพต่างหากล่ะ หรือพูดง่ายๆ ก็คือเริ่มชีวิตแบบฟรีเตอร์นั่นเอง! แถมตอนนี้ ผู้กล้าเอมิเลียที่ไล่ตามจอมมารทะลุมิติมาก็ยังต้องมาทำงานเป็นโอเปอเรเตอร์ ต่อสู้กับสภาพเศรษฐกิจของญี่ปุ่นอีกต่างหาก สองคนนั่นต้องมาเจอกันอีกครั้งที่ญี่ปุ่นแล้วคง!? เรื่องราวแฟนตาซีแบบบ้านๆ ของจอมมารที่ใช้ชีวิตแบบฟรีเตอร์ ทำงานจนเหงื่อหยดติ๋งๆ มีอพาร์ทเมนท์ห้องเดียวขนาด 6 เสื่อเป็นปราสาทจอมมารชั่วคราวก็เปิดฉากขึ้น ผลงานที่ได้รับรางวัลเหรียญเงินจากงานประกวดนวนิยายเด็งเกขิครั้งที่ 17 ปรากฏตัวแล้ว",tha,tha,"[536424.0, 160952.0, 18848.0, 34472.0, 349184.0, 264616.0, 645296.0, 87048.0, 203360.0, 456320.0, 31000.0, 13144.0, 7841264.0, 996216.0, 511376.0]"
"วันที่ 9 พฤศจิกายน พ.ศ. 2550 การประกวดราคาด้วยระบบอิเล็กทรอนิกส์ (อีออกชั่น) เพื่อจัดซื้อรถโดยสารบีอาร์ทีจำนวน 45 คัน วงเงิน 388,777,410 บาทไม่มีผู้สนใจเข้าร่วม แม้จะมีเอกชนยื่นซื้อซองประกวดราคาไปแล้ว 18 ราย โดยอ้างว่าติดขัดเงื่อนไข เช่นหากรถเสีย เอกชนต้องหารถมาเปลี่ยนและจ่ายค่าปรับคันแรก 20,000 บาท คันที่ 2 40,000 บาท ต้องมีพนักงานซ่อมบำรุงตลอดระยะเวลาที่เดินรถ รวมทั้งต้องมีอุปกรณ์ซ่อมแซมครบครัน ค่าปรับกรณีส่งมอบรถช้าวันละ 777,554 บาท เป็นต้น ขณะที่เอกชนบางรายอ้างว่ากำหนดราคากลางต่ำเกินไป หรือระยะเวลาในการจัดทำเอกสารน้อยเกินไป",tha,tha,"[371241.0, 94848.0, 18278.0, 17784.0, 204516.0, 150670.0, 429039.0, 42978.0, 104234.0, 302328.0, 17290.0, 8892.0, 5250479.0, 607867.0, 316160.0]"
ก่อนที่จะมีการจัดตั้งโรงเรียน กรมสามัญศึกษาได้อนุญาตให้เป็นหน่วยเรียน ขึ้นตรงต่อโรงเรียนมัธยมด่านขุนทด และได้เปิดทำการสอนตั้งแต่ปี พ.ศ. 2531 โดยรับนักเรียนชั้น ม. 1 จำนวน 2 ห้องเรียน มีนักเรียน 49 คน โดยมีนายสะอาด นาคาเริงฤทธิ์ ผู้อำนวยการโรงเรียนมัธยมด่านขุนทดในสมัยนั้น ได้มาดำเนินการเรื่องสถานที่ เนื่องจากจัดหาที่ดินเพื่อเตรียมขออนุญาตเปิดโรงเรียนในปีการศึกษา 2532 และได้จัดครูโรงเรียนมัธยมศึกษา มาช่วยสอน 1 คน คือนายชิด ไพเราะ ปัจจุบันดำรงตำแหน่ง ผู้บริหารโรงเรียนวังไม้แดงพิทยาคม,tha,tha,"[333576.0, 82902.0, 19434.0, 17712.0, 187206.0, 199752.0, 373182.0, 35424.0, 83886.0, 272814.0, 12792.0, 9348.0, 4740420.0, 518322.0, 296184.0]"
23 พฤศจิกายน - สมเด็จพระราชินีนาถวิลเฮลมินาแห่งเนเธอร์แลนด์ ขึ้นครองราชย์เป็นสมเด็จพระราชินีนาถพระองค์แรกแห่งประเทศเนเธอร์แลนด์ ต่อจากพระราชบิดาพระเจ้าวิลเลิมที่ 3 แห่งเนเธอร์แลนด์,tha,tha,"[142345.0, 46305.0, 11025.0, 10780.0, 61005.0, 99225.0, 162680.0, 26215.0, 38220.0, 112700.0, 12250.0, 4165.0, 1350930.0, 232260.0, 85015.0]"
รัฐบุรุษ Solon (594 ก่อนคริสต์ศักราช) ขุนนาง Cleisthenes (508-7 ก่อน ค.ศ.) และนักการเมือง Ephialtes (462 ก่อน ค.ศ.) ล้วนแต่มีบทบาทพัฒนาระบอบประชาธิปไตยชาวเอเธนส์ แต่นักประวัติศาสตร์เห็นต่างกันว่า พวกเขามีบทบาทสร้างสถาบันอะไร และคนไหนเป็นผู้แทนที่แท้จริงของขบวนการประชาธิปไตย โดยปกติจะจัดว่า ประชาธิปไตยชาวเอเธนส์เริ่มมาจาก Cleisthenes เพราะว่ารัฐธรรมนูญของ Solon ได้ล่มแล้วถูกทดแทนด้วยระบอบทรราชย์ของ Peisistratus,tha,tha,"[297680.0, 89060.0, 25376.0, 25864.0, 165188.0, 192516.0, 333304.0, 36112.0, 90768.0, 231556.0, 13908.0, 8540.0, 3171268.0, 483852.0, 315980.0]"
โรงเรียนปราณีเนาวบุตร เป็นโรงเรียนเอกชนประเภทโรงเรียนสหศึกษา ในสังกัดสำนักงานบริหารงานคณะกรรมการส่งเสริมการศึกษาเอกชน กระทรวงศึกษาธิการ ตั้งอยู่บริเวณตำบลท้ายบ้าน อำเภอเมืองสมุทรปราการ จังหวัดสมุทรปราการ เปิดสอนในระดับชั้นอนุบาลศึกษา ประถมศึกษาต้นและปลาย และมัธยมศึกษาตอนต้น แบบสหศึกษา,tha,tha,"[188082.0, 46656.0, 13122.0, 16524.0, 90396.0, 110808.0, 197802.0, 22113.0, 60021.0, 136323.0, 10449.0, 7047.0, 2284929.0, 294759.0, 130248.0]"
เพลง ช่วยรับที ได้อันดับสูงสุด 4 จากการจัดอันดับของซี้ดเอฟเอ็ม ในชาร์ตของ ซี้ดเอฟเอ็ม ชาร์ตท็อป 20 ประจำวันที่ 5 มิถุนายน พ.ศ. 2550 และได้อันดับสูงสุด 1 จากการจัดอันดับของอีเอฟเอ็ม ในชาร์ตของ 94.0 อีเอฟเอ็ม ชาร์ตท็อป 20 โดยวัดจากการออกอากาศของคลื่นวิทยุในกรุงเทพมหานครและปริมณฑล จำนาน 40 สถานี,tha,tha,"[242484.0, 52514.0, 26862.0, 16940.0, 145442.0, 106964.0, 276122.0, 23716.0, 88814.0, 187308.0, 16698.0, 8954.0, 2826802.0, 393734.0, 172546.0]"
"สนามกีฬาเฉลิมพระเกียรติ 80 พรรษา 5 ธันวา 2550 (อังกฤษ: His Majesty the King's 80th Birthday Anniversary, 5th December 2007 Sports Complex) หรือชื่อเดิม สนามกีฬาเมืองหลักเฉลิมฉลอง 333 ปี จังหวัดนครราชสีมา ตั้งอยู่บนทางหลวงแผ่นดินหมายเลข 304 หรือถนนสืบศิริ ตำบลปรุใหญ่ อำเภอเมืองนครราชสีมา เป็นสนามกีฬาหลักในการแข่งขันซีเกมส์ 2007 ที่จังหวัดนครราชสีมา ระหว่างวันที่ 6 ถึง 15 ธันวาคม พ.ศ. 2550 ปัจจุบันเป็นสนามเหย้าของ สโมสรฟุตบอลจังหวัดนครราชสีมา (เฉพาะสนามหลัก) ชื่ออย่างเป็นทางการของสนามกีฬาได้รับพระราชทานจากพระบาทสมเด็จพระปรมินทรมหาภูมิพลอดุลยเดช มหิตลาธิเบศรรามาธิบดี จักรีนฤบดินทร สยามมินทราธิราช บรมนาถบพิตร เนื่องในโอกาสที่ซีเกมส์ครั้งนี้จัดคาบเกี่ยวกับพระราชพิธีมหามงคลเฉลิมพระชนมพรรษา ๘๐ พรรษา ๕ ธันวาคม พุทธศักราช ๒๕๕๐",tha,tha,"[563699.0, 126766.0, 54948.0, 56635.0, 315228.0, 385359.0, 647808.0, 63383.0, 167736.0, 454526.0, 25787.0, 17352.0, 5866181.0, 954601.0, 324386.0]"
"แฟนตาซี"""" (อังกฤษ: Fantasy) เป็นเพลงที่ร่วมเขียนและโปรดิวซ์โดยนักร้องอเมริกัน มารายห์ แครีและเดฟ ฮอล สำหรับอัลบั้มชุดที่ 6 ของแครีที่ชื่อ Daydream (1995) มีท่อนแซมเพิลของวงทอมทอมคลับ ที่ชื่อเพลง """"Genius of Love"""" (1981) ซึ่งแต่งโดยทีน่า เวย์เมาท์, คริส แฟรนซ์, สตีเวน สแตนลีย์และเอเดรียนบีลูว์ เป็นซิงเกิ้ลแรกของอัลบั้มออกขายในปี 1995 มีรีมิกซ์ในแบบเออเบิร์น ที่ได้แร็ปเปอร์อย่าง โอล' เดอร์ตี บัสตาร์ดมาร่วม นอกจากนั้นยังได้เข้าชิงรางวัลแกรมมี่ในสาขาศิลปินหญิงป็อปยอดเยี่ยม ถือเป็นปีที่ 6 ติดต่อกัน ปกของซิงเกิ้ลถ่ายโดยนักถ่ายภาพแฟชั่นแนวหน้าอย่าง สตีเวน มีเซล ซิงเกิ้ลนี้ติดอันดับ 1 ยาวนาน 8 สัปดาห์ และถือเป็นหนึ่งเพลงประจำตัวของเธอด้วย",tha,tha,"[450480.0, 157680.0, 47760.0, 32160.0, 288720.0, 271680.0, 526560.0, 55920.0, 95280.0, 369600.0, 47040.0, 12000.0, 4541520.0, 754320.0, 360000.0]"
วิธีเลขสี่มุม (จีนตัวย่อ: 四角号码检字法; จีนตัวเต็ม: 四角號碼檢字法; พินอิน: sìjiǎo hàomǎ jiǎnzìfǎ แปลเต็มว่า วิธีพิจารณาอักษรจีนด้วยตัวเลขจากสี่มุม) คือวิธีป้อนอักขระชนิดหนึ่งใช้สำหรับเข้ารหัสอักษรจีนไปเป็นการพิมพ์ด้วยพิมพ์ดีดหรือคอมพิวเตอร์ โดยใช้ตัวเลขสี่ตัวแทนอักษรแต่ละตัว วิธีเลขสี่มุมรู้จักกันในชื่อ ระบบเลขสี่มุม มีการเรียงลำดับด้วยวิธีนี้เพื่อเป็นดัชนีในอักษรานุกรมบางชนิดและงานสารบรรณด้วย,tha,tha,"[274611.0, 175187.0, 16730.0, 20076.0, 150331.0, 146507.0, 305203.0, 51624.0, 76958.0, 217251.0, 8843.0, 14818.0, 3142133.0, 442150.0, 321694.0]"
วันที่ 27 มิถุนายน พ.ศ. 2554 เครื่องบินมิก-21 สามลำของกองทัพอากาศลิเบียเสรี เป็นแบบสองที่นั่งหนึ่งลำ และที่นั่งเดี่ยวสองลำ ถูกถ่ายภาพได้เหนือสนามบินเบนินาในเบงกาซี ซึ่งอาจเป็นไปได้ว่าเป็นการฝึกซ้อมหรือภารกิจบินผ่าน แต่การบินดังกล่าวชัดเจนว่าละเมิดการบังคับใช้เขตห้ามบินของสหประชาชาติ เว้นเสียแต่ว่าได้รับความยินยอมก่อนหน้านั้นแล้ว,tha,tha,"[227766.0, 65212.0, 9520.0, 14280.0, 128282.0, 132090.0, 254184.0, 28084.0, 41412.0, 174216.0, 15946.0, 8092.0, 2832676.0, 360570.0, 266560.0]"
"สามพจน์แรกมีสัมประสิทธิ์เป็น 7, −3 และ 1.5 ตามลำดับ (พจน์ที่สามไม่มีตัวแปร ดังนั้นพจน์ดังกล่าวจึงเป็นสัมประสิทธิ์โดยตัวเอง เรียกว่าพจน์คงตัวหรือสัมประสิทธิ์คงตัวของนิพจน์) ส่วนพจน์สุดท้ายไม่ปรากฏการเขียนสัมประสิทธิ์อย่างชัดเจน แต่ปกติจะพิจารณาว่ามีสัมประสิทธิ์เท่ากับ 1 เนื่องจากการคูณด้วยตัวประกอบนี้จะไม่ทำให้พจน์เปลี่ยนแปลง บ่อยครั้งที่สัมประสิทธิ์เป็นจำนวนดังเช่นตัวอย่างดังกล่าว แต่ก็สามารถเป็นพารามิเตอร์ของข้อปัญหาได้เช่นในประโยคต่อไปนี้",tha,tha,"[258330.0, 70389.0, 12798.0, 15168.0, 146466.0, 166611.0, 286059.0, 51666.0, 61383.0, 201687.0, 8058.0, 8532.0, 3230784.0, 422334.0, 224439.0]"
"ซ่อนอะไรใต้ความหลอน (อังกฤษ: What Lies Beneath) เป็นภาพยนตร์อเมริกัน เหนือธรรมชาติ สยองขวัญแนวจิตวิทยา ใน ค.ศ. 2000 กำกับโดยโรเบิร์ต เซเม็กคิส เป็นภาพยนตร์เรื่องแรกของสตูดิโอ อิมเมจมูเวอส์ นำแสดงโดยแฮร์ริสัน ฟอร์ด และมิเชลล์ ไฟฟ์เฟอร์ มีเรื่องราวเกี่ยวกับคู่สามีภรรยาที่ต้องพบเรื่องหลอนภายใต้ความลับในอดีต ภาพยนตร์เปิดตัวด้วยจำนวนโรง 2,813 โรงในอเมริกาเหนือ ทำรายได้ 291 ล้านเหรียญสหรัฐในตารางบอกซ์ออฟฟิศทั่วโลก ภาพยนตร์ได้รับเสียงวิจารณ์ทั้งบวกและลบ และยังได้รับการเสนอชื่อเข้าชิงรางวัลแซทเทิร์น",tha,tha,"[345504.0, 118000.0, 24780.0, 25724.0, 198004.0, 189980.0, 400728.0, 43896.0, 92276.0, 282256.0, 23836.0, 15340.0, 3718888.0, 577964.0, 331108.0]"
"ในปี พ.ศ. 2552 สถานีโทรทัศน์ มิราเคิล ในเครือ ไลฟ์ ทีวี ร่วมกับ กันตนา ได้นำเทปรายการท้าพิสูจน์ ตั้งแต่เทปแรกถึงเทปสุดท้าย จำนวนนับพันเรื่อง มาฉายอีกครั้งหนึ่ง โดยมีการแบ่งช่วงเวลาตามความเหมาะสมของเรื่องราว ได้แก่ช่วง ตำนานเหลือเชื่อ, รู้แล้วทึ่ง และ แดนมหัศจรรย์ ปัจจุบันออกอากาศทางช่องมิราเคิล แต่ย้ายคลื่นความถี่อยู่ใน ไทยคม โดยเสนอในช่วง รู้แล้วทึ่ง",tha,tha,"[234060.0, 58280.0, 10105.0, 13630.0, 123140.0, 125960.0, 261085.0, 24675.0, 75200.0, 190585.0, 11280.0, 7050.0, 3433115.0, 387515.0, 199515.0]"
หรือซากิเบอร์1ตามที่คินดะอิจิเรียก ทึ่งในความเก่งของคินดะอิจิจากคดีฆาตกรรมโรงเรียนสยองขวัญ จึงต้องการติดตามคินดะอิจิในฐานะผู้ช่วย เขาจับพิรุธฆาตกรคนหนึ่งได้และถูกฆ่าตายในตอนคดีฆาตกรรมโรงแรมต่างชาติ ภายหลังเป็นวิญญาณตามตัวคินดะอิจิ คอยมาเตือนเรื่องร้ายให้,tha,tha,"[172224.0, 62478.0, 8658.0, 8190.0, 88920.0, 116766.0, 208494.0, 32058.0, 26442.0, 142974.0, 9828.0, 3042.0, 2488824.0, 292734.0, 173394.0]"
"วันที่ 26 กุมภาพันธ์ พ.ศ. 2552 การประกวดราคาจัดซื้อพร้อมติดตั้งระบบขนส่งอัจฉริยะครั้งที่ 2 ได้ผู้ชนะคือบริษัท ไทยทรานสมิชชั่น อินดัสทรี จำกัด ที่เสนอราคาต่ำสุด 397,500,000 บาท จากวงเงินที่กำหนดไว้ 405 ล้านบาท และมีการลงนามสัญญาในเดือนพฤศจิกายน พ.ศ. 2552 ซึ่งใช้เวลานานถึง 1 ปีจากกำหนดการยื่นเอกสารของ สจส. ในครั้งแรกเมื่อวันที่ 14 พฤศจิกายน พ.ศ. 2551 ที่ภายหลังได้เลื่อนออกไปเป็นวันที่ 25 พฤศจิกายน เนื่องจากเอกชนหลายรายมีข้อสงสัยเรื่องการยื่นเอกสาร มีการประกาศรายชื่อผู้ผ่านการคัดเลือกเข้าเสนอราคาในวันที่ 2 ธันวาคม และกำหนดเคาะราคาเมื่อวันที่ 11 ธันวาคม พ.ศ. 2551",tha,tha,"[390741.0, 86210.0, 23999.0, 17242.0, 199681.0, 188497.0, 441069.0, 42406.0, 101122.0, 314317.0, 21902.0, 10252.0, 4941930.0, 631663.0, 307094.0]"
"มีประเด็นบางอย่างเกี่ยวกับประชาธิปไตยที่ใช้อินเทอร์เน็ตและเทคโนโลยีการสื่อสารอื่น ๆ ในบทความประชาธิปไตยอิเล็กทรอนิคส์และในหัวข้อ """"ประชาธิปไตยโดยตรงแบบอิเล็กทรอนิคส์"""" ข้างหน้า โดยเฉพาะก็คือ เป็นแนวคิดวิธีการปกครองแบบโอเพนซอร์ซที่ประยุกต์ใช้หลักจากขบวนการซอฟต์แวร์เสรีในการปกครองประชาชน คือให้ประชาชนทั้งหมดมีส่วนร่วมในการปกครองโดยตรง มากน้อยตามที่ตนต้องการ",tha,tha,"[236408.0, 64960.0, 12064.0, 11136.0, 105792.0, 146160.0, 245920.0, 54288.0, 61480.0, 182352.0, 19488.0, 4872.0, 2801632.0, 367488.0, 236640.0]"
การขอประชามติโดยเลือก (optional referendum) และการลงประชามติโดยบังคับ (compulsory referendum) ในระดับการปกครองต่าง ๆ โดยทั่วไปจะทำมากกว่าในประเทศอื่น ๆ ยกตัวอย่างเช่น ในระดับประเทศ การแก้ไขเพิ่มเติมรัฐธรรมนูญจะบังคับให้ลงคะแนนเสียงโดยทั้งประชาชนและแคนทอน ส่วนในระดับแคทอนและระดับท้องถิ่นอื่น ๆ การตัดสินใจเรื่องงบประมาณที่พอสมควรไม่ว่าจะโดยฝ่ายนิติบัญญัติหรือฝ่ายบริหาร ก็บังคับให้ประชาชนได้ลงคะแนนเสียงด้วยเหมือนกัน,tha,tha,"[217371.0, 65604.0, 10626.0, 10857.0, 112266.0, 112497.0, 247863.0, 48741.0, 57057.0, 173019.0, 7161.0, 5313.0, 3065832.0, 355740.0, 279972.0]"
เป็นผู้ได้รับรางวัลเด็กดีศรีสมุทรปราการ ในปี 2556 จากโรงเรียนป้อมนาคราชสวาทยานนท์ ในงานวันเด็กแห่งชาติ ณ โรงเรียนราชประชาสมาสัย ฝ่ายมัธยม รัชดาภิเษก ในพระบรมราชูประถัมธ์,tha,tha,"[129490.0, 36110.0, 10350.0, 10120.0, 66010.0, 111780.0, 147430.0, 13340.0, 25990.0, 104650.0, 6440.0, 6900.0, 1574120.0, 206770.0, 77280.0]"
"พระมหากัจจายนมีอีกชื่อหนึ่งว่า กัจจานะ (หรือกัจจายนะ) ในญี่ปุ่นรู้จักทั่วไปในชื่อ """"คะเซ็นเน็น"""" (Kasennen) ส่วนในประเทศไทยนอกจากชื่อตามภาษาบาลีแล้ว ยังเป็นที่รู้จักในชื่อ """"พระสังกัจจายน์"""" หรือ """"พระสังกระจาย",tha,tha,"[119080.0, 35724.0, 5496.0, 6412.0, 54044.0, 106027.0, 130759.0, 26335.0, 28854.0, 79234.0, 3435.0, 3206.0, 1429418.0, 181826.0, 103279.0]"
วันที่ 9 เมษายน เฮลิคอปเตอร์เอ็มไอ-25เดี่ยวของฝ่ายกบฏถูกพบว่าบินอยู่เหนืออัจดาบิยา อันเป็นการละเมิดเขตห้ามบินของสหประชาชาติ มีการอ้างว่าเครื่องบินดังกล่าวถูกยิงตกโดยฝ่ายรัฐบาล วันเดียวกัน เครื่องบินขับไล่มิก-23 ของฝ่ายกบฏถูกสกัดกั้นโดยอากาศยานนาโตและนำกลับสู่ฐาน,tha,tha,"[181488.0, 49476.0, 9348.0, 12312.0, 95988.0, 105792.0, 201096.0, 23256.0, 29184.0, 137712.0, 17328.0, 4560.0, 2135220.0, 285228.0, 203148.0]"
ประเทศไอซ์แลนด์ เข้าร่วมแข่งขันกีฬาโอลิมปิกฤดูร้อนครั้งที่ 14 ค.ศ. 1948 (พ.ศ. 2491) ณ เมืองลอนดอน สหราชอาณาจักรระหว่างวันที่ 29 กรกฎาคม – 14 สิงหาคม พ.ศ. 2491,tha,tha,"[143237.0, 45400.0, 15890.0, 10215.0, 69916.0, 86033.0, 155041.0, 10215.0, 35639.0, 92843.0, 7491.0, 4313.0, 1302526.0, 221779.0, 93524.0]"
"ฟุตบอลชิงแชมป์แห่งชาติยุโรป 2016 กลุ่มซี ลงเล่นตั้งแต่วันที่ 12 ถึง 21 มิถุนายน ค.ศ. 2016 กลุ่มนี้ประกอบไปด้วยเยอรมนี, ยูเครน, โปแลนด์ และไอร์แลนด์เหนือ เยอรมนีเป็นอดีตแชมป์ยุโรปเพียงทีมเดียวในกลุ่มนี้ ได้รับรางวัลชนะเลิศสามครั้ง (ใน ค.ศ. 1972 และ ค.ศ. 1980 ในฐานะเยอรมนีตะวันตก และใน ค.ศ. 1996 ในฐานะทีมชาติเยอรมนีหลังรวมประเทศ)",tha,tha,"[257188.0, 80230.0, 21018.0, 17854.0, 139668.0, 114130.0, 287020.0, 30284.0, 96276.0, 200914.0, 18306.0, 9944.0, 2450744.0, 415614.0, 216282.0]"
"สีแดง มีความหมายว่า """"ความรุ่งโรจน์ สดใส มีชีวิตชีวา กล่าวคือ ครูและนักเรียนลาซาล ต้องเป็นผู้ที่มี ความกระตือรือร้นต่อการเรียนการสอน และแสวงหาความรู้เพื่อความเจริญ ก้าวหน้าของโรงเรียน และตนเองด้วยความสดชื่น มีชีวิตชีวาอยู่เสมอ",tha,tha,"[122400.0, 36225.0, 5400.0, 9225.0, 64350.0, 67500.0, 133875.0, 25425.0, 36000.0, 93150.0, 7425.0, 3150.0, 1904175.0, 193500.0, 142650.0]"
นักแสดงนำในเรื่อง มี โต หยูฮัง ซึ่งเป็นนักแสดงหน้าใหม่ ผู้เป็นแชมป์วูซูอายุน้อยที่สุดของฮ่องกง ที่เคยร่วมแสดงมาแล้วใน Ip Man และ Ip Man 2 ในบทประกอบ มารับบทเป็นยิปมัน พร้อมด้วยนักแสดงกังฟูที่มีชื่อเสียงอย่าง หง จินเป่า และ หยวนเปียว มารับบทประกอบ และยังได้ ยิปชุน ซึ่งเป็นบุตรชายตัวจริงของยิปมันมารับบทเป็น เหลียงปึ๊ก อาจารย์อาของยิปมัน ซึ่งยิปชุนในวัยถึง 86 ปีแล้ว และนับเป็นบทบาทการแสดงเป็นครั้งแรก สามารถแสดงได้ดี จนกระทั่งมีรายชื่อเข้าชิงรางวัลนักแสดงประกอบชายยอดเยี่ยมจาก Movie Channel Media Awards ครั้งที่ 7 พร้อมด้วย โต หยูฮัง และหวงอี้ก็มีชื่อเข้าชิงในสาขานักแสดงนำฝ่ายชายและฝ่ายหญิงด้วย,tha,tha,"[327264.0, 94304.0, 13888.0, 19040.0, 182560.0, 153440.0, 382368.0, 36736.0, 109536.0, 278432.0, 18368.0, 13664.0, 4535552.0, 540288.0, 395360.0]"
กองกำลังนานาชาติก่อตั้งขึ้นเมื่อทัพเรือ 8 ประเทศรวมตัวกันในชายฝั่งทะเลทางตอนเหนือของจีนในปลายเดือนเมษายน ค.ศ. 1900 จนในวันที่ 31 พฤษภาคม ค.ศ. 1900 ได้เรียกร้องสิทธิชาวต่างชาติที่สถานทูตในกรุงปักกิ่งและได้ส่งทหารเรือ 435 นายจาก 5 ประเทศที่ฐานทัพที่ต้ากูไปกรุงปักกิ่ง,tha,tha,"[183752.0, 53520.0, 11819.0, 12265.0, 113953.0, 90761.0, 214080.0, 23861.0, 39248.0, 140713.0, 11596.0, 5352.0, 2063196.0, 289008.0, 211181.0]"
โคกาลีมาเวีย เที่ยวบินที่ 9268 (KGL 9268 or 7K-9268) เป็นเที่ยวบินเช่าเหมาลำระหว่างประเทศ ที่ให้บริการโดยสายการบินโคกาลีมาเวียของประเทศรัสเซีย ประสบอุบัติเหตุบริเวณตอนเหนือของคาบสมุทรไซนาย หลังจากขึ้นบินจากท่าอากาศยานนานาชาติชาร์มเอลชีค ประเทศอียิปต์ ไปท่าอากาศยานพูลโคโว เซนต์ปีเตอร์สเบิร์ก ประเทศรัสเซีย ในวันที่ 31 ตุลาคม 2015 เวลา 4 นาฬิกา 13 นาที UTC (6:13 ตามเวลามาตรฐานอียิปต์),tha,tha,"[279942.0, 85026.0, 27528.0, 19758.0, 167832.0, 175380.0, 323232.0, 28638.0, 93018.0, 227550.0, 47730.0, 9546.0, 2510154.0, 468198.0, 194472.0]"
ถุงอัณฑะ (scrotum) คือเป็นอวัยวะสืบพันธุ์ของเพศชายที่เป็นเนื้อเยื่อที่ห่อหุ้มอัณฑะไว้อีกทีหนึ่งและห้อยอยู่ด้านนอกของร่างกาย มีหน้าที่หลักคือ ทำหน้าที่ปรับอุณหภูมิให้พอเหมาะในการสร้างอสุจิ ประมาณ 34 องศาเซลเซียส ถุงอัณฑะ ซึ่งอยู่ภายนอกร่างกาย มีผลดีคือทำให้ตัวอสุจิเจริญเติบโตตามปกติ เพราะอุณหภูมิในร่างกายสูงเกินไปไม่เหมาะต่อการสร้างอสุจิ,tha,tha,"[211939.0, 57018.0, 14144.0, 9503.0, 125749.0, 142103.0, 238680.0, 54587.0, 52156.0, 165529.0, 8840.0, 7514.0, 2920957.0, 346528.0, 224315.0]"
ในปี พ.ศ. 2481 เขาได้รับแต่งตั้งเป็นจอมพลแห่งกองทัพอากาศเยอรมนีและก่อนบุกโปแลนด์เขาได้รับแต่งตั้งเป็นประธานสภาเศรษฐกิจสงคราม และเมื่อเกิดสงครามโลกครั้งที่ 2 เขาก้เป็นผู้อำนวยการนโยบายเศรษฐกิจสงครามของประเทศ,tha,tha,"[129580.0, 44000.0, 6380.0, 11000.0, 73700.0, 82500.0, 149600.0, 22220.0, 23540.0, 102960.0, 7260.0, 4180.0, 1519100.0, 208780.0, 150700.0]"
"แผ่นดินไหวนี้เป็นผลให้เกิดความเสียหายเป็นบริเวณกว้างทั่วนครไครสต์เชิร์ช โดยเฉพาะอย่างยิ่งในนครตอนกลางและชานนครทางตะวันออก ซึ่งความเสียหายทวีความเลวร้ายลงหลังอาคารและโครงสร้างพื้นฐานได้รับผลกระทบจากแผ่นดินไหวเมื่อวันที่ 4 กันยายน พ.ศ. 2553 และแผ่นดินไหวตาม ภาวะดินเหลวสำคัญมีผลต่อชานนครทางตะวันออก ทำให้มีทรายแป้ง (slit) ประมาณ 400,000 ตัน มีการรายงานว่า แผ่นดินไหวนี้สามารถรับรู้ได้ทั่วเกาะใต้และเกาะเหนือตอนล่างและตอนกลาง",tha,tha,"[257982.0, 68109.0, 13797.0, 11388.0, 133371.0, 134028.0, 286014.0, 39639.0, 50589.0, 199290.0, 12702.0, 3942.0, 3131262.0, 393981.0, 294774.0]"
ในปี ค.ศ. 2014 ประเทศยูเครนเกิดความวุ่นวายและก่อจลาจลขึ้นเพื่อขับไล่ประธานาธิบดีวิคเตอร์ ยานูคอวิช ซึ่งช่วงนี้เองประธานาธิบดีปูตินได้สั่งให้เคลื่อนกำลังทหารสู่ไครเมียโดยข้ออ้างว่าเพื่อปกป้องผลประโยชน์และพลเมืองเชื้อสายรัสเซียในไครเมีย กองทหารรัสเซียสามารถเข้าควบคุมไครเมียได้ทั้งหมดในวันที่ 2 มีนาคม 2014 การกระทำนี้ถูกประณามจากบรรดาชาติสมาชิกนาโตอย่างรุนแรงและมีมาตรการคว่ำบาตรด้านพลังงานต่อรัสเซีย หลังจากนั้นสองสัปดาห์ก็มีการลงประชามติว่าด้วยสถานภาพของไครเมียขึ้น โดยเสียงข้างมากกว่า 93% ของผู้มาใช้สิทธิต้องการให้ใครเมียแยกตัวออกจากยูเครนและเข้าเป็นส่วนหนึ่งของประเทศรัสเซีย สนธิสัญญาผนวกดินแดนระหว่างไครเมียได้ลงนามเมื่อวันที่ 18 มีนาคม และรัฐสภารัสเซียให้การรับรองเมื่อวันที่ 21 มีนาคม อย่างไรก็ตาม สิบสามชาติสมาชิกในคณะมนตรีความมั่นคงแห่งสหประชาชาติได้ลงมติให้ประกาศว่าการลงประชามตินั้นเป็นโมฆะ แต่รัสเซียในฐานะสมาชิกถาวรได้ใช้อำนาจยับยั้งและจีนงดออกเสียง แม้ญัตติจะตกไปแต่ฝ่ายนาโตก็ไม่ลดความพยายาม ในการประชุมสมัชชาใหญ่แห่งสหประชาชาติเมื่อวันที่ 28 มีนาคม 2014 ได้มีมติเสียงข้างมากให้ประกาศว่า การลงประชามติดังกล่าวเป็นโฆษะและสหประชาชาติมิอาจยอมรับการผนวกดินแดนไครเมียเป็นส่วนหนึ่งของประเทศรัสเซีย จากมติดังกล่าวนำไปสู่การเพิ่มมาตรการลงโทษต่อรัสเซีย ฝ่ายนิยมรัสเซียได้แพร่เข้าไปในภาคใต้และภาคตะวันออกของยูเครนและกลายเป็นกองกำลังกบฎที่สนับสนุนโดยรัสเซีย,tha,tha,"[804202.0, 208408.0, 37278.0, 47960.0, 480908.0, 469354.0, 906226.0, 139302.0, 213204.0, 642228.0, 101806.0, 16350.0, 9616416.0, 1340264.0, 877014.0]"
"อินทรชิต (สันสกฤต: इन्‍द्र जीत, อังกฤษ: Indrajit) เดิมมีชื่อว่า รณพักตร์ เป็น บุตรทศกัณฐ์กับนางมณโฑ มีมเหสีชื่อ นางสุวรรณกันยุมา มีบุตรชื่อยามลิวันและกันยุเวก มีสีกายสีเขียว มีฤทธิ์เก่งกล้ามาก เมื่อโตขึ้นจึงทูลลาพระบิดาและพระมารดาเพื่อไปศึกษาวิชากับพระฤๅษีโคบุตรจนสำเร็จวิชามนต์มหากาลอัคคี จึงกราบลาอาจารย์เพื่อไปบำเพ็ญตบะ เมื่อบำเพ็ญจนเก่งกล้าแล้วจึงทำพิธีขออาวุธวิเศษต่อมหาเทพทั้ง 3 มหาเทพจึงประทานอาวุธวิเศษให้ คือ พระอิศวรประทานศรนาคบาศและพรสามารถแปลงร่างเป็นพระอินทร์ได้ พระพรหมประทานศรพรหมาสตร์และพรไม่ให้ตายบนพื้นดินหากตายก็ให้ตายบนอากาศหากเศียรขาดตกลงพื้นก็ให้เกิดไฟไหม้ทั่วทั้งจักรวาลต้องนำพานแว่นฟ้าของพระพรหมเท่านั้นมารองรับเศียรจึงจะระงับเหตุได้ ส่วนพระนารายณ์ประทานศรวิษณุปานัม เมื่อได้รับพรและอาวุธวิเศษแล้วจึงเกิดความหึกเหิมบุกสวรรค์และท้าพระอินทร์รบ และชนะพระอินทร์ ทศกัณฐ์เมื่อทราบข่าวบุตรของตนมีชัยชนะก็ดีใจมากจึงเปลื่ยนชื่อใหม่เป็น อินทรชิต หมายถึง """"ชนะพระอินทร์"""" แต่ด้วยไม่ตั้งตนอยู่ในธรรมและการประพฤติชั่วของตน ภายหลังถูกศรของพระลักษมณ์สิ้นใจตาย",tha,tha,"[610204.0, 149296.0, 23219.0, 32550.0, 353276.0, 800947.0, 724563.0, 87017.0, 193998.0, 516243.0, 33201.0, 14322.0, 7883827.0, 1050714.0, 492373.0]"
นายเกริก มังคละพฤกษ์ ชื่อเดิม ปทุม เกิดเมื่อวันที่ 23 มีนาคม พ.ศ. 2458 ที่ตำบลท่ากลาง อำเภอพระนคร จังหวัดพระนคร เป็นบุตรของนายเดียวเซียะ (ตีระ) และนางบุญรอด มังคละพฤกษ์ มีพี่น้องร่วมบิดามารดา 5 คน พี่น้อง 4 คน คือ นางสาลี่ กรัยวิเชียร นางสาวองุ่น มังคละพฤกษ์ นายเกรียง มังคละพฤกษ์ พล.อ.อ. เกียรติ มังคละพฤกษ์ และมีน้องหนึ่งคนคือ นายมนัส มังคละพฤกษ์ (ขณะนี้ถึงแก่กรรมทั้งหมดแล้ว) และได้สมรสกับ นางสุวรรณี (กอวัฒนา) ปัจจุบันคือ ดร.สุวรรณี มังคละพฤกษ์ เป็นประธานมูลนิธิเกริก มังคละพฤกษ์ มีบุตรธิดาด้วยกัน 4 คน,tha,tha,"[359856.0, 88344.0, 16632.0, 20088.0, 216432.0, 313848.0, 419040.0, 45360.0, 134784.0, 303480.0, 15984.0, 12528.0, 4498848.0, 603720.0, 239976.0]"
สมาพันธ์วอลเลย์บอลอเมริกาใต้ (สเปน: Confederación Sudamericana de Voleibol; โปรตุเกส: Confederação Sul-americana de Voleibol) เป็นองค์กรที่ดูแลการแข่งขันวอลเลย์บอลในทวีปอเมริกาใต้ สำนักงานใหญ่ตั้งอยู่ในรีโอเดจาเนโร ประเทศบราซิล,tha,tha,"[127065.0, 39990.0, 11610.0, 12685.0, 57835.0, 65790.0, 147705.0, 23865.0, 33970.0, 372595.0, 7740.0, 66865.0, 1030495.0, 208335.0, 87935.0]"
นนลนีย์ โอแกน (1 มกราคม พ.ศ. 2539 ประเทศสหรัฐอเมริกา - ) บุตรสาวของบิลลี่ โอแกน กับสิเรียม ภักดีดำรงฤทธิ์ เป็นนักแสดง นางแบบ และพิธีกร เริ่มเข้าสู่วงการจากการเป็นนางแบบแฟชั่นในนิตยสารเด็กและเดินแบบ,tha,tha,"[140170.0, 37878.0, 10272.0, 13910.0, 79822.0, 96300.0, 154936.0, 19046.0, 46438.0, 108284.0, 13696.0, 6420.0, 1670270.0, 227696.0, 109140.0]"
ส่วนกองกำลังนานาชาติได้ทำการป้องกันบริเวณสถานทูตของตนจากการโอบล้อมจากกบฏนักมวยภายใต้คำสั่งของบาทหลวงชาวอังกฤษ เรื่องราวเกิดขึ้นเมื่อกบฏนักมวยบุกเข้าไปในกรุงปักกิ่งได้สังหารชาวจีนที่เป็นคริสเตียนกว่าหนึ่งหมื่นคนและจับกุมชาวต่างช่าติไปเป็นเชลยจำนวนมาก เรื่องการจลาจลจำนวนมากได้ลงในหนังสือพิมพ์ทั้งในจีน ญี่ปุ่น ยุโรปและอเมริกาจำนวนมาก แต่เชลยทั้งหมดก็ถูกปลดปล่อยโดยกองกำลังนานาชาติในที่สุด,tha,tha,"[209166.0, 68799.0, 6603.0, 9798.0, 91164.0, 112890.0, 238986.0, 38979.0, 65391.0, 171891.0, 10650.0, 4260.0, 3016080.0, 353793.0, 312684.0]"
ดูโอได้รับกันดั้มเดธไซธ์เฮลหลังจากที่กองกำลังของเลดี้ อันโจมตีฐานบนดวงจันทร์ของทูบารอฟทำให้สามารถหนีจากการกักขังมาได้และเป็นโมบิลสูทประจำตัวของดูโอจนจบเรื่อง,tha,tha,"[106000.0, 34556.0, 8480.0, 4240.0, 44096.0, 66144.0, 113632.0, 21200.0, 21412.0, 75048.0, 6996.0, 2756.0, 1169180.0, 151156.0, 84376.0]"
ปีหนึ่งเพื่อนกันและวันอัศจรรย์ของผม เป็นภาพยนตร์วัยรุ่นของ คิง สมจริง ศรีสุภาพ ที่ออกฉายในปี พ.ศ. 2536 เป็นการโคจรมาพบกันอีกครั้งของคู่หูนักแสดงนำจาก กลิ้งไว้ก่อนพ่อสอนไว้ ได้แก่ ศักดิ์สิทธิ์ แท่งทอง และ มอส ปฏิภาณ ซึ่งครั้งนี้มารับบทเป็นพี่น้อง เต้ย และ ต้น คนหนึ่งเป็นนักศึกษาที่กำลังค้นหาตัวเอง ส่วนอีกคนหนึ่งเป็นวิญญาณ,tha,tha,"[177873.0, 50851.0, 10128.0, 12027.0, 111197.0, 96849.0, 205936.0, 22577.0, 56126.0, 141581.0, 10339.0, 6119.0, 2614923.0, 313124.0, 172176.0]"
นัสริน (เมทินี กิ่งโพยม) ผู้จัดการกองประกวดคนเก่ง ทำให้ ซัมเมอร์ (พิมพ์จิรา เจริญลักษณ์) สาวลูกครึ่งจากแอล เอ ที่บังเอิญมาเที่ยวเมืองไทยแล้วเงินหมด ตัดสินใจเข้าประกวดเพื่อหาเงินเพื่อเที่ยวต่อ ตอนแรกนั้นเธอคิดเพียงว่าจะประกวดสนุกๆ ไม่จริงจังอะไร แต่หารู้ไม่ว่าเธอกำลังก้าวเข้าสู่โลกใบใหม่ที่จะเปลี่ยนแปลงชีวิต และมุมมองต่อโลกของเธอไปตลอดกาล ที่กองประกวดซัมเมอร์ได้พบกับ เพียงฟ้า (ภคกัญญา เจริญยศ) เด็กสาวผู้เพียบพร้อม ลูกนางงามเก่าที่ถูก รัศมี (พิมพ์พรรณ ชลายนคุปต์) ผู้เป็นแม่ ฝึกฝนให้เป็นนางงามมาตั้งแต่เด็ก ด้วยความจริงใจ สนุกสนานของซัมเมอร์ ทำให้ทั้งคู่สนิทสนมผูกพันกันอย่างรวดเร็ว ยิ่งซัมเมอร์ทำหน้าที่เป็นแม่สื่อให้ฟ้ากับ คิว (เจษฏ์พิพัฒน์ ติละพรพัฒน์) ผู้กำกับหนุ่มหล่อประจำกองประกวด ยิ่งทำให้ฟ้ารัก และไว้ใจซัมเมอร์มากขึ้น โดยที่ไม่รู้เลยว่าความเป็นไปทั้งหมดอยู่ในสายตาของ ริบบิ้น (เปรมินทร์ ทับแก้ว) เน็ตไอดอล เจ้าแม่โซเชียลแคม ที่ภายใต้ภาพลักษณ์สวยใสไร้สติของริบบิ้น คือสายตาอันแหลมคมที่เก็บข้อมูลฉาวๆ ของผู้เข้าประกวดทุกคน และ ลูกโซ่ (เรวิญานันท์ ทาเกิด) สาวหน้าสวยที่หนี ต้น (ณัฏฐ์ เทพหัสดิน ณ อยุธยา) แฟนหนุ่มมาประกวด ลูกโซ่ที่สวยสงบแต่ภายในใจพร้อมที่จะฟาดฟันผู้เข้าประกวดคนอื่นที่กล้ามาขวางทาง,tha,tha,"[617610.0, 156240.0, 30030.0, 38850.0, 393960.0, 354900.0, 716940.0, 78330.0, 223440.0, 515130.0, 34650.0, 18900.0, 8961540.0, 1135890.0, 545370.0]"
ในทางปฏิบัติ ระบบคอมมอนลอว์เป็นระบบซึ่งมีความซับซ้อนยิ่งกว่าคุณสมบัติอันเป็นอุดมคติดังที่ได้กล่าวไว้ข้างต้น การตัดสินดำเนินดคีของศาลจะถูกผูกมัดในเฉพาะเขตอำนาจศาลที่เฉพาะเท่านั้น และกระทั่งภายในเขตอำนาจศาลที่กำหนด ศาลบางส่วนก็มีอำนาจยิ่งกว่าศาลทั่วไป อาทิเช่น ในการตัดสินคดีส่วนใหญ่ การตัดสินคดีโดยศาลอุทธรณ์จะถูกผูกมัดตามการตัดสินของศาลชั้นต่ำกว่าในการตัดสินดคีความที่มีลักษณะอย่างเดียวกัน และการตัดสินคดีในอนาคตจะถูกผูกมัดตามการตัดสินของศาลอุทธรณ์นี้ แต่มีเพียงการตัดสินของศาลชั้นต่ำกว่าเป็นอำนาจซึ่งไม่ถูกผูกมัดโน้มน้าว,tha,tha,"[290301.0, 84227.0, 17347.0, 9405.0, 173052.0, 174306.0, 330220.0, 65208.0, 45353.0, 229273.0, 11077.0, 7733.0, 4198601.0, 478192.0, 409222.0]"
"รางวัลยอดเยี่ยม ถ้วยพระราชทานจากพระบาทสมเด็จพระเจ้าอยู่หัว จากภาพชื่อ """"หมอกยามเช้า"""" จากการประกวดภาพถ่ายทั่วประเทศ ครั้งที่ 3 พ.ศ. 2507 จัดโดย สมาคมถ่ายภาพแห่งประเทศไทย ในพระบรมราชูปถัมภ์",tha,tha,"[106496.0, 31408.0, 5616.0, 6864.0, 56576.0, 63232.0, 121264.0, 15600.0, 33904.0, 84656.0, 3744.0, 3120.0, 1442896.0, 168896.0, 90480.0]"
นอกจากนี้ในบรรดาอัศวินเซเลอร์ เรย์ก็เป็นคนที่ถูกเปลี่ยนบุคลิกไปจากต้นฉบับเดิม (หนังสือการ์ตูน) มากที่สุดเพราะในต้นฉบับเดิม เรย์จะเป็นคนที่ดูเคร่งขรึม ดูเก็บกด ไม่ค่อยพูดมาก ไม่ชอบดูรายการโทรทัศน์ ไม่ชอบผู้ชายและไม่เคยมีความไว้วางใจในตัวผู้ชายเลยแต่ในฉบับอะนิเมะ เรย์กลับกลายเป็นคนสนุกสนาน ร่าเริง เปิดเผย แอบติงต๊องเป็นบางครั้ง ชอบดู การ์ตูน (สังเกตได้จากฉบับอะนิเมะตอนที่ 21 ที่เธอและอุซางิรู้สึกตื่นเต้นที่จะได้ไปเยี่ยมชมสตูดิโอผลิตการ์ตูนเป็นอย่างมาก) และในช่วงครึ่งแรกของอะนิเมะภาคแรก เธอก็แสดงความรู้สึกชอบ จิบะ มาโมรุ อย่างออกนอกหน้า ซึ่งเรื่องนี้ทำให้ตัวผู้เขียนอย่าง นาโอโกะ ทาเคอุจิ รู้สึกไม่พอใจทางทีมงานผู้สร้างฉบับอะนิเมะอยู่เหมือนกันหลังจากภาค SuperS เป็นต้นมา นิสัยของเรย์จึงเริ่มนิ่งสงบและเคร่งขรึมขึ้นมาบางส่วนเหมือนกับต้นฉบับ ทำให้เป็นที่พอใจในระดับหนึ่งของทาเคอุจิ,tha,tha,"[397233.0, 114471.0, 20700.0, 20907.0, 247572.0, 208656.0, 478584.0, 69345.0, 145107.0, 336789.0, 20286.0, 9108.0, 5929101.0, 680202.0, 420417.0]"
ทางด้านพี่ไก่ที่รู้ว่าคู่แค้นอย่างนัสรินกลับมา จึงส่งกิ๊บ (ปาณิสรา ปริญญารักษ์) หลานสาวเข้ามาประกวดเพื่อต้องการสืบเรื่องราวในกองประกวดของอีกฝ่ายหนึ่ง แต่เพราะความป้ำๆ เป๋อๆ ทำให้ถูกวุฒิกรณ์ (ชลวิทย์ มีทองคำ) กรรมการหนุ่มจับพิรุธได้อยู่บ่อยๆ นอกจากนี้ยังมีมะเหมี่ยว (อนิส สุวิทย์) สาวไซด์ไลน์ที่หวังจะชุบตัวจากการประกวดนางงาม แต่กลับถูกพิม (ธนาภา ภูมิดิษฐ์) นางงามที่มารดาของเขาต้องโทษจำคุก รู้อดีตของมะเหมี่ยวเข้า จึงคอยขัดขวางทุกวิถีทาง ทำให้ทั้งคู่มีเรื่องทะเลาะกันบ่อยๆ ส่วนโบว์ (กรกช แข็งขัน) นางงามที่เข้ามาประกวดเพราะหวังหาเงินไปจุนเจือครอบครัว ก็ได้พบกับคนรักเก่าอย่างทินวัฒน์ (ยุทธนา เปื้องกลาง) เจ้าของเวปไซด์ที่นัสรินจ้างให้มาทำข่าวการประกวด ถ่านไฟเก่าจึงลุกโชน โบว์และทินวัฒน์พยายามเก็บความลับเรื่องความสัมพันธ์เอาไว้ แต่ก็ไม่รอดสายตาเชอร์รี่ (พิชยา ทิพพาละ) นางงามเด็กสร้างของบีบี (วราไพรินทร์ ลภัสนิธิโรจน์) อดีตผู้เข้าประกวดในฤดูกาลแรก ที่จ้องจะขุดคุ้ยความสัมพันธ์ของทั้งคู่ โชคดีโบว์ได้ฝน (ปุณณิศา ศิริสังข์) นักมวยหญิงหลานแท้ๆ ของจีจี้ (กรกฎ พวงสวัสดิ์) พี่เลี้ยงนางงามคอยช่วยเหลือ การแข่งขันเป็นไปอย่างดุเดือด จนทำให้น้ำ (กุลธิดา พริ้งเกษมชัย) สาวใสซื่อจากขอนแก่น ต้องตกเป็นเหยื่อจากเพื่อนนางงามอยู่เสมอ ยังดีที่เธอมีอลิสคอยช่วยเหลือ จึงทำให้น้ำรู้สึกดีกับอลิสมาก,tha,tha,"[727592.0, 192404.0, 28016.0, 45320.0, 464530.0, 506966.0, 849338.0, 87756.0, 244522.0, 616146.0, 41612.0, 19776.0, 10194528.0, 1352184.0, 591838.0]"
แคว้นพระบิดาของพระพุทธองค์ก็อยู่ในแคว้นเล็ก ๆ นี่อาณาจักรเหล่านี้ปกครองในระบอบสมบูรณาญาสิทธิราชย์คือพระราชามีอำนาจเด็ดขาดบ้าง ระบอบสามัคคีธรรม คือมีสภาเป็นที่ปรึกษาบ้าง ระบอบประชาธิปไตยบ้าง แต่ส่วนมากจะเป็นระบอบสมบูรณาญาสิทธิราชย์ ด้วยเหตุที่พุทธศาสนาถือกำเนิดในแผ่นดินอินเดีย จึงควรจะได้ศึกษาภูมิหลังของอินเดียในยุคก่อนการกำเนิดของพุทธศาสนาพอสังเขป ดังนี้,tha,tha,"[209100.0, 56375.0, 10660.0, 9430.0, 115825.0, 210125.0, 237185.0, 35670.0, 46535.0, 171175.0, 11890.0, 2050.0, 2908540.0, 354240.0, 193725.0]"
Fe3+ จะตกตะกอนเป็น Fe(OH)3 ในสภาพที่เป็นเบส ทำให้ละลายน้ำได้น้อย แต่เมื่อถุกรีดิวซ์ไปเป็น Fe2+ ในสภาวะไร้ออกซิเจนจะละลายน้ำได้ดีขึ้น แต่ก็อาจจะตกตะกอนในรูป FeS ได้ ถ้าในบริเวณนั้นมี H2S ในสารประกอบอินทรีย์ เหล็กจะจับอยู่กับ organic ligand และนำไปใช้ในกระบวนการถ่ายโอนอิเล็กตรอนได้,tha,tha,"[151164.0, 39168.0, 10404.0, 7752.0, 66504.0, 62220.0, 169728.0, 43248.0, 33660.0, 125868.0, 9996.0, 4488.0, 1827228.0, 250308.0, 170952.0]"
มีการจัดการจุดกลับรถเพื่อความปลอดภัย โดยติดตั้งสัญญาณไฟที่จุดกลับรถหน้ามหาวิทยาลัยเทคโนโลยีราชมงคลกรุงเทพ และปิดจุดกลับรถบริเวณวัดปริวาสและถนนรัชดาภิเษก-ท่าพระ ส่วนบริเวณแยกสาทร-นราธิวาสได้จัดจุดกลับรถเพิ่มเติมสำหรับรถทั่วไป,tha,tha,"[138243.0, 36337.0, 9135.0, 11368.0, 79373.0, 92162.0, 155295.0, 15428.0, 29232.0, 109011.0, 7105.0, 3248.0, 1773611.0, 226954.0, 113274.0]"
"พระมหากัจจายนะ (บาลี: มหากจฺจายน, สันสกฤต: มหากาตฺยายน) เป็นพระอรหันต์องค์หนึ่งในพระอสีติมหาสาวกของพระโคตมพุทธเจ้า ได้รับการยกย่องว่าเป็นเอตทัคคะในทางผู้อธิบายความย่อให้พิสดาร",tha,tha,"[118978.0, 28886.0, 3434.0, 8080.0, 69892.0, 174124.0, 134330.0, 19594.0, 40400.0, 89890.0, 5252.0, 4040.0, 1092820.0, 194728.0, 74740.0]"
ศาสตราจารย์ ดร.ปราโมทย์ นาครทรรพ นักวิชาการอิสระ ที่ปรึกษาพันธมิตรประชาชนเพื่อประชาธิปไตย ผู้อ้างแผนฟินแลนด์ (ปฏิญญาฟินแลนด์) และอดีตเลขาธิการพรรคพลังใหม่ เมื่อปี พ.ศ. 2518เขาเป็นผู้ลงนามเรียกร้องรัฐธรรมนูญ 100 คนแรก ในเหตุการณ์ 14 ตุลาคม,tha,tha,"[163815.0, 50049.0, 10251.0, 12864.0, 99093.0, 123012.0, 186126.0, 18090.0, 38190.0, 135474.0, 11859.0, 6030.0, 1907490.0, 293661.0, 104922.0]"
ตะเคียนหิน (ชื่อวิทยาศาสตร์: Hopea ferrea) เป็นพืชในวงศ์ยางนา (Dipterocarpaceae) กระจายพันธุ์ในแถบอินโดจีนและคาบสมุทรมลายู เป็นพันธุ์ไม้มงคลพระราชทานประจำจังหวัดอำนาจเจริญ ลำต้นใช้ทำของใช้ได้ เนื้อไม้และดอกสามารถนำมาทำเป็นยารักษาโรค,tha,tha,"[141800.0, 37000.0, 9600.0, 12600.0, 65800.0, 80000.0, 156400.0, 22600.0, 37400.0, 110200.0, 5000.0, 4200.0, 1712400.0, 233800.0, 113200.0]"
"แดนอรัญ เริ่มมีชื่อเสียงขึ้นมาเมื่อปี พ.ศ. 2536 เมื่อนวนิยายเรื่อง เงาสีขาว ที่ออกเผยแพร่เมื่อปีเดียวกัน เสมือนเป็นปรากฏการณ์เล็ก ๆ ในแวดวงวรรณกรรมไทย แต่นวนิยายเรื่องนี้กลับถูกปฏิเสธจากคณะกรรมการพิจารณารางวัลซีไรต์ ไม่ได้มีแม้ชื่อติดอันดับผู้เข้าชิงรางวัลเลย โดยเป็นที่กล่าวกันว่าเพราะสิ่งที่อยู่ในเรื่องไปกระทบกับโครงสร้างของสังคม แต่กระนั้นเงาสีขาวก็ได้ถูกแปลเป็นภาษาต่างประเทศมากมาย เช่น ฝรั่งเศส, โปรตุเกส, อังกฤษ, สเปน และทำยอดขายได้มากกว่า 100,000 เล่ม ซึ่งหนึ่งในผู้มีชื่อเสียงระดับโลกที่ชื่นชอบหนังสือของแดนอรัญ คือ โชเซ มูรีนโย ผู้จัดการทีมและหัวหน้าผู้ฝึกสอนทีมเชลซี ทีมฟุตบอลที่มีชื่อเสียงของอังกฤษ และทำให้แดนอรัญได้รับเหรียญอิสริยาภรณ์ศิลปศาสตร์และอักษรศาสตร์ชั้นอัศวิน (Chevalier de l'Ordre des Arts et des Lettres) จากกระทรวงวัฒนธรรม ประเทศฝรั่งเศส ซึ่งได้รับรางวัลนี้พร้อมกับ บ็อบ ดีแลน นักร้อง นักดนตรีที่มีชื่อเสียงชาวอเมริกัน",tha,tha,"[435611.0, 120992.0, 23283.0, 184274.0, 257307.0, 239994.0, 493918.0, 61292.0, 93729.0, 376906.0, 23482.0, 15920.0, 5877465.0, 707445.0, 460486.0]"
"มานิต ศรีวานิชภูมิ (27 กันยายน พ.ศ. 2504 - ) เป็นนักถ่ายภาพ นักเขียน ศิลปินอิสระแนวมโนทัศนศิลป์ (Conceptual Art) และนักเคลื่อนไหวทางสังคม มีผลงานที่เป็นที่รู้จัก คือ ชุดภาพถ่าย """"Pink Man"""" ที่มีภาพชายร่างท้วม สวมสูทสีชมพูและรถเข็นซูเปอร์มาร์เกต ถ่ายตามสถานที่ต่าง ๆ ทั่วโลก และภาพชุดพิงค์แมนที่เสียดสีการเมืองและสังคมไทย โดยมีทั้งภาพถ่ายในปัจจุบัน และภาพรีทัชจากภาพถ่ายความรุนแรงทางการเมืองไทยในเหตุการณ์ 6 ตุลา",tha,tha,"[215820.0, 52668.0, 13464.0, 12474.0, 117216.0, 134442.0, 246906.0, 26532.0, 40590.0, 165924.0, 9504.0, 7722.0, 3074544.0, 350856.0, 240570.0]"
อดอาหารแก้กิเลส พระอาจารย์สุชาติ อภิชาโต ได้ฝึกการอดอาหารเพื่อสร้างภาวะที่กดดันจิตใจ เพื่อจะได้ผลิตธรรมออกมาต่อสู้ ผลิตปัญญา ผลิตสมาธิ ผลิตสติ ถ้าอยู่ในสภาพที่สบายกิเลสจะออกมาเพ่นพ่าน ซึ่งการอดอาหารนั้น ก็ต้องดูตามความเหมาะสมของธาตุขันธ์ด้วย,tha,tha,"[114457.0, 35066.0, 5713.0, 3940.0, 55948.0, 93181.0, 131596.0, 20488.0, 25216.0, 93378.0, 4925.0, 1773.0, 1787972.0, 196606.0, 112881.0]"
"ในพีชคณิตเชิงเส้น เมทริกซ์สลับเปลี่ยน (ทับศัพท์ว่า ทรานสโพส) คือเมทริกซ์ที่ได้จากการสลับสมาชิก จากแถวเป็นหลัก และจากหลักเป็นแถว ของเมทริกซ์ต้นแบบ เมทริกซ์สลับเปลี่ยนของ A ที่มีมิติ m×n จะเขียนแทนด้วย AT (บางครั้งอาจพบในรูปแบบ At, Atr, tA หรือ A′) ซึ่งจะมีมิติเป็น n×m (สลับกัน) นิยามโดย",tha,tha,"[166992.0, 45276.0, 10584.0, 9016.0, 85652.0, 96824.0, 184632.0, 33516.0, 45276.0, 121912.0, 3136.0, 3136.0, 1716372.0, 277928.0, 124656.0]"
ต่อมา เหม่ยเว้ย พบว่าที่แท้แล้วเป็นฝีมือของเทียนซือจริง ๆ จึงถูกพวกญี่ปุ่นจับตัวไป ยิปมันจึงสู้กับเทียนซือ ซึ่งเทียนซือสารภาพว่าแท้จริงแล้วเขาเป็นนายทหารญี่ปุ่นปลอมตัวเข้ามา ยิปมันและจงซูจึงต้องต่อสู้กับพวกญี่ปุ่นที่บุกเข้ามาและใช้ดาบซามูไรเป็นอาวุธ ขณะที่ยิปมันมีแต่เพียงไม้พลองและต้องบุกเข้าไปช่วยเหม่ยเว้ย,tha,tha,"[151125.0, 49725.0, 7605.0, 6240.0, 81315.0, 93600.0, 181350.0, 25740.0, 29250.0, 124995.0, 8970.0, 4290.0, 2213250.0, 244920.0, 204165.0]"
วีวาย สุนัขใหญ่ มีเส้นผ่านศูนย์กลางใหญ่ที่สุดในบรรดาดาวฤกษ์ที่รู้จักทั้งหมด คือประมาณ 1800 ถึง 2100 เท่าของดวงอาทิตย์ หรือเทียบได้กับเส้นผ่านศูนย์กลางวงโคจรของดาวเสาร์,tha,tha,"[93702.0, 28906.0, 6014.0, 4656.0, 43262.0, 63826.0, 101850.0, 14744.0, 17072.0, 71974.0, 5820.0, 3298.0, 1078058.0, 147634.0, 83614.0]"
"รถโดยสารประจำทางด่วนพิเศษ สายสาทร-ราชพฤกษ์ หรือสายช่องนนทรี-ราชพฤกษ์ เป็นระบบรถโดยสารประจำทางด่วนพิเศษ หรือบีอาร์ที (BRT) สายนำร่องของกรุงเทพมหานคร และเป็นสายแรกของประเทศไทย เดินรถบนถนนนราธิวาสราชนครินทร์, ถนนพระรามที่ 3, สะพานพระราม 3 และถนนรัชดาภิเษก-ท่าพระ ระยะทาง 15.9 กิโลเมตร มีจุดจอดรับส่งผู้โดยสาร 12 สถานี โดยจัดช่องทางการเดินรถแยกจากช่องทางปกติบนพื้นถนนเดิมในทิศทางเดียวกัน ยกเว้นบนสะพานข้ามทางแยกและสะพานพระราม 3ที่เดินรถในช่องเดินรถมวลชน (high-occupancy vehicle/HOV lane) ร่วมกับรถยนต์ที่มีผู้โดยสารตั้งแต่ 3 คนขึ้นไป และบริเวณทางแยกบางจุดที่ใช้ช่องทางร่วมกับรถทั่วไป",tha,tha,"[329451.0, 74498.0, 22581.0, 25283.0, 203808.0, 167717.0, 378280.0, 33196.0, 92833.0, 265761.0, 16212.0, 9071.0, 4218787.0, 560665.0, 245110.0]"
มีลำตัวป้อม ค่อนข้างแบนข้าง ส่วนหัวกลมมน มีหนวดสองคู่ ลำตัวปกคลุมด้วยแผ่นกระดูกสองแถวเรียงสานกัน ลำตัวด้านบนสีเทาอมเขียว ด้านหลังสีเทาอมสีเหลืองทอง ครีบทั้งหมดเป็นสีเทาดำ ครีบอกสีเหลืองทองโดยส่วนเงี่ยงจะมีสีเหลืองเข้มกว่าก้านครีบ,tha,tha,"[127872.0, 33024.0, 2688.0, 5760.0, 52608.0, 62016.0, 142080.0, 21312.0, 35328.0, 101184.0, 2880.0, 4992.0, 1770816.0, 208896.0, 136896.0]"
มานิตเกิดที่กรุงเทพมหานคร จบการศึกษาจากคณะศิลปกรรมศาสตร์ มหาวิทยาลัยศรีนครินทรวิโรฒ เริ่มทำงานเป็นช่างภาพให้กับ Bureau Bangkok และช่างภาพประจำหนังสือพิมพ์สยามรัฐ ก่อนจะหันมาทำงานอิสระ เคยได้รับรางวัล Higashikawa Prize จากงานแสดงภาพถ่าย Photo Fiesta ที่ฮอกไกโด ประเทศญี่ปุ่น เมื่อ พ.ศ. 2550 และได้รับการคัดเลือกเป็น 1 ใน 100 ช่างภาพที่ดีที่สุดในโลกจากการคัดเลือกของสำนักพิมพ์ไพดอน เมื่อ พ.ศ. 2550 ผลงานล่าสุดเป็นผลงานกำกับภาพ และกำกับภาพยนตร์สารคดี พลเมืองจูหลิง (2552) ร่วมกับ ไกรศักดิ์ ชุณหะวัณ และ อิ๋ง เค,tha,tha,"[274276.0, 99702.0, 18718.0, 29223.0, 160440.0, 164451.0, 307319.0, 33998.0, 86714.0, 225189.0, 12797.0, 12606.0, 3388722.0, 478455.0, 255558.0]"
"การริเริ่มบัญญัติกฎหมาย (Statute law initiative) เป็นกระบวนการเรียกร้องที่กำหนดในรัฐธรรมนูญ เริ่มโดยประชาชนในเรื่อง """"บัญญัติกฎหมายที่เสนอ"""" ซึ่งถ้าผ่าน ก็จะมีผลเป็นกฎหมายเขียนลงในบัญญัติกฎหมายของรัฐโดยตรง ซึ่งใช้ในรัฐ 21 รัฐ คือ อะแลสกา แอริโซนา อาร์คันซอ แคลิฟอร์เนีย โคโลราโด ไอดาโฮ เมน แมสซาชูเซตส์ มิชิแกน มิสซูรี มอนแทนา เนแบรสกา เนวาดา โอไฮโอ โอคลาโฮมา ออริกอน เซาท์ดาโคตา ยูทาห์ วอชิงตัน และไวโอมิง ให้สังเกตว่า การออกกฎหมายโดยประชาชน (คือ การริเริ่มบัญญัติกฎหมายและการขอ/ลงประชามติ) ไม่ใช่เป็นบัญญัติในรัฐธรรมนูญของยูทาห์ แต่เป็นบทบัญญัติกฎหมายของรัฐ ในรัฐโดยมาก กฎหมายที่ออกโดยประชาชนจะไม่พิเศษ คือฝ่ายนิติบัญญัติสามารถเริ่มเปลี่ยนกฎหมายได้ทันที",tha,tha,"[354350.0, 103740.0, 15010.0, 19760.0, 220210.0, 268280.0, 415530.0, 69350.0, 122930.0, 296020.0, 19760.0, 12540.0, 3713360.0, 622630.0, 347510.0]"
ขึ้นกับระบบที่ใช้ ประชาธิปไตยโดยตรงอาจรวมการตัดสินใจทางฝ่ายบริหาร การจับสลากเลือกผู้บริหารงาน (sortition) การออกกฎหมาย การเลือกหรือไล่เจ้าหน้าที่โดยตรง และงานฝ่ายตุลาการ รูปแบบสำคัญสองอย่างของระบบนี้ก็คือประชาธิปไตยแบบมีส่วนร่วมและประชาธิปไตยแบบปรึกษาหารือ,tha,tha,"[119259.0, 39690.0, 5859.0, 9261.0, 61992.0, 82593.0, 131544.0, 20979.0, 38934.0, 95823.0, 5103.0, 3213.0, 1603665.0, 204120.0, 162918.0]"
สมเด็จพระมหาวีรวงศ์ มีนามเดิมว่า ทิม พันทา (ภายหลังเปลี่ยนเป็นพันธุเลปนะ) เกิดเมื่อวันอาทิตย์ที่ 16 ตุลาคม พ.ศ. 2447 เป็นบุตรคนที่ 7 ของนายอ่อนตากับนางเทศ พันทา (ซึ่งมีบุตรรวมทั้งสิ้น 9 คน) ภูมิลำเนาอยู่บ้านดอนสะแก ตำบลโคกโคเฒ่า อำเภอเมืองสุพรรณบุรี,tha,tha,"[157732.0, 37036.0, 7708.0, 10716.0, 81968.0, 120320.0, 168636.0, 17860.0, 52076.0, 122576.0, 8084.0, 3948.0, 1852552.0, 245904.0, 121824.0]"
ซัมซุง เอสจีเอช-ยู600 เป็นโทรศัพท์เคลื่อนที่ ผลิตในประเทศ ประเทศเกาหลีใต้ โดย ซัมซุง และเป็นส่วนหนึ่งของรุ่นอัลตร้า เอดิชั่น II หนึ่งในคุณสมบัติหลักคือสายและปุ่มเลือกที่ไวต่อการสัมผัส เริ่มออกวางจำหน่ายช่วงต้นปี 2007,tha,tha,"[111452.0, 36465.0, 10285.0, 9537.0, 47311.0, 63393.0, 121550.0, 14773.0, 44319.0, 81906.0, 7293.0, 4114.0, 1249721.0, 165495.0, 100606.0]"
ยากลุ่ม ATC รหัส R ระบบทางเดินหายใจ (Respiratory system) ของระบบจำแนกประเภทยาตามการรักษาทางกายวิภาคศาสตร์ (Anatomical Therapeutic Chemical Classification System),tha,tha,"[64356.0, 22134.0, 9300.0, 7068.0, 30132.0, 35340.0, 65472.0, 13020.0, 20274.0, 46686.0, 6324.0, 4278.0, 526380.0, 93186.0, 45756.0]"
ขณะที่เรือประจัญบานมีการพัฒนาหลักก็คือเกราะของเรือและขนาดลำกล้องปืนที่ใหญ่ขึ้น ตอร์ปิโดก็ได้มีการนำมาใช้ในเรือตอร์ปิโดและเรือผิวน้ำขนาดเบาชนิดอื่น เรือดำน้ำ และเครื่องบินเพื่อที่จะทำลายเกราะที่หนาของเรือโดยไม่ต้องใช้ปืนขนาดใหญ่ ถึงแม้ว่าบางครั้งจะเสี่ยงต่อการโดนยิงจากระยะไกล,tha,tha,"[139860.0, 40145.0, 5550.0, 7215.0, 62900.0, 52170.0, 153550.0, 26825.0, 34965.0, 108040.0, 6660.0, 4070.0, 1955635.0, 221815.0, 177600.0]"
วันอังคารที่ 10 เมษายน พ.ศ. 2544 พระบาทสมเด็จพระปรมินทรมหาภูมิพลอดุลยเดช สมเด็จพระนางเจ้าสิริกิติ์ พระบรมราชินีนาถ สมเด็จพระบรมโอรสาธิราช เจ้าฟ้ามหาวชิราลงกรณ สยามมกุฎราชกุมาร สมเด็จพระเทพรัตนราชสุดาฯ สยามบรมราชกุมารี เสด็จพระราชดำเนินพร้อมด้วยสมเด็จพระเจ้าลูกเธอ เจ้าฟ้าจุฬาภรณวลัยลักษณ์ อัครราชกุมารี พระเจ้าวรวงศ์เธอ พระองค์เจ้าโสมสวลี พระวรราชาทินัดดามาตุ พระเจ้าหลานเธอ พระองค์เจ้าพัชรกิติยาภา และหม่อมเจ้าสิริวัณวรี มหิดล ไปในการพระราชทานเพลิงศพสมเด็จพระมหาวีรวงศ์ ณ เมรุหลวงหน้าพลับพลาอิศริยาภรณ์ วัดเทพศิรินทราวาส,tha,tha,"[370024.0, 77648.0, 17848.0, 40848.0, 209392.0, 337824.0, 409032.0, 47840.0, 115368.0, 285384.0, 21896.0, 17112.0, 2975832.0, 612536.0, 158792.0]"
ศิลปะโมซัน หรือ ศิลปะเรโน-โมซัน(อังกฤษ: Mosan art หรือ Rheno-Mosan art) เป็นศิลปะระดับภูมิภาคของศิลปะโรมาเนสก์ที่แพร่หลายระหว่างคริสต์ศตวรรษที่ 11 ถึง 13 ในบริเวณลุ่มแม่น้ำเมิซและแม่น้ำไรน์ในบริเวณที่ปัจจุบันคือประเทศเบลเยียมโดยเฉพาะในวาลโลเนียและไรน์แลนด์ ที่รวมทั้งงานเอกสารตัวเขียนสีวิจิตร งานโลหะและงานลงยา,tha,tha,"[158661.0, 56547.0, 15372.0, 17202.0, 89121.0, 114558.0, 186294.0, 27450.0, 47397.0, 125538.0, 9699.0, 6771.0, 1515606.0, 263154.0, 140910.0]"
หนังสือขงจื๊อ “Analects” ได้รับการพิมพ์ในปี ค.ศ. 1598 โดยใช้แท่นพิมพ์เกาหลีตามพระบรมราชโองการของ สมเด็จพระจักรพรรดิโกะ-โยเซ (Emperor Go-Yōzei) หนังสือเล่มนี้เป็นหนังสือฉบับที่เก่าที่สุดในญี่ปุ่นที่พิมพ์ด้วยแท่นพิมพ์ แม้ว่าการใช้แท่นพิมพ์จะดูว่ามีความสะดวกแต่ก็เป็นที่ตกลงกันว่าการพิมพ์อักษรญี่ปุ่นที่มีลักษณะเป็นแบบ “Semi-cursive script” พิมพ์ได้ดีกว่าเมื่อใช้การพิมพ์โดยวิธีแกะไม้ ฉะนั้นการพิมพ์จึงหันกลับไปเป็นการใช้การพิมพ์ด้วยพิมพ์แกะไม้ และเมื่อมาถึง ค.ศ. 1640 การพิมพ์ด้วยวิธีนี้ก็ใช้สำหรับการพิมพ์แทบจะทุกสิ่งทุกอย่าง,tha,tha,"[241332.0, 74620.0, 18746.0, 12376.0, 161798.0, 105924.0, 279734.0, 41496.0, 73164.0, 197288.0, 10920.0, 8008.0, 3083080.0, 407862.0, 339066.0]"
"รอบชิงชนะเลิศเป็นการตัดสินกันระหว่าง สโมสรจากอาร์เจนตินา รีเบร์เปลต, เป็นตัวแทนของ คอนเมบอล ในฐานะครองแชมป์ของ โกปาลีเบร์ตาโดเรส และสโมสรจากสเปน บาร์เซโลนา, เป็นตัวแทนของ ยูฟ่า ในฐานะครองแชมป์ของ ยูฟ่าแชมเปียนส์ลีก. จะลงเล่นที่ อินเตอร์เนชั่นแนล สเตเดี้ยม โยะโกะฮะมะ ในเมือง โยะโกะฮะมะ เมื่อวันที่ 20 ธันวาคม พ.ศ. 2558.",tha,tha,"[188602.0, 64074.0, 11946.0, 15928.0, 98464.0, 121089.0, 229327.0, 33485.0, 54481.0, 166520.0, 18100.0, 12127.0, 1550627.0, 317655.0, 127062.0]"
ปริมาณที่เกี่ยวข้องกับปริมาณพลังงานจลน์โดยตรง คือ ความเร็วของวัตถุนั่นเอง หากความเร็วของวัตถุมีการเปลี่ยนแปลง แสดงว่าพลังงานจนล์ของวัตถุนั้นมีการเปลี่ยนแปลงไป ซึ่งสามารถหาพลังงานจลน์ได้จากสมการ,tha,tha,"[94860.0, 29340.0, 4320.0, 2700.0, 41220.0, 64800.0, 100440.0, 17460.0, 15480.0, 68400.0, 5040.0, 2520.0, 1334700.0, 146520.0, 80640.0]"
ตามนักรัฐศาสตร์ที่มหาวิทยาลัยสแตนฟอร์ด เจมส์ ฟิชกิน ประชาธิปไตยแบบปรึกษาหารือเป็นรูปแบบประชาธิปไตยโดยตรงที่ตอบสนองต่อการให้มีการปรึกษาหารือและความเท่าเทียมกัน แต่ก็ไม่ได้ให้ทุกคนผู้ต้องการมีส่วนต้องได้ส่วนร่วม เทียบกับประชาธิปไตยแบบมีส่วนร่วมที่เปิดโอกาสให้มีส่วนร่วมและปรึกษาหารือ แต่จำต้องสังเวยความเท่าเทียมกัน เพราะถ้าอนุญาตให้ประชาชนมีส่วนร่วมอย่างทั่วไป การมีทรัพยากรเพื่อสนับสนุนประชาชนผู้ให้เวลาเพื่อมีส่วนร่วมในการปรึกษาหารือเป็นไปได้ยาก ดังนั้น ผู้เข้าร่วมก็มักจะเป็นบุคคลที่มีความสนใจ/มีผลประโยชน์ในเรื่องที่จะตัดสินสูง และบ่อยครั้งจะไม่เป็นตัวแทนของประชากรทั้งหมด,tha,tha,"[250600.0, 71779.0, 9845.0, 15394.0, 136577.0, 169871.0, 276197.0, 46898.0, 62471.0, 204239.0, 11098.0, 4833.0, 3585370.0, 417786.0, 303584.0]"
เจที มาร์เวลลัส (ญี่ปุ่น: JTマーヴェラス; อังกฤษ: JT Marvelous) เป็นทีมวอลเลย์บอลหญิง ซึ่งมีเจ้าของคือบริษัท เจแปนโทแบคโค จำกัด และตั้งอยู่ ณ นิชิโนะมิยะ จังหวัดเฮียวโงะ ประเทศญี่ปุ่น โดยทีมนี้เข้าแข่งขันในวี.พรีเมียร์ลีก,tha,tha,"[107512.0, 36846.0, 9078.0, 9434.0, 43432.0, 56426.0, 120506.0, 52332.0, 42542.0, 80634.0, 9790.0, 3738.0, 960488.0, 173906.0, 76362.0]"
อเมริกากลาง (Central America) เป็นภูมิภาคย่อยที่หมายถึงกลุ่มประเทศที่อยู่ทางตอนใต้ของทวีปอเมริกาเหนือ ซึ่งตามความหมายส่วนใหญ่แล้วจะนับจาก ทางใต้ของ อ่าวเม็กซิโก ไปถึงพรมแดนระหว่างปานามากับโคลัมเบีย (หรือประเทศต่าง ๆ ระหว่างเม็กซิโกกับโคลัมเบีย) ได้แก่,tha,tha,"[112041.0, 39471.0, 6726.0, 4956.0, 54516.0, 62835.0, 125316.0, 26904.0, 30090.0, 80889.0, 7080.0, 6726.0, 1291215.0, 184788.0, 115758.0]"
"บี'เดย์ (อังกฤษ: B'Day) คือสตูดิโออัลบั้มลำดับที่ 3 ของบียอนเซ่ โนวส์ นักร้องสาวเพลงอาร์แอนด์บีชาวอเมริกัน อัลบั้มนี้ออกจำหน่ายทั่วโลกเมื่อวันที่ 4 กันยายน พ.ศ. 2549 ซึ่งตรงกับวันเกิดอายุครบ 25 ปีของเธอพอดี อัลบั้มนี้ประสบความสำเร็จโดยเปิดตัวบนชาร์ตบิลบอร์ด 200ของสหรัฐอเมริกาในอันดับหนึ่ง ด้วยยอดขายในสัปดาห์แรกแรกกว่า 541,000 ชุด และเป็นอัลบั้มที่มียอดขายในสัปดาห์แรกสูงที่สุดในฐานะศิลปินเดี่ยว อัลบั้มนี้โนวส์ยังร่วมแต่งและโปรดิวซ์เพลงในอัลบั้มนี้ถึง 11 เพลงและร่วมด้วยทีมงานโปรดิวเซอร์และนักแต่งเพลงระดับซุปเปอร์สตาร์",tha,tha,"[285120.0, 81488.0, 21296.0, 18832.0, 171072.0, 153472.0, 327184.0, 38544.0, 60544.0, 234960.0, 22176.0, 8448.0, 3284336.0, 464816.0, 248336.0]"
พระบรมราชาที่ 5 หรือสมเด็จพระราชโองการ พระบรมราชาธิราชรามาธิบดี เป็นพระราชโอรสของสมเด็จพระบรมราชาที่ 4 (นักพระสัตถา) ประสูติเมื่อ พ.ศ. 2122 พระราชบิดาอภิเษกให้เป็นพระมหากษัตริย์พร้อมพระองค์และพระไชยเชษฐาที่ 1 เมื่อราว พ.ศ. 2129 หลังจากกรุงละแวกแตก พระองค์ได้หนีไปกับพระราชบิดาและพระเชษฐา จนทั้งสองพระองค์สิ้นพระชนม์ไปใน พ.ศ. 2139 หลังจากพระบาทรามเชิงไพรสวรรคตใน พ.ศ. 2139 ได้มีพ่อค้าชาวสเปนและโปรตุเกสสนับสนุนพระองค์ขึ้นครองราชย์ที่เมืองศรีสุนทร ต่อมามีกบฏมุสลิมจามต่อต้านพระองค์ ในที่สุด พระองค์ถูกปลงพระชนม์ใน พ.ศ. 2142,tha,tha,"[296450.0, 69650.0, 12950.0, 16625.0, 149450.0, 276850.0, 334075.0, 36575.0, 101850.0, 249725.0, 12425.0, 6475.0, 3387125.0, 478625.0, 232225.0]"
ประชาธิปไตยโดยตรง (อังกฤษ: direct democracy) หรือ ประชาธิปไตยบริสุทธิ์ (อังกฤษ: pure democracy ) เป็นการปกครองแบบประชาธิปไตย ที่ประชาชนตัดสินการริเริ่มออกกฎหมาย/นโยบายต่าง ๆ โดยตรง ไม่ว่าจะโดยออกเสียงลงคะแนนหรือลงประชามติเป็นต้น ซึ่งต่างจากรัฐประชาธิปไตยปัจจุบันโดยมากอันเป็นประชาธิปไตยแบบมีผู้แทน ที่ประชาชนออกเสียงเลือกผู้แทนเพื่อทำหน้าที่ริเริ่มแล้วออกเสียงตัดสินนโยบายอีกทอดหนึ่ง ในระบอบนี้ ประชาชนอาจมีอำนาจการตัดสินใจทางฝ่ายบริหาร ริเริ่มแล้วตัดสินการออกกฎหมายทางฝ่ายนิติบัญญัติ เลือกตั้งและถอดถอนเจ้าหน้าที่ และดำเนินการทางฝ่ายตุลาการ ประชาธิปไตยโดยตรงมีรูปแบบหลัก ๆ สองอย่างคือประชาธิปไตยแบบมีส่วนร่วมและประชาธิปไตยแบบปรึกษาหารือ,tha,tha,"[293886.0, 68556.0, 11658.0, 18618.0, 160080.0, 223068.0, 319638.0, 50982.0, 92394.0, 234378.0, 10962.0, 6612.0, 3935880.0, 487374.0, 338082.0]"
ตัวที่อยู่ใน 口 ให้ใช้ 60 แทนเลขสองตัวหน้า และสองตัวหลังใช้มุมของตัวข้างใน เช่น 国 ใช้ 60 แทนด้านหน้า และใช้ 10 แทนตัว 玉 ด้านใน จะได้เป็น 6010,tha,tha,"[65394.0, 58647.0, 3287.0, 2076.0, 18857.0, 18857.0, 66951.0, 29064.0, 12283.0, 41347.0, 2076.0, 865.0, 709127.0, 89787.0, 49997.0]"
เป็นเกาะแก่งธรรมชาติในแม่น้ำยม ยาวประมาณ 4 กิโลเมตร อยู่หน้าที่ทำการอุทยานแห่งชาติ ได้ชื่อจากลักษณะของหินก้อนหนึ่งในแก่งที่มีรอยคล้ายรอยเท้าเสือปรากฏอยู่,tha,tha,"[69488.0, 20296.0, 2924.0, 3956.0, 31132.0, 44548.0, 76540.0, 8600.0, 14448.0, 50912.0, 2408.0, 860.0, 1008436.0, 102684.0, 62952.0]"
"เดอะแบงค์จ็อบ (อังกฤษ: The Bank Job, วีซีดีจำหน่ายในไทยใช้ชื่อว่า เปิดตำนาน """"ปล้น"""" บันลือโลก) เป็นภาพยนตร์อังกฤษที่ออกฉายในปี พ.ศ. 2551 กำกับโดยโรเจอร์ โดแนลด์สัน นำแสดงโดยเจสัน สเตธัม สร้างจากเค้าโครงเรื่องจริงของการปล้นธนาคารที่ถนนเบเกอร์ที่เกิดขึ้นเมื่อวันที่ 11 กันยายน พ.ศ. 2514 ที่ธนาคารลอยด์ ตั้งอยู่เลขที่ 108 ถนนเบเกอร์ ใจกลางกรุงลอนดอน โดยโจรขุดอุโมงค์ใต้ดินจากร้านค้าที่อยู่ห่างออกไปสามห้อง และเจาะพื้นคอนกรีตเสริมเหล็กของห้องใต้ดินของธนาคาร ปล้นเงินสดไปได้กว่าหนึ่งล้านห้าแสนปอนด์ ซึ่งทรัพย์สินมีค่าที่ถูกปล้นไป ไม่มีรายงานว่าได้รับกลับคืน",tha,tha,"[262827.0, 80370.0, 18126.0, 16758.0, 182457.0, 141588.0, 308826.0, 33003.0, 87210.0, 210672.0, 17271.0, 6327.0, 3273795.0, 465804.0, 252054.0]"
ชื่อจริงของเขาชื่อ คิมูระ ชินสุเกะ เป็นนักข่าวอิสระ พบกับคินดะอิจิครั้งแรกในคดีฆาตกรรมแคมป์เลือด เขาเป็นนักข่าวที่มีแหล่งข้อมูลกว้างขวาง มีความสามารถในการหาข่าวสูง หลายครั้งที่เขามีปัญหาหรือต้องการผู้ช่วยเหลือ มักจะมาหาคินดะอิจิเพื่อขอความช่วยเหลืออยู่เสมอๆ,tha,tha,"[105060.0, 38930.0, 4080.0, 3740.0, 54230.0, 60520.0, 125290.0, 20910.0, 29580.0, 88060.0, 6460.0, 2720.0, 1501440.0, 176630.0, 123080.0]"
คำที่มีสระหน้าหรือสระคร่อม (สระหน้า บน-หลัง) คำที่มีอักษรนำส่วนใหญ่จะอยู่ติดกับอักษรหลัก และรูปสระล้อมรอบอยู่ด้านนอก เช่น เฉลย แสลง (สะ-แหลง) ไฉน เสมียน เถลิง เสลา ฯลฯ มีส่วนน้อยที่อักษรแยกจากกันเช่น ขโมย ทแยง สแลง (สะ-แลง),tha,tha,"[111709.0, 31096.0, 2873.0, 5070.0, 50193.0, 83655.0, 124215.0, 20956.0, 29068.0, 74360.0, 3549.0, 2197.0, 1534182.0, 171197.0, 95316.0]"
ต่อมาภายหลังเกิดคดีฆาตกรรมขึ้น ณ สถานที่แห่งนี้ถือเป็นจุดเริ่มต้นของการเป็นนักสืบของคินดะอิจิและได้พบกับสารวัติอาเคจิและผู้หมวดเคนโมจิครั้งแรก หลายต่อหลายครั้งที่เกิดคดีฆาตกรรม คินดะอิจิและมิยูกิจะร่วมอยู่ในเหตุการณ์ด้วยเสมอ ทั้งสารวัตรอาเคจิและหมวดเคนโมจิ ต่างยอมรับในฝีมือด้านการสืบสวนของคินดะอิจิที่ไม่ทิ้งเชื้อสายจากคินดะอิจิ โคสุเกะ ที่ช่วยสามารถคลี่คลายคดีที่เกิดขึ้นได้สำเร็จ,tha,tha,"[175560.0, 56448.0, 11088.0, 8568.0, 72408.0, 114744.0, 211344.0, 27384.0, 38304.0, 148176.0, 11088.0, 4704.0, 2470440.0, 314496.0, 180432.0]"
"จนถึง ณ วันที่ 2 กรกฎาคม 2553 นี้ปรากฏว่ามีสารประกอบที่ลงทะเบียนและมีหมาย เลขทะเบียน CAS ทั้งสิ้น 61,968,937 ตัวซึ่งสามารถตรวจสอบได้จาก เว็บไซต์นี้ โดยมีสารประกอบที่ลงทะเบียนเพิ่มขึ้นสัปดาห์ละ 50 ตัว เคมิคัล แอบสแตคต์ เซอร์วิส ดูแลและขายฐานข้อมูลของสารประกอบเคมีเหล่านี้ ในนามของ เลขทะเบียน CAS(CAS registry)",tha,tha,"[147294.0, 41583.0, 13360.0, 8183.0, 69806.0, 74983.0, 157314.0, 22545.0, 27054.0, 97194.0, 6847.0, 3173.0, 1799425.0, 228122.0, 122244.0]"
"พระที่นั่งไอศวรรย์ทิพยอาสน์ เป็นพระที่นั่งปราสาทโถงกลางน้ำ สร้างในแบบจตุรมุข พระบาทสมเด็จพระจุลจอมเกล้าเจ้าอยู่หัว ทรงพระกรุณาโปรดเกล้าฯ ให้จำลองแบบมาจาก พระที่นั่งอาภรณ์ภิโมกข์ปราสาท ในพระบรมมหาราชวัง สร้างแล้วเสร็จในปี พ.ศ. 2419 และพระราชทานนามว่า """"พระที่นั่งไอศวรรย์ทิพยอาสน์"""" ตามนามพระที่นั่งองค์แรก ซึ่งสมเด็จพระเจ้าปราสาททองทรงพระกรุณาโปรดเกล้าฯ ให้สร้างขึ้น ณ พระราชวังบางปะอินแห่งนี้",tha,tha,"[207832.0, 50298.0, 9794.0, 19256.0, 122342.0, 193224.0, 241696.0, 24900.0, 44322.0, 169984.0, 11620.0, 8798.0, 2454144.0, 360884.0, 121678.0]"
ตัวประกอบการหน่วง หรือรู้จักในชื่อ สัมประสิทธิ์การหน่วงหนืด (วิศวกรรมฟิสิกส์; มีหน่วยเป็น N·s/m) เกี่ยวกับแรงหน่วงที่มีความเร็วของวัตถุซึ่งกำลังเคลื่อนที่อยู่,tha,tha,"[72930.0, 20460.0, 5610.0, 3300.0, 31020.0, 45705.0, 72930.0, 11385.0, 14520.0, 48345.0, 2805.0, 1320.0, 784575.0, 105930.0, 64845.0]"
สงครามนางงามออกอากาศให้ชมทุกคืนวันศุกร์-เสาร์ เวลา 22:15 - 23:15 น. (วันศุกร์ที่ 3 ตุลาคม พ.ศ. 2557 ถึง วันศุกร์ที่ 16 มกราคม พ.ศ. 2558) และเวลา 22:20 - 23:20 น. (วันเสาร์ที่ 17 มกราคม พ.ศ. 2558 ถึง วันศุกร์ที่ 20 กุมภาพันธ์ พ.ศ. 2558 ทางช่องวัน รวมทั้งสิ้น 37 ตอน และยังมีการออกอากาศตอนพิเศษทั้งหมด 4 ตอน ได้แก่ สงครามนางงามสเปเชียล ในวันที่ 2 และวันที่ 3 มกราคม พ.ศ. 2558 และ กว่าจะมาเป็นสงครามนางงาม ในวันที่ 14 และวันที่ 20 กุมภาพันธ์ พ.ศ. 2558 และได้มีการวางแผนกับทีมเขียนบทละครในการจัดสร้างละคร สงครามนางงาม ซีซั่น 2 อีกด้วย,tha,tha,"[277324.0, 68060.0, 27224.0, 13448.0, 171216.0, 125624.0, 330460.0, 28536.0, 97252.0, 224844.0, 14432.0, 5576.0, 3294268.0, 451000.0, 166624.0]"
"พระบาทสมเด็จพระจอมเกล้าเจ้าอยู่หัวเสด็จพระราชดำเนินผ่านพระราชวังบางปะอิน เมื่อครั้งเสด็จฯ ประพาสพระนครศรีอยุธยา จึงทรงพระกรุณาโปรดเกล้าให้มีการบูรณปฏิสังขรณ์พระที่นั่งขึ้นใหม่ โดยใช้เครื่องไม้สร้างพระที่นั่งขึ้นใหม่ ณ บริเวณที่ตั้งเดิมของพระที่นั่งในสมัยสมเด็จพระเจ้าปราสาททอง โดยยังคงใช้ชื่อ """"พระที่นั่งไอศวรรย์ทิพยอาสน์"""" ดังเดิม",tha,tha,"[158110.0, 37979.0, 7172.0, 17604.0, 86879.0, 132519.0, 182071.0, 20864.0, 44010.0, 127303.0, 6683.0, 6520.0, 1925193.0, 266342.0, 101549.0]"
น้ำ โป๊ยเซียนทนต่อสภาพแล้งได้ดีพอสมควร จึงไม่จำเป็นต้องให้น้ำทุกวัน ถ้าโป๊ยเซียนอยู่ในช่วงออกดอก ไม่ควรรดน้ำที่ดอกเพราะจะทำให้ดอกเน่าและร่วงเร็ว และหากรดน้ำมากเกินไป จะทำให้โป๊ยเซียนเป็นโรครากเน่า และเกิดเชื้อราขึ้นในดินที่ใช้ปลูก,tha,tha,"[91692.0, 28836.0, 3726.0, 2754.0, 38394.0, 41472.0, 105300.0, 16362.0, 25434.0, 77436.0, 3078.0, 1296.0, 1439370.0, 148230.0, 91206.0]"
"Boxer. C.R. (1950). Jan Compagnie in Japan, 1600-1850: An Essay on the Cultural, Artistic, and Scientific Influence Exercised by the Hollanders in Japan from the Seventeenth to the Nineteenth Centuries. Den Haag.",tur,tha,"[63112.0, 10143.0, 23989.0, 14329.0, 65205.0, 4186.0, 73416.0, 4991.0, 3059.0, 47173.0, 2737.0, 3864.0, 23345.0, 103845.0, 3381.0]"
อดอล์ฟ ดาฟีดส์ (19 ตุลาคม ค.ศ. 1867 - 9 สิงหาคม ค.ศ. 1963) เป็นนักกีฬาฟันดาบชาวเยอรมัน เคยเข้าร่วมการแข่งขันประเภทเดี่ยว ชนิดดาบเรียว ใน โอลิมปิกฤดูร้อน 1912,tha,tha,"[103840.0, 37600.0, 11200.0, 8320.0, 54240.0, 58240.0, 111360.0, 11520.0, 26560.0, 76800.0, 7360.0, 3680.0, 881280.0, 163520.0, 71360.0]"
ระบบนี้ให้ออกคะแนนเสียงทางอิเล็กทรอนิคส์ หรือด้วยวิธีการอย่างอื่น ๆ เพื่อลงคะแนนเสียงเกี่ยวกับประเด็นปัญหาต่าง ๆ ทางอิเล็กทรอนิคส์ และเหมือนกับประชาธิปไตยโดยตรงแบบอื่น ๆ ประชาชนจะมีสิทธิออกเสียงลงคะแนนเกี่ยวกับนิติบัญญัติ เขียนกฎหมายใหม่ และถอดถอนผู้แทน ถ้ายังมีผู้แทนอยู่,tha,tha,"[108915.0, 29574.0, 5088.0, 5088.0, 49449.0, 57717.0, 111618.0, 19239.0, 23850.0, 84270.0, 3498.0, 2067.0, 1530375.0, 163452.0, 119727.0]"
วลาดีมีร์ ปูตินได้ไปเรียนที่มหาวิทยาลัยเลนินกราด สาขานิติศาสตร์ จบมาเขาได้ทำงานกับหน่วยสายลับได้ประจำหน่วยข่าวกรองสายลับและได้ถูกส่งไปประจำที่ประเทศเยอรมนีตะวันออก ภายหลังสหภาพโซเวียตล่มสลายเขาจึงลาออกจากเคจีบี แล้วกลับไปอยู่กับอาจารย์ที่ชื่อว่า ดร. อนาโตลี ซับซัค และช่วยหาเสียงจน ดร. อนาโตลี ซับซัคได้เป็นผู้ว่าการเลนินกราด เมื่อ ดร.อนาโตลี ซับซัค ไม่ได้รับเลือกตั้ง โดนข้อหาข้อทุจริต แล้วปูตินเป็นลูกศิษย์ที่ไม่ยอมทิ้งอาจารย์ไป ได้หาข้อมูลมาช่วยอาจารย์จนพ้นความผิด,tha,tha,"[207928.0, 71732.0, 13272.0, 14062.0, 103490.0, 151364.0, 246954.0, 25438.0, 36340.0, 174590.0, 40290.0, 5846.0, 2604630.0, 357554.0, 200028.0]"
"ซูซาน เบิร์น จาก RTÉ.ie สรุปว่า """"ลักกีสไตรก์"""" """"เดย์ไลต์"""" """"เดอะแมนฮูเนเวอร์ลายด์"""" และ """"เลิฟซัมบอดี"""" อาจได้ออกเป็นซิงเกิล เจเรมี โทมัส จาก 411มาเนีย ติดป้ายเพลงนี้กับเพลง """"เพย์โฟน"""" และ """"วันมอร์ไนต์"""" ให้มี """"ตัวเลขที่น่าพอใจ"""" เนื่องจากเป็นไปได้ว่ามียอดเปิดเพลง """"จำนวนพอประมาณ"""" บรูซ เดนนิล จากเดอะซิติเซนเขียนว่า """"เดอะแมนฮูเนเวอร์ลายด์"""" ร่วมกับเพลง """"วันมอร์ไนต์"""" เป็นหลักฐานว่า """"มารูนไฟฟ์ออกผลงานที่มีบางอย่าง (ณ ขณะนี้) ที่พวกเขาภูมิใจนำเสนอ"""" ในบทวิจารณ์อัลบั้มโอเวอร์เอกซ์โพสด์ เฟรเซอร์ แม็กอัลไพน์จากบีบีซีมิวสิกเขียนว่า วงได้ทิ้ง """"ความเจ้าอารมณ์ของไก่อ่อนจอมวางมาด"""" (the strutting cockerel heat) ในซิงเกิล """"ดิสเลิฟ"""" ไปหา """"ความสุขสมบูรณ์ชนิดอิ่มตัว"""" (saturated rave bliss) ในซิงเกิล """"เลิฟซัมบอดี"""" หรือ """"เดอะแมนฮูเนเวอร์ลายด์"""" เนื่องจากผลกระทบของตลาดที่เขาเลือกเป็นกลุ่มเป้าหมาย"""" คริส เพย์น จากนิตยสารบิลบอร์ดเขียนว่าเพลงทำให้เพลง """"ลักกีสไตรก์"""" แข็งแรง และมีท่อนคอรัสที่น่าจดจำที่สุดในอัลบั้มโอเวอร์เอกซ์โพสด์ โรเบิร์ต คอปซีย์ จากดิจิทัลสปายเขียนว่าเพลงทำให้รู้สึก """"นิรนาม"""" ทั้ง ๆ ที่มีท่อนคอรัส """"ขนาดเท่าสนามกีฬา",tha,tha,"[460638.0, 158256.0, 35482.0, 28574.0, 310232.0, 336137.0, 545104.0, 67196.0, 98282.0, 386691.0, 41762.0, 12403.0, 4375119.0, 773539.0, 382452.0]"
XXXG-01D2 กันดั้มเดธไซธ์เฮล(ญี่ปุ่น:ガンダムデスサイズヘル ;อังกฤษ:Gundam Deathscythe Hell) เป็นโมบิลสูทซึ่งเป็นรุ่นปรับปรุงของกันดั้มเดธไซธ์ในช่วงหลังของบันทึกการยุทธ์บทใหม่ กันดั้มวิง ออกแบบโดยคุนิโอะ โอคาวาระ,tha,tha,"[92196.0, 39000.0, 12012.0, 7332.0, 46332.0, 49608.0, 107640.0, 60840.0, 27144.0, 72696.0, 5304.0, 3276.0, 675480.0, 146952.0, 55224.0]"
ในปี พ.ศ. 2548 อี้จงเทียนออกรายการแลคเชอร์รูม ในช่อง ซีซีทีวี 10 ซึ่งได้บรรยายในชุดหัวข้อ บุคคลสำคัญยุคฮั่น และในปี พ.ศ. 2549 ในชุดอี้จงเทียนพิเคราะห์สามก๊ก ซึ่งประสบความสำเร็จเป็นอย่างมาก และยังกระตุ้นให้เกิดข้อถกเถียงเกี่ยวกับคุณภาพทางวิชาการที่เขาบรรยาย,tha,tha,"[116560.0, 33170.0, 5425.0, 6820.0, 69130.0, 65410.0, 131440.0, 16895.0, 34720.0, 93775.0, 6200.0, 2945.0, 1474515.0, 192820.0, 113460.0]"
เต้าหู้ยี้มีชื่อเรียกในภาษาจีนหลายชื่อ เช่น เต้าฟูรู โทฟูรู ทูซูฟู ซูฟู (sufu) และ ต้าวยู่ (豆乳)(สำเนียงฮกเกี้ยน) เป็นต้น ซึ่งคำว่า ซูฟู หมายถึงก้อนที่มีราขึ้น (milk mold) ราชนิดนี้เป็นราที่กินได้ เต้าหู้ยี้ยังมีชื่อเรียกในภาษาอังกฤษอีกชื่อหนึ่งว่า Chinese Cheese,tha,tha,"[114884.0, 45122.0, 5390.0, 6160.0, 61908.0, 54978.0, 129822.0, 20174.0, 27720.0, 94094.0, 2310.0, 4466.0, 1310848.0, 184492.0, 110264.0]"
ปัจจุบัน เป็นสถานที่ประดิษฐาน รูปหล่อสัมฤทธิ์ของพระบาทสมเด็จพระจุลจอมเกล้าเจ้าอยู่หัว ฉลองพระองค์เต็มยศจอมพลทหารบก ซึ่งพระบาทสมเด็จพระมงกุฎเกล้าเจ้าอยู่หัว ทรงพระกรุณาโปรดเกล้าฯ ให้สร้างขึ้น,tha,tha,"[85221.0, 21114.0, 4896.0, 7803.0, 39015.0, 71451.0, 95013.0, 12546.0, 18513.0, 66402.0, 4437.0, 2295.0, 1069011.0, 137394.0, 59364.0]"
ประเทศลักเซมเบิร์ก เข้าร่วมแข่งขันกีฬาโอลิมปิกฤดูร้อนครั้งที่ 30 ค.ศ. 2012 (พ.ศ. 2555) ณ กรุงลอนดอน สหราชอาณาจักร ระหว่างวันที่ 27 กรกฎาคม – 12 สิงหาคม ค.ศ. 2012,tha,tha,"[101232.0, 31160.0, 10792.0, 8512.0, 52288.0, 57760.0, 113240.0, 9120.0, 25384.0, 70832.0, 4256.0, 1976.0, 887072.0, 157016.0, 65664.0]"
ระบอบการปกครองของสวิตเซอร์แลนด์ รวมทั้งกลไกของประชาธิปไตยโดยตรงตลอดจนการปกครองแบบแบ่งเป็นหลายระดับ ได้กลายเป็นจุดสนใจของนักวิชาการในเรื่องการรวมหน่วยของสหภาพยุโรป,tha,tha,"[69611.0, 22348.0, 2718.0, 3020.0, 29445.0, 41374.0, 72631.0, 15553.0, 13741.0, 51642.0, 2567.0, 1057.0, 874290.0, 106455.0, 83805.0]"
"รัตนพลมีชื่อจริงแต่เดิมว่า อนุชา โพธิ์ทอง เกิดเมื่อวันที่ 6 มิถุนายน พ.ศ. 2517 ที่ตำบลห้วยบง อำเภอด่านขุนทด จังหวัดนครราชสีมา เป็นบุตรชายของนายสมใจ และนางสมจิต โพธิ์ทอง ครอบครัวของรัตนพลมีอาชีพทำไร่ ฐานะทางบ้านยากจนมาก แม้จะเป็นเจ้าของที่ดินมากถึง 50 กว่าไร่ แต่เป็นที่บนเขาไม่สามารถเพาะปลูกหรือใช้ประโยชน์อะไรได้ รัตนพลกว่าจะได้เข้าเรียนหนังสือก็อายุเข้า 7 ขวบแล้วและจบเพียงชั้นประถมศึกษาปีที่ 4 (ป.4) เท่านั้น เมื่อตอนเด็กเคยเก็บเงินเพื่อที่จะกินก๋วยเตี๋ยวเพราะเกิดมาไม่เคยกินมาก่อน โดยแบ่งกันกิน 2 คนกับน้องชาย คือ รัตนชัย ส.วรพิน เพียงชามเดียว จึงต้องชกมวยด้วยความยากจน กอรปกับที่เป็นเด็กที่เก่งเรื่องการเล่นกีฬาอยู่แล้ว โดยเริ่มจากมวยไทยในงานวันเด็กของโรงเรียน ใช้ชื่อว่า """"ไลอ้อน ลูกน้ำใจ"""" รวมถึงเคยใช้ชื่อที่เป็นการประชดชีวิตตนเองด้วยว่า """"ทนเอาหน่อย ต่อยใช้หนี้"""" จากนั้นจึงเข้ามาสู่ค่ายมวย ได้เริ่มฝึกฝนมวยอย่างจริงจัง แรก ๆ ได้ตระเวนชกอยู่ที่แถวบ้าน และย้ายไปอยู่ค่ายมวยที่จังหวัดนครสวรรค์ ก่อนจะได้เข้ามาอยู่ในสังกัดค่าย """"ส.วรพิน"""" ของนางวรพิน รังษีกุลพิพัฒน์ หรือ เจ๊วรพิน ที่ย่านตลิ่งชัน กรุงเทพมหานคร จากการแนะนำของ หงษ์หยก ส.วรพิน นักมวยรุ่นพี่ที่สังกัดค่าย ส.วรพิน โดยทำการซ้อมเพียง 9 วันเท่านั้น แล้วขึ้นชกเลย โดยชื่อรัตนพลนั้นแท้ที่จริงแล้ว เป็นชื่อนักมวยคนอื่นที่ทางรัตนพลในขณะนั้นได้เป็นคู่ซ้อม และชกเอารัตนพลตัวจริงมีแผลแตก ไม่สามารถขึ้นชกได้ จึงได้สวมชื่อเป็นรัตนพล ส.วรพิน ขึ้นชกแทน และสามารถเอาชนะคะแนนไปได้ และเมื่อได้แก้มือโดยมีเดิมพันเป็นเงินรางวัลสูง ก็ยังสามารถเอาชนะไปได้อีก จากนั้นเมื่อได้ชกมวยไทยในเวทีกรุงเทพมหานครมาพอสมควรแล้ว ก็หันมาชกมวยสากล ที่เวทีราชดำเนิน จากเหตุที่นักมวยขาด ผลปรากฏออกมาก็เป็นฝ่ายชนะน็อกยกแรก ครั้งต่อมาก็เอาชนะน็อกไปได้ในยกที่ 2 และได้สร้างชื่อขึ้นไปเรื่อย ๆ โดยมีโอกาสขึ้นชิงแชมป์อินเตอร์เนชั่นแนล (แชมป์เงา) ในรุ่น 105 ปอนด์ของ IBF และเป็นฝ่ายเอาชนะไปได้ และได้ชกป้องกันตำแหน่งไว้ได้ครั้งหนึ่ง",tha,tha,"[690300.0, 169200.0, 19950.0, 34050.0, 471150.0, 378300.0, 827850.0, 69150.0, 227550.0, 597450.0, 32250.0, 23400.0, 10792650.0, 1258500.0, 649500.0]"
โรงเรียนหรือหน่วยราชการใดขอใช้พื้นที่ของวัดหรือที่ธรณีสงฆ์ จักต้องหารือและได้รับความยินยอมจากเจ้าอาวาส และคณะสงฆ์ผู้ปกครองทุกระดับ จนถึงเจ้าคณะจังหวัดก่อน,tha,tha,"[59153.0, 16092.0, 2533.0, 4023.0, 33823.0, 36207.0, 67646.0, 8940.0, 14155.0, 46637.0, 2831.0, 1490.0, 921416.0, 95211.0, 62878.0]"
โอโรบัสมีลักษณะเป็นม้าและสามารถแปลงกายเป็นมนุษย์ได้เมื่อผู้อัญเชิญต้องการ โอโรบัสเป็นปิศาจที่มีความภักดีต่อผู้อัญเชิญ โดยจะไม่ยอมให้ภูติผีใดๆทำร้ายผู้อัญเชิญและยังเป็นปิศาจที่ไม่เคยหลอกลวงผู้อื่นอีกด้วย,tha,tha,"[95608.0, 28120.0, 5476.0, 3996.0, 50024.0, 72372.0, 108040.0, 17908.0, 15688.0, 73112.0, 4588.0, 2664.0, 1240092.0, 149480.0, 96496.0]"
"ระบบกฎหมายคอมมอนลอว์"""" เป็นระบบกฎหมายซึ่งให้น้ำหนักในการปฏิบัติตามคำพิพากษาที่มีมาก่อนเป็นอย่างมาก บนแนวคิดซึ่งเชื่อว่าจะเป็นการอยุติธรรมหากตัดสินดำเนินคดีต่อข้อเท็จจริงที่คล้ายคลึงกันในโอกาสที่ต่างกัน ทำให้การตัดสินคดีตาม """"คอมมอนลอว์"""" ผูกมัดการตัดสินคดีในอนาคตตามไปด้วย ในกรณีซึ่งมีกลุ่มผู้ไม่เห็นด้วยกับกฎหมายดังกล่าว ศาลคอมมอนลอว์ที่เหมาะสมที่สุดจะตรวจสอบการตัดสินคดีที่ผ่านมาของศาลที่มีลักษณะใกล้เคียงกัน หากข้อพิพาทที่คล้ายคลึงกันได้รับการแก้ไขแล้วในอดีต ศาลจะถูกผูกมัดให้ตัดสินคดีตามการให้เหตุผลซึ่งใช้ในการตัดสินคดีครั้งก่อน ๆ อย่างไรก็ตาม หากศาลพบว่าข้อพิพาทในปัจจุบันมีความแตกต่างอย่างชัดเจนกับการตัดสินดคีในอดีตทั้งหมด ผู้พิพากษาจะมีอำนาจและหน้าที่ที่จะสร้างกฎหมายโดยการริเริ่มเป็นแบบอย่าง ภายหลังจากนั้น การตัดสินคดีครั้งนี้จะเป็นตัวอย่างแก่การตัดสินคดีครั้งต่อไป ซึ่งศาลในอนาคตจะต้องยึดมั่น",tha,tha,"[306054.0, 81585.0, 11613.0, 12348.0, 156849.0, 143913.0, 336924.0, 63063.0, 92463.0, 243579.0, 10878.0, 5880.0, 4496730.0, 503328.0, 428505.0]"
โอโรบัสสามารถตอบคำถามเกี่ยวกับอดีต ปัจจุบัน และอนาคตที่กำลังจะเกิดขึ้น รวมถึงเรื่องของพระผู้เป็นเจ้าและการสร้างโลก โอโรบัสยังมีอำนาจที่จะมอบศักดิ์ศรีหรือบรรดาศักดิ์ให้ผู้อัญเชิญได้ รวมถึงทำให้เป็นที่ชื่นชอบทั้งต่อผู้ที่เป็นมิตรและศัตรู,tha,tha,"[95484.0, 25988.0, 3504.0, 3504.0, 48472.0, 69058.0, 101032.0, 21024.0, 17228.0, 71540.0, 3796.0, 2774.0, 1211508.0, 140452.0, 110376.0]"
เป็นปลาที่หากินบริเวณพื้นน้ำ อาหารได้แก่ หนอนแดงและซากอินทรีย์สาร แต่จะเปลี่ยนไปกินแมลงและสัตว์มีกระดองขนาดเล็กในช่วงฤดูแล้ง ปลาจะเริ่มผสมพันธุ์ในช่วงต้นฤดูฝน โดยจะสร้างหวอดคล้ายกับปลากัด ซึ่งทั้งเพศผู้และเพศเมียจะร่วมกันสร้างขึ้นมา ด้วยการเสียดสีร่างกายของกันและกัน หลังจากวางไข่แล้ว ปลาเพศผู้จะทำหน้าที่ดูแลปกป้องไข่ จนกระทั่งฟักออกเป็นตัวแล้วประมาณสองวันถัดมา จึงปล่อยให้หากินตามลำพัง,tha,tha,"[136735.0, 36685.0, 5365.0, 6090.0, 71340.0, 57420.0, 161240.0, 25665.0, 40600.0, 116725.0, 7540.0, 3480.0, 2144985.0, 243745.0, 170230.0]"
ภาพพิมพ์สีแดง (ญี่ปุ่น: Benizuri-e 紅摺り絵 ?) - ภาพพิมพ์ที่มีรายละเอียดเป็นหมึกสีแดง หรือเน้นด้วยมือด้วยหมึกสีแดงหลังจากที่พิมพ์เสร็จแล้ว หรือบางครั้งก็จะใช้สีเขียวด้วย,tha,tha,"[60048.0, 24768.0, 3456.0, 2160.0, 35136.0, 19872.0, 64512.0, 31968.0, 16128.0, 44928.0, 1584.0, 1296.0, 693648.0, 88704.0, 89280.0]"
"ลวดลายรถ เป็นลายเส้นสีเขียวบนตัวรถสีเหลือง จากการประกวดออกแบบลวดลายรถบีอาร์ทีในหัวข้อ """"แต่งแต้มสีสันให้ Bangkok BRT-Put Your Colors on Bangkok BRT"""" ที่จัดโดยกรุงเทพมหานคร เมื่อปี พ.ศ. 2551 โดยคณะกรรมการกำหนดสีเขียวและสีเหลืองเป็นสีประจำระบบ ผู้ชนะเลิศคือนักศึกษาจากสถาบันเทคโนโลยีพระจอมเกล้า เจ้าคุณทหารลาดกระบัง มีแรงบันดาลใจมาจากการตวัดข้อมือในการเขียนลายเส้นดินสออย่างรวดเร็ว หมายถึงการบริการที่มีความสะดวก รวดเร็วทันใจ แต่ก็มีความมั่นคง สามารถที่จะบังคับทิศทางได้ คือความปลอดภัย ความมีมาตรฐาน และคุณภาพของบริการ ลายเส้นบ่งบอกถึงความพลิ้วไหวซึ่งยังอยู่ในความควบคุมของมือ น้ำหนักลายเส้นที่หนักไปทางด้านท้ายของตัวรถแสดงให้เห็นว่ารถคันนี้กำลังเคลื่อนไปด้านหน้า",tha,tha,"[233805.0, 83083.0, 15015.0, 10296.0, 139997.0, 104390.0, 269698.0, 36751.0, 62634.0, 192478.0, 9152.0, 6578.0, 3605173.0, 421850.0, 236665.0]"
องค์บาก 2 (อังกฤษ: Ong Bak 2) เป็นภาพยนตร์ศิลปะการต่อสู้ ที่นำแสดงโดย ทัชชกร ยีรัมย์ เป็นภาพยนตร์ภาคต่อของ องค์บาก ของสหมงคลฟิล์ม ซึ่งกำกับโดยปรัชญา ปิ่นแก้ว ที่ประสบความสำเร็จเป็นอย่างสูงในตลาดต่างประเทศ,tha,tha,"[87188.0, 24850.0, 6958.0, 8094.0, 48422.0, 48564.0, 92442.0, 11360.0, 31382.0, 66740.0, 5964.0, 4686.0, 1041712.0, 143420.0, 67166.0]"
"เพนกวินมาเจลลัน (อังกฤษ: Magellanic penguin; ชื่อวิทยาศาสตร์: Spheniscus magellanicus) เป็นเพนกวินที่พบในทวีปอเมริกาใต้ที่แพร่พันธุ์ในบริเวณริมฝั่งทะเลชิลี, อาร์เจนตินา และหมู่เกาะฟอล์กแลนด์ แถบช่องแคบมาเจลลัน อันเป็นที่มาของชื่อสามัญ โดยบางกลุ่มอพยพย้ายถิ่นฐานไปยังบราซิล เพนกวินมาเจลลันเป็นเพนกวินในสกุล Spheniscus ที่มีจำนวนมากที่สุด ส่วนชนิดอื่น ๆ ในสกุลเดียวกันก็ได้แก่ เพนกวินแอฟริกา, เพนกวินฮัมโบลต์ และเพนกวินกาลาปาโกส",tha,tha,"[182736.0, 60489.0, 15651.0, 9588.0, 117876.0, 116748.0, 217140.0, 30738.0, 38775.0, 162150.0, 10434.0, 9870.0, 1865994.0, 315276.0, 123093.0]"
หลายตำนานเกี่ยวกับบ้านผีสิง มีปรากฏในวรรณกรรม ที่แสดงในเนื้อเรื่องของนิยายสยองขวัญหรือนิยายแนวกอธิก หรือนิยายปรากฏการณ์เหนือธรรมชาติ นักเขียนในยุคโรมันอย่าง เพลาตุส พลินิผู้ลูก และ ลูเซียน เขียนเรื่องราวเกี่ยวกับบ้านผีสิงไว้ เช่นเดียวกับวรรณกรรม อาหรับราตรี และนักเขียนรุ่นใหม่ตั้งแต่ เฮนรี เจมส์ ไปจนถึง สตีเฟน คิง ก็มีเรื่องราวที่เขียนเช่นนี้เช่นกัน ส่วนเรื่องเขียนเกี่ยวกับปราสาทและคฤหาสน์ผีสิง มีทั่วไปในวรรณกรรมกอธิก เช่นเรื่อง แดร็กคูลา,tha,tha,"[155820.0, 51940.0, 9240.0, 10360.0, 76020.0, 115780.0, 178080.0, 22960.0, 50960.0, 127120.0, 11480.0, 3640.0, 2005920.0, 263060.0, 185500.0]"
ด้านล่างนี้เป็น รายชื่อประเทศเรียงตามการผลิตไวน์ ซึ่งเป็นข้อมูลเมื่อปี ค.ศ. 2013 โดยคิดเป็นตัน และเป็นข้อมูลจากองค์การอาหารและการเกษตรแห่งสหประชาชาติ (FAO),tha,tha,"[54210.0, 16124.0, 3197.0, 3197.0, 29607.0, 23769.0, 58936.0, 10703.0, 10286.0, 41700.0, 2085.0, 2085.0, 678598.0, 81732.0, 62828.0]"
"ถนนพระรามที่ 2 แยกจากถนนสุขสวัสดิ์ (ทางหลวงแผ่นดินหมายเลข 303) ในพื้นที่เขตจอมทอง และตัดผ่านพื้นที่เขตบางขุนเทียน ผ่านจังหวัดสมุทรสาคร จังหวัดสมุทรสงคราม แล้วสิ้นสุดที่ถนนเพชรเกษม (ทางหลวงแผ่นดินหมายเลข 4) บริเวณทางแยกต่างระดับวังมะนาว อำเภอปากท่อ จังหวัดราชบุรี เส้นทางถนนอยู่ในความรับผิดชอบของสำนักงานทางหลวงที่ 13 กรุงเทพ และสำนักงานทางหลวงที่ 15 ประจวบคีรีขันธ์ กรมทางหลวง ส่วนถนนพระรามอื่น ๆ เช่น พระรามที่ 1, 3, 4, 5, 6 และถนนพระราม 9 อยู่ในความรับผิดชอบของกรุงเทพมหานคร",tha,tha,"[208932.0, 44712.0, 12558.0, 16422.0, 119784.0, 114264.0, 227148.0, 25254.0, 69138.0, 161322.0, 6624.0, 6762.0, 2417898.0, 340308.0, 122130.0]"
โทโมโยะเป็นเพื่อนสนิทของซากุระ คิโนโมโตะ เมื่อเธอพบว่าซากุระเป็นมือปราบไพ่ทาโรต์ เธอจึงเป็นเหมือนช่างออกแบบเสื้อผ้าสำหรับต่อสู้ส่วนตัวของซากุระ และคอยถ่ายวิดีโอการต่อสู้กับการ์ดต่าง ๆ ของซากุระอีกด้วย บุคลิกลักษณะของโทโมโยะค่อนข้างเต็มไปด้วยความลับต่าง ๆ และบ่อยครั้งก็ครอบคลุมไปถึงความต้องการลึก ๆ ของเธอ,tha,tha,"[107682.0, 37401.0, 6713.0, 6439.0, 50279.0, 63842.0, 128643.0, 22468.0, 29592.0, 89461.0, 8357.0, 2329.0, 1467270.0, 182073.0, 125218.0]"
1-18 พฤศจิกายน พ.ศ. 2555 ได้รับเกียรติให้เป็นสนามในการแข่งขันฟุตซอลชิงแชมป์โลก 2012 ภายในอาคารโคราช ชาติชาย ฮอลล์ ร่วมกับ อินดอร์ สเตเดียม สนามกีฬาหัวหมาก และอาคารนิมิบุตร กรุงเทพมหานคร,tha,tha,"[92616.0, 29376.0, 7072.0, 9384.0, 49504.0, 57256.0, 102816.0, 12240.0, 20808.0, 70584.0, 4624.0, 3808.0, 1041216.0, 146608.0, 48280.0]"
"หลุยส์ รอแบร์ ปอล ดูว์ครุแอ (ฝรั่งเศส: Louis Robert Paul Ducruet, เกิด 26 พฤศจิกายน พ.ศ. 2535) พระโอรสองค์ใหญ่ในเจ้าหญิงสเตฟานีแห่งโมนาโก กับนายดาเนียล ดูว์ครุแอ อดีตราชองครักษ์ส่วนพระองค์",tha,tha,"[88290.0, 29835.0, 8640.0, 44010.0, 43740.0, 63450.0, 95580.0, 10530.0, 27945.0, 69660.0, 8775.0, 3375.0, 642600.0, 137700.0, 51300.0]"
โทโมโยะพบกับซากุระครั้งแรกเมื่อตอนเรียนอยู่ชั้นประถมศึกษาปีที่ 3 ตอนนั้นเธอลืมเอายางลบมาโรงเรียนและขอยืมมันมาจากซากุระ และดูเหมือนว่ายางลบก้อนนั้นจะถูกใช้เพียงแค่ครั้งนั้นเพียงครั้งเดียว ซึ่งต่อมายางลบก้อนนั้นได้กลายเป็นสมบัติที่ล้ำค่ามากที่สุดสำหรับโทโมโยะ เมื่อซากุระร่าเริง อ่อนโยน และน่ารักขึ้นเรื่อย ๆ ความรักที่โทโมโยะมีให้แก่เธอก็เพิ่มขึ้นเรื่อย ๆ ด้วยเช่นกัน,tha,tha,"[122074.0, 39262.0, 6030.0, 6164.0, 52260.0, 53600.0, 136144.0, 25728.0, 34304.0, 98356.0, 7504.0, 4422.0, 1791312.0, 199392.0, 134268.0]"
อุทยานแห่งชาติน้ำตกโยง เป็นอุทยานแห่งชาติที่สำคัญเนื่องจากมีพื้นที่ซึ่งเป็นเทือกเขาสูงทอดยาว มียอดสูงสลับซับซ้อนทำให้เกิดทิวทัศน์ที่สวยงาม และเป็นป่าต้นน้ำลำธาร มีน้ำตกที่สวยงามหลายแห่ง ประกอบกับมีสภาพป่าดงดิบชื้นที่อุดมสมบูรณ์ ดังนั้นจึงมีความสำคัญต่อวงจรชีวิตของพืช และสัตว์ป่า และสภาพแวดล้อมข้างเคียงด้วย,tha,tha,"[113183.0, 26201.0, 4788.0, 7315.0, 67564.0, 69426.0, 127946.0, 24472.0, 35112.0, 90972.0, 6783.0, 3059.0, 1732192.0, 185535.0, 92568.0]"
"อุทยานแห่งชาติแม่ยม ตั้งอยู่ในพื้นที่ครอบคลุมของอำเภองาว จังหวัดลำปาง และอำเภอสอง จังหวัดแพร่ มีพื้นที่ประมาณ 284,218.75 ไร่ หรือ 454.75 ตารางกิโลเมตร มีลักษณะเป็นเทือกเขาสูงทั้งด้านทิศตะวันออกและทิศตะวันตกของพื้นที่ ลาดมายังแม่น้ำยมที่ไหลผ่านตอนกลางของพื้นที่ มีเทือกเขาอย่างดอยหลวง ดอยยาว ดอยขุนห้วยแปะ และดอยโตน เป็นต้น ซึ่งเป็นต้นกำเนิดแม่น้ำและลำห้วย อย่างเช่น น้ำแม่ปุง น้ำแม่ลำ น้ำแม่เต้น น้ำแม่สะกึ๋น น้ำแม่เป๋า ห้วยผาลาด ห้วยแม่ปง ห้วยแม่พุง ห้วยแม่แปง ห้วยเค็ด ห้วยปุย ห้วยเลิม และห้วยแม่ปุ๊ เป็นต้น",tha,tha,"[193776.0, 49368.0, 11352.0, 9504.0, 115104.0, 117744.0, 226512.0, 22836.0, 70356.0, 159456.0, 10296.0, 4092.0, 2444112.0, 314820.0, 142032.0]"
ในสงครามมหาเอเชียบูรพา ประเทศไทยเคยประกาศสงครามต่อสหรัฐอเมริกาและสหราชอาณาจักรเมื่อวันที่ 25 มกราคม พ.ศ. 2485 แต่หลังสงครามสิ้นสุด วันที่ 16 สิงหาคม พ.ศ. 2488 ไทยประกาศว่าการประกาศสงครามดังกล่าวเป็นโมฆะโดยจะเห็นได้จากมีขบวนการเสรีไทยได้ร่วมมือกับฝ่ายพันธมิตรเพื่อต่อต้านญี่ปุ่น และการประกาศสงครามดังกล่าวไม่ใช่เจตนาที่แท้จริงของคนไทย,tha,tha,"[129297.0, 32357.0, 6943.0, 7336.0, 59081.0, 81875.0, 140301.0, 20698.0, 37859.0, 95761.0, 5502.0, 4323.0, 1693437.0, 206194.0, 131393.0]"
ทิศเหนือ ตั้งแต่หลักเขตที่ 1 ซึ่งตั้งอยู่ฝั่งตะวันออกของลำธารสาธารณะ ตรงที่บรรจบกับฝั่งใต ของคลองมหาโยธา จากหลักเขตที่ 1 เลียบตามฝั่งใต้ของคลองมหาโยธา ไปทางทิศตะวันออก ถึงฝั่งตะวันตกของคลองลาดหลุมแก้ว ตรงที่บรรจบคลองมหาโยธาซึ่งเป็นหลักเขตที่ 2 ทิศตะวันออก จากหลักเขตที่ 2 เลียบตามฝั่งตะวันตกของคลองพระอุดม ไปทางทิศใต้ถึงฝั่งเหนือของคลองหลุมแก้ว ตรงที่บรรจบกับคลองพระอุดม ซึ่งเป็นหลักเขตที่ 3,tha,tha,"[142610.0, 37570.0, 12220.0, 7020.0, 87230.0, 88790.0, 170040.0, 18330.0, 37830.0, 118430.0, 4160.0, 2340.0, 1992900.0, 236730.0, 108030.0]"
"ในรัชสมัยพระบาทสมเด็จพระจุลจอมเกล้าเจ้าอยู่หัว ทรงให้รื้อพระที่นั่งองค์เดิมลง เพื่อขยายสระน้ำให้กว้างขวางยิ่งขึ้น พร้อมทั้งทรงพระกรุณาโปรดเกล้าฯ ให้สร้างพระที่นั่งองค์ใหม่ ซึ่งเป็นพระที่นั่งที่สร้างจากเครื่องไม้บริเวณกลางสระน้ำ โดยให้จำลองแบบพระที่นั่งมาจากพระที่นั่งอาภรณ์ภิโมกข์ปราสาทในพระบรมมหาราชวัง และพระราชทานนามว่า """"พระที่นั่งไอศวรรย์ทิพยอาสน์"""" ซึ่งยังคงชื่อพระที่นั่งไว้ดังเช่นในสมัยสมเด็จพระเจ้าปราสาททอง",tha,tha,"[146415.0, 35733.0, 5160.0, 12255.0, 83979.0, 120873.0, 167829.0, 17931.0, 27993.0, 118551.0, 7095.0, 6837.0, 1919262.0, 239682.0, 98169.0]"
ดอยหลวงเชียงดาว เป็นเทือกเขาที่มีความยาวติดต่อกันเป็นส่วนหนึ่งของเทือกเขาเชียงดาว ซึ่งเป็นส่วนต่อเนื่องกับเทือกเขาถนนธงชัย เกิดจากการกัดเซาะของน้ำทะเลในยุคเพอร์เมียน (250–300 ล้านปีก่อน) ซึ่งลักษณะของหินปูนไม่สามารถรองรับน้ำได้ แต่จะถูกกัดเซาะ จึงกลายมาเป็นเทือกเขาและดอยต่าง ๆ ในบริเวณนี้ ซึ่งเดิมเคยเป็นทะเลมาก่อน,tha,tha,"[108800.0, 29440.0, 5632.0, 4608.0, 49920.0, 47616.0, 116096.0, 17024.0, 33152.0, 80384.0, 4352.0, 1792.0, 1428480.0, 167296.0, 99584.0]"
ถ้าพยัญชนะข้างหน้าเป็นอักษรกลางหรืออักษรสูง แล้วพยัญชนะข้างหลังเป็นอักษรต่ำที่เป็นอักษรเดี่ยว เวลาอ่านให้ผันเสียงอักษรต่ำนั้นเป็นเสียงสูงตามอักษรที่เป็นตัวนำ แต่ถ้าพยัญชนะข้างหน้าเป็นอักษรต่ำ หรือพยัญชนะข้างหลังไม่ใช่อักษรต่ำที่เป็นอักษรเดี่ยว ให้อ่านออกเสียงพยัญชนะนั้นตามปกติเมื่ออกเสียงจะต้องมีคำควบกล้ำผสมอยู่ด้วย,tha,tha,"[101092.0, 26670.0, 3556.0, 2794.0, 64135.0, 83947.0, 115824.0, 23495.0, 13716.0, 70866.0, 3429.0, 1778.0, 1558290.0, 165608.0, 83058.0]"
ความสัมพันธ์ระหว่างญี่ปุ่นและยุโรปเริ่มต้นขึ้นเมื่อกลุ่มพ่อค้าชาวโปรตุเกสเดินทางมาค้าขายที่ทาเนกาชิม่าในปี 1543 หกปีต่อมามิชชันนารีนิกายเยซูอิตฟรานซิสซาเวียร์ก็เดินทางได้มาที่เมืองคะเงะชิมะ ในตอนแรกชาวโปรตุเกสได้ตั้งหลักอยู่ที่เมืองฮิระโดะ แต่พวกเขาต้องการท่าเรือที่ดีกว่า ทำให้ในปี 1570 ไดเมียวโอมุระ ซุมิตะกะ ได้เปลี่ยนไปนับถือศาสนาคริสต์ และได้ทำข้อตกลงให้ชาวโปรตุเกสช่วยพัฒนาเมืองนะงะซะกิ ทำให้ท่าเรือสามารถเปิดทำการค้าขายได้ ต่อมาในปี 1580 ไดเมียวโอมุระ ซุมิตะกะ ได้มอบอำนาจศาลของนะงะซะกิให้กับนิกายเยซูอิต และชาวโปรตุเกสได้รับเอกสิทธิ์ที่จะทำการค้าไหมกับจีนผ่านมาเก๊า,tha,tha,"[204372.0, 75474.0, 15246.0, 10080.0, 130410.0, 118188.0, 246330.0, 44856.0, 44856.0, 186102.0, 16002.0, 5418.0, 2229318.0, 337050.0, 212436.0]"
ธงชาติหมู่เกาะเคย์แมน เป็นธงสี่เหลี่ยมผืนผ้า กว้าง 1 ส่วน ยาว 2 ส่วน พื้นสีน้ำเงิน ที่มุมธงบนด้านคันธงเป็นรูปธงชาติสหราชอาณาจักร ที่พื้นสีน้ำเงินนั้นมีภาพตราแผ่นดินของหมู่เกาะเคย์แมน ซึ่งเป็นรูปโล่พื้นแดงมีลายคดสีขาวสลับฟ้าที่ส่วนท้องโล่ ตอนบนที่พื้นสีแดงเป็นรูปสิงโตอังกฤษสีทอง ตอนล่างที่ลายคดสองสีมีรูปดาวห้าแฉกสีขาวขอบทองรวม 3 ดวง เบื้องบนของโล่มีรูปเต่าทะเลสีเขียวยืนบนขดเชือกสีขาวสลับฟ้าและช่อสับปะรดสีเหลือง ตอนล่างมีแพรแถบสีเหลืองจารึกคำขวัญประจำชาติว่า He hath founded it upon the seas,tha,tha,"[175875.0, 52625.0, 8125.0, 15625.0, 107875.0, 99500.0, 203500.0, 25125.0, 64250.0, 144375.0, 9750.0, 4375.0, 2131250.0, 313000.0, 176250.0]"
ผู้สร้างภาพยนตร์ยังอ้างว่า ถึงแม้เนื้อหาบางส่วนจะเป็นเรื่องแต่ง แต่จุดมุ่งหมายของภาพยนตร์ก็เพื่อเปิดเผยความจริงที่ถูกปกปิดมาเป็นเวลานานเป็นครั้งแรก,tha,tha,"[44020.0, 13392.0, 1736.0, 2604.0, 17732.0, 13888.0, 44764.0, 7192.0, 7068.0, 32488.0, 1488.0, 1488.0, 681380.0, 64356.0, 64232.0]"
Kakemono-e (掛物絵) (76.5 x 23 เซนติเมตร) - ขนาดใหญ่แนวตั้งที่ประกอบด้วยขนาด Ōban สองชิ้นวางซ้อนกัน นอกจากนั้น คะเคะโมะโนะ ก็ยังหมายถึง จิตรกรรมม้วน ด้วย,tha,tha,"[57687.0, 20664.0, 5043.0, 5412.0, 36408.0, 24969.0, 64083.0, 32841.0, 15498.0, 43296.0, 2829.0, 2706.0, 451902.0, 86469.0, 46494.0]"
สุลต่านขึ้นชกมวยสากลอาชีพครั้งแรกเมื่อ 19 กรกฎาคม พ.ศ. 2543 ชนะคะแนน เอสเมอร์ เอสปานิโอลา จากนั้นขึ้นชกชนะเป็นส่วนใหญ่ จนได้ครองแชมป์ฟิลิปปินส์รุ่นเวลเตอร์เวทเมื่อ 27 มกราคม พ.ศ. 2545 ชนะคะแนน เบิร์ต บาโด และป้องกันตำแหน่งไว้ได้ 3 ครั้ง จากนั้น ได้ชิงแชมป์ OPBF รุ่นเวลเตอร์เวทเมื่อ 7 กันยายน พ.ศ. 2546 แพ้คะแนน ฮิโรยูกิ วาตานาเบะ ที่ ญี่ปุ่น ใน พ.ศ. 2547 สุลต่านไปชกนอกรอบที่อินโดนีเซีย ชนะน็อค ดาวิด กอสวารา ยก 2 แล้วชกแพ้คะแนน ฆีเดออน ซาลาซา แล้วไปชกที่ออสเตรเลีย 2 ครั้ง ชนะ 1 เสมอ ต่อมา ใน พ.ศ. 2548 สุลต่านได้ชิงแชมป์ฟิลิปปินส์รุ่นเวลเตอร์เวทที่ว่างเมื่อ 29 มกราคม ชนะน็อค รามิล กาบาเยส ยก 1 จากนั้น ได้ชิงแชมป์ OPBF รุ่นเวลเตอร์เวทเมื่อ 21 กรกฎาคม แพ้น็อค คาซูฮิโกะ ฮิดากะ ยก 7 ที่ ญี่ปุ่น แล้วมาชิงแชมป์ PABA รุ่นเวลเตอร์เวท เมื่อ 24 ตุลาคม แพ้คะแนน ภาคภูมิ แจ้งโพธิ์นาค,tha,tha,"[316224.0, 92232.0, 20862.0, 15860.0, 206668.0, 198738.0, 378200.0, 44530.0, 127856.0, 270962.0, 28426.0, 15372.0, 3136254.0, 552782.0, 172142.0]"
บาซิลิกาใหม่เริ่มจากสิ่งก่อสร้างที่มีช่องทางเดินกลางเพียงทางเดินเดียวเช่นเดียวกับมหาวิหารเซนต์ฟรานซิสแห่งอาซิซิโดยมีบริเวณพิธีโค้งทางมุขตะวันออก แขนกางเขนกว้าง และหลังคาสี่เหลี่ยมสองหลังคาเหนือช่องทางเดินกลางที่ตอนบนเป็นโดมเช่นเดียวกับโดมที่วัดซานมาร์โคในเวนิส ซึ่งเป็นสถาปัตยกรรมโรมาเนสก์,tha,tha,"[92202.0, 33759.0, 5566.0, 5445.0, 43318.0, 67276.0, 118338.0, 18271.0, 18997.0, 72237.0, 6897.0, 2420.0, 1010592.0, 155969.0, 108416.0]"
ลักษณะที่เปลี่ยนแปลงไปอย่างเห็นได้ชัดที่สุดก็คือปีกแอ็คทีฟโคลกที่เปลี่ยนไปเป็นแบบปีกของค้างคาวและมีส่วนปลายเท้าที่แหลมยื่นออกมา ส่วนลำตัวจะมีลักษณะคล้ายกับกันดั้มเดธไซธ์มากกว่าในภาคโทรทัศน์ ไม่มีโล่บัสเตอร์ชิลด์และเคียวบีมเปลี่ยนเป็นบีมซิสเซอร์ซึ่งเป็นแบบคมเดียวขนาดใหญ่,tha,tha,"[79320.0, 26640.0, 5640.0, 2760.0, 39120.0, 41280.0, 89280.0, 18480.0, 14880.0, 56760.0, 4680.0, 2160.0, 1057080.0, 126720.0, 83760.0]"
มูลนิธิมหามกุฏราชวิทยาลัยได้มีบทบาทสำคัญในช่วงที่อาจารย์ สุชีพ ปุญญานุภาพพยายามก่อตั้งมหาวิทยาลัยสงฆ์จนเป็นผลสำเร็จ โดยมูลนิธิมหามกุฏราชวิทยาลัยได้เป็นแหล่งเงินทุนสำคัญในการช่วยให้มหาวิทยาลัย มหามกุฏราชวิทยาลัยดำเนินการไปได้ โดยเฉพาะในช่วงแรกๆ ซึ่งเป็นช่วงที่ รัฐบาลปฏิเสธไม่ยอมอุปถัมภ์มหาวิทยาลัยสงฆ์เพราะเห็นว่าเป็นมหาวิทยาลัยเถื่อน มูลนิธิมหามกุฏราชวิทยาลัย ยังให้ทุนแก่นักศึกษาที่มีผลการเรียนดีอีกด้วย,tha,tha,"[134827.0, 34272.0, 7854.0, 7140.0, 84609.0, 131614.0, 161602.0, 17612.0, 27489.0, 119595.0, 5712.0, 3570.0, 1954813.0, 243712.0, 120309.0]"
สัมประสิทธิ์เฉพาะหลายชนิดถูกกำหนดขึ้นในเอกลักษณ์ทางคณิตศาสตร์ เช่นทฤษฎีบททวินามซึ่งเกี่ยวข้องกับสัมประสิทธิ์ทวินาม สัมประสิทธิ์เหล่านี้ถูกจัดระเบียบอยู่ในรูปสามเหลี่ยมปาสกาล,tha,tha,"[57820.0, 17700.0, 3304.0, 3894.0, 24426.0, 47554.0, 60534.0, 12154.0, 9794.0, 41536.0, 4130.0, 1534.0, 592832.0, 86730.0, 50740.0]"
สัมประสิทธิ์ขีปนวิธี (BC; อากาศพลศาสตร์; มีหน่วยเป็น kg/m2) การวัดความสามารถของวัตถุที่จะเอาชนะแรงต้านของอากาศในการบิน เป็นฟังก์ชันของมวล เส้นผ่านศูนย์กลาง และสัมประสิทธิ์แรงต้าน,tha,tha,"[60723.0, 16263.0, 4914.0, 3042.0, 27027.0, 42705.0, 62127.0, 9828.0, 8541.0, 44811.0, 3861.0, 1638.0, 596583.0, 86229.0, 59787.0]"
ปัจจุบันเพื่อเป็นการรองรับปริมาณการจราจรที่เพิ่มมากขึ้น ซึ่งถนนพระรามที่ 2 เป็นเส้นทางคมนาคมสายหลักไปสู่ภาคใต้ โดยเฉพาะช่วงวันหยุดสุดสัปดาห์และวันหยุดเทศกาล กรมทางหลวงจึงทำการก่อสร้างโครงการส่วนต่อขยายจนถึงทางแยกต่างระดับวังมะนาว (กม.34+000-กม.84+041) โดยขยายช่องจราจรจากเดิม 4 ช่องจราจรเป็น 6-8 ช่องจราจร โดยเริ่มก่อสร้างตั้งแต่ปี พ.ศ. 2549 ก่อสร้างแล้วเสร็จเมื่อเดือนกุมภาพันธ์ พ.ศ. 2552,tha,tha,"[136416.0, 32016.0, 7424.0, 7308.0, 83868.0, 69136.0, 156600.0, 15660.0, 38860.0, 112520.0, 5800.0, 3828.0, 1845676.0, 223764.0, 108228.0]"
โปรตีนเกษตร คือวัตถุดิบประกอบอาหาร ทำจากแป้งถั่ว เช่นถั่วเหลือง ซึ่งอาจมีการสกัดไขมันออกด้วย รูปร่างเป็นก้อนไม่แน่นอน เป็นแหล่งโปรตีนแทนเนื้อสัตว์ได้ มักอยู่ในลักษณะผลิตภัณฑ์อบแห้ง,tha,tha,"[50715.0, 13225.0, 2415.0, 2185.0, 20125.0, 29440.0, 56350.0, 13455.0, 9545.0, 38410.0, 1380.0, 1150.0, 769350.0, 75555.0, 52670.0]"
"อุทยานแห่งชาติน้ำตกโยง มีพื้นที่ครอบคลุมอยู่ในท้องที่ อำเภอฉวาง อำเภอนาบอน และอำเภอทุ่งสง จังหวัดนครศรีธรรมราช มีสภาพป่าที่สมบูรณ์ ประกอบด้วยทิวทัศน์และน้ำตกที่สวยงามหลายแห่ง เช่น น้ำตกโยง น้ำตกหนานปลิว เหมาะแก่การท่องเที่ยวพักผ่อนหย่อนใจ ศึกษาหาความรู้ ทั้งเป็นต้นน้ำลำธารที่สำคัญ อุทยานแห่งชาติน้ำตกโยงมีพื้นที่ทั้งหมดประมาณ 202.68 ตารางกิโลเมตร หรือ 126,675 ไร่",tha,tha,"[125742.0, 27816.0, 9120.0, 8208.0, 74898.0, 74328.0, 139764.0, 20520.0, 26448.0, 95646.0, 5700.0, 2622.0, 1693584.0, 201096.0, 86640.0]"
ดังที่กล่าวแล้วว่าเนื้อหาของหนังสือและภาพส่วนใหญ่ที่พิมพ์จะเป็นเอกรงค์ แต่ความนิยมภาพอุกิโยะที่เพิ่มมากขึ้นทำให้ความต้องการของจำนวนสีที่ใช้และความซับซ้อนในการพิมพ์มากและซับซ้อนตามขึ้นไปด้วย การวิวัฒนาการของการพิมพ์แบ่งได้เป็นช่วงๆ ดังนี้:,tha,tha,"[62941.0, 19436.0, 4068.0, 2147.0, 21583.0, 25764.0, 64184.0, 13334.0, 8475.0, 42262.0, 2486.0, 1243.0, 983100.0, 90626.0, 82377.0]"
จะเขียนพยัญชนะตัวแรกตามด้วยพยัญชนะตัวที่สอง โดยพยัญชนะตัวแรกอาจจะเป็นอักษรหมู่ใดก็ได้ เช่นเดียวกับพยัญชนะตัวหลัง โดยถ้าตัวหลังเป็นอักษรเดี่ยว พยัญชนะตัวแรกก็จะบังคับให้ผันพยัญชนะตัวที่สองขึ้นเสียงสูง,tha,tha,"[60256.0, 16800.0, 2576.0, 2240.0, 29456.0, 53088.0, 67984.0, 11760.0, 9296.0, 46256.0, 1456.0, 1120.0, 888272.0, 97552.0, 48048.0]"
อำเภอนาหมื่น จังหวัดน่าน มีประชากรตั้งถิ่นฐานทำมาหากินอยู่เป็นระยะเวลาไม่น้อยกว่า ๒๐๐ ปี มาแล้ว อยู่ทางใต้สุดของจังหวัดน่าน ระยะทางห่างจากจังหวัดประมาณ ๘๐ กิโลเมตร สภาพพื้นที่เป็นภูเขา และที่ราบบริเวณหุบเขา มีอาณาเขตติดต่อกับอำเภอข้างเคียง ดังนี้,tha,tha,"[77478.0, 17649.0, 2553.0, 4884.0, 41070.0, 42624.0, 88134.0, 10656.0, 18870.0, 60939.0, 3996.0, 1998.0, 1153401.0, 119880.0, 63159.0]"
วันที่ 8 เมษายน พ.ศ. 2551 มีการประกวดราคาด้วยระบบอิเล็กทรอนิกส์เพื่อจัดซื้อพร้อมติดตั้งระบบขนส่งอัจฉริยะ (Intelligent Transportation Systems หรือ ITS) วงเงิน 389 ล้านบาท จากกำหนดการเดิมประมาณเดือนมกราคม พ.ศ. 2551 ที่เลื่อนครั้งแรกมาเป็นวันที่ 24 มีนาคม ก่อนที่จะเลื่อนอีกครั้งในวันดังกล่าว เนื่องจากผู้รับเหมาจัดทำข้อเสนอไม่ทัน ผู้ที่ได้รับการคัดเลือกจะมีเวลาติดตั้งและทดสอบ 420 วันหรือ 14 เดือน และต้องติดตั้งระบบให้แล้วเสร็จภายใน 240 วัน ทดสอบระบบอีก 180 วัน ดังนั้นคาดว่าระหว่างการทดลองเดินรถในเดือนกรกฎาคม พ.ศ. 2551 อาจยังต้องใช้ระบบแมนนวลหรือระบบสัมผัสควบคู่ไปกับระบบอัจฉริยะ แต่ภายหลังมีผู้ยื่นเอกสารประกวดราคาเพียง 1 ราย คือ บริษัทจัสมิน เทเลคอมซิสเต็ม จำกัด (มหาชน) ทำให้ กทม. ต้องเปิดการประกวดราคารอบใหม่ในวันที่ 30 มิถุนายน พ.ศ. 2551 และต้องเลื่อนกำหนดการเปิดเดินรถเป็นภายในต้นปี พ.ศ. 2552 แต่สุดท้ายก็ไม่มีการประกวดราคาเกิดขึ้น,tha,tha,"[239030.0, 53020.0, 14960.0, 10670.0, 140360.0, 106370.0, 273460.0, 25410.0, 64570.0, 196460.0, 12100.0, 5280.0, 3202760.0, 388960.0, 209220.0]"
ปฐมกษัตริย์แห่งเหลียงยุคหลัง (後梁太祖; 852–912) ชื่อตัวว่า จู เฉฺวียนจง (朱全忠) ชื่อเมื่อเกิดว่า จู เวิน (朱溫) ชื่อรองว่า จูสาม (朱三) และชื่ออื่นว่า จู หฺวั่ง (朱晃) เป็นขุนศึกจีนในราชวงศ์ถังซึ่งโค่นราชวงศ์ถังในปี 907 ตั้งราชวงศ์เหลียงยุคหลัง แล้วขึ้นเป็นกษัตริย์องค์แรก เป็นอันเริ่มสมัยห้าราชวงศ์สิบอาณาจักร,tha,tha,"[106929.0, 64528.0, 6104.0, 7739.0, 65836.0, 72594.0, 122843.0, 22563.0, 34989.0, 84911.0, 5559.0, 3052.0, 938708.0, 172874.0, 96138.0]"
"แต่ว่า ยิ่งมีผู้เข้าร่วมเท่าไร ก็ต้องเสียเวลาและค่าใช้จ่ายยิ่งขึ้นเท่านั้นเพื่อจัดให้มีการสนทนาที่มีคุณภาพ และให้ข้อมูลที่ชัดเจนและเป็นกลาง[ต้องการอ้างอิง] อนึ่ง ยากที่คนแต่ละคนจะมีส่วนให้ข้อมูลอย่างสำคัญ เมื่อมีคนจำนวนมากร่วมกันสนทนา[ต้องการอ้างอิง] ในระบบที่เคารพความเท่าเทียมกันทางการเมือง ไม่ """"ทุกคน"""" ก็จะต้องมีส่วนร่วม หรือไม่ก็จะต้องสุ่มตัวอย่างบุคคลเป็นตัวแทนในการสนทนา",tha,tha,"[88560.0, 28296.0, 3240.0, 3672.0, 40608.0, 37044.0, 94284.0, 18468.0, 13284.0, 68256.0, 3780.0, 1620.0, 1414152.0, 135972.0, 112860.0]"
สนามบาสเกตบอล สนามวอลเลย์บอล สนามฟุตบอล สนามแชร์บอล สโมสรเทเบิลเทนนิส ลานกีฬาเอนกประสงค์ ใกล้ๆอาคารแมรี่แอนน์ และอัฒจรรย์ขนาดความจุ 300 คนที่สนามบาสเกตบอล,tha,tha,"[59706.0, 22684.0, 6099.0, 4708.0, 26857.0, 37878.0, 64842.0, 8560.0, 12519.0, 40981.0, 3210.0, 963.0, 725995.0, 93090.0, 32100.0]"
Walter F. Tichy: RCS--A System for Version Control. In: Software--Practice and Experience. July 1985. Volume 15. Number 7. Pages 637-654. References to the paper at CiteSeer,tur,tha,"[35404.0, 6466.0, 16854.0, 3816.0, 54802.0, 742.0, 45580.0, 2014.0, 6254.0, 30952.0, 530.0, 848.0, 13886.0, 64872.0, 848.0]"
โทโมโยะ ไดโดจิ (ญี่ปุ่น: 大道寺 知世 Daidōji Tomoyo ?) เป็นตัวละครจากการ์ตูนเรื่อง ซากุระ มือปราบไพ่ทาโรต์ และ สึบาสะ สงครามเทพข้ามมิติ การ์ตูนของกลุ่มนักวาดแคลมป์ ให้เสียงพากย์โดย จุนโกะ อิวาโอะ ในเรื่องซากุระ มือปราบไพ่ทาโรต์ และ มาอายะ ซาคาโมโตะ ในเรื่อง สึบาสะ สงครามเทพข้ามมิติ,tha,tha,"[85785.0, 35805.0, 7245.0, 5775.0, 47040.0, 58380.0, 102270.0, 32445.0, 30555.0, 69825.0, 5775.0, 3045.0, 748650.0, 145005.0, 57120.0]"
ในวันที่ 1 กฤกฎาคม 1989 เฮฟแต่งงานอีกครั้งกับเพลย์เมดแห่งปีประจำนิตยสารเพลย์บอย ที่ชื่อ คิมเบอร์ลี่ คอนราด (Kimberley Conrad) และแยกกันอยู่ในปี 1999 เฮฟมีบุตรทั้งหมด 4 คน,tha,tha,"[55640.0, 18616.0, 6136.0, 4368.0, 30368.0, 33280.0, 59696.0, 6656.0, 10816.0, 36920.0, 3952.0, 1664.0, 550264.0, 82784.0, 36504.0]"
"ส่วนราชการ เป็นแหล่งรวบรวมข้อมูลทางวิชาการ มีดังนี้ ที่ทำการอุทยานแห่งชาติน้ำตกโยง, ห้องพัสดุ, ห้องวิทยุ, ห้องประชุม, ลานจอดรถเจ้าหน้าที่และชุดม้านั่ง",tha,tha,"[40479.0, 11330.0, 1751.0, 2163.0, 25132.0, 23175.0, 45629.0, 6386.0, 5562.0, 31518.0, 2266.0, 1030.0, 604816.0, 68495.0, 39861.0]"
"นำขบวนแรกเริ่มไม่ได้เป็นนักมวยไทยที่เก่งกาจหรือชกเป็นคู่เอกแต่อย่างใด เพราะถือเป็นนักมวยที่ชกตามนำพล ผู้เป็นพี่ชาย และเคยทำสถิติแพ้น็อกเร็วที่สุดด้วยโดยแพ้น็อกยกแรก ในเวลาเพียง 33 วินาทีให้กับ วังจั่นน้อย ส.พลังชัย มาแล้ว ซึ่งทำให้วังจั่นน้อยได้รับฉายาว่า """"ไอ้หมัด 33 วิ",tha,tha,"[70788.0, 20196.0, 2346.0, 2448.0, 35802.0, 31110.0, 82518.0, 6426.0, 15096.0, 57834.0, 3876.0, 2550.0, 1194522.0, 116484.0, 70890.0]"
"พ่อท่านนวล ท่านเริ่มพัฒนาการศึกษาและสาธารณูปโภค โดยเริ่มในปี พ.ศ. 2501 ท่านเริ่มสร้างโรงเรียนวัดประดิษฐาราม โดยบริจาคที่ดินของวัดจำนวน 12 ไร่ เป็นที่ตั้งโรงเรียน และสนับสนุนการศึกษาให้กับนักเรียนที่มีผลการเรียนดี มีความประพฤติดี แต่ฐานะยากจน โดยได้ก่อตั้งกองทุน หลวงพ่อนวล ปริสุทโธ และได้ก่อตั้งกองทุนเพื่อเป็นทุนการศึกษา แก่พระภิกษุ และ สามเณร นอกจากนั้น ท่านยังเริ่มก่อสร้างสิ่งต่างๆ ในวัด เช่น กุฏิ โรงธรรม หอฉัน และ บ่อน้ำสาธารณะ และต่อมาก็ได้ขอแรงจากแรงงานเครื่องจักรกลจากแขวงการทางนครศรีธรรมราช เพื่อมาสร้างถนน สิ่งปฏิสังขรณ์ เมรุเผาศพ ศาลาพักร้อน ซุ้มประตูวัด และโรงทานเอนกประสงค์ ใช้ในเวลาที่จะมีการประชุมกันในวัดของหน่วยงานราชการและชุมชน สร้างอาคารรับรองอาคันตุกะและอื่นๆ อีกมากมาย ท่านมักจะคอยอบรมสั่งสอนสามเณร อุบาสก อุบาสิกา ให้ยึดมั่นในหลักธรรมของพุทธศาสนาในการดำรงชีวิต และทำแต่ความดี หลวงพ่อท่านมีศีลวัตรปฏิบัติอันงดงาม จนทำให้ประชาชนเกิดความเลื่อมใส พ่อท่านได้รับกิจนิมนต์เป็นประจำ ไปร่วมประกอบพิธีพุทธาภิเษกวัตถุมงคล ในต่างจังหวัด หรือ ในกรุงเทพฯ หรือบางที ท่านเดินทางไปปลุกเสกวัตถุมงคล ถึงต่างประเทศ เช่น ประเทศมาเลเซียและสิงคโปร์ วัตถุมงคลของท่าน ก็คอยคุ้มครองคนดีเสมอ ส่วนใหญ่ท่านไม่ค่อยอยู่ประจำจังหวัด มักจะมีกิจนิมนต์มากมาย ท่านต้องเดินทางไปยังสถานที่ต่างๆ มีแค่วันพระ ที่ท่านจะอยู่ที่วีด เพื่อคอยต้อนรับญาติโยม ที่มาทำบุญ ท่านเป็นพระสงฆ์ที่ยึดมั่นในหลักธรรมของพระพุทธศาสนาอย่างเคร่งครัด มีจริยวัตรที่งดงามปฏิบัติกิจตามหน้าที่ของสมณะอย่างสม่ำเสมอไม่เว้นแม้แต่ยามเจ็บไข้ได้ป่วย พ่อท่านเคร่งครัดในกฎระเบียบยิ่ง ในการประกอบพิธีบรรพชาอุปสมบท คนที่เคยติดสุรา หรือ บุหรี่ จะต้องเลิกเด็ดขาด พ่อท่านมักจะอบรมสั่งสอน และให้ข้อคิดดีๆ เสมอ โดยเฉพาะเรื่องชีวิตของมนุษย์ ท่านมักจะเตือนสติ ญาติโยม ลูกศิษย์ ลูกหา ว่า """"คนเราเกิดมาล้วนมีหนี้ติดตัวมาด้วยกันทั้งนั้น ไม่ว่าจะเป็นหนี้สินหนี้บุญคุณและหนี้ชีวิตซึ่งตัวท่านได้ปฏิบัติเพื่อปลดเปลื้องหนี้ตลอดมา โดยเฉพาะหนี้ชีวิต",tha,tha,"[467125.0, 110696.0, 18483.0, 27270.0, 272296.0, 322594.0, 548531.0, 64640.0, 144329.0, 396223.0, 23129.0, 10605.0, 7233721.0, 811131.0, 445107.0]"
ภคิน ปริศนานันทกุล (ชื่อเล่น : เชน) เกิดเมื่อวันที่ 26 พฤศจิกายน พ.ศ. 2526 เป็นบุตรของนายสมศักดิ์ ปริศนานันทกุล อดีตรัฐมนตรี กับนางรวีวรรณ ปริศนานันทกุล สำเร็จการศึกษาระดับปริญญาตรี สาขาเศรษฐศาสตร์ จากคณะเศรษฐศาสตร์ มหาวิทยาลัยธรรมศาสตร์ และปริญญาโท สาขาการเมืองการปกครองสำหรับนักบริหาร จากมหาวิทยาลัยเดียวกัน,tha,tha,"[100000.0, 27100.0, 5600.0, 7400.0, 51000.0, 89000.0, 109900.0, 10800.0, 30300.0, 80600.0, 4900.0, 4500.0, 1204600.0, 169400.0, 65400.0]"
"ในมุมมองของสาธารณชน ปูตินมีภาพลักษณ์ที่เป็นชายชาตรี องอาจ และน่าเกรงขาม ภาพลักษณ์เหล่านี้ไม่ได้ปรากฏเฉพาะในรัสเซียเท่านั้น แต่เป็นที่โจษจันในระดับโลก เขาโปรดปรานกีฬาผาดโผนและอันตรายต่างๆเช่นการล่าสัตว์ ปูตินมีความสามารถขับเครื่องบินได้ ทั้งเครื่องบินทั่วไปไปจนถึงเครื่องบินรบสมรรถนะสูง นอกจากนี้ยังมีความเชี่ยวชาญด้านศิลปะการต่อสู้หลายแขนง เช่น แซมโบ, ยูโด, คาราเต้ ซึ่งปูตินเคยเป็นแชมป์กีฬาแซมโบและยูโดของนครเลนินกราดด้วย นอกจากนี้ยังมีความสามารถอื่นๆอีก อาทิ การขี่ม้า, ล่องแก่ง, การตกปลา ไปจนถึงการว่ายน้ำในแม่น้ำไซบีเรียที่เย็นยะเยือก ซึ่งมักจะปรากฏภาพที่เขาไม่ใส่เสื้อขณะทำกิจกรรมเหล่านี้ และยังสามารถดำน้ำลึก หยุดเสือและหมีขั้วโลกด้วยปืนยิงยาสลบ, เป็นนักบินผู้ช่วยในเครื่องบินดับไฟป่า, ยิงลูกดอกใส่วาฬเพื่อการติดตาม, ขับรถสูตร เป็นต้น",tha,tha,"[199782.0, 67716.0, 5148.0, 13464.0, 117711.0, 111870.0, 236115.0, 29403.0, 63756.0, 168201.0, 34056.0, 4059.0, 2808630.0, 361350.0, 268191.0]"
"- ปรากฏในหนังสือการ์ตูน, อะนิเมะคลาสสิค [มนต์ดวงดาวแห่งมาร์ส จงสำแดงฤทธา ณ บัดนี้], อะนิเมะคริสตัล [มนต์ดวงดาวแห่งมาร์ส จงสำแดงฤทธา ณ บัดนี้]",tha,tha,"[52038.0, 16758.0, 4998.0, 2940.0, 27734.0, 41650.0, 56840.0, 11172.0, 11858.0, 40180.0, 2450.0, 1078.0, 558110.0, 77028.0, 36358.0]"
จู เวิน สามารถยึดครองจีนภาคกลางไว้ได้เกือบทั้งหมด และพยายามรวมแผ่นดินภาคเหนือ แผ่นดินส่วนที่เหลือจึงอยู่ในความครอบครองของอีกสี่ราชวงศ์ที่ตั้งขึ้นในโอกาสเดียวกัน จู เวิน ถูกจู โหย่วกุย (朱友珪) ลูกชาย ฆ่าทิ้งในปี 912 เพื่อชิงบัลลังก์ จู โหย่วกุย ก็ขึ้นเป็นกษัตริย์องค์ถัดมา,tha,tha,"[74302.0, 29876.0, 2522.0, 4559.0, 45687.0, 44523.0, 84390.0, 11640.0, 20661.0, 57133.0, 4268.0, 1261.0, 897832.0, 119795.0, 101850.0]"
"- ปรากฏในหนังสือการ์ตูน, อะนิเมะคลาสสิค [มนต์แห่งมาร์ส จงสำแดงฤทธา ณ บัดนี้], อะนิเมะคริสตัล [มนต์แห่งมาร์ส จงสำแดงฤทธา ณ บัดนี้], ละครโทรทัศน์",tha,tha,"[51456.0, 16224.0, 5184.0, 3360.0, 28320.0, 44064.0, 56928.0, 11136.0, 11520.0, 39648.0, 2112.0, 960.0, 544704.0, 77280.0, 33120.0]"
ในปีการศึกษา 2548 อาคารยวง เดอ ลาซาล ซึ่งเป็นอาคารหลังแรกของโรงเรียน ได้เกิดการทรุดตัวเอนไปด้านหน้าอย่างน่าเป็นห่วง โรงเรียนจึงดำเนินการซ่อมแซมฐานอาคาร เป็นการใช้งบประมาณครั้งใหญ่ คือประมาณ 33 ล้านบาท ในการยกตัวตึกขึ้น ซ่อมแซมและเสริมฐานอาคาร และในการเสริมฐานให้สูง ยกตัวฐานขึ้นสูง 1.5 เมตร เพื่อหลีกเลี่ยงน้ำท่วมชั้นล่างของอาคารในช่วงฤดูฝน และนอกจากนี้ โรงเรียนได้สร้างอาคารใหม่ คืออาคารพระเมตตาซ้อนอยู่หลังอาคารยวง เดอ ลาซาล เพื่อรองรับจำนวนนักเรียนที่เพิ่มขึ้น และเพิ่มห้องปฏิบัติการ หรือห้อง lab วิชาต่างๆขึ้น,tha,tha,"[113810.0, 30020.0, 5320.0, 9975.0, 57285.0, 46075.0, 133190.0, 15390.0, 16910.0, 96045.0, 5225.0, 2565.0, 1824380.0, 190950.0, 116375.0]"
แต่ว่า ประชาธิปไตยโดยตรงก็ไม่ใช่สิ่งที่ผู้กำหนดกรอบรัฐธรรมนูญสหรัฐได้วางแผนให้กับประเทศ เพราะพวกเขามองเห็นอันตรายของเผด็จการโดยเสียงข้างมาก และดังนั้น จึงสนับสนุนระบอบประชาธิปไตยแบบมีผู้แทนในรูปแบบของสาธารณรัฐตามรัฐธรรมนูญ ไม่ใช่ประชาธิปไตยโดยตรง,tha,tha,"[64014.0, 19928.0, 2444.0, 5452.0, 27730.0, 49256.0, 68526.0, 12878.0, 11186.0, 48974.0, 3478.0, 1410.0, 843932.0, 101332.0, 79242.0]"
วันที่ 16 มกราคม พ.ศ. 2552 หม่อมราชวงศ์สุขุมพันธุ์ บริพัตร เข้าทำงานวันแรกในตำแหน่งผู้ว่าราชการกรุงเทพมหานคร แทนนายอภิรักษ์ โกษะโยธิน ที่ลาออกไปก่อนหน้านี้ โดยได้ประกาศแผนพัฒนากรุงเทพมหานคร ซึ่งมีนโยบายหลักด้านการจราจรที่รวมถึงการเร่งรัดเปิดให้บริการเส้นทางรถบีอาร์ทีด้วย,tha,tha,"[78957.0, 19716.0, 3441.0, 6045.0, 47151.0, 53289.0, 88722.0, 9021.0, 22320.0, 64263.0, 4371.0, 2976.0, 1033788.0, 135873.0, 63333.0]"
'ก้องเกียรติ' (ยุกต์ ส่งไพศาล) กรรมการหนุ่มหล่อเจ้าเสน่ห์ ให้ความสนใจกับ 'ไวน์ (ศรุชา เพชรโรจน์) สาวงามคนหนึ่งเป็นพิเศษ แต่ที่เขาสนใจเธอไม่ใช่เพราะความสวย ความมีเสน่ห์อย่างที่เคยสนใจผู้หญิงคนอื่น แต่กลับเป็นความลับอันมืดดำที่ไวน์ปกปิดไว้ ทำให้ก้องเกียรติต้องทำทุกอย่างเพื่อที่จะรู้ความลับนั้นให้ได้ ซึ่งผู้ที่รู้ความลับเรื่องของไวน์มีเพียง ใบข้าว (จุฑารัตน์ อนุศิลป์) นางงามบ้านนาหน้าซื่อเด็กปั้น ป้าสไบ (ณหทัย พิจิตรา) เจ้าของค่ายนางงามใหญ่ ใบข้าวจะชอบสะสมมงกุฎ สายสะพาย และยังชื่นชอบการสะสมแต้มผู้ชายเป็นพิเศษ และ หมอเอย (ดาริน แฮนเซน) แพทย์หญิงที่ลงประกวด เพราะอยากจะพิสูจน์ว่าผู้หญิงสวยก็มีสมองเหมือนกัน ถึงแม้ทั้งใบข้าวและหมอเอยจะต้องร่วมมือกันช่วยไวน์ปกปิดความลับ แต่ด้วยทัศนคติ ปูมหลังที่ต่างกันของทั้งคู่ ทำให้ใบข้าวและเอยต้องมาทะเลาะกันทุกครั้งที่เจอ,tha,tha,"[188416.0, 56948.0, 6256.0, 15364.0, 116012.0, 116748.0, 217580.0, 25116.0, 64768.0, 156584.0, 13156.0, 5244.0, 2768648.0, 349692.0, 179676.0]"
รถไฟชานเมืองเดลี เดินรถร่วมกับรถไฟระหว่างเมือง ในปี ค.ศ. 2009 ได้มีการเปิดใช้งานรถไฟสุภาพสตรีระหว่างเดลีกับปัลวาล และจะเปิดให้บริการเพิ่มเติมในสายเดลี - คาเซียบาด และสายเดลี - ปานิปาต,tha,tha,"[44772.0, 13650.0, 4368.0, 2275.0, 27937.0, 59605.0, 51233.0, 4823.0, 9009.0, 30576.0, 3731.0, 1183.0, 498862.0, 70980.0, 36218.0]"
ในขณะนั้นเป็นช่วงรัชกาล พระเจ้ายอนซัน บ้านเมืองเสื่อมทรามพระราชาไม่ใส่ใจกิจการบ้านเมืองหลงสุรานารีลงโทษขุนนางดี ๆ ทั้ง ๆ ที่ไม่มีความผิดและลวนลามพระปิตุจฉาของพระองค์เองจนต้องฆ่าตัวตายเหล่าขุนนางทั้งหลายนำโดย ปาร์ควอนจง จึงได้ก่อการครั้งนี้ขึ้น,tha,tha,"[62100.0, 15930.0, 1980.0, 3690.0, 27000.0, 44010.0, 69120.0, 8910.0, 19080.0, 48870.0, 3420.0, 2070.0, 878400.0, 98280.0, 63540.0]"
ในคริสต์ศตวรรษที่ 16 อาโลอิซิโอ ดา มิลาโน สถาปนิกชาวอิตาลี ได้ทำการก่อสร้างสถานที่พำนักสำหรับเหล่าพระราชวงศ์แห่งแรกในบริเวณนี้ แต่มีเพียงชั้นล่างเท่านั้นที่ยังคงหลงเหลือให้เห็นถึงปัจจุบัน พระเจ้าซาร์พระองค์แรกแห่งราชวงศ์โรมานอฟ คือ ซาร์มีไฮล์ที่ 1 แห่งรัสเซีย ได้ก่อสร้างพระราชวังแห่งนี้ใหม่จนแล้วเสร็จในช่วงปีค.ศ. 1635 - 1636 อาคารแห่งใหม่่ล้อมรอบไปด้วยอาคารต่างๆและสิ่งก่อสร้างที่เพิ่มเติมขึ้นมา รวมถึงแท่นยกพื้นโบยาร์ ขั้นบันไดและระเบียงสีทอง และป้อมหอคอยต่างๆ ด้วยพระประสงค์ของซาร์มีไฮล์ ทรงให้สร้างห้องชุดสีทองของซารีนาไว้ร่วมในพระราชวังด้วย ซึ่งเป็นการสร้างให้เหมือนกับรัชสมัยของซาร์อีวานที่ 4 แห่งรัสเซีย ในช่วงคริสต์ทศวรรษที่ 1560 ซึ่งขนาบไปด้วยโดมสีทอง 11 หลังของมหาวิหาร Upper Saviour ความซับซ้อนของพระราชวังยังคงปรากฎให้เห็นจากการก่อสร้างโบสถ์หลายแห่งในช่วงการก่อสร้างแรกๆ รวมถึงการสร้างโบสถ์การประสูติของพระแม่ผู้นิรมลด้วย (Church of the Virgin's Nativity) ในช่วงคริสต์ทศวรรษที่ 1360,tha,tha,"[217160.0, 63457.0, 15664.0, 12549.0, 147384.0, 131186.0, 271717.0, 27412.0, 63279.0, 179424.0, 30883.0, 6497.0, 2543976.0, 388396.0, 231222.0]"
ยุริ ชิระโตะริ (คันจิ:白鳥由里; ฮิรางานะ:しらとり ゆり) เป็นนักพากย์หญิงชาวญี่ปุ่น ด้วยใบหน้าที่น่ารักและน้ำเสียงที่หวานสดใส ทำให้เธอได้รับความนิยมในหมู่แฟนๆผู้ชายอย่างสูง ชิระโตะริเริ่มเข้าวงการตั้งแต่ปี พ.ศ. 2532 ผลงานการพากย์เรื่องแรกของเธอ คือ ฮิลด้า ในเรื่อง กรานโซทผู้พิชิต และหลังจากนั้นเธอก็มีผลงานอย่างต่อเนื่องมาตลอด โดยล่าสุดได้รับบทเป็น ซาโยะ ไอซากะ ในเรื่อง คุณครูจอมเวทย์ เนกิมะ! ซึ่งในบรรดานักพากย์ผู้ให้เสียงนักเรียนห้อง 3-A ทั้ง 31 คน เธอเป็นคนที่มีอายุมากที่สุด,tha,tha,"[108768.0, 40392.0, 6512.0, 9152.0, 66616.0, 57728.0, 130240.0, 41008.0, 38280.0, 91696.0, 6776.0, 2904.0, 1378784.0, 183128.0, 107008.0]"
"สะพานสมเด็จพระพุทธเลิศหล้านภาลัย เป็นสะพานข้ามแม่น้ำแม่กลอง ในพื้นที่จังหวัดสมุทรสงคราม ซึ่งสะพานแห่งนี้เป็นที่มาของชื่อถนนพระรามที่ 2 ในปัจจุบัน เพราะพระบาทสมเด็จพระพุทธเลิศหล้านภาลัย ทรงพระราชสมภพที่อำเภออัมพวา จังหวัดสมุทรสงคราม สะพานดังกล่าวได้อัญเชิญพระปรมาภิไธยของพระบาทสมเด็จพระพุทธเลิศหล้านภาลัย มาเป็นนามของสะพานว่า """"สะพานสมเด็จพระพุทธเลิศหล้านภาลัย"""" คณะรัฐมนตรีมีมติเห็นชอบให้ขอพระบรมราชานุญาตตั้งชื่อถนนสายนี้ว่า """"ถนนพระรามที่ 2"""" ภายหลังจากกรมทางหลวงได้สร้างถนนสายธนบุรี–ปากท่อ เสร็จเรียบร้อยแล้ว",tha,tha,"[132936.0, 29319.0, 8352.0, 8961.0, 78387.0, 103443.0, 154077.0, 16269.0, 42543.0, 105792.0, 5307.0, 5046.0, 1726602.0, 226722.0, 82389.0]"
ต่อมา ยิปมันได้ไปเรียนต่อที่โรงเรียนเซนต์สตีเฟ่น ที่ฮ่องกง ณ ที่นั่นยิปมันได้แสดงฝีมือหย่งชุนสั่งสอนฝรั่งที่ดูถูกชาวจีน ชื่อเสียงของยิปมันจึงเป็นที่ประจักษ์ ต่อมายิปมันได้เจอกับ เหลียงปึ๊ก (ยิปชุน) ซึ่งเป็นเสมียนแก่ ๆ คนหนึ่งในร้านขายยา ยิปมันได้ประลองฝีมือกับเหลียงปึ๊กแต่สู้ไม่ได้ เมื่อรู้ว่าเหลียงปึ๊กมีศักดิ์เป็นน้องชายของเฉินหว่านซุน แต่ทั้งคู่มีเรื่องทำให้ต้องผิดใจกัน เหลียงปึ๊กจึงเป็นฝ่ายหลบมาอยู่ที่ฮ่องกง เหลียงปึ๊กได้ใช้หย่งชุนในแบบที่สำนักจิงอู่ไม่ได้สอน คือ การใช้เท้าเตะสูง ยิปมันจึงฝึกกับเหลียงปึ๊กจนชำนาญขึ้น,tha,tha,"[119282.0, 37324.0, 6020.0, 6278.0, 73272.0, 72154.0, 140524.0, 15308.0, 34228.0, 102770.0, 6020.0, 3526.0, 1654640.0, 209238.0, 125130.0]"
แฮงก์ในภาพยนตร์จะต่างจากหนังสือการ์ตูนตรงที่แฮงก์ไม่ได้เป็นผู้สร้างอัลตรอน และเคยเป็นอดีตสมาชิกของอเวนเจอร์สของหน่วยชีลด์ และมีลูกสาวกับแจนิตชื่อว่าโฮป แวน ไดน์ เขาต้องการที่จะให้สกอตต์ แลงก์เป็นแอนต์-แมนต่อจากเขาเพื่อหยุดยั้งแผนการชั่วร้ายของแดร์เรน ครอสส์ ลูกศิษย์ของเขาที่นำอนุภาคของเขาไปใช้สร้างชุดเยลโลว์แจ็กเกต,tha,tha,"[76925.0, 28135.0, 6205.0, 3145.0, 34000.0, 51000.0, 87975.0, 12240.0, 15810.0, 61455.0, 6970.0, 2295.0, 810305.0, 124525.0, 74120.0]"
บาร์เซโลนาชนะนัดนี้ด้วยผลการแข่งขัน 3–0 ส่งผลให้พวกเขาคว้าแชมป์ฟุตบอลชิงแชมป์สโมสรโลกมาครองเป็นสมัยที่สามได้สำเร็จ. ชัยชนะสำหรับบาร์เซโลนาถือเป็นโทรฟีที่ห้าของปี 2558.,tha,tha,"[48888.0, 15456.0, 3612.0, 3612.0, 23016.0, 24528.0, 54012.0, 6804.0, 10920.0, 38136.0, 3780.0, 1512.0, 581112.0, 75600.0, 46788.0]"
วลาดีมีร์ วลาดีมีโรวิช ปูติน (รัสเซีย: Владимир Владимирович Путин; อังกฤษ: Vladimir Vladimirovich Putinr) เป็นนักการเมืองชาวรัสเซียผู้ดำรงตำแหน่ง ประธานาธิบดีรัสเซียคนที่สี่และคนปัจจุบัน เช่นเดียวกับประธานพรรคยูไนเต็ดรัสเซียและประธานสภารัฐมนตรีสหภาพรัสเซียและเบลารุส เขารักษาการตำแหน่งประธานาธิบดีเมื่อวันที่ 31 ธันวาคม ค.ศ. 1999 เมื่อประธานาธิบดีบอริส เยลต์ซินลาออกจากตำแหน่งในการเคลื่อนไหวอันน่าประหลาดใจ ปูตินชนะการเลือกตั้งประธานาธิบดีในปี 2000 และในปี 2004 เขาได้รับเลือกตั้งกลับมาเป็นสมัยที่สอง ซึ่งเขาดำรงตำแหน่งถึงวันที่ 7 พฤษภาคม 2008,tha,tha,"[141598.0, 43990.0, 10043.0, 12284.0, 73870.0, 92794.0, 158281.0, 20501.0, 30959.0, 109975.0, 37848.0, 4648.0, 1280939.0, 230325.0, 114208.0]"
กองทัพอากาศลิเบียเสรี (อาหรับ: القوات الجوية الليبية الحرة‎‎‎) เป็นกองทัพอากาศของสภาถ่ายโอนอำนาจแห่งชาติ กลุ่มของบุคลากรทหารแปรพักตร์และอากาศยานที่ถูกยึดได้ซึ่งภักดีต่อกำลังต่อต้านกัดดาฟี ในสงครามกลางเมืองลิเบีย พ.ศ. 2554,tha,tha,"[57400.0, 16810.0, 3116.0, 4592.0, 31406.0, 35670.0, 64534.0, 8774.0, 14268.0, 43460.0, 4182.0, 1886.0, 534066.0, 93398.0, 55350.0]"
เสียงเสียดแทรก ฟัน ก้อง เป็นเสียงพยัญชนะที่มีใช้ในหลายภาษา เช่นภาษาอังกฤษ ภาษาเวลส์ ภาษาไอซ์แลนด์ ฯลฯ แต่ไม่มีในภาษาไทย สัทอักษรสากลที่ใช้แทนเสียงนี้คือ /ð/ และสัญลักษณ์ X-SAMPA คือ D,tha,tha,"[41391.0, 13446.0, 2511.0, 2349.0, 25758.0, 29079.0, 45198.0, 8829.0, 12636.0, 32562.0, 2025.0, 1215.0, 504387.0, 68526.0, 40014.0]"
เพลงพระราชนิพนธ์ แว่ว หรือ Echo เป็นเพลงพระราชนิพนธ์ลำดับที่ ๔๑ ทรงพระราชนิพนธ์ทำนองและคำร้องภาษาอังกฤษพร้อมกันใน พ.ศ. ๒๕๐๘ ทรงพระกรุณาโปรดเกล้าฯ ให้ศาสตราจารย์ ดร.ประเสริฐ ณ นคร ประพันธ์คำร้องภาษาไทยถวาย เพลงนี้วงดนตรีสุนทราภรณ์นำออกบรรเลงเป็นครั้งแรกในงานสังคีตมงคล ครั้งที่ ๑ ณ บริเวณพระที่นั่งอัมพรสถาน พระราชวังดุสิต เมื่อวันที่ ๘ เมษายน พ.ศ. ๒๕๐๙,tha,tha,"[93440.0, 21360.0, 4400.0, 11360.0, 52880.0, 78240.0, 105840.0, 10720.0, 22160.0, 76960.0, 4800.0, 2880.0, 1131040.0, 159600.0, 67200.0]"
แฟลซฟอร์เวิร์ด วูบมิติล่าอนาคต (อังกฤษ: FlashForward) เป็นซีรีส์โทรทัศน์อเมริกัน ดัดแปลงโดยแบนนอน เบรกาและเดวิด เอส. โกเยอร์ ออกอากาศทางช่องเอบีซี ระหว่างวันที่ 24 กันยายน ค.ศ. 2009 ถึง 27 พฤษภาคม ค.ศ. 2010 โดยสร้างมาจากบทประพันธ์ในปี ค.ศ. 1999 เรื่อง Flashforward ของนักเขียนแนวนวนิยายวิทยาศาสตร์ชาวแคนาดา โรเบิร์ต เจ. ซอว์เยอร์,tha,tha,"[86189.0, 27176.0, 9322.0, 6557.0, 54273.0, 58460.0, 98355.0, 10586.0, 27729.0, 66992.0, 8690.0, 3634.0, 746392.0, 143385.0, 51982.0]"
"กบฏนักมวย (อังกฤษ: Boxer Rebellion, จีนตัวย่อ: 义和团起义; จีนตัวเต็ม: 義和團起義; พินอิน: Yìhétuán Yùndòng, อี้เหอถวน ย้วนต้ง) หรือ ศึกพันธมิตรแปดชาติ เป็นการก่อความไม่สงบเพื่อต่อต้านจักรวรรดินิยมและคริสต์ศาสนานำโดย """"สมาคมอี้เหอถวน"""" (จีนตัวย่อ: 义和团; จีนตัวเต็ม: 義和團; พินอิน: Yìhétuán)",tha,tha,"[73710.0, 54834.0, 5382.0, 7098.0, 46020.0, 47346.0, 87438.0, 14118.0, 23088.0, 62322.0, 4758.0, 4758.0, 534378.0, 132600.0, 73398.0]"
การถอดถอน (recall) เป็นกระบวนการเรียกร้องที่กำหนดในรัฐธรรมนูญ เริ่มโดยประชาชนเพื่อถอดผู้ได้รับเลือกตั้งจากตำแหน่ง ในรัฐและเขตท้องถิ่นโดยมากที่มีกระบวนการเช่นนี้ ประชาชนจะลงคะแนนเสียงเลือกตั้งผู้สมัครรับเลือกตั้งคนอื่นพร้อม ๆ กับลงคะแนนเพื่อถอดถอนตำแหน่ง โดยคนที่ได้รับเลือกตั้งในบัตรนี้จะเป็นผู้ดำรงตำแหน่งคนต่อไป ถ้าการถอดถอนผ่าน เป็นกระบวนการซึ่งใช้ในรัฐ 19 รัฐ คือ อะแลสกา แอริโซนา แคลิฟอร์เนีย โคโลราโด จอร์เจีย ไอดาโฮ อิลลินอยส์ แคนซัส ลุยเซียนา มิชิแกน มินนิโซตา มอนแทนา เนวาดา นิวเจอร์ซีย์ นอร์ทดาโคตา ออริกอน โรดไอแลนด์ วอชิงตัน และวิสคอนซิน,tha,tha,"[116963.0, 35420.0, 4081.0, 7777.0, 56364.0, 79002.0, 137830.0, 22484.0, 29876.0, 97405.0, 8547.0, 4158.0, 1256255.0, 194348.0, 105798.0]"
"ในวันที่ 9 สิงหาคม 1999 ปูตินได้รับการแต่งตั้งจากประธานาธิบดี บอริส เยลต์ซิน ให้เป็นรองนายกรัฐมนตรีลำดับที่หนึ่งจากสามลำดับ และภายหลังในวันเดียวกันนั้นได้รับแต่งตั้งให้รักษาการในตำแหน่งนายกรัฐมนตรีรัสเซีย ซึ่งประธานาธิบดีเยลต์ซินได้ประกาศด้วยว่า เขาอยากเห็นปูตินเป็นผู้สืบทอดทางการเมืองต่อจากเขา หนึ่งสัปดาห์ให้หลัง สภาล่างได้มีเห็นชอบการแต่งตั้งปูตินเป็นนายกรัฐมนตรี ด้วยคะแนนข้างมาก 233 เสียง (คัดค้าน 84 เสียง, งดออกเสียง 17 เสียง) ซึ่งทำให้ปูตินกลายเป็นผู้ที่ได้ดำรงตำแหน่งนายกรัฐมนตรีหลังอยู่บนเส้นทางการเมืองระดับชาติได้เพียง 18 เดือน ซึ่งในตอนที่เขาได้รับแต่งตั้งนั้น เขาแทบจะไม่เป็นที่รู้จักของสาธารณชนมาก่อน และผู้คนไม่คาดหวังอะไรกับเขามากนักที่ติดภาพลักษณ์เป็นเด็กเส้นของเยลต์ซิน แล้วก็เหมือนกับนายกฯคนอื่นๆของเยลต์ซิน ปูตินไม่ได้เป็นคนเลือกสมาชิกคณะรัฐมนตรีด้วยตัวเอง คณะรัฐมนตรีของเขาถูกเลือกมาโดยประธานาธิบดี",tha,tha,"[165984.0, 52516.0, 6460.0, 10716.0, 102144.0, 96444.0, 189924.0, 24092.0, 31236.0, 133608.0, 20520.0, 4408.0, 2150420.0, 269724.0, 182552.0]"
สเปซอินเวเดอร์ส เป็นเกมยิงแก้ปัญหาสองมิติ โดยผู้เล่นจะควบคุมการยิงปืนเลเซอร์ โดยการเคลื่อนที่ในแนวนอนที่ด้านล่างของจอ และยิงเหล่าเอเลี่ยนที่กำลังเคลื่อนตัวลงมา ซึ่งมีจุดมุ่งหมายคือการกำจัดเหล่าเอเลี่ยนห้าแถวหน้ากระดาน ซึ่งมีอยู่แถวละสิบเอ็ดตัว โดยในบางเวอร์ชันอาจมีจำนวนที่ต่างกัน โดยมีการเคลื่อนตัวไปในแนวนอนแล้วหวนกลับไปมาในขณะที่พวกมันค่อยๆเลื่อนลงสู่ด้านล่างของจอ ผู้เล่นจะทำการกำจัดเหล่าเอเลี่ยนและเก็บสะสมแต้มจากการยิงพวกมันด้วยปืนเลเซอร์ เมื่อเหล่าเอเลี่ยนถูกกำจัดมากขึ้น การเคลื่อนไหวของเอเลี่ยนและเพลงประกอบเกมจะเร่งให้เร็วขึ้น ซึ่งการกำจัดเหล่าเอเลี่ยนที่มาเป็นฝูงจะมีการเพิ่มความยากมากยิ่งขึ้น และวนเวียนเช่นนี้เรื่อยไป,tha,tha,"[118350.0, 33825.0, 6075.0, 5325.0, 64725.0, 55725.0, 134100.0, 17925.0, 20400.0, 94350.0, 5475.0, 3375.0, 1652925.0, 186375.0, 158400.0]"
"ในปี พ.ศ. 2542 ได้มีการขยายช่องจราจรจาก 4 ช่องจราจรเป็น 8 ช่องจราจร ระหว่างทางแยกต่างระดับบางขุนเทียน-นิคมอุตสาหกรรมสมุทรสาคร (กม.12+000-กม.34+000) ความยาวรวมประมาณ 22 กิโลเมตร เพื่อรองรับการจราจรที่เพิ่มขึ้น จากการขยายการก่อสร้างถนนพระรามที่ 2 ช่วงดาวคะนอง และถนนวงแหวนรอบนอกฝั่งตะวันตก จากบางบัวทอง-บางขุนเทียน ตอน 1, 2 และ 3 ให้สอดคล้องต่อเนื่องกันตลอดสาย โดยดำเนินการก่อสร้างส่วนที่สำคัญเฉพาะทางคู่ขนานด้านขาเข้าและขาออกข้างละ 2-3 ช่องจราจร เพื่อประหยัดงบประมาณก่อสร้าง",tha,tha,"[104488.0, 23902.0, 7178.0, 6216.0, 66230.0, 56758.0, 120916.0, 11248.0, 32486.0, 84656.0, 4662.0, 3108.0, 1365744.0, 175972.0, 68006.0]"
รองศาสตราจารย์ ดร.โสรีช์ โพธิแก้ว รองคณบดีฝ่ายวิชาการ คณะจิตวิทยา จุฬาลงกรณ์มหาวิทยาลัย และ ดำรงตำแหน่งนายกสมาคมจิตวิทยาแห่งประเทศไทย สำเร็จการศึกษาระดับปริญญาตรี วิทยาศาสตรบัณฑิต (เกียรตินิยม) จาก มหาวิทยาลัยเชียงใหม่ และ ปริญญาโท ครุศาสตรมหาบัณฑิต สาขาจิตวิทยาการศึกษาและการแนะแนว จาก คณะครุศาสตร์ จุฬาลงกรณ์มหาวิทยาลัย จากนั้นได้รับทุนฟุลไบรท์ ไปศึกษาทางด้านสาขา Ed.D. in Counselor Education ณ มหาวิทยาลัยนอร์ทเทิร์นอิลลินอยส์ ในรัฐอิลลินอยส์ ประเทศสหรัฐอเมริกา,tha,tha,"[114391.0, 28689.0, 6570.0, 10366.0, 58619.0, 96579.0, 128699.0, 14162.0, 39055.0, 91250.0, 5475.0, 4599.0, 1248446.0, 193377.0, 72489.0]"
"ในสมัยศตวรรษที่ 19 ชาวต่างชาติได้เข้ามาค้าขายในประเทศจีนนานเข้า ชาวต่างชาติก็เริ่มเข้ามามีอิทธิพลในจีนและได้ส่งกำลังทหาร อาวุธที่ทันสมัยและมิชชันนารีเข้าไปเผยแพร่ศาสนาคริสต์ เนื่องจากเหตุการณ์ดังกล่าวทำให้เกิดการรวมกลุ่มของชาวจีนผู้รักชาติเรียกว่า """"กบฏนักมวย"""" ขึ้น นักมวยจะฝึกกังฟูซึ่งพวกเขาเชื่อว่าจะสามารถต่อกรกับผู้รุกรานจาก ยุโรป อเมริกาและญี่ปุ่นได้ กบฏนักมวยได้ทำการลอบสังหารมิชชันนารีชาวตะวันตก ประณามชาวต่างชาติ และเผาโบสถ์ ฯลฯ กบฏนักมวยได้รับการสนับสนุนจากซูสีไทเฮามาก ทั้งด้านการส่งทัพหลวงมาช่วยและเสริมอาวุธยุทธโธปกรณ์ต่างๆ ซึ่งหลังจากกลุ่มกบฏนักมวยถูกปราบได้ไม่นานก็เกิดการโค่นล้มราชวงศ์ชิงขึ้น",tha,tha,"[118080.0, 34200.0, 5544.0, 7056.0, 63576.0, 77184.0, 138312.0, 18792.0, 37728.0, 98928.0, 6048.0, 2664.0, 1714752.0, 206640.0, 142416.0]"
ในวาระแรกของการดำรงตำแหน่งระหว่างปี 2000 ถึง 2004 ปูตินได้วางแนวทางในการแก้ไขภาวะความยากจนในประเทศ นอกจากนี้ปูตินยังได้ต่อรองกับชนชั้นนำในประเทศ ซึ่งปูตินเปิดทางให้ชนชั้นนำเหล่านี้ยังมีอิทธิพลได้อย่างเต็มเปี่ยม และเพื่อเป็นการแลกเปลี่ยน ชนชั้นนำเหล่านี้ก็หันมาสนับสนุนและกลายเป็นฐานอำนาจที่มั่นคงของปูติน เกิดนักธุรกิจใหญ่โตขึ้นมากมายในรัสเซียซึ่งล้วนแต่เป็นพันธมิตรของปูติน,tha,tha,"[73627.0, 21442.0, 3550.0, 3479.0, 40328.0, 40186.0, 82644.0, 12141.0, 17466.0, 59072.0, 9798.0, 1420.0, 1035748.0, 120629.0, 91732.0]"
ต่อมาในปีพ.ศ. 2519 โรงเรียนได้โอนจากกองการ ประถมศึกษามาสังกัด กองการมัธยมศึกษา กรมสามัญศึกษา เปิดทำการสอนระดับมัธยมศึกษาปีที่ 1 (ม.ศ. 1) ถึงชั้นมัธยมศึกษาปีที่ 3 (ม.ศ. 3) และในปี 2521 ได้เปิดทำการสอนชั้นมัธยมศึกษาปีที่ 1 (ม. 1) ถึงชั้นมัธยมศึกษาปีที่ 3 (ม. 3) ตามแนวทางของกระทรวงศึกษาธิการในสมัยนั้น,tha,tha,"[69930.0, 18970.0, 6720.0, 4060.0, 41720.0, 42700.0, 78050.0, 6790.0, 14350.0, 55090.0, 2940.0, 1470.0, 881860.0, 109060.0, 48650.0]"
"ภาษาโอง (Ong) หรือภาษาโตง ภาษาฮันโตง มีผู้พูด 10,300 คน (พ.ศ. 2543) ในประเทศลาว ในแขวงสาละวัน ใกล้เคียงกับภาษาอิร จัดอยู่ในตระกูลภาษาออสโตรเอเชียติก ภาษากลุ่มมอญ-เขมร สาขามอญ-เขมรตะวันออก สาขาย่อยกะตู",tha,tha,"[50715.0, 14421.0, 2898.0, 5037.0, 28980.0, 32361.0, 56787.0, 7797.0, 17940.0, 40779.0, 3933.0, 2139.0, 464025.0, 82800.0, 36294.0]"
เกอริงเกิดเมื่อวันที่ 12 มกราคม พ.ศ. 2436 ทีโรเซนไฮม์ แคว้นบาวาเรีย เป็นบุตรคนที่ 2 ของภรรยาคนที่ 2 ของไฮม์ริช เกอริง ซึ่งเป็นกงสุลใหญ่เยอรมันประจำเกาะเฮติ ขณะเป็นเด็กเขาไม่ได้อยู่กับบิดาแต่ได้รับเลี้ยงดูในปราสาทเล็กๆ ชื่อเฟลเดนชไตน์ (Veldenstein) ของ ริทเทอร์ ฟอน เอเพนชไตน์ แฮร์มัน ชาวยิว ซึ่งเป็นชู้รักของมารดาและเป็นพ่อทูนหัวของเขา ต่อมาในปี พ.ศ. 2439 ขณะอายุ 3 ปี บิดาปลดเกษียณ ครอบครัวเกอริงจึงอยู่ร่วมกันอีกครั้งในเยอรมนี,tha,tha,"[87380.0, 31892.0, 6256.0, 5508.0, 73644.0, 55352.0, 103700.0, 11220.0, 18564.0, 70312.0, 8568.0, 2108.0, 914600.0, 146472.0, 70244.0]"
กองทัพอากาศภายใต้การบังคับบัญชาของเขาก็ทำสงครามสายฟ้าแลบ ซึ่งสามารถทำลายการต่อต้านของโปแลนด์ และขยายการโจมตีไปยังประเทศต่างๆในยุโรป หลังจากชัยชนะในยุทธการที่ฝรั่งเศส ใน พ.ศ. 2483 ฮิตเลอร์ก็แต่งตั้งให้เขาเป็นจอมพลแห่งจักรวรรดิไรค์ และเป็นผู้สืบตำแหน่งของฮิตเลอร์อย่างเป็นทางการ,tha,tha,"[55275.0, 18492.0, 3417.0, 3886.0, 27537.0, 31021.0, 61305.0, 10251.0, 16616.0, 42679.0, 3685.0, 1273.0, 607556.0, 88976.0, 72762.0]"
"ดาวฤกษ์ชนิดไฮเปอร์ไจแอนท์มีระดับความสว่างสูงยิ่งยวด ถึงหลายล้านเท่าของความส่องสว่างดวงอาทิตย์ทีเดียว และมีอุณหภูมิสูงมากระหว่าง 3,500 K ถึง 35,000 K มวลของดาวไฮเปอร์ไจแอนท์มีมหาศาล ทำให้ช่วงอายุของดาวนี้สั้นมากเมื่อพิจารณาในเส้นเวลาทางดาราศาสตร์ คือเพียงไม่กี่ล้านปีเท่านั้น เมื่อเทียบกับอายุของดาวฤกษ์อื่น เช่น ดวงอาทิตย์ของเรา ซึ่งมีอายุราวหมื่นล้านปี ด้วยเหตุนี้ ดาวไฮเปอร์ไจแอนท์จึงมีอยู่น้อยมาก ที่รู้จักกันในปัจจุบันนี้ก็มีเพียงไม่กี่ดวงเท่านั้น",tha,tha,"[88110.0, 25344.0, 4884.0, 4884.0, 45210.0, 49302.0, 99726.0, 13266.0, 17556.0, 71148.0, 5544.0, 2904.0, 1082070.0, 143946.0, 75834.0]"
วันที่ 10 มีนาคม พ.ศ. 2551 กทม. ลงนามในสัญญาจัดซื้อรถกับบริษัท เบสท์ริน กรุ๊ป จำกัด จำนวน 45 คัน กำหนดให้จัดส่ง 3 คันแรกภายใน 5 เดือน เดือนที่ 6 จัดส่งอีก 20 คัน และเดือนที่ 7 จัดส่งที่เหลือทั้งหมด คาดว่าเมื่อรถโดยสารทั้ง 3 คันแรกส่งมาถึง กทม. แล้วก็จะปิดช่องจราจร 1 ช่องทางเพื่อจัดเตรียมสำหรับทดลองเดินรถในช่วงปลายเดือนกรกฎาคม หรือต้นเดือนสิงหาคม พ.ศ. 2551 เป็นต้นไป เพื่อส่งสัญญาณให้ประชาชนตื่นตัวมาใช้บริการ พร้อมทั้งปรับแผนการเปิดให้บริการเป็นวันที่ 12 สิงหาคม ให้ใช้บริการฟรี 6 เดือนไปจนถึงเดือนมกราคม พ.ศ. 2552,tha,tha,"[93470.0, 20670.0, 5265.0, 4485.0, 49075.0, 43225.0, 108225.0, 8970.0, 16770.0, 75725.0, 4810.0, 2535.0, 1337960.0, 153660.0, 75010.0]"
ภาพยนตร์เรื่องนี้กล่าวถึงเรื่องราวความแค้น ศักดิ์ศรี และความโลภของคนกลุ่มหนึ่งที่เข้ามาแก่งแย่งมีดทำครัวเล่มสำคัญซึ่งหลอมมาจากสุดยอดกระบี่ทั้ง 5 เล่ม แห่งยุทธภพ และชะตาของพวกเชาจะเป็นอย่างไร พวกเขาแย่งกระบี่สำเร็จหรือไม่ และจอมยุทธผู้เป็นเจ้าของมีดเล่มนี้จะจัดการกับหัวขโมยนี้อย่างไร,tha,tha,"[48512.0, 15744.0, 1536.0, 2880.0, 27328.0, 26816.0, 53824.0, 7232.0, 15360.0, 37760.0, 3392.0, 1280.0, 761600.0, 83904.0, 58752.0]"
ปูตินสมรสกับชาวเลนินกราดนามว่า ลุดมินา ชเกรบเนวา (Людми́ла Шкребнева) ในวันที่ 28 กรกฎาคม 1983 และทั้งสองได้ใช้ชีวิตอยู่ในเยอรมนีตะวันออกด้วยกันระหว่างปี 1985 ถึง 1990 ทั้งสองมีลูกสาวสองคน คือ มารียา ปูตีนา เกิดในเซนต์ปีเตอร์สเบิร์ก และ เยกาเจรีนา ปูตีนา เกิดในเดรสเดิน ต่อมาในวันที่ 6 มิถุนายน 2013 ปูตินได้ออกมาแถลงว่า ชีวิตคู่ของเขาทั้งสองได้จบลงไปแล้ว ซึ่งทางทำเนียบเครมลินได้ออกมายืนยันในวันที่ 1 เมษายน 2014 ว่ากระบวนการหย่าได้เสร็จสิ้นสมบูรณ์,tha,tha,"[91791.0, 29673.0, 6300.0, 6111.0, 59472.0, 50967.0, 102060.0, 11970.0, 24507.0, 69363.0, 23184.0, 3213.0, 865242.0, 152208.0, 73710.0]"
เงี่ยงดุกน้อย ชื่อวิทยาศาสตร์: Canthium berberidifolium เป็นไม้พุ่มในวงศ์ Rubiaceae เมื่อกิ่งยาวขึ้นปลายกิ่งจะโน้มลง มีหนามแหลมทุกส่วน ใบเดี่ยว ผิวใบด้านบนเป็นมัน มีขนประปราย ผลสด สุกแล้วเป็นสีส้มหรือสีแดง มีเมล็ดเดียว ใช้เป็นไม้ประดับ ทางภาคอีสานใช้รากฝนกับน้ำดื่มแก้วัณโรค,tha,tha,"[51150.0, 11656.0, 2604.0, 3782.0, 21700.0, 21948.0, 51832.0, 9300.0, 13578.0, 36518.0, 1922.0, 1426.0, 612002.0, 75888.0, 45942.0]"
อี้จงเทียนใช้ชีวิตในวัยเด็กที่ เมืองฉางซา มณฑลหูหนาน และใช้ชีวิตในวัยรุ่นที่ เมืองอู่ฮั่น มณฑลหูเป่ย ในปี พ.ศ. 2508 ภายหลังสำเร็จการศึกษาจากชั้นมัธยมศึกษา อี้จงเทียนถูกส่งไปยังเขตปกครองตนเองซินเจียงอุยกูร์ เพื่อเขาร่วมกองกำลังการผลิตแห่งซินเจียง และกลายเป็นอาจารย์สอนโรงเรียนมัธยมศึกษาในเวลาต่อมา หลังกลับจากซินเจียง อี้จงเทียนได้เข้าศึกษาใน มหาวิทยาลัยอู่ฮั่น สาขาวรรณกรรมจีนโบราณ และสำเร็จการศึกษาในปี พ.ศ. 2521 และสำเร็จการศึกษาในระดับปริญญาโทในอีกสามปีถัดมา ซึ่งภายหลังเขาได้ตัดสินในที่จะเป็นอาจารย์สอนในมหาวิทยาลัย ปัจจุบันอี้จงเทียนเป็นศาสตราจารย์ที่ วิทยาลัยมนุษยศาสตร์ มหาวิทยาลัยเซียะเหมิน,tha,tha,"[103578.0, 33001.0, 5246.0, 6222.0, 58987.0, 78629.0, 125111.0, 12200.0, 27999.0, 88267.0, 7320.0, 2928.0, 1213107.0, 176778.0, 123403.0]"
"ดอยหลวงเชียงดาว มีดอยที่สูงด้วยกันทั้งหมด 3 แห่ง นอกจากดอยหลวงเชียงดาวแล้ว ยังมี """"ดอยสามพี่น้อง"""" และ""""ดอยกิ่วลม"""" อีกซึ่งอยู่ใกล้กัน และถึงแม้ดอยหลวงเชียงดาว จะเป็นยอดดอยที่มีความสูงเช่นเดียวกับดอยอินทนนท์ และดอยผ้าห่มปกแล้ว แม้จะอยู่ในจังหวัดเดียวกัน คือ เชียงใหม่ แต่ทว่าความหลากหลายของสิ่งมีชีวิตของที่นี่แตกต่างไปโดยสิ้นเชิง โดยจะมีสิ่งมีชีวิตเฉพาะถิ่นอยู่เป็นจำนวนมาก และพืชพรรณที่หายากหลายชนิด อีกทั้งยังเป็นแหล่งอาศัยของกวางผา สัตว์กีบคู่ประเภทเดียวกับเลียงผา ที่พบเพียงไม่กี่แห่งเท่านั้นในประเทศไทย",tha,tha,"[75780.0, 20940.0, 4080.0, 3720.0, 45540.0, 30480.0, 83700.0, 12120.0, 19140.0, 58980.0, 3360.0, 1800.0, 1149720.0, 126240.0, 64020.0]"
เมื่อวันที่ 5 พฤศจิกายน 2538 คณะครู - อาจารย์ นำโดยนายวิทยา โพธิ์แสง ได้เข้ากราบนมัสการพระราชวิทยาคม (หลวงพ่อคูณ ปริสุทฺโธ) เพื่อขอประทานสมณศักดิ์ของท่าน คือ พระราชวิทยาคม ให้เป็นชื่อของโรงเรียน เมื่อวันที่ 2 เมษายน 2540 กรมสามัญศึกษา ประกาศให้ เปลี่ยนชื่อโรงเรียนสำนักตะคร้อวิทยาคม เป็นโรงเรียนเทพารักษ์ราชวิทยาคม,tha,tha,"[56817.0, 12980.0, 3009.0, 3717.0, 32155.0, 46138.0, 62717.0, 6018.0, 16107.0, 43955.0, 3009.0, 2065.0, 689887.0, 90093.0, 36580.0]"
พระมหานามะแม้จะเป็นหนึ่งใน 5 ของกลุ่มพระปัญจวัคคีย์ แต่หลังจากตรัสรู้ธรรมแล้ว ท่านไม่ปรากฏบทบาทสำคัญในทางพระพุทธศาสนาในคัมภีร์ทางพระพุทธศาสนา แต่อย่างไรก็ดีท่านก็ถือว่าเป็นผู้มีส่วนสำคัญในการช่วยพระพุทธเจ้าเผยแพร่พระพุทธศาสนาในช่วงต้นพุทธกาล,tha,tha,"[38918.0, 10382.0, 1334.0, 2088.0, 23258.0, 38802.0, 44776.0, 5974.0, 10614.0, 32538.0, 1624.0, 580.0, 538124.0, 64960.0, 39208.0]"
ในปีการศึกษา 2531 เปิดใช้อาคารมิเกลเพิ่มอีก 1 หลัง เพื่อเพิ่มจำนวนห้องเรียนให้เพียงพอต่อการที่มีนักเรียนเพิ่มขึ้น และต้องการห้องเรียนเพิ่มขึ้น โดยอาคารใหม่มีความสูง 4 ชั้น และเปิดใช้หอประชุมเอนกประสงค์ในโรงเรียน ชื่อ หอประชุม JVK HALL,tha,tha,"[29697.0, 8322.0, 1368.0, 1710.0, 14763.0, 11913.0, 32832.0, 3819.0, 4389.0, 22002.0, 1425.0, 1026.0, 455658.0, 44346.0, 27417.0]"
"O'Kane, Richard H. (1987). """"Seventh Patrol"""", Wahoo: The Patrols of America's Most Famous World War II Submarine. Novato, California: Presidio Press.",tur,tha,"[14672.0, 3640.0, 6832.0, 952.0, 11256.0, 560.0, 19320.0, 392.0, 1904.0, 16128.0, 112.0, 728.0, 5656.0, 26096.0, 168.0]"
"เลขทะเบียน CAS (อังกฤษ:CAS registry numbers) เป็นตัวเลขเฉพาะที่ใช้จำแนก สารประกอบเคมี, พอลิเมอร์, สารประกอบทางชีวภาพ, ของผสม และ โลหะผสม เลขทะเบียน CAS,CAS numbers,CAS RNs or CAS #s",tha,tha,"[25740.0, 7040.0, 3245.0, 1210.0, 10670.0, 14520.0, 27390.0, 5940.0, 6435.0, 17545.0, 770.0, 715.0, 253990.0, 38115.0, 20900.0]"
"จอห์นนี มาร์ (อังกฤษ: Johnny Marr) เกิดเมื่อวันที่ 31 ตุลาคม ค.ศ. 1963 เป็นนักแต่งเพลง มือกีต้าร์, คีย์บอร์ด, นักเล่นออร์แกนปาก และ เป็นนักร้อง สัญชาติอังกฤษ เป็นอดีตสมาชิกเดอะสมิธส์ และ เขาเคยเข้ารวมวงอิเล็กทรอนิก, เดอะ เดอะ, และ โมเดสต์เมาส์ ในปี 2008 เขาได้เข้าร่วมวง เดอะคริบส์",tha,tha,"[45846.0, 14688.0, 4536.0, 3510.0, 28944.0, 29376.0, 51192.0, 7290.0, 9612.0, 32130.0, 5022.0, 1674.0, 427464.0, 73062.0, 33156.0]"
เพนกวินมาเจลลันเป็นเพนกวินขนาดกลางที่เมื่อโตเต็มที่สูงราวระหว่าง 61 ถึง 76 เซนติเมตร และหนักระหว่าง 2.7 ถึง 6.5 กิโลกรัม ตัวผู้มีขนาดใหญ่กว่าตัวเมีย แต่น้ำหนักนี้จะลดลงพอสมควรในฤดูที่ต้องเลี้ยงลูกนก เพนกวินมาเจลลัน เป็นเพนกวินที่อาศัยอยู่เป็นคู่ ซึ่งจะจับคู่กันเป็นระยะเวลานานหลายปี ตัวเมียจะหาตัวผู้พบจากเสียงร้อง,tha,tha,"[49926.0, 15211.0, 3021.0, 2173.0, 26129.0, 23267.0, 55597.0, 7155.0, 13621.0, 37895.0, 2173.0, 1060.0, 614747.0, 78387.0, 48177.0]"
ภาพยนตร์เขียนบทและกำกับโดย ทัชชกร ยีรัมย์ ไอยราฟิล์ม โดยการสนับสนุนของพันนา ฤทธิไกร โดยมีการนำศิลปะการต่อสู้ของไทย มาผสมผสานกับศิลปะการแสดงโขน เริ่มถ่ายทำตั้งแต่เดือนมีนาคม พ.ศ. 2550 มีกำหนดออกฉายช่วงต้นปี พ.ศ. 2551 แต่ภาพยนตร์ประสบปัญหาเนื่องจากเปลี่ยนผู้ควบคุมงานซึ่งเดิมคือ แวว ยีรัมย์ และ ธรัช ศุภโชคไพศาล ซึ่งเป็นผู้ร่วมก่อตั้งไอยราฟิล์มออก จึงทำให้เกิดปัญหาของการควบคุมงาน และปัญหาความล่าช้าในการถ่ายทำ และใช้งบประมาณบานปลาย จนต้องหยุดการถ่ายทำ และเกิดความขัดแย้งระหว่าง ทัชชกร ยีรัมย์ กับ ปรัชญา ปิ่นแก้ว และบริษัท สหมงคลฟิล์ม จนต้องมีการเจรจาไกล่เกลี่ยกันหลายครั้ง,tha,tha,"[87152.0, 24544.0, 4732.0, 5928.0, 52572.0, 53872.0, 100516.0, 9412.0, 31460.0, 73112.0, 4888.0, 2600.0, 1247272.0, 154492.0, 79196.0]"
"การพัฒนา โดยเฉพาะอย่างยิ่งการดื้อยาปฏิชีวนะ เกิดจากยาที่มีเป้าหมายต่อโปรตีนแบคทีเรียที่จำเพาะ ด้วยเหตุที่ยาจำเพาะเกินไป การกลายพันธุ์ใด ๆ ในโปรตีนเหล่านี้จะขัดขวางหรือลบล้างฤทธิ์ทำลายของยา ส่งผลให้เกิดการดื้อยาปฏิชีวนะ ไม่เพียงแบคทีเรียสามารถเปลี่ยนแปลงเอนไซม์อันเป็นเป้าหมายของยาปฏิชีวนะเท่านั้น แต่แบคทีเรียยังใช้เอนไซม์ดัดแปลงยาปฏิชีวนะจนทำให้หมดฤทธิ์ไปเองได้ด้วย ตัวอย่างจุลชีพก่อโรคที่เปลี่ยนแปลงเป้าหมาย เช่น Staphylococcus aureus, Enterococcus ที่ดื้อแวนโคมัยซิน และ Streptococcus ที่ดื้อมาโครไลด์ และตัวอย่างจุลชีพที่ดัดแปลงยาปฏิชีวนะ เช่น Pseudomonas aeruginosa และ Acinetobacter baumannii ที่ดื้ออะมิโนไกลโคไซด์",tha,tha,"[78336.0, 21369.0, 5814.0, 3570.0, 40545.0, 44268.0, 88536.0, 14994.0, 16065.0, 60537.0, 2499.0, 2652.0, 866133.0, 128979.0, 81906.0]"
ผลที่ตามมาของกฏทรงพลังงานนี้ก็คือเครื่องยนต์ที่เคลื่อนไหวได้โดยไม่มีวันหยุดประเภทที่หนึ่งไม่มีจริง หรือพูดอีกอย่างคือ ไม่มีระบบที่ปราศจากการจ่ายพลังงานจากภายนอกจะสามารถส่งออกพลังงานที่ไม่มีขีดจำกัดออกมาในสิ่งแวดล้อมได้,tha,tha,"[25850.0, 7950.0, 1000.0, 1150.0, 11100.0, 13150.0, 28300.0, 4700.0, 3350.0, 19600.0, 1850.0, 600.0, 369700.0, 40000.0, 29650.0]"
ด้วยประสบการณ์และบทเรียนที่ผ่านมาในอาชีพ ทำให้สินทวีชัยเป็นผู้รักษาประตูที่ดีที่สุดในประเทศไทยคนหนึ่งอย่างไม่ต้องสงสัย สินทวีชัยมีการตัดสินใจที่เด็ดขาดในสนาม ทำให้เขาสร้างประวัติศาสตร์ที่ดีให้กับฟุตบอลทีมชาติไทย,tha,tha,"[25137.0, 6468.0, 1568.0, 1029.0, 11417.0, 10976.0, 26166.0, 4067.0, 3626.0, 19600.0, 1421.0, 588.0, 404005.0, 36848.0, 27195.0]"
ในปี พ.ศ. 2558 ช่องวัน และ บริษัท เดอะวัน เอ็นเตอร์ไพรส์ จำกัด ได้จัดกิจกรรม สงครามนางงาม เดอะแคสติ้งโปรเจ็กท์ เพื่อค้นหาหญิงสาวทั้งสาวแท้ และสาวเทียมที่เข้ารอบ 50 คน มาประชันบทบาทแบบโจทย์ต่อโจทย์ โดยมีกรรมการหลักคือ เมทินี กิ่งโพยม อรนภา กฤษฎี ปฏิภาณ ปฐวีกานต์ และนิพนธ์ ผิวเณร และมี อริศรา วงษ์ชาลี เป็นครูฝึกสอนการแสดงและกรรมการร่วม โดยเริ่มรอบคัดเลือกที่ศูนย์การค้าเซ็นทรัลพลาซา และเซ็นทรัลเฟสติวัล ใน 5 จังหวัดตั้งแต่เดือนกันยายน-ตุลาคม และออกอากาศรอบคัดเลือก 50 คนสุดท้ายทุกวันเสาร์ เวลา 20.30 - 22.00 น. ตั้งแต่วันเสาร์ที่ 21 พฤศจิกายน พ.ศ. 2558 ถึง วันเสาร์ที่ 6 กุมภาพันธ์ พ.ศ. 2559,tha,tha,"[90240.0, 26928.0, 5040.0, 7152.0, 60432.0, 51216.0, 106848.0, 9600.0, 31440.0, 75216.0, 5952.0, 4080.0, 1141296.0, 165984.0, 61632.0]"
ภายหลังการประกวด เกิดความวุ่นวายขึ้น เนื่องจากมีผู้สร้างภาพยนตร์ที่ไม่พอใจผลการประกวด และกล่าวหาว่านายสงบ สวนศิริ รับเงินค่าจ้างเพื่อบิดเบือนให้ ภาพยนตร์เรื่องหนึ่งได้รับรางวัล ทำให้นายสงบ ประกาศจะไม่เข้าร่วมจัดงานนี้ในครั้งต่อไป,tha,tha,"[26038.0, 6392.0, 893.0, 1034.0, 13066.0, 11656.0, 27824.0, 2397.0, 3854.0, 19317.0, 940.0, 329.0, 431131.0, 39809.0, 30503.0]"
แกรี่ กู้ดริดจ์ (อังกฤษ: Gary Goodridge) เจ้าของฉายา บิ๊กแดดดี้ เกิดวันที่ 17 มกราคม ค.ศ. 1966 เป็นอดีตนักมวยคิกบ็ิอกซิ่งรุ่นซูเปอร์เฮฟวี่เวท กับนักสู้ป้องกันตัวแบบผสมรุ่นเฮฟวี่เวท เกิดที่ประเทศตรินิแดดและโตเบโก แต่ทำการแข่งขันและอาศัยอยู่ที่เมืองแบร์รี่ รัฐออนแทรีโอ ประเทศแคนาดา นอกจากนี้เขายังเป็นหนึ่งในนักกีฬางัดข้อระดับอาชีพในอันดับต้นๆของโลกด้วยเช่นกัน,tha,tha,"[51888.0, 16514.0, 4922.0, 3680.0, 31740.0, 30912.0, 59708.0, 8142.0, 15962.0, 41630.0, 3588.0, 1564.0, 578910.0, 86618.0, 41584.0]"
ลักษณะของจริตนิยมขึ้นอยู่กับแต่ละบุคคลซึ่งมีอิทธิพลจากหรือมีปฏิกิริยาต่อความกลมกลืนทางอุดมคติที่เกี่ยวข้องกับงานของเลโอนาร์โด ดา วินชี ราฟาเอล และงานสมัยแรก ๆ ของมีเกลันเจโล จริตนิยมเป็นทั้งศิลปะทางความคิดและความสร้างสรรค์แทนที่จะเป็นธรรมชาติ คำว่าจริตนิยมใช้สำหรับจิตรกรกอธิคสมัยหลังที่ทำงานทางตอนเหนือของยุโรปตั้งแต่ปี ค.ศ. 1500 ถึงปี ค.ศ. 1530 โดยเฉพาะในบริเวณอันทเวิรพในประเทศเบลเยียมปัจจุบัน และงานวรรณกรรมสมัยคริสต์ศตวรรษที่ 17 โดยเฉพาะโคลงกลอน,tha,tha,"[58815.0, 20655.0, 4140.0, 2880.0, 32895.0, 40320.0, 70560.0, 10890.0, 16245.0, 45405.0, 4185.0, 1620.0, 621135.0, 95040.0, 66060.0]"
แยกรัชดา-ตลาดพลู ได้เพิ่มความจุของช่องจราจรสำหรับรถรอเลี้ยวขวาจากถนนรัชดาภิเษกเข้าสู่ถนนราชพฤกษ์มุ่งหน้าแยกตากสิน (ทางเข้าสถานีราชพฤกษ์) ซึ่งเป็นช่องทางร่วมกับรถทั่วไป,tha,tha,"[23496.0, 6952.0, 616.0, 1672.0, 14432.0, 15092.0, 26444.0, 3212.0, 6292.0, 18040.0, 1496.0, 660.0, 322476.0, 39380.0, 16500.0]"
โครงสร้างของนิยายแนวบ้านผีสิง เป็นได้ตั้งแต่ปราสาทผีสิงเก่า ๆ ไปจนถึงบ้านนอกเมืองแบบชาวไร่ โดยบ้านเก่า ๆ มักจะใช้ในการแต่งเป็นบ้านผีสิง ส่วนบ้านผีสิงในฉบับอเมริกันที่ใช้บ้านในสไตล์วิกตอเรียน (โดยเฉพาะอย่างยิ่ง แบบเซคันด์เอมไพร์) มีที่มาจากเหตุการณ์วิกฤตการณ์ ค.ศ. 1893,tha,tha,"[30401.0, 8514.0, 2064.0, 1419.0, 14835.0, 16684.0, 35819.0, 4257.0, 6536.0, 25585.0, 1290.0, 860.0, 445738.0, 51428.0, 32293.0]"
เรื่องของชมพูทวีป เหตุที่เรียกชื่อดังนี้ เพราะทวีปนี้มีไม้หว้าเป็นพญาไม้ประจำทวีป (ต้นชมพู แปลว่าต้นหว้า) ไม้หว้าต้นนี้อยู่ในป่าหิมพานต์ ลำต้นวัดโดยรอบ 15 โยชน์ จากโคนถึงยอดสูงสุด 100 โยชน์ จากโคนถึงค่าคบสูง 50 โยชน์ ที่ค่าคบมีกิ่งทอดออกไปในทิศทั้ง 4 แต่ละกิ่งยาว 50 โยชน์ วัดจากโคนต้นไปทางทิศไหนก็จะสูงเท่ากับความยาวในแต่ละทิศ คือ 100 โยชน์ ใต้กิ่งหว้าทั้ง 4 นั้น เป็นแม่น้ำใหญ่ไหลผ่านไปในทิศทั้งหลาย ผลหว้ามีกลิ่นหอม รสหวานปานน้ำผึ้ง หมู่นกทั้งหลายชวนกันมากินผลหว้าสุกนั้น บางทีผลสุกก็หล่นลงตามฝั่งแม่น้ำ แล้วงอกออกเป็นเนื้อทอง และถูกน้ำพัดออกไปจมลงในมหาสมุทร เรียกทองนั้นว่า ทองชมพูนุท เพราะอาศัยเกิดมาจาก ชมพูนที,tha,tha,"[72954.0, 20034.0, 3066.0, 4158.0, 46452.0, 51072.0, 88326.0, 10584.0, 14994.0, 63042.0, 2898.0, 1176.0, 1119048.0, 122052.0, 70938.0]"
ตั้งแต่ปี 1609 ชาวดัทต์ก็ได้ทำการค้าในฮิระโดะ พวกเขาได้รับอนุญาตให้ทำการค้าขายอย่างอิสระ อย่างเต็มที่ ร้านค้าในฮิระโดะกินพื้นที่ไปอย่างกว้างใหญ่ไพศาล จนเมื่อปี 1637 และ 1639 ก็ได้มีการสร้างคลังสินค้าหินขึ้นมาในร้านค้านี้อีก และการที่พวกเขาใช้หินในการก่อสร้างคลังสินค้านี้ ถูกก็นำมาใช้เป็นข้ออ้างในการทำลายสิ่งก่อสร้างในฮิระโดะและย้ายร้านค้าไปยังเมืองนะงะซะกิ,tha,tha,"[40795.0, 11890.0, 2706.0, 1722.0, 26035.0, 18819.0, 47273.0, 8897.0, 7749.0, 31939.0, 2132.0, 943.0, 546858.0, 67404.0, 46084.0]"
ขณะเดียวกันนั้น ชาวญี่ปุ่นกำลังแผ่อิทธิพลมายังประเทศจีนโดยผ่านการค้าขาย คิตาโน่ (เคนยา ซาวาดะ) เป็นหัวหน้า หลี่มันโฮ ซึ่งเป็นหัวหน้าสมาคมการค้าของชาวจีนไม่เห็นด้วยกับพวกญี่ปุ่น ขณะที่ เทียนซือ ที่ได้รับเลื่อนตำแหน่งเป็นรองหัวหน้ากลับเห็นด้วย ต่อมาในงานแต่งงานของเทียนซือกับเหม่ยเว้ย คิตาโน่ส่งของขวัญมาให้แก่เทียนซือ ซึ่งเป็นปริศนา ในคืนนั้นเอง หลี่มันโฮ ถูกฆ่าตาย ยิปมันสงสัยว่าเป็นฝีมือของเทียนซือ แต่ยิปมันกลับถูกใส่ความว่าเป็นฆาตกร ซวงหวินชิง (หวงอี้) หญิงคนรักของยิปมัน ซึ่งเป็นบุตรสาวของรองนายกเทศมนตรี (หลินเซี๊ยะ) ได้ช่วยยิปมันเอาไว้,tha,tha,"[54520.0, 18040.0, 3040.0, 3520.0, 32880.0, 34160.0, 65760.0, 8640.0, 12360.0, 45680.0, 3720.0, 1320.0, 723280.0, 89520.0, 64200.0]"
อุทยานแห่งชาติหมู่เกาะสุรินทร์นับว่ามีธรรมชาติที่สมบูรณ์ทั้งบนบกและในทะเล มีทั้งป่าดิบชื้น ป่าชายหาด ป่าชายเลนมาประจบกับแนวปะการัง แนวปะการังมีความสมบูรณ์ เหมาะสำหรับชมปะการังน้ำตื้น โดยกองหินริเชลิว เหมาะสำหรับดำน้ำลึก เป็นแหล่งสมบูรณ์ด้วยธรรมชาติใต้ทะเล มีปลาหลายชนิด มีโอกาสพบฉลามวาฬ ช่วงเวลาที่เหมาะกับการท่องเที่ยว คือ เดือนพฤศจิกายนถึงเดือนเมษายน และหอยมือเสือ ปูเสฉวน นกกระแตผีชายหาด นกชาปีไหน รวมทั้งสัตว์เลี้ยงลูกด้วยนม เช่น บ่าง,tha,tha,"[49920.0, 11622.0, 2106.0, 4095.0, 26481.0, 31434.0, 57720.0, 8736.0, 15522.0, 40638.0, 3315.0, 1989.0, 711984.0, 85566.0, 41457.0]"
ในปี พ.ศ. 2551 เป็นปีที่ยุ่งสำหรับสินทวีชัยในอาชีพนักฟุตบอล เพราะเขาต้องช่วยทีมสู้ศึกเอเอฟซี แชมเปียนลีก จังหวัดชลบุรี โดยเขาทำงานหนักเพื่อต่อสู้กับทีมชั้นนำจากออสเตรเลีย และ ญี่ปุ่น,tha,tha,"[19836.0, 5548.0, 1140.0, 1368.0, 11096.0, 12046.0, 22192.0, 3002.0, 4826.0, 15884.0, 1254.0, 608.0, 256804.0, 30286.0, 20026.0]"
อยากบอกรัก เป็นเพลงซิงเกิลของ เบิร์ด ธงไชย แมคอินไตย์ ในปี พ.ศ. 2554 จากอัลบั้ม อาสาสนุก ผลิตออกจำหน่ายเมื่อปี พ.ศ. 2553 ประพันธ์คำร้องโดย กสิ นิพัฒน์ศิริผล แต่งทำนองและเรียบเรียงโดย จักรกฤษณ์ มัชนาโส,tha,tha,"[26862.0, 6808.0, 1628.0, 1850.0, 15207.0, 19943.0, 29230.0, 3404.0, 8695.0, 21127.0, 1924.0, 1258.0, 314796.0, 43068.0, 15799.0]"
ก่อตั้งในวันที่ 10 เมษายน พ.ศ. 2506 โดยมีภราดาพิเอเลต์ ไมเคิล ดำรงตำแหน่ง​ผู้รับใบอนุญาตคนแรก เปิดทำการเรียนการสอนวันแรก ในวันที่ 17 พฤษภาคม พ.ศ. 2506 เป็นโรงเรียนชายล้วน แรกเริ่มมีนักเรียนทั้งหมด 342 คน ครู 11 คน คณะภราดา 4 ท่าน เปิดสอนในระดับประถมศึกษาปีที่ 1 ถึงมัธยมศึกษาปีที่ 3 และได้รับอนุญาตให้ใช้อักษรย่อ ล.ซ. เมื่อ 2 พฤษภาคม พ.ศ. 2506,tha,tha,"[39672.0, 9216.0, 2340.0, 2232.0, 20376.0, 23760.0, 43704.0, 3744.0, 7956.0, 30996.0, 2052.0, 1188.0, 490356.0, 61020.0, 30600.0]"
"เหลียง เสี่ยวหลง (อักษรจีน: 梁小龍; อังกฤษ: Leung Siu-lung) เกิดวันที่ 28 เมษายน ค.ศ. 1948 ในฮ่องกง เป็นนักแสดงที่ปรากฏตัวอยู่ในภาพยนตร์ศิลปะการต่อสู้ของฮ่องกงเป็นจำนวนมาก เขามักปรากฏตัวในฐานะ """"บรูซ เหลียง"""", """"บรูซ หลง"""" รวมถึง """"บรูซ เหลียง เสี่ยวหลง"""" และได้รับการจัดกลุ่มโดยทั่วไปให้อยู่ในฐานะเสมือนร่างโคลนของ บรูซ ลี ที่ได้ผุดขึ้นมาภายหลังจากการเสียชีวิตของบรูซ ลี ในประเภทย่อยที่รู้จักกันในชื่อบรูซโพลอิเทชัน เหลียงได้เรียนรู้ศิลปะการต่อสู้มาจากพ่อของเขาที่โรงงิ้วกวางตุ้ง โดยรูปแบบหลักของเขาคือคาราเต้สายโกจูริว และเขายังเป็นผู้ฝึกวชาเพลงหมัดหวิงชุนอีกด้วย",tha,tha,"[55755.0, 19915.0, 3255.0, 3535.0, 35035.0, 30310.0, 64225.0, 8225.0, 12495.0, 43715.0, 3290.0, 1400.0, 634795.0, 93940.0, 60410.0]"
"ในปีพ.ศ. 2550 รัฐบาลพม่าได้ลงนามในข้อตกลงกับบริษัทสัญชาติจีนในการก่อสร้างเขื่อนไฟฟ้าพลังน้ำจำนวนเจ็ดเขื่อน ซึ่งมีกำลังผลิตรวม 13,360 เมกะวัตต์ในแม่น้ำมะลิขา และ แม่น้ำเมขา รวมถึงเขื่อน มยิตโซน เขื่อนใหญ่ขนาด 6,000 เมกะวัตต์ บริเวณที่บรรจบกันของแม่น้ำทั้งสองแห่ง กำลังไฟฟ้าที่เกิดจากเขื่อนจะถูกส่งไปยังประเทศอื่น ๆ ในภูมิภาคเอเชียตะวันออกเฉียงใต้ แต่โดยส่วนใหญ่จะถูกส่งไปยังประเทศจีน และมีเป้าหมายการส่งออกพลังงานไปยัง ประเทศไทย, อินเดีย และ บังคลาเทศ องค์กรด้านสิ่งแวดล้อมได้ยกความกังวลเกี่ยวกับผลกระทบต่อระบบนิเวศบนความหลากหลายทางชีวภาพของแม่น้ำ สัตว์ที่อาจได้รับผลกระทบได้แก่ โลมาอิรวดี และปลาฉลามในแม่น้ำอิรวดี ซึ่งเป็นสัตว์ใกล้สูญพันธุ์ ปัจจุบันโครงการเขื่อนใหญ่ มยิตโซน ถูกระงับไว้เนื่องจากมีการประท้วงและผู้ไม่เห็นด้วยจำนวนมาก",tha,tha,"[66164.0, 18428.0, 3706.0, 3978.0, 40222.0, 38114.0, 75786.0, 13226.0, 22032.0, 55488.0, 3026.0, 1972.0, 827458.0, 114274.0, 75922.0]"
สหพันธ์สาธารณรัฐไนจีเรีย เข้าร่วมแข่งขันกีฬาโอลิมปิกฤดูร้อนครั้งที่ 28 ค.ศ. 2004 (พ.ศ. 2547) ณ กรุงเอเธนส์ ประเทศกรีซระหว่างวันที่ 13 – 29 สิงหาคม พ.ศ. 2547,tha,tha,"[21846.0, 6369.0, 2178.0, 1980.0, 11715.0, 12639.0, 24189.0, 2805.0, 6138.0, 15741.0, 1320.0, 462.0, 184536.0, 33561.0, 15180.0]"
ความถี่ในการเดินรถ ชั่วโมงเร่งด่วน 5 นาทีต่อคัน (06.30-09.30 น. และ 16.00-20.00 น.) นอกชั่วโมงเร่งด่วน 10 นาทีต่อคัน (รวมวันเสาร์-อาทิตย์ และวันหยุดนักขัตฤกษ์) ความเร็วเฉลี่ย 30 กิโลเมตรต่อชั่วโมง เดินรถคันละ 6 เที่ยวหรือ 200 กิโลเมตรต่อวัน,tha,tha,"[27456.0, 7168.0, 2272.0, 1472.0, 13344.0, 12384.0, 31808.0, 2752.0, 7968.0, 21504.0, 864.0, 416.0, 312480.0, 45056.0, 16192.0]"
"สมัยการโยกย้ายถิ่นฐานในยุโรป หรือ สมัยการรุกรานของบาร์บาเรียน (อังกฤษ: Migration Period หรือ Barbarian Invasions, เยอรมัน: Völkerwanderung) เป็นสมัยของการอพยพของมนุษย์ (human migration) ที่เกิดขึ้นประมาณระหว่างปี ค.ศ. 300 ถึงปี ค.ศ. 700 ในทวีปยุโรป, ที่เป็นช่วงที่คาบระหว่างยุคโบราณตอนปลายไปจนถึงยุคกลางตอนต้น การโยกย้ายครั้งนี้มีสาเหตุมาจากทั้งการเปลี่ยนแปลงทางสถานะภาพของจักรวรรดิโรมันและที่เรียกว่า “พรมแดนบาร์บาเรียน” ชนกลุ่มที่อพยพโยกย้ายในยุคนี้ก็ได้แก่ชนกอธ, แวนดัล, บัลการ์, อาลัน, ซูบิ, ฟรีเซียน และ แฟรงค์ และชนเจอร์มานิค และ ชนสลาฟบางกลุ่ม",tha,tha,"[48515.0, 16151.0, 3596.0, 2604.0, 36704.0, 29977.0, 54405.0, 7967.0, 14942.0, 36952.0, 2480.0, 1457.0, 496341.0, 78027.0, 48050.0]"
"หมู่เกาะสุรินทร์เป็นเกาะที่วางตัวอยู่ในกลุ่มอ่าวขนาดใหญ่ ดังนั้นจึงสามารถกำบังคลื่นลมได้ดีทั้งสองฤดู คือ ฤดูร้อน และฤดูฝน จึงเป็นแหล่งกำเนิดแนวปะการังน้ำตื้นที่มีความอุดมสมบูรณ์และมีขนาดใหญ่ที่สุดของประเทศไทย นอกจากนี้ยังมีหมู่บ้านของชาวเลเลกลุ่มสุดท้ายที่ยังดำรงวัฒนธรรมดั้งเดิมมากที่สุด คือ """"มอแกน"""" หรือ """"ยิบซีแห่งท้องทะเล"""" ประมาณ 200 คนปัจจุบันได้ตั้งหมู่บ้านอยู่ที่เกาะสุรินทร์ใต้ ขายของที่ระลึกให้นักท่องเที่ยว และบางส่วนทำงานเป็นลูกจ้างของอุทยานฯ",tha,tha,"[34530.0, 9360.0, 1620.0, 1740.0, 20550.0, 19200.0, 40020.0, 5700.0, 9750.0, 27990.0, 1920.0, 960.0, 538830.0, 56340.0, 32970.0]"
เหลียงได้เกษียณตนเองจากการแสดงในภาพยนตร์ชุด โกสท์ฮอสพิทอล ในค.ศ. 1988 อย่างไรก็ตาม ใน ค.ศ. 2004 เขาก็ได้หวนกลับคืนสู่หน้าจอในบทของยอดนักฆ่านามว่า เทพเมฆาอัคคี ในภาพยนตร์ชุด คนเล็กหมัดเทวดา ของโจว ซิงฉือ (ซึ่งเป็นบทดาวร้ายครั้งแรกของเขาโดยบังเอิญ),tha,tha,"[22185.0, 8033.0, 1624.0, 1015.0, 10759.0, 11658.0, 24418.0, 3103.0, 4727.0, 14703.0, 1218.0, 667.0, 291073.0, 33205.0, 24389.0]"
หลังจากเอเชียนคัพ 2007 สินทวีชัยมีส่วนช่วยชลบุรีให้เป็นทีมจังหวัดทีมแรกที่ชนะเลิศลีกฟุตบอลอาชีพสูงสุดของประเทศ คือ ไทยแลนด์พรีเมียร์ลีก ในปีนั้นชลบุรีเริ่มต้นด้วยการเป็นผู้นำ มีผู้เล่นเยาวชนที่ดีที่สุดในประเทศมากมาย ชลบุรีมีความมั่นใจที่มีปราการณ์ด่านสุดท้ายเป็นผู้รักษาประตูระดับทีมชาติที่จะดูแลรักษาประตูตลอดการแข่งขัน,tha,tha,"[23016.0, 6216.0, 1092.0, 952.0, 12880.0, 10696.0, 25620.0, 2520.0, 4564.0, 18732.0, 1316.0, 896.0, 342916.0, 39200.0, 23296.0]"
"โอม ศานติ โอม (ฮินดี: ओम शान्ति ओम) เป็นภาพยนตร์อินเดียที่จัดฉายในประเทศอินเดียครั้งแรกใน ค.ศ. 2007 และจัดฉายในประเทศไทยครั้งแรก ใน ค.ศ. 2009 นำแสดงโดย ศาห์รุข ข่าน, ทีปิกา ปาทุโกณ, อรชุน รามปาล และ เศรยัส ตัฬปเด",tha,tha,"[19062.0, 4887.0, 1836.0, 1404.0, 9828.0, 37962.0, 22410.0, 2349.0, 5130.0, 15471.0, 1863.0, 486.0, 161865.0, 30429.0, 12285.0]"
"องค์ชายอิมแฮ (เกาหลี: 임해군,1574-1609) เป็นพระราชโอรสใน พระเจ้าซอนโจ ที่ประสูติแต่ พระสนมกงบิน และเป็นพระเชษฐาร่วมอุทรกับ องค์ชายควางแฮ พระราชาองค์ต่อมา",tha,tha,"[13676.0, 4758.0, 624.0, 1014.0, 7852.0, 9698.0, 15106.0, 2626.0, 21164.0, 10348.0, 624.0, 520.0, 107718.0, 22334.0, 10894.0]"
ท่าอากาศยานนานาชาติเลียนเคือง (เวียดนาม: Cảng hàng không Liên Khương) เป็นท่าอากาศยานที่ใหญ่ที่สุดในบรรดาท่าอากาศยานทั้งหมดสี่แห่งของจังหวัดเลิมด่ง ทางตอนใต้ของประเทศเวียดนาม ตั้งอยู่ในเขตอำเภอดึ๊กจ่ง ห่างจากเมืองด่าหลัตไปทางทิศใต้ประมาณ 30 กิโลเมตร การปรับปรุงท่าอากาศยานเพื่อให้สามารถรองรับอากาศยานที่ใหญ่ขึ้นแล้วเสร็จเมื่อเดือนธันวาคม พ.ศ. 2552 มีเส้นทางบินภายในประเทศไปยังฮานอยและนครโฮจิมินห์ และจะมีเส้นทางไปยังเมืองดานัง กัมพูชา ลาว สิงคโปร์ และเกาหลีใต้ในอนาคตอันใกล้,tha,tha,"[32175.0, 9175.0, 1750.0, 2075.0, 15300.0, 19025.0, 36450.0, 4850.0, 8675.0, 25400.0, 1875.0, 925.0, 328600.0, 52700.0, 79275.0]"
"Morales, F. J., & Arribas-Lorenzo, G. (2008). The formation of potentially harmful compounds in< i> churros, a Spanish fried-dough pastry, as influenced by deep frying conditions. Food chemistry, 109(2), 421-425.",tur,tha,"[9624.0, 1728.0, 3528.0, 696.0, 6600.0, 264.0, 12288.0, 240.0, 336.0, 8976.0, 72.0, 6072.0, 4176.0, 15360.0, 336.0]"
ประเทศเบลเยียม เข้าร่วมแข่งขันกีฬาโอลิมปิกฤดูร้อนครั้งที่ 27 ค.ศ. 2000 (พ.ศ. 2543) ณ เมืองซิดนีย์ ประเทศออสเตรเลียระหว่างวันที่ 15 กันยายน – 1 ตุลาคม พ.ศ. 2543,tha,tha,"[14398.0, 4692.0, 1495.0, 1012.0, 7636.0, 7705.0, 15893.0, 1541.0, 3726.0, 10718.0, 1035.0, 299.0, 126822.0, 21781.0, 9844.0]"
เรื่องราวของ ทองคำ อาร์ตี้ ธนฉัตร ตุลยฉัตร หนุ่มอีสานบ้านนอกที่ฝันอยากเป็นผู้กำกับหนังอันโด่งดัง ท่ามกลางความฝันลมๆ แล้งๆ ทองคำ เฝ้ารอ ปราณี (ณภัสนันท์ (ชูติมา) วันดึก) สาวคนรักที่ไปทำงานเมืองนอกหวังกลับมาแต่งงานกัน ทองคำมีเพียงไก่ชนตัวหนึ่งที่ปราณีให้ไว้ก่อนไปเมืองนอกและกลุ่มผู้บ่าวไทบ้านเป็นเพื่อน ความซวยของทองคำเกิดขึ้นเมื่อไก่ตัวรักถูกเพื่อนขโมยไปต้ม ทองคำเสียใจมากที่สุด และต้องเสียใจอีกครั้ง ในวันที่ปราณีกลับมาจากเมืองนอกพร้อมแฟนฝรั่งชาวอังกฤษเพื่อจะมาไถนาให้แม่ยายในช่วงฤดูทำข้าว(เดือนมิถุนายน) ทำให้ทองคำอกหักทันที มีเพียงเพื่อนผู้บ่าวไทบ้านคอยปลอบใจ และทองคำจะทำยังไงกับความเป็นไทบ้านลูกอีสานเพื่อดึงใจแฟนสาวไม่ให้กลับเมืองนอกกับแฟนฝรั่งหลังฤดูทำนาเสร็จ,tha,tha,"[36146.0, 9812.0, 1628.0, 2112.0, 23606.0, 18854.0, 42636.0, 3982.0, 12430.0, 31174.0, 1936.0, 704.0, 589446.0, 64020.0, 33990.0]"
พระนมปริก (พ.ศ. 2373 - 30 ตุลาคม พ.ศ. 2454) เป็นพระนมเอก ผู้ถวายพระนมและการอภิบาลพระบาทสมเด็จพระจุลจอมเกล้าเจ้าอยู่หัว รวมทั้งพระขนิษฐาและพระอนุชาร่วมพระราชชนนีทุกพระองค์,tha,tha,"[12684.0, 2919.0, 777.0, 861.0, 5964.0, 10059.0, 13860.0, 1722.0, 2793.0, 9723.0, 714.0, 483.0, 128478.0, 19866.0, 8547.0]"
เมื่อถึงวันที่ 22 พฤษภาคม เถ้าภูเขาไฟเริ่มแพร่กระจายไปถึงสกอตแลนด์และทางเหนือของแคว้นอังกฤษ ซึ่งส่งผลทำให้ต้องปิดน่านฟ้า และเกิดความขัดข้องในการเดินทางทางอากาศครั้งเลวร้ายที่สุดนับตั้งแต่การปะทุของเอยาฟยาตลาเยอคุตล์เมื่อปีที่แล้ว ไอซ์แลนด์ยังได้ปิดท่าอากาศยานนานาชาติเคฟลาวิก ซึ่งเป็นท่าอากาศยานหลักของไอซ์แลนด์ โดยเที่ยวบินโดยสารภายในประเทศถูกยกเลิกเช่นเดียวกัน เที่ยวบินโดยสารข้ามมหาสมุทรแอตแลนติกยังได้ประสบกับความล่าช้า และยังมีความเป็นไปได้ว่าการขัดข้องในการเดินทางทางอากาศอาจทำให้การเดินทางเยือนไอร์แลนด์ของประธานาธิบดีสหรัฐ บารัก โอบามา ต้องถูกยกเลิกไป,tha,tha,"[28860.0, 8720.0, 1160.0, 1900.0, 16620.0, 17200.0, 33400.0, 4020.0, 5460.0, 24060.0, 1800.0, 820.0, 350440.0, 48100.0, 34280.0]"
ต่อมาเพื่อนร่วมรุ่นมาชวนปูตินไปทำงานในทำเนียบประธานาธิบดีเยลซินในกรุงมอสโก จึงได้รับแต่งตั้งเป็นนายกรัฐมนตรีสมัยบอริส เยลต์ซิน เป็นประธานาธิบดี ต่อมาเยลต์ซินได้ลาออกแล้วให้ปูตินมารักษาการณ์แทน แล้วปูตินก็ได้สมัครรับเลือกตั้งประธานาธิบดี และได้รับเลือกตั้งเป็นประธานาธิบดีคนที่ 2 ของรัสเซีย เพราะบอริส เยลต์ซินเป็นคนแนะนำ ดำรงตำแหน่งตั้งแต่ในวันที่ 14 มีนาคม 2004,tha,tha,"[19171.0, 6612.0, 1102.0, 950.0, 9823.0, 13927.0, 22458.0, 2166.0, 3648.0, 15504.0, 3401.0, 361.0, 242706.0, 32015.0, 17252.0]"
สิบหลังจาก ยาฮู! ซื้อกิจการจีโอซิตีส์ ยาฮูได้ประกาศว่าจะปิดให้บริการ GeoCities ในวันที่ 26 ตุลาคม 2009 และเว็บไซต์ต่าง ๆ จะใช้ไม่ได้ในวันที่ 27 ตุลาคม 2009 มีหน้าเว็บที่ผู้ใช้สร้างอย่างน้อย 38 ล้านหน้า ก่อนที่จีโอซิตีส์ จะปิดตัวลง สำหรับบริการ GeoCities Japan ในญี่ปุ่นยังคงให้บริการอยู่,tha,tha,"[13986.0, 4068.0, 1800.0, 576.0, 8172.0, 6624.0, 15318.0, 2484.0, 2952.0, 10710.0, 522.0, 288.0, 156132.0, 21168.0, 13752.0]"
สถานีรถไฟชินโยะโกะฮะมะ (ญี่ปุ่น: 新横浜駅 ชิน-โยะโกะฮะมะ-เอะกิ ?) เป็นสถานีรถไฟในนครโยะโกะฮะมะ จังหวัดคะนะงะวะ ประเทศญี่ปุ่น สถานีแบ่งออกเป็นสองส่วน คือ ส่วนบนดินมีอยู่ 6 ชานชาลา ให้บริการรถไฟระหว่างเมือง และรถไฟความเร็วสูงชิงกันเซ็ง และส่วนใต้ดินให้บริการรถไฟใต้ดินเพื่อการเดินทางภายในตัวเมืองโยะโกะฮะมะ,tha,tha,"[13362.0, 5525.0, 663.0, 816.0, 7633.0, 6902.0, 16541.0, 6137.0, 4097.0, 11441.0, 714.0, 510.0, 137190.0, 22423.0, 11135.0]"
"วันที่ 12 ธันวาคม พ.ศ. 2552 หลังจาก กทม. มีความชัดเจนว่าจะใช้วิธีเช่ารถเพื่อดำเนินโครงการ จึงได้ว่าจ้างให้บริษัท กรุงเทพธนาคม จำกัด บริหารโครงการทั้งหมด วงเงิน 1,996 ล้านบาท ระยะเวลา 7 ปี มีเงื่อนไขต้องจัดหาผู้เดินรถและอุปกรณ์ต่าง ๆ ให้ทันเปิดให้บริการในวันที่ 15 พฤษภาคม พ.ศ. 2553",tha,tha,"[12768.0, 2976.0, 864.0, 640.0, 6576.0, 6320.0, 14368.0, 1600.0, 2384.0, 10112.0, 640.0, 336.0, 183088.0, 20176.0, 10400.0]"
"นักอนาธิปไตยได้สนับสนุนรูปแบบต่าง ๆ ของประชาธิปไตยโดยตรงแทนระบอบการปกครองแบบรวมศูนย์และทุนนิยม แต่ว่า ก็มีพวกอื่น ๆ (เช่น นักอนาธิปไตยปัจเจกนิยม) ที่คัดค้านประชาธิปไตยโดยตรงและประชาธิปไตยโดยทั่วไปเพราะไม่สนใจสิทธิของชนกลุ่มน้อย และเสนอรูปแบบการปกครองที่ตัดสินใจตามฉันทามติ ส่วนลัทธิมากซ์แบบอิสรเสรีนิยมสนับสนุนประชาธิปไตยอย่างเต็มที่ในรูปแบบสาธารณรัฐชนกรรมาชีพ ที่มองการปกครองโดยคนส่วนมากและการมีส่วนร่วมของประชาชนว่าเป็นเรื่องดี สันนิบาตเยาวชนคอมมิวนิสต์สหรัฐโดยเฉพาะได้เรียกประชาธิปไตยแบบมีผู้แทนว่าเป็น """"ประชาธิปไตยกระฎุมพี"""" โดยแสดงนัยว่าพวกเขาเห็นประชาธิปไตยโดยตรงว่าเป็น """"ประชาธิปไตยที่แท้จริง",tha,tha,"[26820.0, 7935.0, 1050.0, 1485.0, 13305.0, 22905.0, 29100.0, 4845.0, 8055.0, 20940.0, 975.0, 615.0, 298275.0, 43425.0, 31140.0]"
สุลต่านมูฮัมหมัด ชาห์ (อังกฤษ: Muhammad Shah ) เป็นสุลต่านพระองค์แรก แห่งเนการาบรูไนดารุสซาลาม ไม่มีหลักฐานปีที่พระองค์พระราชสมภพ พระบิดา พระมารดา สันนิษฐานว่าพระองค์น่าประสูตินอกประเทศบรูไน ทรงขึ้นครองราชย์เป็นสุลต่านบรูไนพระองค์แรกของบรูไน เมื่อ พ.ศ. 1906 เสด็จสวรรคตเมื่อ พ.ศ. 1945,tha,tha,"[13132.0, 3542.0, 714.0, 630.0, 6384.0, 11340.0, 13986.0, 1834.0, 4256.0, 9688.0, 714.0, 378.0, 127302.0, 21938.0, 8988.0]"
ศาสตราจารย์พิเศษ ดร.กิตติพงษ์ กิตยารักษ์ (13 กันยายน พ.ศ. 2501-) ผู้อำนวยการสถาบันเพื่อการยุติธรรมแห่งประเทศไทย (องค์การมหาชน) อดีตที่ปรึกษานายกรัฐมนตรีฝ่ายข้าราชการประจำ (นักบริหารระดับสูง) สำนักเลขาธิการนายกรัฐมนตรี สำนักนายกรัฐมนตรี กรรมการผู้ทรงคุณวุฒิในคณะกรรมการพัฒนาการบริหารงานยุติธรรมแห่งชาติ กรรมการผู้ทรงคุณวุฒิในคณะกรรมการป้องกันและปราบปรามยาเสพติด (ป.ป.ส.)กรรมการสภามหาวิทยาลัยมหิดล อดีตที่ปรึกษานายกรัฐมนตรี ฝ่ายข้าราชการประจำ อดีตปลัดกระทรวงยุติธรรม อดีตกรรมการผู้ทรงคุณวุฒิในคณะกรรมการคดีพิเศษ กรมสอบสวนคดีพิเศษ อดีตอธิบดีกรมคุมประพฤติ กรรมการพัฒนาการบริหารงานยุติธรรมแห่งชาติ กรรมการอิสระตรวจสอบและค้นหาความจริงเพื่อการปรองดองแห่งชาติ ในปี พ.ศ. 2552 เขาเป็นผู้ปฏิบัติงานในกองอำนวยการแก้ไขสถานการณ์ฉุกเฉิน (กอฉ.)ตามคำสั่งสำนักนายกรัฐมนตรีที่ 98/2552 ในเหตุการณ์ ความไม่สงบทางการเมืองในประเทศไทย เมษายน พ.ศ. 2552 ในปี พ.ศ. 2553 เขาเป็นกรรมการศูนย์อำนวยการแก้ไขสถานการณ์ฉุกเฉิน ระหว่างวันที่ 21 มกราคม 2557 ถึง 18 มีนาคม 2557 เขาเป็นกรรมการในศูนย์รักษาความสงบแห่งชาติ ตามคำสั่งคำสั่งที่ พิเศษ 1/2557 เรื่องจัดตั้งศูนย์รักษาความสงบ โดย ยิ่งลักษณ์ ชินวัตร,tha,tha,"[44109.0, 9295.0, 2912.0, 3471.0, 27235.0, 29653.0, 50258.0, 5291.0, 13676.0, 35113.0, 1989.0, 1456.0, 513942.0, 77246.0, 33137.0]"
รัฐที่เข้าประเด็นอีกอย่างก็คือโรมโบราณ โดยเฉพาะของสาธารณรัฐโรมันเริ่มต้นที่ 509 ปีก่อนคริสต์ศักราช โรมได้มีลักษณะต่าง ๆ ของประชาธิปไตยทั้งโดยตรงและโดยอ้อม เริ่มตั้งแต่ราชอาณาจักรโรมันจนกระทั่งถึงจักรวรรดิโรมันล่ม จริง ๆ แล้ว วุฒิสภาโรมันได้ตั้งขึ้นตั้งแต่วันแรก ๆ ของการตั้งเมือง คงอยู่ตลอดยุคราชอาณาจักร สาธารณรัฐ และจักรวรรดิ และยังคงอยู่แม้หลังจากที่โรมตะวันตกเสื่อมลง โดยโครงสร้างและข้อบังคับของวุฒิสภาโรมันก็ยังทรงอิทธิพลในสภานิติบัญญัติปัจจุบันต่าง ๆ ทั่วโลก สำหรับกระบวนการประชาธิปไตยโดยตรง สาธารณรัฐโรมันโบราณมีระบบการออกกฎหมายโดยประชาชน ซึ่งรวมการร่างกฎหมาย การผ่านกฎหมาย และอำนาจการยับยั้งกฎหมายที่ฝ่ายนิติบัญญัติออก นักประวัติศาสตร์จำนวนหนึ่งกำหนดจุดจบของสาธารณรัฐด้วยการผ่านกฎหมายชื่อว่า Lex Titia ซึ่งล้างบทบัญญัติการควบคุมดูแลของประชาชนและวุฒิสภาโดยมาก,tha,tha,"[25848.0, 7884.0, 1212.0, 1728.0, 13776.0, 19368.0, 29232.0, 4428.0, 8772.0, 21096.0, 1056.0, 876.0, 309792.0, 44868.0, 33828.0]"
"บททดสอบแรกพระนวกะ เมื่อท่านได้ไปถึงวัดป่าบ้านตาดในวันแรก พระธรรมวิสุทธิมงคล (บัว ญาณสมฺปนฺโน) ได้กล่าวกับท่านว่า """" อยู่ไม่ได้นะ อยู่ได้ชั่วคราว กุฏิไม่ว่าง"""" เสร็จแล้วท่านก็ไม่พูดอะไร และพระอาจารย์สุชาติ อภิชาโต ได้บิณฑบาตรตามแบบฉบับของพระป่าเป็นครั้งแรกด้วย จนประมาณ 1 เดือนก่อนเข้าพรรษา หลวงตามหาบัว จึงอนุญาตให้ท่านอยู่ที่วัดป่าบ้านตาดได้ และตลอด 5 พรรษาแรก พระอาจารย์สุชาติ อภิชาโต ได้ศึกษาพระกรรมฐานที่วัดป่าบ้านตาดโดยไม่ได้ไปไหนเลย เนื่องจากเป็นกฏของวัดและตามหลักพระวินัยที่กำหนดไว้",tha,tha,"[13695.0, 3630.0, 704.0, 748.0, 8525.0, 9988.0, 16236.0, 2178.0, 2739.0, 11539.0, 506.0, 319.0, 196141.0, 23936.0, 12001.0]"
ระหว่างปี 1985 ถึง 1990 ปูตินได้เป็นเจ้าหน้าที่ KGB ที่ประจำการในเดรสเดิน เยอรมนีตะวันออก ในช่วงนั้น ปูตินได้ถูกมอบหมายให้สังกัดกรม S: หน่วยข่าวกรองและราชการลับสิ่งผิดกฎหมาย และเพื่อปกปิดตัวตนของเขา เบื้องบนจึงได้ระบุให้เขามีอาชีพเป็นล่าม หนึ่งในงานของปูตินคือการทำงานร่วมกับกระทรวงความมั่นคงแห่งรัฐของเยอรมนีตะวันออก ในการติดตามและสรรหาชาวต่างประเทศในเดรสเดินเพื่อรับเข้าเป็นบุคลากร คนที่เขาหาได้โดยส่วนมากเป็นคนที่เรียนอยู่ที่มหาวิทยาลัยเทคนิคแห่งเดรสเดิน จุดประสงค์การสรรหาคนก็เพื่อส่งคนเหล่านี้ไปเป็นสายลับในสหรัฐอเมริกา จากการที่เขาใช้ชีวิตอยู่ในเยอรมนีถึง 15 ปีนี้เองทำให้ปูตินสามารถพูดภาษาเยอรมันได้อย่างคล่องแคล่ว,tha,tha,"[15880.0, 5570.0, 850.0, 980.0, 9350.0, 8230.0, 18190.0, 2590.0, 4030.0, 12990.0, 1740.0, 320.0, 206570.0, 27630.0, 22840.0]"
พระนมปริกถึงแก่อนิจกรรมที่วังพระองค์เจ้าบุรฉัตรไชยากร เมื่อวันจันทร์ที่ 30 ตุลาคม พ.ศ. 2454 อายุ 84 ปี พระบาทสมเด็จพระมงกุฎเกล้าเจ้าอยู่หัวทรงพระกรุณาโปรดเกล้าฯ พระราชทานโกศราชินิกุล เสมอพระศพหม่อมเจ้า และพระราชทานน้ำหลวงอาบศพ พิธีพระราชทานเพลิงศพจัดที่วัดเทพศิรินทราวาส,tha,tha,"[8370.0, 2079.0, 360.0, 837.0, 3924.0, 6957.0, 9351.0, 846.0, 2304.0, 6876.0, 450.0, 315.0, 90432.0, 14220.0, 5445.0]"
วันที่ 28 เมษายน พ.ศ. 2553 ผู้บริหาร กทม. แถลงข่าวประชาสัมพันธ์โครงการที่[[ศาลาว่าการกรุงเทพมหานคร โดยนำรถบีอาร์ทีต้นแบบ 1 คันทดลองวิ่งให้สื่อมวลชนชม,tha,tha,"[4168.0, 848.0, 304.0, 416.0, 1936.0, 2688.0, 4496.0, 488.0, 776.0, 3000.0, 224.0, 136.0, 55592.0, 6184.0, 3072.0]"
ภายในรถ มีระบบข้อมูลผู้โดยสารซึ่งประกาศชื่อสถานีบนจอแสดงภาพแบบแอลอีดี (light destination indicator) โดยอัตโนมัติ และมีป้ายอิเล็กทรอนิกส์บอกจุดหมายปลายทางด้านหน้ารถ นอกจากนี้ยังมีระบบระบุพิกัดตำแหน่งตัวรถ และมีการส่งคลื่นวิทยุไปยังศูนย์ควบคุมที่เกี่ยวข้อง,tha,tha,"[4214.0, 1232.0, 238.0, 154.0, 2009.0, 2156.0, 4704.0, 637.0, 735.0, 3318.0, 210.0, 70.0, 60970.0, 6636.0, 4900.0]"
เจ้าจอมตั้งแต่ท่านที่ 37 คือ เจ้าจอมเขียน ถึงท่านที่ 92 คือเจ้าจอมอ่ำ เรียงลำดับโดยคาดคะเนจากระยะเวลาที่เข้ารับราชการฝ่ายในเป็นเจ้าจอม ส่วนเจ้าจอมตั้งแต่ท่านที่ 93 คือเจ้าจอมกิมเนียวเป็นต้นไป เรียงลำดับก่อนหลังตามอักษรตัวแรกของชื่อ,tha,tha,"[3396.0, 804.0, 186.0, 180.0, 1806.0, 1812.0, 3852.0, 372.0, 768.0, 2652.0, 72.0, 60.0, 52740.0, 5376.0, 3234.0]"
เนื่องจากมิดทาวน์ทาวเวอร์เป็นอาคารอเนกประสงค์ แต่ละชั้นจึงใช้ประโยชน์แตกต่างกัน ชั้น 4 ทั้งชั้นแบ่งเป็นห้องประชุมหลายห้อง ชั้น 5 เป็นที่ตั้งของ Tokyo Midtown Design Hub ซึ่งเป็นห้องแสดงผลงานและพื้นที่จัดนิทรรศการ ประชุมร่วมมือ และอภิปรายของนักออกแบบ ชั้น 6 เป็นที่ตั้งของศูนย์การแพทย์โตเกียวมิดทาวน์ ซึ่งเป็นสถานประกอบการแพทย์แห่งแรกในญี่ปุ่นที่ร่วมมือกับมหาวิทยาลัยจอนส์ฮอปกินส์ ชั้น 7-44 จัดไว้เป็นพื้นที่สำนักงานธุรกิจและเป็นที่ตั้งสำนักงานของบริษัทต่างๆ เช่น Yahoo! Japan และ Cisco Systems สิ่งที่แตกต่างจากอาคารระฟ้าแห่งอื่นในย่านเดียวกันอย่างเช่น Roppongi Hills Mori Tower คือ ชั้นบนสุดของมิดทาวน์ทาวเวอร์ คือชั้น 54 ไม่ได้เป็นจุดชมทิวทัศน์สำหรับนักท่องเที่ยว แต่ใช้เป็นสำนักงานและฝ่ายซ่อมบำรุงของอาคาร,tha,tha,"[8295.0, 2265.0, 765.0, 600.0, 5280.0, 4095.0, 9660.0, 2030.0, 2800.0, 6805.0, 390.0, 225.0, 106840.0, 14025.0, 9475.0]"
ในระหว่างเดือนมกราคม 2538 จนถึงเดือนมิถุนายน 2548 ประชาชนได้ลงคะแนนออกเสียง 31 ครั้ง เกี่ยวกับปัญหาระดับประเทศ 103 เรื่อง ปัญหาระดับแคนทอนและเทศบาลมากมายยิ่งกว่านั้น เทียบกับประชาชนชาวฝรั่งเศสที่มีส่วนร่วมลงประชามติเพียงแค่สองครั้งในช่วงเดียวกัน,tha,tha,"[2852.0, 736.0, 132.0, 228.0, 1548.0, 1380.0, 2980.0, 428.0, 852.0, 2160.0, 144.0, 76.0, 38480.0, 4276.0, 2388.0]"
"ตัวรถ เป็นรถโดยสารตอนเดียว ความยาว 12 เมตร กว้าง 2.54 เมตร สูง 3.44 เมตร ใช้เครื่องยนต์ก๊าซธรรมชาติ (เอ็นจีวี) มาตรฐาน EURO III กำลังไม่น้อยกว่า 170 กิโลวัตต์ หรือไม่น้อยกว่า 230 แรงม้า ถังบรรจุก๊าซ 900 ลิตร ระบบเบรกล้อหน้าและหลังแบบดิสก์เบรก (disc brake) รับน้ำหนักบรรทุกรวมไม่เกิน 18,000 กิโลกรัม จุผู้โดยสารคันละไม่ต่ำกว่า 80 คน (เทียบเท่าการใช้รถยนต์ส่วนตัว 67 คัน) มีที่นั่งผู้โดยสาร 20 ที่นั่ง เบื้องต้นได้จัดซื้อมาใช้ในโครงการจำนวน 25 คัน (วิ่งจริง 22 คัน สำรอง 2 คัน ซ่อมบำรุง 1 คัน)",tha,tha,"[4482.0, 1137.0, 384.0, 204.0, 2481.0, 1689.0, 5172.0, 396.0, 1209.0, 3510.0, 177.0, 123.0, 54261.0, 7080.0, 3234.0]"
ในด้านสถาปัตยกรรมหรือสัญลักษณ์ของคริสต์ศาสนา “ดอกจิกสี่แฉก” เป็นทรงที่เกิดจากการวางวงกลมสี่วงคาบกันบางส่วนอย่างสมมาตร ภาพสองภาพแรกข้างล่างเป็นทรงดอกจิกสี่แฉกที่นิยมใช้กัน,tha,tha,"[976.0, 306.0, 64.0, 42.0, 506.0, 772.0, 1126.0, 202.0, 182.0, 784.0, 54.0, 26.0, 13388.0, 1544.0, 1098.0]"
ใน พ.ศ. 2416 หลักจากที่เสด็จประพาสแหลมมลายู ชวา อินเดียทรงได้พบอดียรองกงสุลอังกฤษ นายเฮนรี่ อลาบาสเตอร์ ได้กราบบังคมทูลถวายคำแนะนำในสำรวจและทำแผนที่ จึงได้ทรงพระกรุณาโปรดเกล้าฯ ให้ตั้งกองทำแผนที่ทดลอง ใน พ.ศ. 2418,tha,tha,"[724.0, 201.0, 32.0, 48.0, 382.0, 538.0, 814.0, 100.0, 188.0, 579.0, 34.0, 15.0, 9015.0, 1183.0, 507.0]"
