sentences,predictions,labels,"results (['Bulgarian', 'Chinese', 'English', 'French', 'German', 'Hindi', 'Italian', 'Japanese', 'Korean', 'Portuguese', 'Russian', 'Spanish', 'Thai', 'Turkish', 'Vietnamese'])"
"Foi ministro da fazenda e ministro da justiça, conselheiro de estado, deputado geral, presidente de província e senador de 1840 a 1875, eleito pela província de Minas Gerais. Ocupou a presidência do senado de 1851 a 1853.",por,por,"[7951.0, 2347.0, 1415.0, 7162.0, 3817.0, 2123.0, 11770.0, 1888.0, 2065.0, 17466.0, 3352.0, 10216.0, 2088.0, 4119.0, 3504.0]"
"Tracy, Spencer e Carlos, após uma tentativa frustrada de deixar Springwood, decidem descansar em uma casa abandonada nas proximidades, que se transforma em 1428 Elm Street (a casa anterior de Nancy Thompson e Jesse Walsh). Enquanto isso, John e Maggie visitam o orfanato de Springwood e descobrem que Freddy teve um filho. John acredita que ele é o filho de Freddy, pois permitiu-lhe viver. De volta a Elm Street, Carlos e Spencer adormecem e tornam-se vítimas de Freddy. Tracy é despertada por Maggie, mas John, que entrou no mundo dos sonhos com Tracy para tentar ajudar Spencer, ainda está dormindo. Maggie e Tracy decidem levá-lo de volta para o abrigo. No entanto, no caminho de volta, Krueger mata John em seu sonho, mas não antes de revelar que o filho de Krueger é uma menina. Como John morre, ele revela esta informação para Maggie. Tracy e Maggie retornam ao abrigo, mas elas descobrem que ninguém se lembra de John, Spencer ou Carlos, exceto Doc, que aprendeu a controlar seus sonhos. Maggie lembra o que John disse-lhe e acha seus próprios papéis de adoção, descobrindo que ela é filha de Freddy, cujo verdadeiro nome é Katherine Krueger.",por,por,"[28728.0, 6974.0, 5197.0, 24864.0, 12501.0, 6527.0, 39054.0, 5159.0, 7418.0, 65548.0, 11518.0, 37256.0, 7017.0, 12945.0, 12261.0]"
"Grace Mirabella (10 de junho de 1930, Nova Jérsei, EUA) é uma jornalista de moda, ex-editora-chefe da revista Vogue norte-americana de 1971 a 1988.",por,por,"[5994.0, 2278.0, 1362.0, 5124.0, 3144.0, 1988.0, 7972.0, 2176.0, 1956.0, 10824.0, 2529.0, 6684.0, 2051.0, 3716.0, 3141.0]"
"O álbum The Face da cantora sul-coreana de música pop BoA debutou em primeiro lugar, tornando-a a segunda artista após Ayumi Hamasaki a ter seis álbuns número um consecutivos desde a sua estréia na primeira posição das paradas. O álbum Hard Candy da cantora de música pop Madonna é o primeiro álbum da artista a debutar na primeira posição na parada da Oricon em 18 anos. Com o lançamento do seu segundo álbum, Game, o girl group Perfume tornou-se o segundo grupo de technopop (após Yellow Magic Orchestra) a ter um álbum número um na parada.",por,por,"[14012.0, 5751.0, 2485.0, 11641.0, 6310.0, 4079.0, 17881.0, 4737.0, 5510.0, 29508.0, 5203.0, 16340.0, 5569.0, 7879.0, 8220.0]"
"Nascida no Rio de Janeiro, é formada em Desenho Industrial e começou sua carreira de atriz aos 35 anos de idade. Dedicou-se aos estudos da arte dramática fazendo oficinas de ator com Fátima Toledo, Eduardo Wotzik, Camila Amado, Marcio Libar, Christiane Jatahy, André Paes Leme, Domingos Oliveira, Yoshi Oida, Gerald Thomas, Josie Antello, Moacir Chaves, Juliana Carneiro da Cunha, Cláudia Câmara, Luis Mello, Daniel Herz e Suzana Kruguer, Antunes Filho, Denise Courtouké, Moacyr Góes, Leon Góes, David Herman, José Possi Neto, Paulo Betti, Luis de Lima e Elias Andreato.",por,por,"[17838.0, 5000.0, 3155.0, 15951.0, 10125.0, 5006.0, 25707.0, 4732.0, 4808.0, 38916.0, 7811.0, 21439.0, 5584.0, 11422.0, 9209.0]"
"As guerras romano-latinas foram uma série de guerras gravadas entre a Roma Antiga (incluindo tanto o Reino de Roma quanto a República Romana) e as tribos latinas, dos primeiros anos da história de Roma até a subjugação final dos latinos a Roma depois da Segunda Guerra Latina.",por,por,"[8695.0, 1979.0, 1122.0, 6105.0, 3364.0, 1723.0, 11382.0, 1472.0, 1866.0, 16003.0, 2931.0, 9341.0, 1858.0, 3606.0, 3228.0]"
"A anedota retrata com vivacidez os papéis esperados pelos gêneros, abordando a hipocrisia, as fraquezas inerentes ao homem e a inconstância dos sentimentos femininos, sendo uma alegoria para a própria sociedade Romana.",por,por,"[7337.0, 1693.0, 1025.0, 5645.0, 3162.0, 1657.0, 9759.0, 1287.0, 1614.0, 14259.0, 2735.0, 8742.0, 1725.0, 3366.0, 3010.0]"
"Barocco é uma obra feita num ambiente de melodrama, de filme negro, um filme que trabalha o duplo impossível e, no entanto, real, sobre a transformação da repulsa fascinada em amor convulsivo. É uma obra onde, por toda a parte, o écran se desdobra em outros écrans, descobrindo, assim, dentro de si, outros efeitos ficcionais, ou seja, outras encenações: as janelas, montras, cartazes, écrans de televisão ou ainda os espaços organizados como palcos (a grande sala da piscina de sauna, o barco, o restaurante, o ring de boxe...).",por,por,"[15956.0, 3431.0, 2417.0, 14919.0, 6806.0, 3204.0, 23899.0, 2231.0, 3439.0, 35919.0, 6335.0, 20609.0, 3516.0, 6571.0, 6261.0]"
"O álbum Best Fiction da cantora de R&B Namie Amuro teve o maior longest-running de 2008. O álbum permaneceu no topo da parada de 11 de agosto a 15 de setembro. Namie Amuro tornou-se a primeira artista solo feminina em 28 anos a ter um álbum na primeira posição por seis semanas consecutivas após Saki Kubota, que teve um álbum na primeira colocação por sete semanas consecutivas em 1980. O álbum greatest hits Expressions da cantora pop Mariya Takeuchi ficou no topo da tabela por três semanas consecutivas, fazendo dela a primeira artista com mais de 50 anos a realizar esse fato.",por,por,"[15404.0, 7554.0, 2962.0, 12745.0, 7191.0, 5236.0, 19790.0, 6146.0, 7018.0, 33210.0, 6199.0, 18720.0, 6807.0, 8848.0, 9506.0]"
"A velocidade de injeção é o tempo para preencher a cavidade do molde com o material fundido. Entretanto, para um menor tempo de injeção para preencher a cavidade do molde, maior será a velocidade de injeção. Assim, recomenda-se uma velocidade de injeção média - rápida evitando a solidificação da peça antes de terminar o processamento, pois caso isso ocorra causará falhas na peça.",por,por,"[10747.0, 2968.0, 1691.0, 9342.0, 4696.0, 2606.0, 15193.0, 1949.0, 2755.0, 25484.0, 4148.0, 14059.0, 3021.0, 4845.0, 4895.0]"
"Em 1996, ele entrou para o Faces do Subúrbio, e era conhecido apenas por Garnizé. Antes disso, porém, ele foi baterista do grupo de thrash metal """"The Ax"""".",por,por,"[5115.0, 1385.0, 896.0, 4245.0, 2399.0, 1308.0, 6588.0, 1146.0, 1382.0, 10952.0, 2088.0, 6376.0, 1431.0, 2456.0, 2312.0]"
"Farrington, D. P. (2000b) Psychosocial predictors of adult antisocial personality and adult convictions. Behavioural Sciences and the Law, 18, 605-622.",tur,por,"[3637.0, 1970.0, 1900.0, 2686.0, 2598.0, 2047.0, 3163.0, 2522.0, 1738.0, 2310.0, 1427.0, 1754.0, 1822.0, 3880.0, 2574.0]"
"De acordo com Lívio, em 377 a.C., os volscos e os latinos uniram suas forças em Sátrico. O exército romano, comandado pelos tribunos consulares Públio Valério Potito Publícola e Lúcio Emílio Mamercino marcharam contra eles. A batalha que se seguiu foi interrompida no primeiro dia por uma tempestade. No segundo, os latinos resistiram aos romanos por algum tempo, pois já conheciam suas táticas, mas uma carga de cavalaria desmantelou as linhas latinas e, quanto a infantaria romana deu sequência ao ataque, o exército latino foi derrotado. Volscos e latinos recuaram primeiro para Sátrico e, depois, para Âncio. Os romanos perseguiram, mas não tinham armas de cerco para atacarem Âncio. Depois de uma discussão sobre continuar a guerra ou pedir a paz, as forças latinas partiram e os ancianos renderam sua cidade aos romanos. Furiosos, os latinos atearam fogo a Sátrico e queimaram a cidade toda, exceto o templo de Mater Matuta — uma voz vinda do interior do templo teria ameaçado uma terrível punição se o fogo não fosse mantido longe do santuário. Em seguida, os latinos atacaram Túsculo que, tomada de surpresa, foi tomada, com exceção da cidadela. Um exército romano liderado pelos tribunos consulares Lúcio Quíncio Cincinato e Sérvio Sulpício Pretextato marcharam com suas forças para libertar Túsculo. Os latinos tentaram defender as muralhas, mas pegos entre o assalto romano e a resistência dos tusculanos na cidadela, acabaram todos mortos.",por,por,"[49727.0, 11416.0, 6445.0, 37161.0, 20602.0, 10447.0, 63585.0, 8091.0, 10863.0, 97150.0, 18937.0, 56022.0, 10622.0, 21422.0, 18211.0]"
"Candy tem um filho que batiza como Salvador Váva, como ela tem muito carinho devido a que considera que seu filho é seu Salvador! Candy pensa em trabalhar no restaurante de seu tio Manuel, o qual é homossexual e foi expulso da família por ter essa condição sexual.",por,por,"[6563.0, 1549.0, 1090.0, 5743.0, 2724.0, 1387.0, 9238.0, 1095.0, 1548.0, 15882.0, 2480.0, 9121.0, 1673.0, 2899.0, 2840.0]"
"O livro Comunicação de Interesse Público, que reúne uma série de artigos acadêmicos, aborda, em alguns capítulos, campanhas organizadas pela Secretaria de Comunicação Social (Secom) do Governo Federal. A análise avalia exemplos de CIP bem-sucedida, como as campanhas “O melhor do Brasil é o brasileiro” e “Aids: o front da informação”. De acordo com o artigo escrito por Cristina Gutemberg, Flamínio Fantini e Flávio Serpa, os altos índices de óbitos pela doença decorrente do vírus HIV provocaram uma abordagem qualificada como sinistra e condenadora por parte da comunicação em geral. A partir de 1987, com a reestruturação das diretrizes, as novas campanhas passaram a promover a precaução em vez de apelar para a evidência de mortes. Essa guinada para um sentido completamente oposto e muito mais empático ajudou a consolidar – ao longo de cinco mandatos de presidentes – a importância do uso de preservativos e a ajudar na redução significativa do número de indivíduos infectados no país.",por,por,"[26505.0, 6412.0, 4100.0, 22679.0, 11853.0, 6132.0, 38625.0, 4447.0, 6231.0, 62793.0, 10851.0, 35019.0, 6697.0, 11287.0, 11078.0]"
"James Falconer Kirkup, FRSL (23 de Abril de 1918 – 10 de Maio de 2009) foi um poeta inglês, tradutor e escritor de viagens. Escreveu mais de 30 livros, incluindo autobiografias, novelas e peças. Tornou-se Membro da Real Sociedade de Literatura em 1962.",por,por,"[9323.0, 3135.0, 2105.0, 7862.0, 4787.0, 3008.0, 11894.0, 2849.0, 2788.0, 16353.0, 3681.0, 10397.0, 2917.0, 5335.0, 4563.0]"
"Blumstein, A., Farrington, D.P. and Moitra, S. (1985) Delinquency careers: Innocents, desisters and persisters. In Tonry, M. and Morris, N. (Eds.) Crime and Justice: An Annual Review of Research, vol 6. Chicago: University of Chicago Press (pp. 187-219).",tur,por,"[7467.0, 3494.0, 3580.0, 5370.0, 5702.0, 4206.0, 6686.0, 4839.0, 3087.0, 4520.0, 2973.0, 3470.0, 3456.0, 7818.0, 5332.0]"
"Farrington, D. P. (1989b) Later adult life outcomes of offenders and non-offenders. In Brambring, M., Losel, F., and Skowronek, H. (Eds.) Children at Risk: Assessment, Longitudinal Research, and Intervention. Berlin: De Gruyter (pp. 220-244).",bul,por,"[6527.0, 2892.0, 3219.0, 4597.0, 6293.0, 3304.0, 5739.0, 4294.0, 2627.0, 3818.0, 2740.0, 2914.0, 3026.0, 6475.0, 4381.0]"
"Em 2011, o Alto Acre terminou o campeonato estadual na sétima colocação, com a segunda pior campanha, fazendo o mesmo número de gols do último colocado: apenas 13. Em 2012, piorou o seu rendimento e caiu para a segunda divisão do estadual.Em 2013 o clube disputou a série A mesmo caindo no ano atrás pois um clube foi Banido da Competiçao. Nesse Ano o clube ficou na 6ª posição e no ano de 2014 em 7º lugar.",por,por,"[13254.0, 4119.0, 2302.0, 11727.0, 6428.0, 3355.0, 19577.0, 3052.0, 3594.0, 31023.0, 5541.0, 17539.0, 3978.0, 6705.0, 6056.0]"
"No início de 2007, a banda lançou o seu décimo álbum de estúdio: Lost Highway, um cd com bastante influência country-rock que, aliás, sempre esteve presente na carreira da banda. Clássicos como """"Wanted Dead Or Alive"""", """"Dry County"""", """"Blaze Of Glory"""" (Carreira Solo de Jon) e a mais recente """"Who Says You Can't Go Home"""", fizeram e ainda faz muito sucesso. Jon sempre admitiu que adora música country e, levando em conta esses clássicos e o último feito da banda (de ser a primeira banda de rock a ficar em primeiro lugar na parada country, com a música """"Who Says You Can't Go Home""""), resolveram então fazer um cd bem diferente do que vinham fazendo sem deixar o espírito hard rock de lado. O CD foi um sucesso mundial e, com apenas 3 semanas de seu lançamento, a banda conquistou o primeiro lugar na Billboard - coisa que não acontecia com os garotos de New Jersey há 19 anos.",por,por,"[23611.0, 6460.0, 4827.0, 20843.0, 11309.0, 5673.0, 32713.0, 5319.0, 6340.0, 52260.0, 9565.0, 29464.0, 6388.0, 11601.0, 10701.0]"
"Durante a ocupação germânica de Paris (1940-1944), Hermann Göring ocupou o palácio, usando-o como qurtel general da Luftwaffe em França. Tomou para si próprio um sumptuoso conjunto de salas para acomodá-lo nas suas visitas à capital francesa. O seu subordinado, o marechal de campo da Luftwaffe Hugo Sperrle, também ocupou um apartamento e passou a maior parte da guerra gozando as luxuosas cercanias. """"A paixão do marechal de campo pelo luxo e pela exibição pública corre de perto com a do seu superior, Göring; ele também estava compatível em corpulência"""", escreveu o ministro do armamento Albert Speer depois de uma visita a Sperrle em Paris.",por,por,"[19639.0, 4684.0, 3169.0, 17886.0, 10850.0, 4423.0, 25946.0, 3933.0, 4546.0, 39232.0, 7956.0, 22569.0, 4703.0, 9420.0, 8170.0]"
"Em tempos mais recentes, tem-se discutido a possibilidade de ser outra a origem da astrologia: a civilização do Vale do Indo, ou harapana. Em comum, essas duas civilizações compartilham a ênfase no papel das estrelas, pano de fundo e baliza do movimento do Sol e da Lua. Em Harappa teria se originado o conceito de nakshatra (sânscrito, """"os imortais""""), manazil (árabe) ou mansão lunar, que mais tarde daria origem ao zodíaco. Em ambas regiões o Sol causticante não é, como na fria Europa, o doador da vida, e sim a Lua, com as marés que provoca no mundo físico e nos seres vivos. Portanto, os nakshatras mediam a passagem da Lua pelo céu, sendo cada um destes asterismos a medida de arco média percorrida pela Lua em um dia.",por,por,"[23831.0, 5216.0, 3362.0, 20210.0, 10538.0, 6079.0, 32809.0, 3677.0, 5194.0, 51883.0, 9136.0, 28964.0, 5335.0, 10293.0, 9531.0]"
"Kenjiro Hata (畑 健二郎, Hata Kenjirō?, nascido em 19 de outubro de 1975 na Prefeitura de Fukuoka, Japão) é um autor de mangá japonês. Ele é notável pela criação da série Hayate the Combat Butler. Ele era assistente de Kōji Kumeta. Vivian Wijaya e Junpei Gotou eram seus assistentes.",por,por,"[8511.0, 4323.0, 1796.0, 6931.0, 4891.0, 3741.0, 9904.0, 4867.0, 4249.0, 14376.0, 3572.0, 8522.0, 4348.0, 6650.0, 5650.0]"
"A sexta edição do concurso Miss USA aconteceu no dia 17 de julho de 1957, durante a programação preparatória para o concurso Miss Universo daquele ano. Esta edição do Miss USA é marcada como sendo a única (ate à data) em que a vencedora teve seu título cassado pelos organizadores do certame.",por,por,"[7846.0, 2271.0, 1398.0, 6967.0, 3500.0, 1972.0, 11253.0, 1623.0, 2103.0, 18208.0, 3205.0, 10381.0, 2174.0, 3584.0, 3523.0]"
"O timbre geralmente é encontrado num virol, algumas vezes dentro de um coronel. Timbres-coronéis geralmente são mais simples do que os coronéis de nobreza, mas existem formas especializadas variadas: por exemplo, no Canadá, descendentes dos Lealistas do Império Britânico (em inglês) têm o direito de usar o coronel lealista militar (os descendentes de membros dos regimentos Lealistas) ou o coronel lealista civil (os outros).",por,por,"[11129.0, 2638.0, 1769.0, 10576.0, 5063.0, 2262.0, 15711.0, 1858.0, 2534.0, 25368.0, 4321.0, 14439.0, 2511.0, 4684.0, 4515.0]"
«PPP-Index». Lista das espécies do gênero Acalypha (em alemão). Consultado em 20 de novembro de 2010 !CS1 manut: Língua não reconhecida (link),por,por,"[5877.0, 2243.0, 960.0, 4786.0, 3972.0, 2405.0, 7033.0, 2519.0, 2237.0, 9349.0, 3006.0, 5734.0, 2336.0, 4056.0, 3276.0]"
"Pax, Ferdinand Albin & Hoffmann, Käthe (1924): Euphorbiaceae-Crotonoideae-Acalypheae-Acalyphinae. In: Engler, Adolf: Das Pflanzenreich Series IV '147.XVI (85): 1-231.",deu,por,"[7484.0, 2893.0, 1956.0, 5787.0, 10689.0, 3684.0, 6946.0, 4846.0, 2809.0, 4764.0, 3622.0, 3590.0, 3472.0, 7418.0, 4762.0]"
"Nestes reinos muitas foram as leis emitidas regulando a concessão e uso dos brasões, mas seu fascínio e seu apelo à vaidade eram tantos que a população plebeia não podia evitar adotar os seus próprios. Periodicamente novos decretos mandatavam buscas pelo interior para verificar se alguma pessoa não autorizada oficialmente estava usando armas em público. Em muitos outros países a sociedade se organizou da mesma maneira, desenvolvendo costumes similares. Fox-Davies complementa:",por,por,"[12118.0, 2693.0, 1769.0, 10258.0, 5238.0, 2437.0, 16902.0, 1791.0, 2591.0, 26696.0, 4659.0, 15231.0, 2582.0, 4850.0, 4554.0]"
"O frontispício cenográfico da igreja, em estilo maneirista, é obra do século XVII e assemelha-se ao de igrejas jesuíticas portuguesas da época. Há três portais, sendo que o principal exibe os brasões da Ordem dos Dominicanos e as armas reais. No alto da fachada há um nicho com uma grande estátua de São Domingos, em mármore.",por,por,"[11357.0, 2367.0, 1506.0, 8948.0, 4978.0, 2292.0, 15626.0, 1784.0, 2200.0, 23472.0, 4183.0, 13474.0, 2412.0, 4911.0, 4306.0]"
"Construído entre os anos de 1965 e 1966, o primeiro jogo ocorreu no dia 8 de maio de 1966 e sua inauguração oficial foi em 6 de junho de 1966, em jogo do Vasco da Gama contra o Clube Atlético Primavera.",por,por,"[7337.0, 2551.0, 1381.0, 6536.0, 3677.0, 2149.0, 10576.0, 1895.0, 2199.0, 16140.0, 3265.0, 9559.0, 2214.0, 3593.0, 3384.0]"
"Já na época de Isaac Newton, a astrologia já estava totalmente desacreditada, como pode ser visto pelo seu livro Diálogos astronômicos entre um cavalheiro e uma dama: em que a doutrina da esfera (celeste), usos dos globos (terrestres) e os elementos de astronomia e geografia são explicados.",por,por,"[9132.0, 2024.0, 1260.0, 7321.0, 4001.0, 1915.0, 11968.0, 1462.0, 1972.0, 18689.0, 3469.0, 10796.0, 2019.0, 4004.0, 3530.0]"
"Os seus habitats naturais são: regiões subtropicais ou tropicais húmidas de alta altitude, jardins rurais e florestas secundárias altamente degradadas.",por,por,"[4965.0, 1297.0, 649.0, 4263.0, 2242.0, 1135.0, 6482.0, 927.0, 1117.0, 9960.0, 1982.0, 5784.0, 1196.0, 2273.0, 2005.0]"
"Novak Djokovic e Garbiñe Muguruza, os defensoress dos títulos de simples até então, foram eliminados na quartas de final e quarta fase, respectivamente. Pela primeira vez na história do torneio, os recentes campeões do Australian Open - Serena Williams e Roger Federer - anunciaram a desistência de Roland Garros antes de seu início.",por,por,"[10680.0, 2323.0, 1512.0, 8274.0, 4672.0, 2226.0, 13526.0, 1982.0, 2225.0, 18139.0, 3641.0, 10897.0, 2527.0, 5392.0, 4233.0]"
"De acordo com o United States Census Bureau tem uma área de 1,4 km², dos quais 1,4 km² cobertos por terra e 0,0 km² cobertos por água. Mason localiza-se a aproximadamente 469 m acima do nível do mar.",por,por,"[7387.0, 3138.0, 1276.0, 5819.0, 3699.0, 2659.0, 8734.0, 2572.0, 2784.0, 13646.0, 3215.0, 7905.0, 2744.0, 4527.0, 3932.0]"
"A cidade está em constante verticalização com edifícios surgindo a todo momento. Em 2017 foi considerado o município com maior número de condomínios residenciais aprovados a venda na região perdendo apenas para o município de Sorocaba e como é o terceiro maior do estado em extensão territorial, tem muito espaço para se ampliar horizontalmente e verticalmente.",por,por,"[8638.0, 2155.0, 1447.0, 7581.0, 3766.0, 2059.0, 12598.0, 1409.0, 2090.0, 20753.0, 3501.0, 11592.0, 2195.0, 3931.0, 3636.0]"
"O formato proativo de trabalho é aquele que possibilita maior planejamento para a área de TI, minimizando o trabalho emergencial. O que é mais custoso: uma hora planejada ou uma hora resolvendo imprevistos? Um Disco Rígido, por exemplo, não falha sem aviso, mas notifica constantemente o sistema operacional de que algo não vai bem. Se o prestador de serviços gerenciados não tem esta informação, corre o risco de ter emergências nas horas mais inesperadas, que podem custar caro.",por,por,"[13123.0, 3123.0, 1972.0, 11236.0, 5849.0, 2848.0, 18936.0, 1998.0, 3022.0, 31073.0, 5280.0, 17582.0, 3152.0, 5480.0, 5494.0]"
"Alessandra Stanley do The New York Times destaca que no episódio faltou originalidade e os personagens são estereotipados, mas louvando o carisma e o talento do elenco.[carece de fontes?] David Hinckley do Daily News disse que o show foi imperfeito e implausível, mas """"potencialmente emocionante""""[carece de fontes?], enquanto Robert Bianco do USA Today observou os problemas de tom do elenco, mas comentou positivamente sobre o humor e apresentações musicais da série.[carece de fontes?] Mary McNamara do Los Angeles Times escreveu que o show tinha um amplo apelo para a chamada do público.[carece de fontes?]",por,por,"[16665.0, 4592.0, 2907.0, 13144.0, 7231.0, 4181.0, 21421.0, 3779.0, 4542.0, 33738.0, 6252.0, 19265.0, 4496.0, 8424.0, 7636.0]"
"RAUSCH, R. L., FEAGIN, J. E., RAUSCH, V. R. (2007). Sorex rohweri sp. nov. (Mammalia, Soricidae) from northwest North America. Mammalian Biology 72 (2): 93-105.",bul,por,"[6940.0, 3426.0, 2776.0, 4880.0, 5812.0, 3474.0, 5915.0, 4551.0, 2914.0, 4420.0, 3057.0, 3370.0, 3181.0, 6546.0, 4369.0]"
"Uma figura é um objeto aposto num escudo heráldico ou em qualquer outro objeto de uma composição armorial. Qualquer coisa encontrada na natureza ou na tecnologia pode aparecer num armorial como uma figura heráldica. Figuras podem ser animais, objetos ou formas geométricas. As figuras mais frequentes são a cruz, com suas centenas de variações, o leão e a águia. Outros animais comuns são o alce, o javali, a merleta e o peixe. Dragões, morcegos, unicórnios, grifos e criaturas ainda mais exóticas aparecem tanto como figuras quanto como suportes.",por,por,"[15856.0, 3670.0, 2342.0, 13389.0, 6841.0, 3283.0, 21431.0, 2413.0, 3530.0, 34671.0, 6136.0, 19745.0, 3500.0, 7052.0, 6375.0]"
"De acordo com o Major Anderson, que visitou o local em 1866, o poço tem: """"Uma abertura estreita, apenas o suficiente para permitir que o corpo de uma pessoa possa passar de braços abertos, e este gargalo estreito, o que é cerca de 4 m de comprimento, abre-se para dentro do poço, que tem a forma cilíndrica, e é aberta com cerca de 7 pés e 6 polegadas de diâmetro. O poço e sua parte superior construídos de alvenaria, e o poço parece ter sido afundado através de uma mistura de fragmentos de solo de aluvião e pedra calcária, até que um leito compacto da montanha calcária foi alcançado, tendo estratos horizontais, que podem ser facilmente trabalhados, e o interior do poço tem a aparência de ter sido alinhado por meio de alvenaria """". Com base numa medição realizada em 1935, a profundidade total do poço é de 42 metros.",por,por,"[26393.0, 6948.0, 4290.0, 20905.0, 11166.0, 6434.0, 32388.0, 4999.0, 6890.0, 54919.0, 9943.0, 30768.0, 6360.0, 12083.0, 10916.0]"
"O clube, endividado, devolveu o estádio, no início da década de 1960, para o município e com uma nova lei, revogando a anterior, o prefeito Ivo Arzua iniciou a construção, neste exato local, da """"Praça 29 de Março"""" (data da comemoração do aniversário de Curitiba), inaugurada em novembro de 1966 com projeto urbanístico do futuro prefeito Jaime Lerner.",por,por,"[11917.0, 3133.0, 1903.0, 10342.0, 5382.0, 2876.0, 17160.0, 2338.0, 2888.0, 26745.0, 4893.0, 15306.0, 3018.0, 5690.0, 5074.0]"
"Daley era esperado para enfrentar Yuya Shirai pelo Titulo Meio Médio do BAMMA, mas não alcançou o limite de 170-pounds para a luta pelo título. Os dois continuaram na luta principal, mas se tornou uma luta não válida pelo título. Daley derrubou Shirai imediatamente com um jab, que foi seu primeiro golpe na luta, e depois o derrubou novamente com um uppercut e gancho de esquerda antes de finalizar a luta no ground and pound.",por,por,"[11428.0, 3132.0, 2201.0, 9627.0, 5038.0, 2973.0, 14668.0, 2661.0, 3061.0, 24413.0, 4637.0, 14156.0, 3238.0, 5797.0, 5372.0]"
"Esta é uma lista de grandes concentrações urbanas do Brasil por população, baseada nos dados do censo demográfico de 2010 e da estimativa para 2016 do Instituto Brasileiro de Geografia e Estatística (IBGE). No estudo chamado Arranjos Populacionais e Concentrações Urbanas do Brasil, o instituto identificou 26 """"grandes concentrações urbanas"""" no Brasil. Tal categoria abrange arranjos populacionais """"acima de 750 mil habitantes e os municípios isolados (que não formam arranjos) de mesma faixa populacional"""". Os arranjos, por sua vez, foram definidos como conjuntos formados por dois ou mais municípios que se encontram integrados por contiguidade da mancha urbana ou fluxos para trabalho ou estudo. Em termos de concentração populacional, as grandes concentrações urbanas representam as faixas mais populosas, seguidas pelas """"médias concentrações urbanas"""" (municípios isolados e arranjos populacionais entre 100 mil e 750 mil habitantes). Dos 294 arranjos identificados no censo do IBGE de 2010, o Brasil possui 187 com população inferior a 100 mil habitantes, sendo a maioria, portanto, considerada como de concentração populacional baixa.",por,por,"[31227.0, 8920.0, 5130.0, 27576.0, 14557.0, 7461.0, 44643.0, 6316.0, 8260.0, 72195.0, 13088.0, 41478.0, 8212.0, 14466.0, 13792.0]"
"Nawal El Moutawakel, do Marrocos, tornou-se a primeira campeã olímpica muçulmana, ao vencer a prova feminina dos 400m c/barreiras, modalidade estreante em Jogos.",por,por,"[6547.0, 1844.0, 1037.0, 5811.0, 3022.0, 1850.0, 8462.0, 1569.0, 1602.0, 11708.0, 2505.0, 7317.0, 1854.0, 3897.0, 3068.0]"
"A primeira coisa que é descrita num escudo é o esmalte (cor) do campo (fundo); seguem-se a posição e esmaltes das diferentes figuras (objectos) existentes no escudo. Estas cargas são descritas de cima para baixo, e da direita (dextra) para a esquerda (sinistra). Na verdade, a dextra (do latim dextra, -æ, «direita») refere-se ao lado esquerdo do escudo, e a sinistra (do latim sinistra, -æ, «esquerda») ao lado direito, tal como este é visto pelo observador. A razão porque isto sucede prende-se com o facto de a descrição se referir ao ponto de vista do portador do escudo, e não do seu observador.",por,por,"[22023.0, 4691.0, 3084.0, 17696.0, 9630.0, 4361.0, 28576.0, 3947.0, 4596.0, 42269.0, 7738.0, 24425.0, 4547.0, 9323.0, 7814.0]"
"O governo do presidente Abdelaziz Bouteflika afirmou que o nome real de Massinissa era Karim e que ele era um jovem criminoso desempregado de 26 anos de idade. Vários meses depois após essas declarações, o governo admitiu que o seu nome real era de fato Massinissa (o mesmo de um histórico rei berbere da Antiga Argélia), e que ele era um estudante de ensino médio inocente. O Ministro do Interior Yazid Zerhouni embora tenha dito que fora """"mal informado"""", nenhum pedido de desculpas foi dado à família da vítima e os protestos não cessaram. O governo de Bouteflika sustentava que os cabilas estavam sendo """"manipulados por uma mão estrangeira"""".",por,por,"[18614.0, 4738.0, 3062.0, 17571.0, 8951.0, 4707.0, 25600.0, 3833.0, 4528.0, 39665.0, 7353.0, 21945.0, 4832.0, 9517.0, 8094.0]"
"Em 501 a.C., notícias chegaram a Roma de que trinta das cidades latinas haviam se associado contra Roma instigadas por Otávio Mamílio, de Túsculo. Por causa disto (e também por causa de uma disputa com os sabinos), Tito Lárcio foi nomeado o primeiro ditador, com Espúrio Cássio como seu mestre da cavalaria.",por,por,"[12176.0, 2778.0, 1542.0, 8610.0, 4836.0, 2648.0, 15766.0, 2111.0, 2614.0, 21953.0, 4311.0, 13048.0, 2771.0, 5575.0, 4632.0]"
"Outra adição que pode ser feita a uma cota de armas é a insígnia de um baronete ou de uma ordem de cavalaria. Esta geralmente é representada por um colar ou faixa similar ao redor do escudo. Quando as armas do cavaleiro e de sua esposa são mostradas numa única apresentação, a insígnia de cavalaria cerca apenas as armas do marido, e as da esposa são costumeiramente cercadas tão-somente por uma guirlanda ornamental de folhas, sem significado heráldico, tão-somente pelo equilíbrio estético.",por,por,"[14317.0, 3209.0, 2172.0, 12091.0, 6201.0, 2971.0, 18677.0, 2221.0, 3146.0, 30941.0, 5311.0, 17178.0, 3130.0, 6134.0, 5721.0]"
"Em 1994, a Federação Paulista organizou a 1ª Supercopa São Paulo de Futebol Júnior, contendo apenas campeões e vices de edições anteriores. Tendo como vitorioso Atlético Mineiro.",por,por,"[5432.0, 1712.0, 874.0, 4821.0, 2773.0, 1476.0, 8011.0, 1296.0, 1543.0, 12579.0, 2348.0, 7148.0, 1674.0, 2838.0, 2569.0]"
"Em 2010 lançam """"BON JOVI - GREATEST HITS - ULTIMATE COLLECTION"""" na versão simples com duas músicas inéditas: """"What Do You Got"""" e """"No Apologies"""" e na versão dupla com mais duas canções novas: """"This Is Love This Is Life"""" e """"The More Things Change"""", totalizando quatro canções inéditas para o deleite dos fãns que levaram a coletãnea direto para as primeiras posições das paradas de todo o mundo.",por,por,"[12465.0, 3963.0, 2723.0, 10451.0, 6325.0, 3760.0, 15728.0, 3756.0, 3607.0, 23477.0, 4894.0, 12903.0, 3788.0, 7286.0, 5997.0]"
"Após falhar ao tentar bater o peso de 170 lb para a luta contra Hazelett, Daley foi finado com 10% de sua bolsa. A luta foi realizada em um peso casado de 172 lbs. No começo da luta, Daley derrubou Hazelett com um soco de esquerda, então seguindo com socos no chão até nocautear Hazelett.",por,por,"[9532.0, 2576.0, 1744.0, 8037.0, 4247.0, 2476.0, 12255.0, 2067.0, 2525.0, 21129.0, 3958.0, 11901.0, 2661.0, 4640.0, 4300.0]"
"A cidade de Olinda possui um clube no Campeonato Pernambucano de Futebol, o Olinda Futebol Clube, que joga de mandante no Estádio Municipal Eugênio de Araújo. A cidade também possui um clube de futebol de mesa, esporte oriundo do jogo de botão, e que foi oficializado como esporte pela antiga CBD (Confederação Brasileira de Desporto) no ano de 1988. O Olinda Clube de Futebol de Mesa foi fundado em 18 de Junho de 2015, no bairro de Peixinhos. Atualmente o clube participa do Campeonato Pernambucano de Futebol de Mesa nos modos Individual e por Equipes, estando presente também em competições de âmbito regional e nacional nas modalidades 12 Toques e Dadinho. O clube tem como sede a Arena Armandinho, local usado para treinamento da equipe e para realização de competições de pequeno porte, e que fica no Empresarial Pessoa de Melo no centro do Recife. O Olinda também possui uma outra sede que fica no bairro de Campo Grande, e que é exclusiva para uso das crianças da escolinha de futmesa do clube.",por,por,"[26097.0, 7181.0, 4321.0, 23387.0, 12397.0, 6548.0, 39401.0, 5304.0, 6632.0, 65402.0, 11053.0, 36290.0, 7499.0, 13592.0, 11923.0]"
"Sem pressa, os romanos capturaram oito cidades subordinadas a Preneste e marcharam até Velitras, que foi tomada também. Quando o exército romano chegou perante Preneste, os prenestinos se renderam. Tendo derrotado o inimigo em combate e capturado dois acampamentos e nove cidades, Tito Quíncio retornou a Roma em triunfo, levando consigo a estátua de Júpiter Imperador de Preneste. Esta estátua foi colocada no Capitólio entre o Templo de Júpiter e o Templo de Minerva com a inscrição """"Júpiter e todos os deuses concederam que o ditador Tito Quíncio capturaria nove cidades"""". O ditador então renunciou ao seu cargo vinte dias depois de ser nomeado. Segundo Dionísio de Halicarnasso e Festo, as nove cidades foram capturadas em nove dias. Festo acrescenta ainda que Quíncio capturou Preneste no décimo dia e dedicou uma coroa de ouro pesando """"dois e um terço de uma libra"""". Diodoro Sículo também relata uma vitória romana em combate contra Preneste neste ano, mas não revela nenhum detalhe. Segundo Lívio, no ano seguinte, 379 a.C., os prenestinos recomeçaram as hostilidades instigando revoltas entre os latinos, porém, com exceção desta afirmação, Preneste desaparece das fontes até 358 a.C..",por,por,"[42744.0, 9659.0, 5498.0, 30868.0, 17432.0, 9208.0, 53546.0, 7086.0, 8994.0, 78498.0, 15446.0, 45604.0, 9024.0, 18491.0, 15569.0]"
"Neste ínterim, o governador da província ordenou que alguns ladrões fossem crucificados nas proximidades do túmulo em que a matrona chorava o recente defunto. Na noite seguinte, o soldado, que vigiava as cruzes para que ninguém pudesse retirar algum corpo e sepultá-lo, notou uma luz que brilhava mais forte entre as tumbas e ouviu um gemido lastimoso. Por um defeito da espécie humana desejou saber quem ou o quê os produzia. Desceu, pois, até o sepulcro, e tendo se deparado com uma belíssima mulher, primeiramente ficou perturbado, como se diante de algo sobrenatural ou de imagens infernais; em seguida, vendo também o corpo que jazia e considerando as lágrimas e o rosto machucado pelas unhas, convenceu-se (evidentemente, do que se tratava) de que a mulher não podia suportar a perda do falecido. Levou então para o sepulcro o seu parco jantar e começou a exortar aquela mulher em prantos a não permanecer numa dor inútil, não partir o coração em gemidos vãos: “A todos cabe o mesmo fim e a mesma morada”, e outras coisas que são ditas para a saúde de espíritos enfermos.",por,por,"[34560.0, 7649.0, 4694.0, 28248.0, 14807.0, 7524.0, 45460.0, 5051.0, 7691.0, 72675.0, 13098.0, 41026.0, 7075.0, 14353.0, 12485.0]"
"Em termos gerais, é possível dizer que a CIP entrou na lista de prioridades da sociedade e de seus dirigentes no fim do século XX, quando a preocupação com sustentabilidade, responsabilidade social, democracia e cidadania se solidificou e passou a ocupar um espaço de maior prioridade para a sociedade. De lá para cá, os moldes de exercício da CIP foram se revelando flexíveis e diversos. A comunicação política, comunicação institucional, as Parcerias Público-Privadas (PPP) e a comunicação mercadológica são exemplos de vertentes que encontraram lugar na Comunicação de Interesse Público.",por,por,"[14493.0, 3457.0, 2160.0, 12636.0, 6444.0, 3235.0, 21014.0, 2241.0, 3416.0, 33124.0, 5959.0, 18803.0, 3363.0, 5921.0, 5781.0]"
"No século X, quando o reinado dos carolíngios enfraqueceu, os magiares destruíram a cidade de Basileia em 917 e St. Gallen em 926. Só depois de o rei Otão I vencer os magiares em 955, na Batalha de Lechfeld, é que os territórios suíços voltaram a ser integrados no império.",por,por,"[11308.0, 2797.0, 1729.0, 8906.0, 6481.0, 2836.0, 14350.0, 2496.0, 2715.0, 20743.0, 4408.0, 12077.0, 2758.0, 5382.0, 4440.0]"
"O Palácio do Luxemburgo foi construído por Marie de Médicis, mãe do rei Luís XIII, no local de um antigo hôtel particulier pertencente a François, duque de Luxemburgo, de onde vem o seu nome. Marie de Médicis comprou a estrutura e o seu relativamente extenso domínio em 1612, tendo encomendado o novo edifício, ao qual se referia como Palais Médecis, em 1615. O seu arquitecto foi Salomon de Brosse. A construção e mobiliamento do palácio formaram o seu principal projecto artístico, apesar de nada restar actualmente dos interiores tal como foram criados por ela, salvo alguns fragmentos arquitectónicos reunidos na Sala do Livro de Ouro (Salle du Livre d'Or). Os conjuntos de pinturas que a rainha encomendou, de cujos temas ela expressou os seus requisitos através de agentes e conselheiros, estão dispersos por vários museus. Os mais célebres, uma série de vinte e quatro telas triunfantes, foram encomendados a Peter Paul Rubens. Um série de pinturas executadas para o seu Gabinete Dourado (Cabinet Doré) foi identificado por Anthony Blunt em 1967.",por,por,"[32626.0, 7325.0, 4992.0, 33319.0, 16131.0, 7475.0, 43694.0, 6326.0, 6985.0, 61422.0, 12150.0, 35477.0, 7476.0, 15881.0, 13064.0]"
"O humor contido na série é classificado como humor negro, é comum escutar piadas de duplo sentido e palavrões. Em uma entrevista com o criador da serie Mike Judge, concebida pela Comic-Con Judge revela que os dois adolescentes precisariam de um objetivo, então ele pensou em que eles sempre estariam com um desejo de transar com garotas, o que daria mais vontade a esse desejo, seria o fato que ambos são virgens.",por,por,"[11013.0, 2727.0, 1839.0, 10041.0, 4845.0, 2367.0, 15793.0, 1898.0, 2629.0, 26508.0, 4287.0, 15076.0, 2813.0, 4969.0, 4914.0]"
"Quanto menor o cisalhamento do material, melhor será as propriedades do material. Portanto, é recomendável utilizar baixa contra pressão, utilizando somente a contra pressão necessária para certificar que o material esteja livre de bolhas.",por,por,"[5714.0, 1364.0, 769.0, 4662.0, 2568.0, 1189.0, 7940.0, 878.0, 1290.0, 12198.0, 2056.0, 7007.0, 1364.0, 2330.0, 2352.0]"
"Olinda revive o esplendor de seu passado todos os anos durante o Carnaval de Recife e Olinda, ao som do frevo, do maracatu e outros ritmos originais de Pernambuco. Há """"bonecos gigantes"""", nos quais cabe um homem utilizando apenas suas pernas para ampará-lo; e blocos carnavalescos (com temáticas variadas, de grupos variados, geralmente acompanhados de orquestras de frevo, e/ou grupos de maracatus). É costume dos jovens molhar os transeuntes com pistolas d'água. Vários grupos também se fantasiam, seja em qual for o personagem, em geral com a intenção de chamar a atenção para si, fazer uma crítica social, animar com brincadeiras ou atrair parceiros para namoros.",por,por,"[19701.0, 4475.0, 2882.0, 17146.0, 8770.0, 4264.0, 27919.0, 3213.0, 4363.0, 44573.0, 7571.0, 25461.0, 4580.0, 8838.0, 7980.0]"
"Os álbuns e mini-álbuns mais vendidos no Japão, são classificados na Oricon Weekly Chart e publicados pela revista Oricon Style. Os dados são compilados pela Oricon com base nas vendas físicas semanais de cada álbum. Em 2008, 37 álbuns atingiram o topo das paradas.",por,por,"[8143.0, 3073.0, 1384.0, 6818.0, 3912.0, 2432.0, 10845.0, 2710.0, 3048.0, 17524.0, 3178.0, 9988.0, 2989.0, 4376.0, 4314.0]"
"José Alexandre dos Santos de Oliveira (4 de dezembro de 1971, Camaragibe, Pernambuco), mais conhecido pelo seu nome artístico Alexandre Garnizé é um músico percussionista, compositor, historiador, pesquisador, ativista e ator brasileiro, conhecido por seu trabalho com as bandas Faces do Subúrbio, e F.U.R.T.O.",por,por,"[8439.0, 2706.0, 1537.0, 7982.0, 4365.0, 2352.0, 12552.0, 2266.0, 2405.0, 19583.0, 3648.0, 11363.0, 2560.0, 4861.0, 4208.0]"
"O timbre moderno evoluiu da figura tridimensional colocada sobre os elmos dos cavaleiros como meios adicionais de identificação. Na maioria das tradições heráldicas as mulheres não ostentam timbres, embora esta tradição venha sendo relaxada em algumas jurisdições heráldicas, e a cota de Lady Marion Fraser, apresentada numa lisonja, tinha um elmo, um timbre e um mote.",por,por,"[11842.0, 2452.0, 1591.0, 9339.0, 4945.0, 2206.0, 15886.0, 1733.0, 2375.0, 23083.0, 4106.0, 13721.0, 2462.0, 4876.0, 4433.0]"
"Atualmente, é presidente da Comissão de Trabalho, de Administração e Serviço Público da Câmara dos Deputados e suplente da Comissão de Turismo e Desporto. Também coordena a Frente Parlamentar voltada para a Modalidade de Educação Profissional e Tecnológica, à modalidade de Educação à Distância e Novas Tecnologias Educacionais e a Frente Parlamentar em Defesa do Turismo.",por,por,"[10185.0, 2665.0, 1317.0, 8526.0, 4948.0, 2415.0, 14515.0, 1897.0, 2486.0, 22519.0, 4021.0, 12656.0, 2650.0, 4600.0, 4173.0]"
"Em 1318, os Habsburgos e Waldstätte assinaram um tratado de paz, depois da Batalha de Morgarten. Em 1332, Lucerna foi recebida como aliada. Este pequeno povoado foi estrategicamente importante, pois permitiu a navegação no Lago dos Quatro Cantões, que passou a pertencer à Confederação.",por,por,"[10247.0, 2571.0, 1479.0, 8505.0, 6187.0, 2385.0, 13492.0, 2161.0, 2486.0, 19542.0, 4034.0, 11486.0, 2487.0, 4708.0, 4149.0]"
"Catalina (Nadine Velazquez) — Uma empregada doméstica que trabalha no hotel onde Earl e Randy residem atualmente. Ela é uma imigrante em situação ilegal que entrou nos Estados Unidos em 1 de janeiro de 2000. Ela aprendeu a falar inglês apenas um ano antes da história do seriado começar a ser contada. Ela trabalhou como dançarina no Club Chubby. Ela tem medo de serpentes e de ser estuprada. Sua mãe está morta mas ela não mostra remorso algum: """"melhor ela do que eu"""". Em certa ocasião, Catalina disse que os homens realmente não gostam que outros homens transem com suas mães e foi por isso que seu irmão matou o pai.",por,por,"[16331.0, 4232.0, 2973.0, 13685.0, 7365.0, 3897.0, 21285.0, 3193.0, 4291.0, 36631.0, 6380.0, 21616.0, 4183.0, 7709.0, 7032.0]"
"Farrington, D. P. (1994b) Interactions between individual and contextual factors in the development of offending. In Silbereisen, R.K. and Todt, E. (Eds.) Adolescence in Context: The Interplay of Family, School, Peers and Work in Adjustment. New York: Springer-Verlag (pp. 366-389).",deu,por,"[6430.0, 2966.0, 3452.0, 4548.0, 6630.0, 3294.0, 5803.0, 4232.0, 2639.0, 3813.0, 2727.0, 2961.0, 2956.0, 6381.0, 4349.0]"
"O policial Chávez, fica encarregado da investigação de um homicídio na alta sociedade de Buenos Aires. Na cena do crime, ele conhece o agente Gómez, conhecido por seu pseudónimo Ganso, um policial novato e atraente, que se torna sua mão direita, e é usado como isca para capturar o assassino.",por,por,"[7936.0, 1761.0, 1246.0, 6934.0, 3449.0, 1674.0, 11457.0, 1201.0, 1770.0, 18181.0, 3201.0, 11087.0, 1813.0, 3466.0, 3182.0]"
"Os latinos foram a guerra contra Roma pela primeira vez no século VII a.C. durante o reinado de Anco Márcio. Segundo Lívio, a guerra foi iniciada pelos latinos, que supuseram que Anco seguiria o caminho piedoso da paz adotado pelo seu avô, Numa Pompílio, e invadiram o território romano. Quando uma embaixada romana tentou conseguir a justa recompensa pelos danos causados, a resposta dos latinos foi desrespeitosa e Anco declarou guerra, um feito notável, pois, segundo Lívio, foi a primeira vez que os romanos declaram guerra através dos rituais sagrados dos feciais.",por,por,"[19870.0, 4349.0, 2531.0, 14388.0, 7794.0, 4078.0, 25937.0, 2983.0, 4147.0, 38640.0, 7052.0, 22460.0, 4125.0, 8145.0, 7211.0]"
"Farrington, D. P. (1995a) Crime and physical health: Illnesses, injuries, accidents and offending in the Cambridge Study. Criminal Behaviour and Mental Health, 5, 261-278.",tur,por,"[3959.0, 2035.0, 2260.0, 2852.0, 2888.0, 2114.0, 3584.0, 2642.0, 1707.0, 2432.0, 1529.0, 1845.0, 1898.0, 4088.0, 2710.0]"
"Os partidos políticos tradicionais berberes, o liberal Reunião para a Cultura e Democracia (RCD) de Saïd Sadi e o socialista Frente de Forças Socialistas (FFS) de Hocine Aït Ahmed, foram parcialmente marginalizados pelo ativismo dos movimentos locais radicais e pelas formas violentas de protesto. Em seus lugares surgiram novos movimentos à frente da política cabila: o movimento Arush (Arouch) e o Movimento pela Autonomia da Cabília (MAC), cujas ambições regionalistas por autonomia marcaram uma nova evolução na política cabila.",por,por,"[15908.0, 3740.0, 2203.0, 14830.0, 7561.0, 3832.0, 21785.0, 3468.0, 3619.0, 31267.0, 6102.0, 18477.0, 4020.0, 8557.0, 6591.0]"
"Lívio fornece apenas uma breve descrição do final desta guerra. Em 356 a.C., o cônsul Marco Popílio Lenas comandou as forças romanas contra os tiburinos e, depois de obrigá-los a recuar até Tibur, arrasou seus territórios. Em 355 a.C., os romanos tomaram Empulo dos tiburinos sem muita luta. Seguindo alguns dos escritores consultados por Lívio, Caio Sulpício Pético e Marco Valério Publícola comandaram as forças romanas. Segundo outras, foi apenas Valério, pois Sulpício estava ocupado com os tarquinenses. Finalmente, em 354 a.C., os romanos tomaram Sassula de Tibur, o que levou à rendição da cidade e ao final da guerra. Segundo os Fastos Triunfais, o cônsul Marco Fábio Ambusto triunfou sobre os tiburinos em 3 de junho. Diodoro Sículo relata ainda que Roma firmou a paz com Preneste neste mesmo ano.",por,por,"[29597.0, 7327.0, 4055.0, 21332.0, 12569.0, 6899.0, 37530.0, 5407.0, 6874.0, 56142.0, 11451.0, 32795.0, 7104.0, 13698.0, 11727.0]"
"Em 2015, foi eleito 4º Secretário da Mesa Direto da Câmara dos Deputados, para o biênio 2015 - 2016. Em 17 de abril de 2016, Canziani votou pela abertura do processo de impeachment de Dilma Rousseff. Já durante o Governo Michel Temer, votou a favor da PEC do Teto dos Gastos Públicos. Em abril de 2017 foi favorável à Reforma Trabalhista. Em agosto de 2017 votou contra o processo em que se pedia abertura de investigação do então presidente Michel Temer, ajudando a arquivar a denúncia do Ministério Público Federal.",por,por,"[17965.0, 5240.0, 2964.0, 15377.0, 8618.0, 4771.0, 25595.0, 4206.0, 4865.0, 39142.0, 7461.0, 22423.0, 5032.0, 9041.0, 8100.0]"
"Kirkup surgiu em South Shields, e foi educado na Escola Secundária de South Shields e na Universidade de Durham. Durante a Segunda Guerra Mundial era uma argumentador consciente, e trabalhava para a Forestry Comission e na terra em Yorkshire Dales e na Quinta de Lansbury Gate, Clavering, Essex. Ensinou em The Downs School em Colwall, Malvern, onde W. H. Auden se tinha tornado mestre. Kirkup escreveu o seu primeiro livro de poesia, The Drowned Sailor, em Downs, que foi publicado em 1947. De 1950 a 1952, foi o primeiro Membro da Gregory Poetry na Universidade de Leeds, fazendo dele o primeiro poeta residente na universidade em todo o Reino Unido.",por,por,"[17367.0, 4971.0, 3736.0, 12752.0, 8347.0, 5350.0, 20038.0, 4569.0, 4930.0, 32178.0, 6535.0, 17598.0, 4933.0, 9420.0, 8179.0]"
"O Hospital de Caridade foi inaugurado no dia 1 de janeiro de 1789 sendo o primeiro hospital de Santa Catarina e a 12ª Santa Casa construída no Brasil. Seu fundador foi o irmão Joaquim do Livramento, da Irmandade do Senhor Jesus dos Passos. Seu prédio inicial ficava ao lado da Capela Menino Deus, fundada pela beata Joana de Gusmão em 1762, que do alto da colina era visível de toda o centro da cidade, e cujo prédio foi incorporado pelo hospital. Com o passar dos anos, o HC foi se expandindo, adicionando mais alas e prédios.",por,por,"[16170.0, 4208.0, 2494.0, 14006.0, 7369.0, 3912.0, 23247.0, 3100.0, 4013.0, 36941.0, 6297.0, 20746.0, 4164.0, 7543.0, 6885.0]"
"Kim Sei-young (nascida em 21 de janeiro de 1993, em Seul), também conhecida como Sei Young Kim, é uma jogadora profissional de golfe sul-coreana, que atua no LPGA of Korea Tour e no LPGA",por,por,"[6173.0, 2927.0, 1228.0, 5158.0, 3337.0, 2409.0, 7673.0, 2632.0, 2825.0, 11079.0, 2520.0, 6613.0, 2755.0, 4372.0, 3911.0]"
"Em 2017 pelo Campeonato Acreano o Alto Acre foi rebaixado para a segunda divisão do campeonato, o papagaio da fronteira não fez uma boa temporada perdendo todos os jogos no campeonato",por,por,"[5297.0, 1459.0, 816.0, 4325.0, 2513.0, 1226.0, 7434.0, 1062.0, 1275.0, 11782.0, 2068.0, 6715.0, 1453.0, 2683.0, 2309.0]"
"Os dirigentes republicanos acreditavam que a luta era inútil, estavam dispostos a rendição da ilha e desejavam abandonar esta a bordo do HMS Devonshire. Em 8 de fevereiro o cruzador partiu para Marselha com 452 refugiados republicanos a bordo. No dia seguinte, a divisão 105 do Exército Nacionalista desembarcou em Minorca, e aceitou a rendição das tropas republicanas.",por,por,"[10852.0, 2740.0, 1698.0, 9203.0, 4828.0, 2408.0, 14663.0, 1887.0, 2526.0, 22927.0, 4319.0, 13331.0, 2471.0, 4579.0, 4325.0]"
"No UFC 113, em 8 de Maio de 2010, Daley foi colocado para enfrentar Josh Koscheck, com o vencedor sendo colocado ser o próximo desafiante de Georges St-Pierre pelo Cinturão Meio Médio do UFC e a oportunidade de treinar com St-Pierre o The Ultimate Fighter 12.",por,por,"[7787.0, 2488.0, 1684.0, 7008.0, 3964.0, 2406.0, 10060.0, 2502.0, 2402.0, 15532.0, 3302.0, 8940.0, 2554.0, 4687.0, 4071.0]"
"A partir da fase Força Alienígena é revelado a existência da Mana, uma forma de energia vital rosada da qual todos os seres vivos possuem. A mana é controlado por alienígenas chamados Anoditas e também por seres híbridos por ela como o caso da Gwen, embora que também possa ser usada por seres oriundos de Ledgerdomain como Hex e Encantriz. Com a Mana ela pode servir de ataque ou defesa criando barreiras,e raios de energia. No começo ela era chamada de magia.",por,por,"[12990.0, 3044.0, 2043.0, 10983.0, 5770.0, 2667.0, 18105.0, 2234.0, 2908.0, 29664.0, 4986.0, 17232.0, 3097.0, 5529.0, 5334.0]"
"O Torneio de Roland Garros de 2017 foi um torneio de tênis disputado nas quadras de saibro do Stade Roland Garros, em Paris, na França, entre 28 de maio e 11 de junho. Foi a 50ª edição da era aberta e a 116ª de todos os tempos.",por,por,"[9333.0, 2941.0, 1560.0, 9201.0, 4677.0, 2490.0, 12744.0, 2462.0, 2569.0, 18270.0, 3963.0, 10790.0, 2843.0, 5186.0, 4581.0]"
"Em pesquisa publicada pelo """"El Gráfico"""", em setembro de 1998, o Colón tinha 2%, ou 692.000 torcedores, sendo assim a nona maior torcida da Argentina. A mesma pesquisa indicava que em Santa Fé, 57% dos entrevistados disseram torcer pelo Colón, 33% para o Unión e 7% para o River Plate.",por,por,"[9969.0, 2914.0, 1737.0, 8667.0, 4895.0, 2499.0, 14758.0, 2205.0, 2601.0, 22316.0, 4297.0, 13750.0, 2743.0, 4765.0, 4433.0]"
"Farrington, D. P. (1993a) Childhood origins of teenage antisocial behaviour and adult social dysfunction. Journal of the Royal Society of Medicine, 86, 13-17. Reprinted in Messer, D. and Dockrell, J. (Eds., 1998) Developmental Psychology: A Reader (pp. 347-355). London: Arnold.",bul,por,"[6899.0, 3566.0, 3765.0, 4933.0, 5038.0, 3767.0, 5909.0, 4552.0, 3045.0, 4225.0, 2692.0, 3276.0, 3389.0, 6885.0, 4761.0]"
"Sankt Katharinen (Bad Kreuznach) é um município da Alemanha localizado no distrito (Kreis ou Landkreis) de Bad Kreuznach, na associação municipal de Verbandsgemeinde Rüdesheim, no estado da Renânia-Palatinado.",por,por,"[6643.0, 2273.0, 967.0, 5060.0, 8965.0, 2662.0, 7234.0, 3088.0, 2455.0, 9092.0, 3315.0, 5220.0, 2532.0, 5070.0, 3918.0]"
"Beaver, K. M. and Wright, J. P. (2007) A child effects explanation for the association between family risk and involvement in an antisocial lifestyle. Journal of Adolescent Research, 22, 640-664.",tur,por,"[3977.0, 2256.0, 2419.0, 3089.0, 2835.0, 2351.0, 3386.0, 2897.0, 1989.0, 2459.0, 1581.0, 1811.0, 2076.0, 4314.0, 2891.0]"
"Na heráldica inglesa, símbolos como o crescente, a moleta (em inglês), a merleta, o anelete (em inglês), a flor-de-lis e a rosa (em inglês) podem ser adicionados a um escudo para brisurá-lo. Estas brisuras são mostradas em tamanho menor do que figuras comuns, e mesmo assim não é certo que um escudo contendo uma figura assim pertença a um ramo familiar. Todas essas figuras ocorrem freqüentemente em cotas de armas basicamente indistintas.",por,por,"[14782.0, 3248.0, 2096.0, 11447.0, 6287.0, 2818.0, 18253.0, 2284.0, 3091.0, 28851.0, 5337.0, 17025.0, 3160.0, 6292.0, 5656.0]"
"No entanto, o sucesso da série de filmes é tão grande que o impediu de terminar (muito parecido com Sexta-Feira 13 partes quatro e nove). Outro filme, O Novo Pesadelo de Wes Craven, foi produzido seguindo este filme. O personagem de Freddy Krueger, em seguida, retornou em Freddy vs. Jason de 2003. Este foi o primeiro filme da New Line Cinema lançado em 3-D.",por,por,"[11330.0, 3173.0, 1947.0, 8730.0, 4832.0, 3064.0, 13755.0, 2579.0, 3198.0, 22833.0, 4986.0, 12915.0, 3135.0, 5489.0, 5165.0]"
"Vila Assunção é um bairro nobre da zona sul da cidade brasileira de Porto Alegre, capital do estado do Rio Grande do Sul. Foi criado pela Lei Municipal nº 2022 de 7 de dezembro de 1959.",por,por,"[5993.0, 1799.0, 974.0, 5456.0, 3091.0, 1596.0, 8853.0, 1424.0, 1651.0, 13074.0, 2554.0, 7390.0, 1784.0, 3133.0, 2831.0]"
"Olinda foi eleita a primeira Capital Brasileira da Cultura no ano de 2006. Foi a primeira vez que o Brasil elegeu uma capital cultural. O projeto é uma iniciativa da organização Capital Brasileira da Cultura, com o apoio dos Ministérios da Cultura e do Turismo e da Organização das Nações Unidas para a Educação, a Ciência e a Cultura.",por,por,"[9407.0, 2539.0, 1337.0, 7819.0, 4380.0, 2479.0, 13097.0, 1952.0, 2455.0, 21017.0, 3831.0, 11565.0, 2610.0, 4562.0, 4175.0]"
"Ambas equipes se enfrentaram tanto na Primeira como na Segunda Divisão, e até o momento se enfrentaram em 105 partidas: Colón ganho 31 partidas (116 gols), Unión ganho 37 (128 gols) e empataram 37 vezes.",por,por,"[8002.0, 2512.0, 1314.0, 6361.0, 3647.0, 2071.0, 10648.0, 1996.0, 2161.0, 15577.0, 3233.0, 9736.0, 2174.0, 3800.0, 3368.0]"
"De acordo com o United States Census Bureau tem uma área de 0,5 km², dos quais 0,4 km² cobertos por terra e 0,1 km² cobertos por água. Alton localiza-se a aproximadamente 130 m acima do nível do mar.",por,por,"[7277.0, 3055.0, 1266.0, 5761.0, 3651.0, 2611.0, 8691.0, 2513.0, 2716.0, 13608.0, 3191.0, 7898.0, 2673.0, 4424.0, 3821.0]"
"Esmaltes são as cores usadas na heráldica, embora haja certos padrões, chamados peles, e representações de figuras em suas cores naturais, ou da sua cor (distintas das cores representáveis), que também são tratados como esmaltes. Como a heráldica é, em sua essência, um sistema de identificação, a convenção heráldica mais importante é a regra da contrariedade das cores (fr:Règle de contrariété des couleurs, en:Rule of tincture): em prol do contraste e da visibilidade, metais (que geralmente são esmaltes mais claros) nunca devem ser postos sobre metais, e cores (que geralmente são esmaltes mais escuros) nunca devem ser postos sobre cores. Quando uma figura sobrepõe uma parte do fundo do escudo, a regra não se aplica. Há também outras exceções — sendo a mais famosa a das armas do Reino de Jerusalém, que consistem numa cruz de ouro em fundo prata.",por,por,"[24171.0, 5745.0, 3820.0, 22224.0, 12131.0, 5307.0, 33619.0, 4261.0, 5569.0, 53684.0, 9253.0, 30706.0, 5498.0, 11061.0, 9867.0]"
"Farrington, D. P. (2003) Key results from the first 40 years of the Cambridge Study in Delinquent development. In Thornberry, T.P. and Krohn, M.D. (Eds.) Taking Stock of Delinquency: An Overview of Findings from Contemporary Longitudinal Studies. New York: Kluwer/Plenum (pp. 137-183).",tur,por,"[7136.0, 3396.0, 3776.0, 4677.0, 5206.0, 3670.0, 6370.0, 4535.0, 2970.0, 4345.0, 2710.0, 3315.0, 3333.0, 7275.0, 4870.0]"
"Farrington, D. P. (1986) Stepping stones to adult criminal careers. In Olweus, D., Block, J. and Yarrow, M.R. (Eds.) Development of Antisocial and Prosocial Behaviour: Research, Theories and Issues. New York: Academic Press (pp. 359-384).",tur,por,"[6223.0, 2905.0, 3139.0, 4151.0, 4696.0, 3257.0, 5349.0, 3972.0, 2626.0, 3725.0, 2453.0, 2901.0, 2985.0, 6348.0, 4207.0]"
"Em 25 de Julho, o Bellator anunciou que Daley havia sido demitido da organização devido a problemas legais em curso. Os funcionários do Bellator descobriram que as acusações da briga de bar não haviam sido deixadas de lado por inteiro. Na verdade, Daley declarou-se culpado de uma acusação de assalto e duas acusações de obstruir um escritório. A natureza violenta do incidente, combinada com a perspectiva de problemas com o visto continuaram devido ao fato de que agora ele era um criminoso condenado, fez os funcionários do Bellator decidirem cortar laços com Daley.",por,por,"[14595.0, 3713.0, 2419.0, 11714.0, 6264.0, 3422.0, 18107.0, 2522.0, 3758.0, 31819.0, 6302.0, 17811.0, 3575.0, 6374.0, 6338.0]"
"Em Maio de 1940 foi reportado que o quartel-general da área de comando mudaria de """"Mont Loana"""" em Point Piper para a mansão """"Kilmory"""" que se situava nas imediações. Em Dezembro de 1940, Cole entregou o comando da área ao Comodoro do Ar William Anderson. Em Agosto de 1941, o programa de instrução da RAAF estava em expansão, o que levou à necessidade de estabelecer-se organizações de treino de base semi-funcional e semi-geográfica. Por conseguinte, o Grupo de Treino N.º 2 foi formado em Sydney, assumindo a responsabilidade de comandar as unidades de treino que anteriormente estavam sob a hierarquia da Área de Comando Central, sendo esta dissolvida. As unidades da área foram """"dividas da forma com conveniente"""", de acordo com a história oficial da RAAF na Segunda Guerra Mundial, entre as áreas de comando do sul e do norte.",por,por,"[24069.0, 6349.0, 4270.0, 19860.0, 10647.0, 6056.0, 31520.0, 4988.0, 6191.0, 51439.0, 9237.0, 28911.0, 6453.0, 11176.0, 10758.0]"
Instituto Brasileiro de Geografia e Estatística (IBGE) (março de 2015). «Arranjos Populacionais e Concentrações Urbanas do Brasil» (PDF). Consultado em 17 de junho de 2016,por,por,"[6805.0, 2528.0, 1123.0, 5520.0, 3363.0, 2292.0, 9143.0, 2209.0, 2274.0, 13096.0, 2935.0, 8059.0, 2338.0, 3934.0, 3401.0]"
"A Procissão dos Passos de Olinda é um cortejo religioso que representa o caminho do Jesus até o calvário. Durante o cortejo, os fiéis visitam pequenas capelas, chamadas de passos que foram construídas entre 1773 e 1809 no Sítio Histórico da cidade, as quais só são abertas durante a procissão.",por,por,"[9788.0, 2411.0, 1518.0, 7793.0, 4385.0, 2308.0, 13324.0, 1850.0, 2339.0, 20774.0, 3700.0, 11986.0, 2392.0, 4506.0, 3956.0]"
"A sua cidade natal em South Shields agora tem uma grande colecção dos seus trabalhos na Biblioteca Central, e artefactos do seu tempo no Japão estão guardados no museu. O seu último volume de poesia foi publicado durante o Verão de 2008 por Red Squirrel Press, e foi lançado num evento especial na Biblioteca Central de South Shields.",por,por,"[8921.0, 2103.0, 1549.0, 6449.0, 3668.0, 2094.0, 10891.0, 1812.0, 2200.0, 17457.0, 3044.0, 9680.0, 2198.0, 3966.0, 3612.0]"
"As primeiras cartas estelares do Egito datam de cerca de 4 200 a.C. e, embora sejam astronômicas, não se pode afirmar que houvesse distinção, àquela época, entre astronomia e astrologia.",por,por,"[6791.0, 1704.0, 1039.0, 5692.0, 2997.0, 1569.0, 9059.0, 1219.0, 1621.0, 13488.0, 2636.0, 8256.0, 1565.0, 2875.0, 2627.0]"
"As obras do convento e igreja foram lentas e arrastaram-se até o século XV, dependendo de doações realizadas por particulares e o patrocínio régio de D. João I. Em princípios do século XVI o templo estava terminado, como se pode apreciar num desenho de 1509 realizado por Duarte d'Armas.",por,por,"[9358.0, 2227.0, 1384.0, 7732.0, 4147.0, 2116.0, 13302.0, 1695.0, 2107.0, 19400.0, 3629.0, 11370.0, 2125.0, 4142.0, 3706.0]"
"Trevico é uma comuna italiana da região da Campania, província de Avellino, com cerca de 1.284 habitantes. Estende-se por uma área de 10 km², tendo uma densidade populacional de 128 hab/km². Faz fronteira com Carife, Castel Baronia, San Nicola Baronia, San Sossio Baronia, Scampitella, Vallata, Vallesaccarda.",ita,por,"[15953.0, 4043.0, 1941.0, 10842.0, 6731.0, 3644.0, 20896.0, 4088.0, 3401.0, 20602.0, 4800.0, 12804.0, 3897.0, 7917.0, 6181.0]"
"Com o passar do tempo, Costa Barros foi crescendo tanto em população quanto em relação ao tráfico de drogas. Hoje, o bairro conta com um complexo de favelas, como: Chapadão, Pedreira, Lagartixa, Quitanda, Final Feliz, Terra Nostra, , Favela do Nego Dengo, entre outras.",por,por,"[7871.0, 1804.0, 1189.0, 6707.0, 3574.0, 1796.0, 11715.0, 1387.0, 1824.0, 18252.0, 3088.0, 10188.0, 2024.0, 3920.0, 3289.0]"
"Com este sistema de pontos, o maior número de pontos que alguém pode marcar durante o fim-de-semana é de 46, fazendo a pole position e vencendo as dias corrida com volta mais rápida em ambas.",por,por,"[5905.0, 1411.0, 877.0, 4796.0, 2432.0, 1169.0, 7936.0, 961.0, 1292.0, 12520.0, 2136.0, 7291.0, 1272.0, 2259.0, 2234.0]"
"Ao todo, são cinco passos assim nomeados: Passo da Sé, Passo do Amparo , Passo dos 4 Cantos, Passo da Ribeira, Passo do Senhor Apresentado ao Povo.",por,por,"[5497.0, 1317.0, 692.0, 4254.0, 2422.0, 1266.0, 7733.0, 968.0, 1242.0, 11466.0, 1972.0, 6432.0, 1288.0, 2529.0, 2022.0]"
"Complexo Poliesportivo Pinheirão, pertencia a Federação Paranaense de Futebol, mas na atualidade é da propriedade da iniciativa privada e sem uso esportivo.",por,por,"[4375.0, 1159.0, 664.0, 3686.0, 2087.0, 1053.0, 6369.0, 899.0, 1071.0, 9454.0, 1762.0, 5475.0, 1195.0, 2193.0, 1902.0]"
"Devido a Doença de Alzheimer, Ronald Reagan visitou o rancho pela última vez em 1995. Nancy visitou o local pela última vez em 1998, antes de vender a propriedade para a Young America's Foundation, um grupo conservador que atualmente preserva o rancho como """"um monumento vivo das ideias, valores e realizações duradouras de Reagan."""" Embora está fechado ao público, a Young America's Foundation oferece a estudantes e simpatizantes a oportunidade de visitar o imóvel.",por,por,"[11267.0, 3243.0, 2313.0, 9736.0, 5626.0, 3210.0, 15196.0, 2796.0, 3442.0, 25662.0, 4862.0, 14957.0, 3290.0, 6038.0, 5520.0]"
"E Portugal finalmente conquistou sua primeira medalha de ouro em Olimpíadas, com a vitória de Carlos Lopes na maratona, estabelecendo um recorde olímpico da prova que durou até 2008, além de duas medalhas de bronze com António Leitão e Rosa Mota.",por,por,"[7648.0, 1989.0, 1164.0, 6527.0, 3575.0, 1896.0, 10446.0, 1530.0, 1873.0, 16104.0, 3059.0, 9073.0, 1966.0, 3766.0, 3337.0]"
"Em 8 e 9 de Setembro de 1939, a Companhia dos Caminhos de Ferro Portugueses organizou um serviço especial a preços reduzidos para Santiago do Cacém, por ocasião da feira anual naquela vila.",por,por,"[6588.0, 1733.0, 944.0, 5335.0, 3039.0, 1574.0, 8774.0, 1387.0, 1641.0, 13051.0, 2600.0, 7737.0, 1643.0, 3022.0, 2723.0]"
"As prensas hidráulicas foram, historicamente, a única opção disponível para os moldadores, até que a Nissei Plastic Industrial Co., LTD introduziu a primeira máquina de moldagem por injeção totalmente elétrica em 1983. A prensa elétrica, também conhecida como Tecnologia de Máquina Elétrica, reduz os custos de operação cortando consumo de energia e também aborda algumas das preocupações ambientais em torno da prensa hidráulica.",por,por,"[10618.0, 3524.0, 1789.0, 8626.0, 4772.0, 2829.0, 14024.0, 2601.0, 3279.0, 22910.0, 4140.0, 13035.0, 3424.0, 5179.0, 5305.0]"
"O grupo consagrou Tom principalmente como guitarrista já que John era o vocalista principal que compunha quase todas as músicas da banda de estilo composto pela mistura do rock com música country, fórmula que levou o Creedence Clearwater Revival ao rápido sucesso. Stu Cook era o baixista e Doug Clifford o baterista, Tom fazia vocal de acompanhamento e escreveu apenas uma música que foi gravada, """"Walk on the Water"""". A falta de oportunidade de Tom em meio às composições da banda alimentava a animosidade entre os irmãos durante os anos de maior sucesso do grupo resultando na saída de Tom no ano de 1971 depois de gravar 6 álbuns de estúdio, não participando da gravação do álbum Mardi Gras em 1972.",por,por,"[18383.0, 4521.0, 3387.0, 15647.0, 8592.0, 4421.0, 25123.0, 3844.0, 4487.0, 40308.0, 7047.0, 22839.0, 4776.0, 8810.0, 8362.0]"
"Estação de Metro da cidade do Porto situada na freguesia de Paranhos, junto ao jardim de Arca d'Água e ao antigo estádio do Engenheiro Vidal Pinheiro do Sport Comércio e Salgueiros e que é servida pela linha Amarela (D).",por,por,"[7809.0, 1788.0, 1016.0, 6259.0, 3627.0, 1725.0, 10233.0, 1588.0, 1725.0, 15880.0, 2812.0, 9090.0, 1895.0, 4150.0, 3243.0]"
"Auty, K. M., Farrington, D. P. and Coid, J. W. (2014) Intergenerational transmission of psychopathy and mediation via psychosocial risk factors. British Journal of Psychiatry, in press.",tur,por,"[4353.0, 2041.0, 2054.0, 3060.0, 3157.0, 2342.0, 3624.0, 2689.0, 1838.0, 2641.0, 1911.0, 1954.0, 2069.0, 4449.0, 3085.0]"
"O fim do conflito ocorreu em 2 de agosto do mesmo ano, quando um traidor, Carlos Luppa, levou os soldados ao esconderijo de Jacobina Mentz, que foi morta com a maioria dos muckers. Os muckers que sobreviveram foram julgados e libertados ou absolvidos, em 16 de junho de 1880.",por,por,"[8957.0, 2463.0, 1558.0, 7465.0, 4468.0, 2290.0, 12117.0, 1891.0, 2320.0, 19775.0, 3766.0, 11376.0, 2314.0, 4137.0, 3813.0]"
"De acordo com o United States Census Bureau tem uma área de 2,4 km², dos quais 2,4 km² cobertos por terra e 0,0 km² cobertos por água. Duncan localiza-se a aproximadamente 47 m acima do nível do mar.",por,por,"[7139.0, 2992.0, 1241.0, 5674.0, 3627.0, 2574.0, 8520.0, 2485.0, 2711.0, 13420.0, 3094.0, 7777.0, 2661.0, 4420.0, 3824.0]"
"A importante avenida da Vila Assunção é a Pereira Passos, que não passava de um estreito caminho de acesso ao interior da chácara de José Joaquim Assunção, o qual deu o nome ao bairro. O proprietário tentou instalar em suas terras uma destilaria de álcool, mas nunca chegou a finalizar a construção dessa, por causa de desentendimentos com as autoridades.",por,por,"[9800.0, 2356.0, 1517.0, 8647.0, 4551.0, 2326.0, 14108.0, 1745.0, 2262.0, 22905.0, 3877.0, 12618.0, 2422.0, 4712.0, 4276.0]"
"Outros dizem que a atmosfera irá perder seu vapor d'água dentro de 1,1 bilhão (1,1 × 109) de anos, porque o sol se tornará 10% mais quente, e que os oceanos irão evaporar dentro de 3,5 bilhões (3,5 × 109) de anos, quando o sol estiver 40% mais quente.",por,por,"[9819.0, 3609.0, 1867.0, 8635.0, 4976.0, 3112.0, 12436.0, 2987.0, 3336.0, 20320.0, 4330.0, 12203.0, 3184.0, 5219.0, 4975.0]"
"Costa Barros é um bairro da Zona Norte da cidade do Rio de Janeiro, no Brasil. Faz limite com os bairros Pavuna, Anchieta, Guadalupe, Barros Filho, Coelho Neto e Acari. Seu índice de desenvolvimento humano (IDH), no ano 2000, era de 0,713, o 125º colocado entre 126 regiões analisadas na cidade do Rio de Janeiro, melhor apenas que o Complexo do Alemão.",por,por,"[11520.0, 3538.0, 1953.0, 10283.0, 6009.0, 3217.0, 16793.0, 2882.0, 3203.0, 26189.0, 4957.0, 14815.0, 3521.0, 6607.0, 5644.0]"
"As previsões eram um guia para a agricultura, as cheias dos rios e outros fenômenos naturais, sendo depois estendidas para catástrofes decorrentes de ação humana, como guerras.",por,por,"[4900.0, 1202.0, 760.0, 4229.0, 2300.0, 1129.0, 6847.0, 802.0, 1147.0, 10931.0, 1994.0, 6179.0, 1170.0, 2159.0, 2029.0]"
"Novaciano († 258), no século III, certamente, alegou ser Papa, em oposição ao Papa Cornélio, e se Natálio e Hipólito foram excluídos por causa das incertezas em relação às suas reivindicações, Novaciano poderia ser considerado de fato o primeiro antipapa.",por,por,"[9654.0, 2082.0, 1277.0, 7199.0, 5029.0, 2237.0, 12477.0, 1867.0, 2197.0, 16880.0, 3674.0, 10005.0, 2086.0, 4539.0, 3764.0]"
"Ela, porém, tocada por aquele consolo obscuro, feriu mais duramente o peito e arrancando cabelos lançou-os sobre o corpo que jazia. O soldado, no entanto, não recuou, mas com a mesma exortação tentou dar algum alimento à pobre mulher, até que a escrava, seduzida pelo aroma do vinho, primeiro estendeu a mão vencida à humanidade daquele tentador, em seguida, reanimada pela bebida e pelo alimento, começou a lutar contra a obstinação de sua senhora: “De que te servirá tudo isso, disse ela, se te deixares consumir pela inanição, se te sepultares viva, se entregares teu espírito inocente antes que o destino o deseje? Crês que entendem isso as cinzas ou as almas sepultas? [Eneida, IV, 35] Volta a viver! Libera-te desta ilusão feminina! Por todo o tempo que te for concedido, goza o privilégio da luz! O corpo mesmo deste que jaz deve te incitar a viver”. Ninguém ouve de má vontade quando é instigado a tomar alimentos ou a viver. Por isso, a mulher, extenuada pelos vários dias em jejum, consentiu em acabar com sua obstinação, e não menos voraz que sua escrava, que fora a primeira a ceder, saciou-se com o alimento.",por,por,"[40246.0, 8869.0, 5074.0, 31901.0, 16296.0, 8332.0, 53002.0, 5971.0, 8461.0, 80133.0, 15227.0, 46004.0, 7683.0, 16486.0, 13759.0]"
"O México se localiza em uma região de elevada atividade sísmica, onde se encontram várias placas tectônicas: a Norte-Americana, do Pacífico, do Caribe, de Cocos e a microplaca de Rivera, sistema esse que faz parte do Círculo de Fogo do Pacífico, onde ocorre a maioria dos terremotos do planeta. A Placa Norte-America é basicamente composta de granito, menos densa do que as outras, constituída basicamente de rocha basáltica. Por ser mais densa, a Placa de Cocos é forçada pra baixo da Placa Norte-Americana, a uma velocidade de 6,4 centímetros por ano, resultando em sismos e também na formação de vulcões. Nos últimos 100 anos, pelo menos 40 terremotos de magnitude igual ou superior a 7 atingiram o México",por,por,"[22383.0, 5604.0, 3293.0, 19048.0, 9930.0, 5112.0, 30952.0, 4263.0, 5406.0, 49609.0, 8775.0, 29914.0, 5450.0, 10627.0, 9595.0]"
"Localizado no centro histórico da cidade, o edifício é parte do conjunto da Cidade-Quartel Fronteiriça de Elvas e as suas Fortificações, inscrita como Património Mundial da UNESCO.",por,por,"[5578.0, 1379.0, 776.0, 4704.0, 2629.0, 1213.0, 7841.0, 1098.0, 1334.0, 11796.0, 2111.0, 6776.0, 1374.0, 2755.0, 2267.0]"
"Ele depois assinou um contrato de quatro lutas com o UFC, seguido do colapso do Affliction. A primeira luta de Daley era esperada para acontecer no card preliminar no UFC 103 contra Brian Foster, que iria ao ar na ESPN Britânica, antes do card principal. Porém, em 4 de Setembro, foi anunciado que Paul Daley havia aceito de substituir Mike Swick, que havia sofrido uma lesão nos treinos e estava incapaz de lutar contra Martin Kampmann no UFC 103.",por,por,"[12878.0, 3423.0, 2409.0, 10562.0, 5935.0, 3217.0, 16073.0, 2922.0, 3337.0, 26721.0, 5239.0, 15370.0, 3453.0, 6350.0, 5856.0]"
"Apresenta-se com regularidade no Japão, onde, inclusive, foi colaboradora do pianista Mitsuko Uchida e de numerosos quartetos musicais. Também foi colaborada de festivais de verão, como na Áustria e Itália, onde executou trabalhos de Mozart.",por,por,"[7600.0, 1781.0, 1110.0, 6273.0, 3587.0, 1727.0, 10224.0, 1550.0, 1825.0, 15182.0, 3026.0, 9070.0, 1897.0, 3433.0, 3119.0]"
"Ponto 1: cantão direito do chefe (Duhoux D'Argicourt o chama """"ângulo direito do chefe"""" que designa segundo outros autores o ângulo material do escudo);",por,por,"[4645.0, 1357.0, 771.0, 4895.0, 2367.0, 1227.0, 6636.0, 1180.0, 1227.0, 9676.0, 1788.0, 5576.0, 1330.0, 2496.0, 2161.0]"
"Calcona (e os compostos relacionados """"calconóides"""") é uma cetona aromática que forma o núcleo central de uma variedade de compostos biológicos importantes, os quais são conhecidos coletivamente como calconas. Eles apresentam propriedades antibacterianas, antifúngicas, antitumorais e anti-inflamatórias. Algumas calconas demonstram a habilidade de bloquear canais de potássio dependentes de voltagem. Eles também são intermediários na biossíntese de flavonóides, os quais são substâncias muito difundidas em plantas e com uma série de atividades biológicas. Calconas são também intermediários na síntese de Auwers de flavonas.",por,por,"[18155.0, 4986.0, 2684.0, 14739.0, 8617.0, 4637.0, 22650.0, 3880.0, 4648.0, 36430.0, 6998.0, 21058.0, 4735.0, 9120.0, 8117.0]"
"O sucesso da série resultou em um filme longa-metragem lançado em meados de 1996, com o nome de Beavis and Butt-Head Do America (título no Brasil: """"Beavis e Butt-head Detonam a América""""). No filme, a dupla tem seu aparelho de televisão roubado e na busca por uma nova TV acabam se metendo em uma confusão que os levam a cruzar os Estados Unidos, sem saber que eram procurados pela polícia de todo o país.",por,por,"[12255.0, 3376.0, 2297.0, 11034.0, 5901.0, 3123.0, 17218.0, 2690.0, 3245.0, 27558.0, 5064.0, 15282.0, 3339.0, 6022.0, 5486.0]"
"HUTTERER, R. Order Soricomorpha. In: WILSON, D. E.; REEDER, D. M. (Eds.). Mammal Species of the World: A Taxonomic and Geographic Reference. 3. ed. Baltimore: Johns Hopkins University Press, 2005. v. 1, p. 220-311.",bul,por,"[9719.0, 4273.0, 2664.0, 6712.0, 6959.0, 4566.0, 8713.0, 5172.0, 3813.0, 7863.0, 4254.0, 5760.0, 4344.0, 8707.0, 6050.0]"
"Benjamin Kirby Tennyson (Ben)-É um garoto que está sempre tentando ter aventuras alienígenas antes de suas férias terminarem. No dia das férias não gostou da ideia de Gwen passar o verão junto a eles. Quando achou o relógio chamado Omnitrix, não conhecia o nome. Transforma-se no Chama (alien composto por fogo) e queima a floresta.Não gosta de passear no trailer de seu avô Max.Odeia sua prima, não tem amigos na escola.Seu pior vilão é o Vilgax.",por,por,"[12484.0, 3290.0, 2239.0, 10936.0, 5613.0, 2776.0, 16690.0, 2677.0, 3148.0, 27867.0, 4905.0, 15914.0, 3417.0, 6157.0, 5650.0]"
"Durante o período medieval tardio, a Antiga Confederação Helvética (os Oito Cantões) conseguiram a sua independência da Casa de Habsburgo e do Reino da Borganha e, durante as Guerras Italianas, conquistou territórios a sul dos Alpes que pertenciam ao Ducado de Milão. A Reforma Suíça dividiu a Confederação e levou a um longo historial de conflitos internos entre os Treze Cantões no início da Era Moderna. Após a Revolução Francesa, a Suíça foi invadida pela França em 1798 e foi reformada, tendo-se tornado da República Helvética, um estado cliente de França. A Acta de Mediação de Napoleão de 1803 restaurou o estatuto da Suíça como uma Confederação, e, após o final do período napoleónico, a Confederação Suíça passou por um período turbulento que culminou numa curta guerra civil em 1847 e a criação de uma constituição federal em 1848.",por,por,"[31674.0, 7140.0, 4416.0, 25111.0, 14599.0, 6716.0, 41689.0, 5786.0, 6654.0, 57561.0, 11178.0, 33120.0, 6806.0, 13413.0, 11777.0]"
"O Judeu é um filme luso-brasileiro de 1995 dirigido por Jom Tob Azulay, brasileiro, baseado na vida do dramaturgo António José da Silva, dito """"o judeu",por,por,"[5525.0, 1619.0, 935.0, 4837.0, 2938.0, 1497.0, 7512.0, 1479.0, 1451.0, 11479.0, 2345.0, 6570.0, 1579.0, 3369.0, 2645.0]"
"Prepotto é uma comuna italiana da região do Friuli-Venezia Giulia, província de Udine, com cerca de 899 habitantes. Estende-se por uma área de 33 km², tendo uma densidade populacional de 27 hab/km². Faz fronteira com Cividale del Friuli, Corno di Rosazzo, Dolegna del Collio (GO), San Leonardo, San Pietro al Natisone, Stregna.",ita,por,"[18389.0, 4179.0, 2070.0, 11725.0, 7526.0, 3865.0, 23381.0, 4217.0, 3499.0, 21535.0, 5275.0, 13397.0, 4224.0, 8565.0, 6525.0]"
"Cinco anos após a série original, Ben reaparece sem o Omnitrix , até o desaparecimento de seu avô Max, tendo que colocá-lo de volta, reiniciando e dando a Ben um novo conjunto de 10 alienígenas. Junto de Gwen e seu antigo inimigo Kevin eles partem em missões encarando novos vilões e adquirindo novos alienígenas pelo tempo. A série fora originalmente intitulado Ben 10: Hero Generation (em tradução livre: Ben 10: Geração de Heróis). nessa série começa a revolução dos ETs com o lema vem pro espaço.",por,por,"[15046.0, 3978.0, 2603.0, 12428.0, 6652.0, 3635.0, 19452.0, 3277.0, 3930.0, 32355.0, 5995.0, 18746.0, 3913.0, 7406.0, 6779.0]"
"Santo Alberto Magno (c. 1200-1280), em resposta à discussão entre teólogos sobre ser a astrologia """"ciência legítima"""" ou """"arte adivinhatória"""", separou a astrologia das associações pagãs que ganhara no ocaso do Império Romano. Percebeu o valor teológico da ciência e filosofia gregas a árabes e recuperou os ensinamentos esquecidos de Aristóteles.",por,por,"[12474.0, 3126.0, 1830.0, 9990.0, 5705.0, 3159.0, 16945.0, 2817.0, 3034.0, 23660.0, 4646.0, 14251.0, 3211.0, 6430.0, 5344.0]"
"Bongzilla é uma banda de Stoner Rock/Sludge doom formada em Madison, Wisconsin nos Estados Unidos no ano de 1995. Muito do seu material (se não for todo ele) é baseado na cultura da droga, especialmente a canabis. A banda atualmente é contratada da Relapse Records.",por,por,"[7131.0, 2029.0, 1416.0, 6219.0, 3561.0, 1860.0, 9900.0, 1810.0, 1964.0, 15516.0, 2921.0, 8947.0, 2031.0, 3753.0, 3423.0]"
"Ele derrotou Daniel Acacio em um evento do Impact Fighting Championships em Sydney, Austrália. Falando após a vitória, Daley revelou que esperava assinar com o Strikeforce ou DREAM """"em breve.",por,por,"[4705.0, 1359.0, 897.0, 4050.0, 2300.0, 1221.0, 6426.0, 1130.0, 1291.0, 10495.0, 2028.0, 6017.0, 1353.0, 2397.0, 2281.0]"
"Tibur era uma das maiores cidades latinas, mas pouco citada nas fontes antigas. Como Preneste, Tibur pode ter sido, portanto, invadida ou forçada a ficar fora da Liga Latina pelos équos no século V a.C. Lívio relata uma longa guerra entre Tibur e Roma entre 361 e 354 a.C.. Dois triunfos sobre esta guerra estão registrados nos Fastos Triunfais. De uma nota em Diodoro Sículo, é possível que Preneste também estivesse em guerra contra Roma neste período, mas, com exceção de uma citação referente à invasão gaulesa de Preneste em 358 a.C., a cidade não é citada no relato de Lívio no período.",por,por,"[21618.0, 4979.0, 3115.0, 16482.0, 9488.0, 4743.0, 29020.0, 3780.0, 4688.0, 40776.0, 7964.0, 23869.0, 4788.0, 9572.0, 8231.0]"
"Jon, desde criança, sonhava ser um astro de rock. Fez parte das bandas Atlantic City Expressway, Raze e The Wild Ones com o colega David Bryan, antes de montar a Bon Jovi (grafia americanizada para o seu sobrenome italiano, Bongiovi). Jon também trabalhou no Power Station Studios, um estúdio musical no qual seu chefe era Tony Bongiovi, primo de Jon, que tem em seu currículo a produção de Pet Sematary, o maior hit dos Ramones.",por,por,"[11761.0, 2702.0, 2219.0, 9973.0, 5734.0, 2795.0, 16222.0, 2590.0, 2896.0, 23997.0, 4434.0, 14087.0, 3048.0, 6125.0, 5406.0]"
"Nina e Nuno foi uma sitcom exibida no programa Charme com Adriane Galisteu do SBT, sob a condução da apresentadora Adriane Galisteu. Contava as aventuras de Nina e Nuno, um casal de favelados que vivia de expedientes para sobreviver: ele era golpista e ela, profissional de uma casa de massagens. Viviam com seu cachorrinho num barraco onde tudo podia acontecer.",por,por,"[11248.0, 2598.0, 1739.0, 9451.0, 4791.0, 2382.0, 15786.0, 1885.0, 2471.0, 24694.0, 4202.0, 13786.0, 2738.0, 5301.0, 4648.0]"
"Então, ele assinou de Clube Desportivo das Aves de um terceiro período, assinando até o fim da estação com o segundo clube de divisão. Ele afirmou: «estou de volta ao clube do meu coração», sobre a sua chegada. Ele se aposentou em 2010.",por,por,"[7797.0, 2105.0, 1134.0, 6457.0, 3442.0, 1776.0, 10379.0, 1464.0, 1896.0, 16985.0, 3117.0, 9527.0, 1900.0, 3625.0, 3274.0]"
"Farrington, D. P. (1980) Truancy, delinquency, the home and the school. In Hersov, L. and Berg, I. (Eds.) Out of School: Modern Perspectives in Truancy and School Refusal. Chichester: Wiley (pp. 49-63).",tur,por,"[5053.0, 2410.0, 2892.0, 3732.0, 3819.0, 2786.0, 4561.0, 3399.0, 2175.0, 3090.0, 2009.0, 2469.0, 2419.0, 5340.0, 3524.0]"
"Marco Túlio Décula (em latim: Marcus Tullius Decula) foi um político da gente Túlia da República Romana eleito cônsul em 81 a.C. com Cneu Cornélio Dolabela, durante a ditadura de Lúcio Cornélio Sula.",por,por,"[9467.0, 2355.0, 1208.0, 6724.0, 4203.0, 2344.0, 11670.0, 2211.0, 2185.0, 14787.0, 3418.0, 9303.0, 2403.0, 5216.0, 3927.0]"
"Os escritos de peregrinos indicam que o poço de Jacó foi situado dentro de diferentes igrejas construídas no mesmo local ao longo do tempo. Até o 330 d.C., o local tinha sido identificado como o lugar onde Jesus realizou a sua conversa com a mulher samaritana, e foi, provavelmente, a ser utilizado para batismos cristãos. Por 384, uma igreja cruciforme foi construída sobre o local, e é mencionado nos escritos de Jerônimo de Estridão do século IV. Esta igreja foi provavelmente destruída durante as revoltas samaritanas de 484 ou 529. Posteriormente reconstruída por Justiniano, esta segunda igreja da Era Bizantina ainda estava de pé em 720, e, possivelmente, no início do século IX.",por,por,"[21174.0, 4976.0, 3261.0, 16801.0, 9163.0, 4842.0, 27809.0, 3732.0, 4975.0, 43763.0, 8254.0, 25724.0, 4996.0, 9192.0, 8539.0]"
"Em abril de 2001 (poucos dias depois do início da Primavera Negra) foram mortos 43 jovens cabilas. Em julho de 2001, foram baleados 267 jovens, dos quais 50 morreram (18,7%). A comissão Issad nota que """"isso só é comparável a perdas militares em duras batalhas em tempos de guerra. As forças de segurança, ao mesmo tempo e no mesmo lugar não apresentaram nenhum homem ferido por disparos de projetil, nem nenhum morto por disparos.",por,por,"[13713.0, 3648.0, 2231.0, 12145.0, 6634.0, 3371.0, 19307.0, 2611.0, 3536.0, 30206.0, 6109.0, 17552.0, 3360.0, 5973.0, 5605.0]"
"Beaucé é uma comuna francesa na região administrativa da Bretanha, no departamento Ille-et-Vilaine. Estende-se por uma área de 8,18 km². Em 2010 a comuna tinha 1 214 habitantes (densidade: 148,4 hab./km²).",por,por,"[9685.0, 3542.0, 1503.0, 10606.0, 5425.0, 3108.0, 12452.0, 3496.0, 3026.0, 15157.0, 4193.0, 9349.0, 3203.0, 5977.0, 4900.0]"
"CMTec/BM - Centro de Manutenção Tecnológica da Brigada Militar (com suas antenas de radiocomunicação, no ponto mais alto do """"Morro da Assunção"""")",por,por,"[4860.0, 1493.0, 793.0, 3976.0, 2421.0, 1360.0, 6624.0, 1296.0, 1290.0, 9662.0, 1838.0, 5780.0, 1468.0, 2675.0, 2316.0]"
"T. e. isaaci (Bongo-oriental), Habita as florestas subtropicais, encostas das montanhas do Quénia, o seu pelo é escarlate, e o seu estado é criticamente ameaçado.",por,por,"[6683.0, 1661.0, 1146.0, 6133.0, 3452.0, 1747.0, 8631.0, 1727.0, 1562.0, 10789.0, 2321.0, 7248.0, 1810.0, 4076.0, 2938.0]"
"Stephen Midgley, Peter Stevens, Ben Richardson, Paul Gioia & Nicholas Lander: WorldWideWattle - Webseite über die Akazien, mit einem Schwerpunkt auf die australischen Arten.",deu,por,"[3168.0, 1084.0, 1251.0, 2368.0, 5676.0, 1615.0, 3071.0, 2282.0, 1291.0, 2074.0, 1527.0, 1471.0, 1552.0, 3201.0, 2270.0]"
"A partir de 1553 foi realizada uma grande reforma ordenada por D. João III que modificou grandemente o edifício. A fachada foi demolida e uma nova foi construída no século seguinte. Em 1590 foi realizado o retábulo da capela-mor da igreja, em estilo maneirista, pelo pintor Simão Rodrigues. Também no século XVII foi destruído a hospício para a reforma das fortificações de Elvas. No século XVIII o interior foi muito alterado com a colocação de novos altares e azulejos lisboetas nas paredes laterais ilustrando a vida de São Domingos. A cobertura das naves e as bases e capitéis das colunas da igreja também foram modificadas no século XVIII.",por,por,"[19922.0, 4467.0, 2879.0, 16835.0, 8884.0, 4391.0, 27636.0, 3523.0, 4332.0, 42018.0, 7479.0, 23969.0, 4553.0, 8917.0, 8026.0]"
"Em outro exemplo, a campanha pela valorização do povo brasileiro, intitulada “O melhor do Brasil é o brasileiro” caracteriza uma grande união de forças, num modelo de Parceria Público-Privada (PPP). O resultado do esforço de 450 empresas do setor privado junto ao Governo Federal resultou na elevação da autoestima do brasileiro, refletindo diretamente em setores como o de esporte e de turismo.",por,por,"[9644.0, 2438.0, 1573.0, 8783.0, 4375.0, 2336.0, 14886.0, 1601.0, 2376.0, 24283.0, 4161.0, 13448.0, 2518.0, 4194.0, 4154.0]"
"Os personagens eram vividos por Adriane e pelo ator Eduardo Martini. O programa contava ainda com a participação especial do ator Gerson Steves, no papel de Ricardão, um amigo golpista de Nuno. Contava, ainda, com a participação de varios artistas, alguns contratados da emissora e outros, não.",por,por,"[7870.0, 1828.0, 1235.0, 6762.0, 3679.0, 1691.0, 11744.0, 1315.0, 1745.0, 18416.0, 3073.0, 10274.0, 1896.0, 3615.0, 3270.0]"
"O uso desses elementos na Antiguidade foi amplamente disseminado. Escudos de guerreiros, estandartes processionais e emblemas encontrados no Egito, na Pérsia, na Grécia e Roma, entre outros lugares, costumavam apresentar desenhos identificadores. O falcão de Hórus, protetor dos faraós, o leão de Judá, identificador da tribo hebraica, e a águia de Roma, representando o poder imperial, são exemplos famosos, mas pouco se sabe sobre as regras de aplicação dessas decorações e seus significados precisos.",por,por,"[16041.0, 3552.0, 2094.0, 12865.0, 6713.0, 3261.0, 21224.0, 2381.0, 3336.0, 32720.0, 6284.0, 19091.0, 3460.0, 6816.0, 6027.0]"
"Eusébio de Cesareia cita um escritor anónimo que relata que Natálio no início do século III aceitou ser papa de um grupo de hereges em Roma, mas logo se arrependeu e implorou ao Papa Zeferino (199-217) para perdoá-lo e recebê-lo novamente em comunhão. Embora esta circunstância também seja incerta.",por,por,"[11493.0, 2723.0, 1668.0, 9232.0, 5080.0, 2592.0, 15289.0, 2183.0, 2633.0, 21675.0, 4228.0, 13244.0, 2571.0, 5375.0, 4382.0]"
"A astrologia babilônica se dedicava a prever eventos que influenciavam a vida coletiva, através de seu efeito sobre o rei, que personificava o bem-estar do reino. Após a tomada de Alexandria é que a astrologia começou a estudar o homem. O horóscopo mais antigo para uma pessoa data de 20/04/409 a.C.. [carece de fontes?]",por,por,"[10833.0, 2738.0, 1628.0, 8921.0, 4689.0, 2612.0, 14857.0, 2066.0, 2644.0, 23292.0, 4343.0, 13704.0, 2733.0, 4975.0, 4461.0]"
"My Name Is Earl foi uma série de sitcom norte-americana, que foi ao ar originalmente pela NBC no período de 20 de setembro de 2005 a 14 de maio de 2009.",por,por,"[5011.0, 1947.0, 1216.0, 4286.0, 2649.0, 1969.0, 6106.0, 1850.0, 1845.0, 9284.0, 2153.0, 5488.0, 1787.0, 3368.0, 2759.0]"
"Da Rua Dr. Castro de Menezes e seu prolongamento na divisa das águas do lago Guaíba até encontrar a Avenida Copacabana; desta, até a esquina com a Avenida Wenceslau Escobar; desta, até a Rua Dr. Castro de Menezes; desta e seu prolongamento, por uma linha reta e seca, até a margem do lago Guaíba.",por,por,"[9178.0, 2139.0, 1372.0, 7583.0, 4448.0, 2261.0, 12880.0, 1863.0, 2218.0, 20192.0, 3536.0, 11227.0, 2282.0, 4917.0, 3896.0]"
"As origens da heráldica se perdem no tempo e são hoje bastante controversas, mas um panorama evolutivo geral foi bem estabelecido. Desde a pré-história a humanidade dedicou-se a criar imagens simbólicas, que transmitissem informações através de formas plásticas. Isso se revela no mundo da arte, e também na heráldica. Primeiro, acredita-se, surgiram sinais simples, mais tarde evoluindo para composições complexas, abstratas ou figurativas, ou mesclando elementos de ambas.",por,por,"[14476.0, 3357.0, 2092.0, 12087.0, 6765.0, 3011.0, 20630.0, 2245.0, 3227.0, 30965.0, 5643.0, 17660.0, 3062.0, 5816.0, 5457.0]"
"Novidades, como o corps de logis, que toma uma grande amplitude em comparação com as duas alas, ou ainda a parte central monumental, marcam o château. O Palácio do Luxemburgo é o resultado da livre inspiração no Palazzo Pitti (Florença, Itália) pedida por Marie de Médicis que, tendo-se cansado do Palais du Louvre, desejava reencontrar o espírito florentino e a doçura que este lhe evocava, nomeadamente através do emprego das ornamentações de pedra na arquitectura do edifício em vez de uma mistura de tijolo e pedra, como se encontra por exemplo no pavilhão de caça do Château de Versailles.",por,por,"[17895.0, 3724.0, 2648.0, 18506.0, 8509.0, 3718.0, 25743.0, 2889.0, 3686.0, 35849.0, 6751.0, 20387.0, 3919.0, 8448.0, 7032.0]"
"Em agosto de 2017 votou pelo arquivamento da denúncia de corrupção passiva do presidente Michel Temer, cujo índice de aprovação era o pior de um presidente desde a ditadura militar.",por,por,"[5541.0, 1452.0, 873.0, 4794.0, 2759.0, 1402.0, 7830.0, 1157.0, 1369.0, 12127.0, 2298.0, 7052.0, 1473.0, 2737.0, 2464.0]"
"Em 1995, seguindo o mesmo esquema, a Federação Paulista organizou a segunda edição da Supercopa São Paulo de Futebol Júnior, tendo como vitorioso nesta única edição o Palmeiras, que participou como vice-campeão de 1970, ao vencer na final o São Paulo, num jogo que ficou marcado pela batalha campal promovida por facções de torcedores após o jogo, que resultou na morte de um torcedor são-paulino.",por,por,"[11452.0, 3235.0, 1857.0, 10198.0, 5571.0, 2838.0, 17208.0, 2401.0, 3023.0, 27512.0, 4896.0, 15221.0, 3159.0, 5734.0, 5202.0]"
"Castro, F., Herrera, M.I., Ron, S., Coloma, L.A. & Lynch, J. 2004. Eleutherodactylus celator. 2006 IUCN Red List of Threatened Species. Dados de 22 de Julho de 2007",por,por,"[7124.0, 3123.0, 2203.0, 5725.0, 4138.0, 3046.0, 7737.0, 3363.0, 2637.0, 8101.0, 2893.0, 6806.0, 3009.0, 6185.0, 4304.0]"
"Após exaustivas turnês pelo mundo, a banda voltou ao estúdio para gravar o álbum seguinte New Jersey (chamado originalmente de Sons Of Beaches e planejado como um álbum duplo). New Jersey também foi um estrondoso sucesso, vendendo praticamente tanto quanto Slippery When Wet e rendendo mais turnês, que contaram com participações esporádicas de astros como Elton John, Lita Ford, Eric Burden (The Animals), Jimmy Page (Led Zeppelin), Bruce Dickinson (Iron Maiden), Dee Snider (Twisted Sister), Joe Elliot (Def Leppard), Scorpions etc.",por,por,"[13494.0, 3854.0, 2826.0, 11000.0, 7347.0, 3715.0, 17308.0, 3725.0, 3752.0, 26244.0, 5660.0, 15030.0, 3894.0, 7779.0, 6827.0]"
"Bem servido de transportes durante o dia, com a Estação Costa Barros, que é uma das paradas do Ramal Belford Roxo da Supervia, também é atendido pelo sistema metroviário da capital fluminense através da Estação Engenheiro Rubens Paiva e também por uma linha de ônibus regular para o Centro (385), uma para a Grande Tijuca (665), duas para o bairro de Cascadura (773 e 778) e uma para o bairro de Bonsucesso (920). Seus principais acessos são as estradas do Botafogo e Camboatá e as ruas José Arantes de Mello e Javatá. Todos os transportes públicos, no entanto, encerram seus serviços antes de meia noite.",por,por,"[17977.0, 4659.0, 2949.0, 15886.0, 8860.0, 4570.0, 26243.0, 3734.0, 4730.0, 42309.0, 7535.0, 23496.0, 5085.0, 9505.0, 8081.0]"
"Benjiman """"Benji"""" Daniel Schwimmer (18 de janeiro de 1984, Newport Beach, Califórnia) foi o ganhador da segunda temporada do reality show So You Think You Can Dance, programa destinado a procurar o melhor dançarino dos Estados Unidos. Benji é um dançarino profissional, coreógrafo e ator. Após vencer no programa, passou a ajudar nas coreagrafias das versões seguintes, além de ser o diretor artístico de Paula Abdul.",por,por,"[10829.0, 3363.0, 2315.0, 9283.0, 5996.0, 3341.0, 14293.0, 3105.0, 3367.0, 21955.0, 4462.0, 12792.0, 3404.0, 6557.0, 5638.0]"
"A temperatura do molde deve ser controlada, devido parâmetros como acabamento da peça, tensões internas, contração e estabilidade dimensional. Para um controle eficiente, é preciso que os canais de aquecimento estejam projetados de maneira que se tenha uma distribuição uniforme de calor por todo o molde. Essa uniformidade da temperatura do molde é essencial para materiais cristalinos, para se ter uma boa uniformidade da cristalização do material e, assim uma boa estabilidade dimensional do moldado.",por,por,"[12071.0, 2777.0, 1769.0, 10190.0, 5439.0, 2539.0, 17139.0, 1702.0, 2682.0, 27499.0, 4618.0, 15402.0, 2943.0, 5064.0, 4991.0]"
"Três anos depois, Zurique revoltou-se contra o poder dos Habsburgos, embora só aderisse à Confederação em 1351. Esta foi um dos mais importantes aliados, pois Zurique detinha uma população de 12000 habitantes, uma das maiores da região, na altura.",por,por,"[8473.0, 2214.0, 1341.0, 7612.0, 4639.0, 1953.0, 11534.0, 1771.0, 2035.0, 17545.0, 3460.0, 10091.0, 2075.0, 3801.0, 3535.0]"
"Em 9 de Abril de 1927, entrou ao serviço o troço até à Estação de São Bartolomeu da Serra, que passou a servir provisoriamente a vila de Santiago do Cacém. No entanto, esta situação provocava alguns problemas no transporte, uma vez que os carros de passageiros e mercadorias eram obrigados a percorrer cerca de 10 km de estrada desde a vila até à estação de São Bartolomeu. No dia 1 de Julho de 1929, abriu o tramo seguinte, até ao Apeadeiro de Cumeadas.",por,por,"[15561.0, 3617.0, 2286.0, 13346.0, 6824.0, 3509.0, 21052.0, 2826.0, 3682.0, 32662.0, 6009.0, 18743.0, 3605.0, 6943.0, 6264.0]"
"Segundo dados do Instituto Nacional de Meteorologia (INMET), referentes ao período de 1961 a 1966 (até 30 de junho), a menor temperatura registrada em Olinda foi de 19 °C em 2 de setembro de 1965, e a maior de 32,3 °C em 8 de abril de 1966. O maior acumulado de precipitação em 24 horas foi de 184,3 mm em 20 de janeiro de 1961. Outros grandes acumulados foram 183,7 mm em 6 de junho de 1962, 122,3 mm em 29 de abril de 1963, 114,4 mm em 14 de julho de 1961, 113,5 mm em 29 de março de 1961, 108 mm em 3 de março de 1964 e 105 mm em 4 de maio de 1964. O menor índice de umidade relativa do ar foi de 53%, em 15 de setembro de 1961.",por,por,"[29085.0, 10988.0, 6010.0, 24618.0, 14784.0, 9840.0, 39733.0, 8975.0, 9724.0, 60270.0, 13954.0, 35914.0, 9253.0, 15459.0, 14138.0]"
"Na segunda temporada, a audiência do programa começou a declinar, apresentando uma média de quase nove milhões de telespectadores por episódio, caindo dezoito posições - de 40º para 58º - no ranking dos programas mais assistidos dos Estados Unidos. No entanto, o seriado era um dos favoritos da crítica e das premiações e acabou sendo renovado para uma terceira temporada. A queda se acentuou na terceira temporada, obtendo o seriado 7,3 milhões de telespectadores por episódio, despencando dezessete posições na lista dos programas mais assistidos. Em sua quarta e última temporada, a audiência do programa caiu ainda mais, obtendo um pouco mais de 6 milhões de telespectadores por episódio. Entretanto, como a televisão aberta estadunidense enfrentou queda acentuada em seus índices de audiência no mesmo período, o programa avançou para a 59ª posição no ranking dos mais assistidos dos Estados Unidos.",por,por,"[24549.0, 6669.0, 3909.0, 20595.0, 10288.0, 5478.0, 33011.0, 4455.0, 6156.0, 55163.0, 9732.0, 31206.0, 5912.0, 10324.0, 10213.0]"
"Mesophyllum schenckii Howe, 1934 é o nome botânico de uma espécie de algas vermelhas pluricelulares do gênero Mesophyllum, subfamília Melobesioideae.",por,por,"[5031.0, 1694.0, 1074.0, 4506.0, 3026.0, 1621.0, 5982.0, 1803.0, 1497.0, 7518.0, 2014.0, 4508.0, 1633.0, 3774.0, 2618.0]"
"A maneira mais popular para beber Awamori é misturá-lo com água e servi-lo com gelo. No entanto, ele também pode ser bebido puro, on the rocks (apenas com gelo), e em coquetéis. Tradicionalmente, a bebida é servida em um kara-kara, um pequeno recipiente de barro com uma pequena bolinha de argila no seu interior. Essa bolinha faz um barulho (daí o nome onomatopeico kara-kara) para informar quem está se servindo do líquido de que o vasilhame está vazio, porque era considerado rude tentar servir bebida de um recipiente que já não contém mais bebida, já que o awamori era uma bebida cara e preciosa. Esses recipientes ainda são encontrados em Okinawa, mas frequentemente não se usam mais as bolinhas de argila.",por,por,"[21080.0, 5472.0, 3262.0, 16523.0, 8970.0, 4871.0, 25695.0, 4317.0, 5430.0, 44528.0, 7735.0, 24477.0, 5452.0, 9714.0, 9278.0]"
"Atualmente exibida no Brasil pelo Cartoon Network. Ben recebe um novo Omnitrix, com novas transformações.Esta versão é a original, ele protótipos ao longo de sua jornada, foi começada a ser produzida logo quando ganhou seu primeiro Omnitrix No entanto, este Omnitrix ainda está em fase de testes e nem sempre fornece ao Ben a transformação no alien que ele pediu, transformando-o em outra coisa, o que cria situações engraçadas para o nosso herói. O traço do desenho mudou um pouco e incomodou alguns fãs (Ben e demais personagens aparecem sem pupilas nos olhos). O diretor e criador dessa temporada de ben 10 e Willy Junior Yuri Lowenthal, Greg Cipes e Ashley Johnson (dubladores da segunda e terceira série) continuaram com seus papéis como Ben, Gwen e Kevin, respectivamente, assim como foi em Alien Force e Ultimate Alien.Em Ben 10: Omniverse háverá 6 logotipos: Ben 10: Omniverse Um Novo Começo; Ben 10: Omniverse A Vingança de Malware; Ben 10: Omniverse Invasão Ben 10: Omniverse Duelo das Duplicatas; Ben 10: Omniverse Monstros Galácticos;le liméro de ben 10 je vulévor ben10 Ben 10: Omniverse Os Torcedores do Mal",por,por,"[33752.0, 9044.0, 6461.0, 27783.0, 15355.0, 8308.0, 44351.0, 7955.0, 8922.0, 70894.0, 13452.0, 40451.0, 9340.0, 17671.0, 16034.0]"
"A Liga dos Campeões da UEFA de 2010–2011 foi a 56ª edição do principal torneio europeu de clubes de futebol. A final foi jogada no dia 28 de Maio de 2011, no Estádio Wembley, em Londres, na Inglaterra, sendo vencida pela equipe do Futbol Club Barcelona frente ao Manchester United, pelo placar de 3 gols a 1.",por,por,"[11242.0, 3746.0, 1829.0, 9022.0, 5649.0, 3371.0, 14180.0, 3163.0, 3319.0, 21464.0, 4816.0, 12642.0, 3583.0, 6468.0, 5679.0]"
"Abuna Ioustinos, um padre ortodoxo grego muito respeitado em Nablus, posteriormente liderou um enorme projeto de reconstrução. O poço de Jacó já foi restaurado e uma nova igreja construída de acordo com o antigo projeto da igreja da Era dos Cruzados, abrigando o poço dentro dela em uma cripta em um nível inferior.",por,por,"[9485.0, 2192.0, 1401.0, 7401.0, 4427.0, 2315.0, 12004.0, 1656.0, 2252.0, 18865.0, 3856.0, 10889.0, 2383.0, 4569.0, 3923.0]"
"Também foi lançado a realização nas categorias Sub-17 e Sub-19 da competiçãoː Campeonato Brasileiro Interclubes de Voleibol de Praia, cuja primeira edição está prevista para 2018, onde competirão duplas e quartetos em ambos os naipes.",por,por,"[6992.0, 2034.0, 1087.0, 5952.0, 3256.0, 1658.0, 9835.0, 1458.0, 1717.0, 15241.0, 2738.0, 8634.0, 1819.0, 3179.0, 2879.0]"
"Balls foi Assessor-Chefe Econômico do Tesouro (1997-2004), Secretário Econômico do Tesouro (2006-07) e atuou como Secretário de Estado para Crianças, Escolas e Famílias no governo de Gordon Brown, de 2007 a 2010. Ele era Chanceler do Tesouro Paralelo , no momento de sua derrota eleitoral, o que foi descrito por Larry Elliott do The Guardian como o """"Momento Portillo"""" da eleição.",por,por,"[12556.0, 4159.0, 2439.0, 10768.0, 6400.0, 3940.0, 17189.0, 3522.0, 3849.0, 27434.0, 5266.0, 15979.0, 3855.0, 7020.0, 6335.0]"
"O Estádio Egidio Pietrobelli esta localizado no bairro Butiatuvinha e pertence ao clube do futebol amador de Curitiba, a Sociedade Operária Beneficente Iguaçu.",por,por,"[5170.0, 1269.0, 706.0, 3915.0, 2452.0, 1201.0, 7094.0, 1030.0, 1144.0, 10215.0, 1838.0, 5823.0, 1413.0, 2826.0, 2232.0]"
"Em 15 de Abril de 2010, """"Acapella"""" estreou na Irish Singles Chart no número 30 e dois dias depois, estreou no Reino Unido em número de cinco tornando-se cantor sexto hit top-five a no UK Singles Chart. Ela também estreou no número um na parada dance britânica.",por,por,"[8579.0, 2578.0, 1465.0, 6936.0, 3774.0, 2275.0, 10501.0, 2023.0, 2395.0, 16440.0, 3170.0, 9732.0, 2435.0, 4280.0, 3950.0]"
"Vírus"""" é um single do Iron Maiden, lançado em 1996. É o primeiro single desde 1980 """"Women in Uniform"""", que não aparece em nenhum álbum oficial de estúdio do Iron Maiden. Foi, no entanto, caracterizado como um novo circuito de retrospectiva da carreira da banda. É a única canção do Iron Maiden a ser creditada aos dois guitarristas da banda.",por,por,"[9774.0, 2900.0, 1784.0, 8047.0, 4948.0, 2657.0, 11957.0, 2510.0, 2838.0, 19338.0, 4199.0, 11002.0, 2740.0, 5051.0, 4728.0]"
"A volta de Beavis e Butt-Head era só um rumor. Depois, a TV americana MTV confirmou a volta deles. De acordo com a MTV, 30 novos episódios estão sendo escritos por Mike Judge. Os novos episódios estrearam nos Estados Unidos e no Canadá no dia 27 de outubro de 2011, e foram considerados um sucesso com 3.3 milhões de telespectadores.",por,por,"[9702.0, 2844.0, 1852.0, 8443.0, 4763.0, 2600.0, 13409.0, 2211.0, 2759.0, 20594.0, 4077.0, 11867.0, 2729.0, 4943.0, 4468.0]"
"No século XIX o palácio foi extensamente remodelado, com uma nova fachada para o jardim, obra de Alphonse de Gisors realizada entre 1836 e 1841), e um ciclo de pinturas, realizado entre 1845 e 1847 por Eugène Delacroix, o qual foi adicionado à biblioteca.",por,por,"[8737.0, 2530.0, 1721.0, 9263.0, 4457.0, 2371.0, 12253.0, 2337.0, 2162.0, 17016.0, 3568.0, 10271.0, 2373.0, 4698.0, 3988.0]"
"O último casamento de Patti foi em 1899, com o barão Rolf Cederström (1870-1947), um presunçoso, mas elegante. Aristocrata sueco, o barão reduziu a vida social de Patti. Ele reduziu as funcionárias domésticas drasticamente: de 40 para 18, mas a deu devoção e apoio, o que ela tanto precisava. Após a sua morte, ele casou-se com uma mulher mais nova. A única filha deles, Brita Yvonne Cederström (1924) acabou sendo a única herdeira de Patti. Patti não teve nenhum filho, mas teve muito contato com sobrinhos e sobrinhas. Patti LuPone, atriz e cantora que venceu o Prêmio Tony da Broadway é a sua sobrinha neta e homônima. O baterista Scott Devous é seu sobrinho-neto em terceiro grau.",por,por,"[22856.0, 6324.0, 4009.0, 18720.0, 11322.0, 5902.0, 30000.0, 5396.0, 6081.0, 47202.0, 9418.0, 27047.0, 6269.0, 11751.0, 10360.0]"
Marina Piccinini (1968) é uma flautista virtuosa ítalo-americana. É conhecida por suas performances em composições de Mozart e Bach e com grandes orquestras e maestros.,por,por,"[5977.0, 1399.0, 924.0, 4693.0, 2759.0, 1313.0, 8318.0, 1356.0, 1322.0, 10119.0, 2130.0, 6080.0, 1541.0, 2837.0, 2443.0]"
"A cantora também foi convidada a cantar no Ídolos de Portugal. Lá, ela performou a canção All I Want For Christmas Is You. original de Mariah Carey, onde ainda afirmou que estava na Califórnia gravando um cd.",por,por,"[5883.0, 1523.0, 1150.0, 5004.0, 2822.0, 1469.0, 7922.0, 1224.0, 1465.0, 12658.0, 2352.0, 7163.0, 1594.0, 2963.0, 2662.0]"
"O Hospital de Caridade (HC), cujo nome oficial é Imperial Hospital de Caridade (IHC), é um hospital filantrópico de Florianópolis, localizado no Centro. É o hospital mais antigo da cidade e do estado de Santa Catarina, além de ficar numa localização simbólica e ser parte de tradições religiosas da cidade.",por,por,"[7731.0, 2136.0, 1235.0, 7167.0, 3744.0, 1902.0, 11455.0, 1600.0, 1987.0, 18267.0, 3218.0, 10260.0, 2064.0, 3852.0, 3468.0]"
"Faz-se também estimativas da fração da população de cada categoria de transgressor que será condenado, a qual se mostra impressionantemente constante pelos coortes de nascimento.",por,por,"[4374.0, 1028.0, 651.0, 3732.0, 1934.0, 1009.0, 6026.0, 765.0, 989.0, 9621.0, 1659.0, 5489.0, 966.0, 1945.0, 1696.0]"
"Nos primórdios da Heráldica, formas retilíneas muito simples e com traço grosso eram pintadas nos escudos. Estas poderiam ser facilmente reconhecidas à distância e lembradas. Assim, serviam ao propósito-mor da Heráldica: identificação. À medida que escudos mais complexos passaram a ser usados, estas formas grossas foram separadas numa categoria à parte, as peças. Elas funcionam como figuras, e sempre são descritas primeiro na brasonaria. A menos que seja expressamente especificado de outra forma, elas se estendem de borda a borda do campo. Existem peças de primeira ordem (oras chamadas honrarias, embora este vocábulo seja por vezes usado como sinônimo de peça) e segunda ordem (ordinárias).",por,por,"[21537.0, 4663.0, 2983.0, 17886.0, 9366.0, 4269.0, 28493.0, 3321.0, 4577.0, 43644.0, 7692.0, 25911.0, 4330.0, 8767.0, 7868.0]"
"Desde o fim de sua carreira musical em 1982, Van Vliet fez poucas aparições em público, preferindo uma vida tranquila na sua casa no Deserto de Mojave, e concentrando-se na sua carreira como pintor. Seu interesse por arte vinha desde sua infância, quando já demonstrava aptidão para escultura. Sua arte é denominada como """"abstrata-expressionista estética neo-primitiva"""", e tem recebido bom reconhecimento internacional.",por,por,"[12109.0, 2998.0, 1887.0, 9839.0, 5316.0, 2618.0, 16602.0, 2251.0, 2807.0, 25669.0, 4647.0, 15008.0, 2988.0, 5005.0, 4980.0]"
"Durante sua atuação no CSDD, conduziu um dos mais longos e extensos estudos já realizados sobre delinquência juvenil e criminalidade na vida adulta. Farrington pertence ao grupo de criminologistas teóricos que possuem uma perspectiva multidimensional para explicar a raiz dos comportamentos criminosos, e que acreditam que existem vários fatores concorrentes para que isso ocorra, como o social, pessoal e econômico, e que a relevância desses fatores variam dependendo da região territorial em que esse indivíduo vive. Nos últimos anos, Farrington tem pesquisado sobre técnicas para controle de crimes, prevenção de crimes e aplicação da lei.",por,por,"[15525.0, 3587.0, 2324.0, 13066.0, 6898.0, 3307.0, 22258.0, 2285.0, 3446.0, 35415.0, 6157.0, 20394.0, 3536.0, 6190.0, 6211.0]"
"Em 381 a.C., Túsculo estava quase que inteiramente cercada por territórios romanos e sua anexação era um passo lógico para Roma. Além de aumentar o território e a população romana, a anexação tinha o benefício adicional de separar Tibur e Preneste das cidades nos montes Albanos. Túsculo então tornou-se o primeiro municipium romano, uma cidade auto-governada de cidadãos romanos. Alguns historiadores modernos argumentam que este episódio seria uma invenção ou uma retrojeção de eventos posteriores. Cornell (1995), Oakley (1998) e Forsythe (2005) aceitam que a incorporação de Túsculo, em 381 a.C., como histórica. Lívio e outros escritores posteriores retrataram a anexação de Túsculo como um ato benevolente, mas este ponto de vista reflete, provavelmente, a época dos escritores, na qual a cidadania romana era algo que todos desejavam. No século IV a.C., quando as cidades latinas lutavam para manter a independência de Roma, este seria um ato agressivo. Eventos posteriores revelam que Túsculo ainda não estava seguramente nas mãos romanas. No período romano, os magistrados mais altos de Túsculo tinham o título de edil, mas é possível, como alega Lívio, que, em 381 a.C., Túsculo era de fato governada por um ditador.",por,por,"[36471.0, 9420.0, 5803.0, 28852.0, 16134.0, 8559.0, 48336.0, 6787.0, 9178.0, 73237.0, 14189.0, 42266.0, 8844.0, 16572.0, 15154.0]"
"Blossfeldia liliputana é uma espécie de cacto nativa da América do Sul, no noroeste da Argentina, e sul da Bolívia. Vegeta entre 1.200 - 3.500 m de altitude nos Andes, normalmente crescendo sobre fendas de rochas frequentemente próxima a quedas d'água.",por,por,"[8702.0, 2510.0, 1474.0, 7268.0, 4653.0, 2327.0, 11430.0, 2119.0, 2298.0, 16740.0, 3425.0, 10376.0, 2429.0, 4693.0, 3950.0]"
"Nos fundos do Hospital fica o Cemitério da Irmandade do Senhor Jesus dos Passos, uma remanescência de antes de existirem os cemitérios municipais, quando as igrejas e capelas tinham seu próprio cemitérios. Neste estão enterrados muitos membros da Irmandade, o que inclui nomes famosos da cidade e do estado.",por,por,"[9126.0, 2120.0, 1269.0, 7771.0, 4247.0, 2039.0, 12607.0, 1524.0, 2027.0, 20415.0, 3414.0, 11686.0, 2179.0, 4307.0, 3723.0]"
"A K-League de 2001 foi a 19º edição da principal divisão de futebol na Coreia do Sul, a K-League. A liga começou em março e terminou em novembro de 2001.",por,por,"[5493.0, 2463.0, 1128.0, 4875.0, 2957.0, 2104.0, 7257.0, 2247.0, 2461.0, 11064.0, 2409.0, 6459.0, 2250.0, 3730.0, 3188.0]"
"A Suíça assinou um acordo de comércio livre com a Comunidade Económica Europeia em 1972 e participou no processo de integração europeia através de tratados bilaterais, mas é conhecida principalmente por ter resistido por completo à ascensão da União Europeia (UE), apesar de estar rodeada por estados que pertencem à mesma desde 1995.",por,por,"[10702.0, 2625.0, 1597.0, 9377.0, 5051.0, 2426.0, 14374.0, 2123.0, 2560.0, 21101.0, 4211.0, 12215.0, 2469.0, 4887.0, 4394.0]"
"Cada episódio mostra histórias curtas focadas em uma dupla de adolescentes em fase pós-puberdade, chamados Beavis e Butt-Head, que moram e estudam na cidade fictícia de Highland, que parece estar localizada em algum ponto do sul da América do Norte. Nos episódios, existem interrupções que mostram Beavis e Butt-Head assistindo videoclipes e fazendo piadas sobre eles.",por,por,"[9801.0, 2637.0, 1762.0, 8340.0, 4578.0, 2348.0, 12974.0, 2122.0, 2522.0, 22100.0, 3850.0, 12512.0, 2631.0, 4653.0, 4443.0]"
"Awamori deve a sua existência ao histórico de negociação de Okinawa com o Sudeste Asiático, originando-se da bebida tailandesa Lao Khao. A técnica de destilação utilizada para produzir o awamori chegou à ilha vindo da Tailândia (anteriormente reino de Sião), no século XV, e todo awamori é feito de arroz tailandês. Os okinawanos refinaram o processo de destilação, incorporando outras técnicas e tornando-o mais afinado em relação ao clima subtropical da região e incorporando o mofo koji local na produção.",por,por,"[15275.0, 3944.0, 2338.0, 12545.0, 6722.0, 3713.0, 20805.0, 3372.0, 3799.0, 31748.0, 5608.0, 18171.0, 4526.0, 7121.0, 6934.0]"
"A partir do Vasco, chegou à Seleção Brasileira, pela qual disputou 9 partidas. Na Copa do Mundo de 1954, foi reserva de Djalma Santos. Deixou de ser convocado para a Copa de 1958 porque, no início daquele ano, quebrou uma perna num jogo contra o Flamengo pelo Torneio Rio-São Paulo.",por,por,"[9450.0, 2665.0, 1533.0, 8483.0, 4602.0, 2508.0, 13558.0, 2157.0, 2385.0, 20933.0, 3999.0, 12150.0, 2539.0, 4989.0, 4125.0]"
"Awamori tem normalmente 30 a 43% de álcool por volume, ainda que marcas feitas para exportação (incluindo marcas que enviam seus produtos para as ilhas principais do Japão) terem em geral em torno de apenas 25% de álcool. Alguns tipos (hanazake, especialmente) chegam a 60% de álcool por volume, e são líquidos altamente inflamáveis. O awamori é envelhecido em tradicionais potes de cerâmica, para realçar seu sabor e para que amadureça.",por,por,"[13097.0, 3979.0, 2227.0, 10970.0, 6155.0, 3561.0, 16966.0, 3818.0, 3970.0, 26995.0, 4988.0, 15552.0, 3980.0, 6858.0, 6306.0]"
"Foi reeleito deputado federal, em 2006, com 111.472 votos. Novamente eleito para a Câmara dos Deputados, com 149.693 votos, foi o quarto mais votado do estado em 2010.",por,por,"[7048.0, 2251.0, 1273.0, 6396.0, 3527.0, 1942.0, 10287.0, 1875.0, 2049.0, 15211.0, 3195.0, 8878.0, 2063.0, 3481.0, 3203.0]"
"O Bongo é um antílope herbívoro que habita o território africano, principalmente nas regiões de florestas tropicais com vegetação rasteira. O animal é caracterizado por uma camada marrom- avermelhada com marcações em preto e branco e listras em amarelo e branco. A espécie é uma das únicas de antílopes em que os dois sexos possuem chifres. Estes, variam de 75 cm a 100 cm. O animal que atinge 1,3 m de altura e quase 3 m de comprimento, corre poucos riscos de extinção, porém seu habitat vem sendo destruído por regiões agrícolas e de corte descontrolado da madeira. O animal também sofre com a caça pela sua carne. Uma característica do animal é que quando eles andam em bandos, normalmente de até 10 indivíduos, eles raramente se comunicam através de sons. Por isto, é considerado um animal tímido. A alimentação consiste em folhas, arbustos, cipós, frutos e miolos de árvores. Sua imensa língua facilita na busca de alimentos pelas florestas. O macho acasala com uma única fêmea. O período de gestação é de 282 a 287 dias. Os filhotes são deixados sozinhos após o nascimento, permanecendo no solo, para evitar o ataque de predadores. A mãe retorna para se relacionar com a cria para tratá-la após este período. O bongo atinge a maturidade sexual entre os 20 e 30 meses de idade.",por,por,"[40536.0, 10120.0, 6166.0, 35072.0, 17684.0, 9126.0, 56012.0, 6864.0, 9394.0, 90311.0, 15745.0, 51265.0, 9930.0, 18036.0, 16985.0]"
"Cálato (em latim: κάλαθος; transl.: kálathos; em latim: Calathus) era, na Grécia Antiga, um cesto feito de vime ou junco para guardar novelos de lã ou para carregar frutos, flores e queijo. Como fiar era uma das principais atividades das mulheres, são muitos os vasos gregos que retratam o cesto no interior do gineceu. Por extensão do sentido, cálato também é o nome de um vaso para armazenar leite.",por,por,"[13891.0, 3407.0, 1992.0, 11003.0, 6261.0, 3364.0, 18036.0, 2726.0, 3387.0, 26837.0, 5447.0, 16152.0, 3443.0, 7065.0, 5649.0]"
"A coenzima A é composta de elementos diferentes: um nucleótido, o difosfato de adenosina (ADP), uma vitamina (a B5, ácido pantotênico) e um aminoácido, a cisteína, ligeiramente modificados pela ligação entre eles.",por,por,"[8486.0, 2090.0, 1134.0, 6728.0, 3910.0, 2061.0, 10251.0, 1844.0, 1976.0, 14859.0, 3240.0, 8921.0, 2202.0, 4337.0, 3997.0]"
"Ela já apareceu em várias séries de TV, incluindo CSI: Crime Scene Investigation como """"Kaitlin Rackish"""" em 2004, CSI: NY como """"Jenny Lee"""" em 2005, Stacked como """"Jasmine"""" em 2005, Freddie como """"Sydney"""" em 2005 e How I Met Your Mother como """"Meg"""", em 2007. Ela assumiu o papel de """"Natasha"""" em All Roads Lead Home, um filme de 2008 sobre uma garota de 12 anos que perde sua mãe em um acidente automobilístico.",por,por,"[12799.0, 5058.0, 3415.0, 10767.0, 7512.0, 5045.0, 14750.0, 5169.0, 5027.0, 22395.0, 5878.0, 13025.0, 4834.0, 9056.0, 7267.0]"
"A contra pressão é a pressão que se opõe ao retorno da rosca durante a dosagem do material. Quanto maior essa contra pressão, mais dificuldade a rosca terá para retornar, causando assim, um aumento no cisalhamento do material.",por,por,"[5858.0, 1356.0, 888.0, 5140.0, 2671.0, 1283.0, 8314.0, 936.0, 1347.0, 13222.0, 2098.0, 7445.0, 1360.0, 2573.0, 2402.0]"
"Viveu permanentemente em Nova Iorque até 2002, quando se mudou para a Áustria, após ter ficado traumatizada com os ataques terroristas de 11 de setembro, mas ainda mantém uma residência na cidade norte-americana.",por,por,"[7069.0, 1826.0, 1079.0, 6241.0, 3291.0, 1681.0, 9956.0, 1379.0, 1752.0, 14979.0, 2796.0, 8877.0, 1714.0, 3240.0, 2949.0]"
"O Tour de France 1919, foi a décima terceira versão da competição realizada entre os dias 29 de junho e 27 de julho de 1919. A competição aconteceu sete meses após a assinatura do Armistício da Grande Guerra.",por,por,"[6708.0, 2138.0, 1206.0, 7006.0, 3543.0, 1908.0, 9396.0, 1804.0, 1903.0, 13225.0, 2810.0, 7912.0, 1988.0, 3287.0, 3109.0]"
"O Grande Cisma do Ocidente - que começou em 1378, quando os cardeais franceses, afirmando que a eleição do Papa Urbano VI seria inválida, elegeram Clemente VII como papa - levaram a criação de dois antipapas, um em Avinhão (Clemente VII fixou residência em Avinhão, França), e Pisa. O último antipapa mencionado foi eleito na cidade de Pisa, Itália, como Alexandre V. Posteriormente, o Papa Martinho V foi eleito e aceito por toda a Igreja. A partir do Reforma Católica no século XVI cessou a existência de antipapas.",por,por,"[17468.0, 3950.0, 2467.0, 13903.0, 7342.0, 3909.0, 24142.0, 3166.0, 4054.0, 35042.0, 6518.0, 19617.0, 3871.0, 7790.0, 6807.0]"
"Os mucker tornaram-se um grupo socialmente isolado, que não bebia, não fumava e não usava dinheiro para as trocas comerciais. Eles encontraram no sectarismo e no fundamentalismo religioso uma resposta às condições de miserabilidade em que viviam. Jacobina era vista por seus seguidores como uma nova Jesus Cristo e passou a ser a porta-voz dos menos favorecidos.",por,por,"[10231.0, 2336.0, 1473.0, 8395.0, 4526.0, 2108.0, 13964.0, 1560.0, 2246.0, 22421.0, 3994.0, 12891.0, 2239.0, 4339.0, 4017.0]"
"Patricio tenta estar perto de seu filho e com Soledade, coisa que Alice não se agrada de todo e pensa em tirar Soledade do caminho: por sua parte, Candy descobre a relação que tinha sua amiga Soledade com Patricio e lhe diz que Beto é irmão de Vavá. Depois Patricio também descobre que Candy está viva e trata de voltar com ela. Candy, depois de um tempo, aceita a relação mas termina pouco tempo depois, porque está confusa com seus sentimentos por Patricio.",por,por,"[12642.0, 2850.0, 2029.0, 10771.0, 5388.0, 2592.0, 17870.0, 1918.0, 2763.0, 29230.0, 4860.0, 16877.0, 2840.0, 5362.0, 4845.0]"
"Inaugurado em 15 de agosto de 1953 como a casa do Esporte Clube Água Verde, em agosto de 1971 passou a ser patrimônio do Esporte Clube Pinheiros, pois o Água Verde adotou novo nome e novas cores.",por,por,"[6632.0, 2015.0, 1124.0, 5858.0, 3172.0, 1727.0, 9793.0, 1599.0, 1861.0, 14955.0, 2796.0, 8835.0, 1939.0, 3337.0, 2945.0]"
"Em novembro de 2009, lançam o álbum """"The Circle"""" que vai direto para os primeiros lugares das paradas, com músicas que lembram os melhores momentos da banda como """"when we were beatifull e """"Love´s the Only Rule"""" e consagrando o Bon Jovi com a turnê mais lucrativa do mundo em 2009 e 2010.[carece de fontes?]",por,por,"[9891.0, 3099.0, 2108.0, 8520.0, 5097.0, 2793.0, 13218.0, 2822.0, 2856.0, 20426.0, 3976.0, 11639.0, 3006.0, 5581.0, 4814.0]"
"Junto à avenida Guaíba está situada a chamada """"Vila dos Pescadores"""", originalmente formada por pescadores vindos da ilha da Pintada após a enchente de 1941. As famílias trouxeram para a comunidade da Vila Assunção a tradição da pesca artesanal. Em julho de 2011, a vila dos Pescadores completou 70 anos de história.",por,por,"[9316.0, 2582.0, 1543.0, 8588.0, 4709.0, 2469.0, 13866.0, 2089.0, 2429.0, 21487.0, 3956.0, 12334.0, 2655.0, 4732.0, 4241.0]"
"O Museu Romântico pretende ser a reconstituição do interior de uma casa da burguesia abastada de Oitocentos, período tão característico da cidade do Porto. Aqui passou os seus últimos dias, exilado, Carlos Alberto, rei do Piemonte e da Sardenha, que aqui veio a falecer a 28 de Julho de 1849.",por,por,"[10742.0, 2404.0, 1522.0, 8763.0, 4574.0, 2361.0, 14785.0, 1909.0, 2296.0, 21297.0, 4058.0, 12271.0, 2464.0, 4953.0, 4166.0]"
"De acordo com o United States Census Bureau tem uma área de 37,4 km², dos quais 37,3 km² cobertos por terra e 0,1 km² cobertos por água. Hershey localiza-se a aproximadamente 155 m acima do nível do mar.",por,por,"[7513.0, 3189.0, 1321.0, 5903.0, 3798.0, 2690.0, 8903.0, 2633.0, 2837.0, 13872.0, 3261.0, 8067.0, 2760.0, 4578.0, 3979.0]"
"A segunda corrida acontece no domingo e o grid é decidido pelo resultado de sábado com top 8 sendo invertido, sendo assim, o piloto que obteve o oitavo lugar no sábado, larga na pole position e o vencedor sai da oitava posição.",por,por,"[6313.0, 1538.0, 1027.0, 5595.0, 2937.0, 1418.0, 9232.0, 1153.0, 1523.0, 14839.0, 2440.0, 8454.0, 1544.0, 2921.0, 2692.0]"
"A distância de cada corrida é decidida antes de cada evento, entretanto deve-se correr o número determinado de voltas dentro do tempo limite de 30 minutos. Não sendo completado o número de voltas, vence quem receber a bandeirada ao final do tempo.",por,por,"[7347.0, 1702.0, 1100.0, 5726.0, 3048.0, 1536.0, 9376.0, 1190.0, 1666.0, 15470.0, 2641.0, 9112.0, 1623.0, 2809.0, 2704.0]"
"A família de Jacobina já tinha um histórico de envolvimento em contendas religiosas na Alemanha. Os avós imigraram para o Brasil fugindo de perseguições religiosas (ambos deixaram a igreja evangélica e a escola e estabeleceram uma comunidade religiosa independente com mais seis ou sete famílias, o que culminou na sua perseguição). Em seu encontro com a imperatriz Leopoldina, o avô de Jacobina confidenciou-lhe que viera para o Brasil fugindo da repressão religiosa na Alemanha, e a imperatriz lhe garantiu que no Brasil eles teriam garantida a liberdade de culto.",por,por,"[15707.0, 3572.0, 2315.0, 13053.0, 7630.0, 3353.0, 21628.0, 2602.0, 3499.0, 35109.0, 6083.0, 19736.0, 3601.0, 6722.0, 6245.0]"
"Lapampasaurus cholinoi é uma espécie de dinossauro da família Hadrosauridae. É a única espécie descrita para o gênero Lapampasaurus. Seus restos fósseis foram encontrados na formação Allen, província de La Pampa, Argentina, e datado do Cretáceo Superior (do final do Campaniano ao início do Maastrichtiano).",por,por,"[9747.0, 2800.0, 1644.0, 8116.0, 4485.0, 2741.0, 12283.0, 2451.0, 2605.0, 18066.0, 3883.0, 10919.0, 2869.0, 5967.0, 4809.0]"
"Daley pediu desculpa por seus atos após voltar ao Reino Unido, dizendo que Koscheck havia provocado-o empurrando-o na grade, mas isso não """"há desculpa"""" para uma """"decisão precipitada."""" Ele foi suspendido por 30 dias pela Comissão Atlética de Quebec.",por,por,"[7466.0, 2223.0, 1277.0, 6512.0, 3485.0, 1959.0, 9797.0, 1730.0, 2043.0, 16485.0, 3046.0, 9443.0, 2046.0, 3708.0, 3408.0]"
"Fairy Tail Gaiden: Kengami no Souryuu (Spin-off de Fairy Tail, contada na perspectiva de Sting, Rougue, Minerva, Yukino e dos outros membros da guilda Sabertooth)",por,por,"[4887.0, 2080.0, 1184.0, 4178.0, 2823.0, 2032.0, 5847.0, 2914.0, 2285.0, 6112.0, 1652.0, 4215.0, 2471.0, 4697.0, 3209.0]"
"De modo geral, para determinar a pressão de injeção ideal, inicia-se a injeção com pressão baixa e aumentar gradualmente até se obter peças de boa qualidade.",por,por,"[4357.0, 1134.0, 659.0, 3758.0, 2090.0, 1041.0, 6019.0, 785.0, 1090.0, 9443.0, 1626.0, 5524.0, 1140.0, 1940.0, 1885.0]"
"Então, em 1862, durante uma turnê americana, ela cantou Home, Sweet Home de John Howard Payne na Casa Branca para o Presidente dos Estados Unidos, Abraham Lincoln e sua esposa, Mary Lincoln. Os Lincolns estavam de luto pela morte de seu filho Willie, que havia morrido de tifo. Emocionados com a interpretação, os Lincoln pediram bis da música. Esse fato tornou-se característica de Patti e ela, em todos seus recitais e concertos, cantava uma música bonus.",por,por,"[12343.0, 3274.0, 2150.0, 10395.0, 5870.0, 3292.0, 15825.0, 2650.0, 3369.0, 26041.0, 5061.0, 14563.0, 3390.0, 6012.0, 5745.0]"
"A área da Vila Assunção, Vila Conceição, Sétimo Céu, as duas primeiras quadras do bairro Tristeza mais próximas ao lago Guaíba e a Pedra Redonda, é considerada a primeira praia balneária da cidade de Porto Alegre, tendo sido muito procurada por compradores a partir da década de 1940. Normalmente, os moradores das ruas Duque de Caxias e Coronel Fernando Machado, no Centro Histórico da cidade, bem como dos bairros Independência e Moinhos de Vento, e do outrora nobre entorno do parque da Redenção, tinham residências de fim-de-semana e balneário na região.",por,por,"[16029.0, 3884.0, 2399.0, 14012.0, 7681.0, 3822.0, 23296.0, 3080.0, 3909.0, 37018.0, 6416.0, 20354.0, 4148.0, 8518.0, 6926.0]"
"Douilly é uma comuna francesa na região administrativa da Picardia, no departamento de Somme. Estende-se por uma área de 9,88 km². Em 2010 a comuna tinha 263 habitantes (densidade: 26,6 hab./km²).",por,por,"[8438.0, 3139.0, 1310.0, 9093.0, 4695.0, 2716.0, 10815.0, 3001.0, 2675.0, 13618.0, 3652.0, 8356.0, 2799.0, 5054.0, 4244.0]"
"Tom Fogerty ingressou na carreira musical em 1958. Assim como seu irmão John Fogerty, participava de uma banda de rock, denominada Spider Webb and the Insects, a qual chegou a assinar contrato com a gravadora Del-Fi Records cancelado pouco tempo depois em 1959.",por,por,"[7371.0, 2069.0, 1653.0, 6189.0, 3646.0, 2030.0, 9914.0, 2128.0, 2089.0, 14371.0, 2910.0, 8541.0, 2136.0, 4118.0, 3509.0]"
"Coid, J., Yang, M., Ullrich, S., Romilly, C., Gunn, J., Moffitt, T.E. and Farrington, D.P. (2005) Childhood Antecedents of Personality Disorder and Psychopathy in",tur,por,"[4582.0, 2655.0, 2294.0, 3946.0, 3756.0, 2595.0, 4162.0, 3163.0, 2038.0, 2994.0, 1882.0, 2405.0, 2421.0, 4928.0, 3505.0]"
"Faz fronteira a norte e a este com a Suíça (Cantão do Tessino), a este com a província de Como, a sul com a província de Milão e Província de Monza e Brianza e a oeste com a região do Piemonte (província de Novara e província do Verbano Cusio Ossola).",por,por,"[11980.0, 2293.0, 1336.0, 8204.0, 4786.0, 2188.0, 15881.0, 2036.0, 2141.0, 18588.0, 3709.0, 11093.0, 2417.0, 4804.0, 4068.0]"
"A órbita de 2009 DO143 tem uma excentricidade de 0,123 e possui um semieixo maior de 44,105 UA. O seu periélio leva o mesmo a uma distância de 38,681 UA em relação ao Sol e seu afélio a 49,529 UA.",por,por,"[9879.0, 3404.0, 1833.0, 8096.0, 4858.0, 3138.0, 12211.0, 3286.0, 3336.0, 18479.0, 4288.0, 10916.0, 3162.0, 5911.0, 5124.0]"
"Kabaena é uma ilha da Indonésia no mar das Flores com área de 873 km², na província de Celebes do Sudeste. Fica a sul de Celebes (Sulawesi).",por,por,"[5591.0, 1570.0, 809.0, 4527.0, 2804.0, 1672.0, 7049.0, 1570.0, 1504.0, 10249.0, 2247.0, 5804.0, 2111.0, 3294.0, 2826.0]"
"Durante o filme, trechos da cantiga de Freddy aparecem escritos em várias partes, mas a parte do ¨sete, oito, fique acordado¨ não aparece em lugar algum, sugerindo uma possível edição.",por,por,"[5614.0, 1225.0, 818.0, 4521.0, 2463.0, 1112.0, 7793.0, 870.0, 1180.0, 12101.0, 2064.0, 7243.0, 1191.0, 2194.0, 2113.0]"
"Segundo o censo norte-americano de 2000, a sua população era de 1064 habitantes. Em 2006, foi estimada uma população de 1047, um decréscimo de 17 (-1.6%).",por,por,"[7453.0, 2894.0, 1252.0, 6067.0, 3743.0, 2374.0, 9598.0, 2414.0, 2445.0, 13377.0, 3069.0, 8406.0, 2492.0, 4072.0, 3725.0]"
"A maior multidão presente para assistir a um evento no Scottrade Center foi de 22.612 visitantes, o que aconteceu duas vezes durante a Missouri Valley Conference Tournament em 2007, conhecida como Arch Madness.",por,por,"[5241.0, 1682.0, 1167.0, 4510.0, 2719.0, 1651.0, 6921.0, 1455.0, 1684.0, 10903.0, 2299.0, 6328.0, 1596.0, 2873.0, 2593.0]"
Les... borgnes sont rois é um filme de drama em curta-metragem estadunidense de 1974 dirigido e escrito por Michel Leroy e Edmond Séchan. Venceu o Oscar de melhor curta-metragem em live action na edição de 1975.,por,por,"[6689.0, 2217.0, 1295.0, 9226.0, 3806.0, 2070.0, 9940.0, 2161.0, 1927.0, 12845.0, 2928.0, 7914.0, 2101.0, 4247.0, 3423.0]"
"Katie foi anunciada como uma das protagonistas da série americana Faking It, da MTV, que estreou em 22 de abril de 2014. Katie interpreta Karma, uma adolescente que para ser notada na escola inicia um romance gay de mentira com sua melhor amiga, Amy, interpretada por Rita Volk.",por,por,"[7364.0, 2157.0, 1433.0, 6454.0, 3511.0, 2023.0, 9802.0, 1820.0, 2055.0, 15632.0, 3023.0, 9025.0, 2176.0, 4038.0, 3548.0]"
"Em Maio de 1933, a estação já tinha sido concluída. Situava-se originalmente a cerca de 300 m de distância da vila, e tinha acesso por um largo construído na estrada de Ermidas-Sado a Sines.",por,por,"[7162.0, 1806.0, 1073.0, 6107.0, 3342.0, 1631.0, 9652.0, 1493.0, 1756.0, 14503.0, 2744.0, 8485.0, 1659.0, 3091.0, 2798.0]"
"Até a década de 1960, as competições de voleibol no Brasil só ocorriam em nível estadual, sem nenhuma competição nacional. Até 1978 também era disputada a Taça Brasil, um torneio que só reunia equipes dos estados do Rio de Janeiro, São Paulo e Minas Gerais.",por,por,"[7453.0, 2191.0, 1272.0, 6867.0, 3767.0, 1865.0, 11097.0, 1568.0, 2028.0, 17934.0, 3273.0, 10178.0, 2087.0, 3622.0, 3339.0]"
"Nas duplas, a decisão sem cabeças de chave no masculino premiou, pela primeira vez, o norte-americano Ryan Harrison e o neo-zelandês Michael Venus. A americana Bethanie Mattek-Sands e a tcheca Lucie Safarova levantaram o quinto troféu de torneio Grand Slam, sendo este o segundo Roland Garros da parceria. Nas mistas, mais debutantes: a canadense Gabriela Dabrowski e o experiente indiano Rohan Bopanna.",por,por,"[12563.0, 3286.0, 2017.0, 10643.0, 6484.0, 3559.0, 16110.0, 2884.0, 3086.0, 23757.0, 5067.0, 13472.0, 3627.0, 7605.0, 5983.0]"
"Em 508 a.C., Lars Porsena, rei de Clúsio, na época considerada a mais poderosa cidade da Etrúria, partiu de Roma depois de encerrar sua guerra contra Roma com um tratado de paz. Porsena dividiu suas forças e enviou parte do exército clúsio com seu filho Aruns para cercar a cidade latina de Arícia. Os aricianos pediram ajuda da Liga Latina e também da cidade grega de Cumas. Quando a ajuda chegou, o exército ariciano saiu da muralha e os exércitos combinados enfrentaram as forças clúsias em combate. Segundo Lívio, os clúsios inicialmente arrasaram os aricianos, mas as tropas cumanas permitiram o avanço clúsio e depois os atacaram pela retaguarda, conseguindo a vitória. Segundo Lívio, o exército clúsio foi destruído.",por,por,"[25966.0, 5722.0, 3312.0, 19271.0, 10323.0, 5300.0, 33470.0, 4091.0, 5525.0, 49018.0, 9088.0, 28683.0, 5700.0, 11462.0, 9666.0]"
"Este filme fascinante conta a história de uma estudante que mora com a mãe viúva e estuda astronomia na universidade. Do outro lado da rua, mora Stella com o marido e a filha. Haris o estudante, acompanha a vizinha pelo seu telescópio e pouco a pouco começa a ficar obcecado por ela. Haris começa a afastar-se cada vez mais dos amigos e mergulha na vida de Stella.",por,por,"[11007.0, 2428.0, 1664.0, 9202.0, 4574.0, 2299.0, 14981.0, 1739.0, 2538.0, 24635.0, 4198.0, 14037.0, 2615.0, 4632.0, 4360.0]"
"Apesar disso, alguns dias depois confirmou-se que as negociações entre a 20th Century Fox e a TBS estavam em """"estágio preliminar"""". A TBS decidiria, no prazo de um dia, se iria encomendar a produção de 13 episódios ou não. Dois dias depois, foi revelado que o acordo com a TBS foi impossibilitado devido à incapacidade da emissora em fazer um acordo sem """"minar seriamente a integridade artística da série"""". Em seguida, um porta-voz da 20th Century Fox anunciou que o seriado estava """"oficialmente morto"""".",por,por,"[14140.0, 3846.0, 2430.0, 12541.0, 6514.0, 3131.0, 19887.0, 2770.0, 3677.0, 32321.0, 5660.0, 18033.0, 3424.0, 6244.0, 6081.0]"
"Os álbuns mais bem vendidos no total em 2008 foi o álbum Exile Love do grupo de R&B Exile, lançado ao final de 2007, que vendeu mais de 1.470.000 cópias. O segundo álbum mais bem vendido foi Best Fiction de Namie Amuro, que vendeu mais de 1.447.000 cópias, seguido pela banda de pop folk Kobukuro, com o álbum 5296, com quase 1.405.000 de álbuns vendidos. O quarto e quinto álbum mais vendido foram Exile Catchy Best de Exile e Heart Station da cantora pop Hikaru Utada respectivamente. Exile Catchy Best vendeu mais de 1.222.000 copias, enquanto Heart Station vendeu um pouco mais de 997.000 cópias.",por,por,"[20766.0, 9208.0, 4699.0, 18147.0, 11031.0, 7477.0, 26275.0, 8719.0, 9024.0, 40423.0, 9078.0, 24208.0, 8756.0, 12608.0, 12071.0]"
"Copérnico (seu trabalho sobre o heliocentrismo foi conhecido devido a um astrólogo - Reticus - que o imprimiu e acrescentou, com o consentimento do autor, um capítulo sobre Astrologia), Paracelso (botânico), Nostradamus, Tycho Brahe (médico e astrônomo), Galileu, Kepler e Newton estudaram e usaram a astrologia.",por,por,"[11422.0, 2494.0, 1563.0, 8455.0, 4962.0, 2413.0, 13826.0, 2013.0, 2401.0, 20203.0, 4746.0, 11889.0, 2374.0, 5086.0, 4343.0]"
"Melor manteve sua intensidade por cerca de 30 horas antes de começar a se enfraquecer lentamente em 15 de outubro, assim que o ciclone começou na seguir para noroeste. Melor deixou de ser um super tufão, segundo o JTWC, na madrugada de 6 de outubro, assim que suas áreas de convecção associadas começaram a ser afetadas negativamente pelos fortes ventos do oeste. Ao mesmo tempo, Melor começou a seguir mais para norte assim que alcançou a borda oeste da alta subtropical que o guiava. Naquela noite, Melor começou a ser afetado por cisalhamento do vento assim que passou abaixo do jato subtropical, na altura do paralelo 26°N, assim que seguia para norte. Com isso, Melor ficou mais assimétrico e começou a se enfraquecer mais rapidamente. Melor começou a sofrer transição extratropical na tarde de 7 de outubro, assim que começava a se interagir com a forte zona baroclínica situada aos arredores do Japão. Ao mesmo tempo, o tufão se enfraquecia rapidamente devido às condições meteorológicas mais desfavoráveis, como águas oceânicas mais frias. Mais tarde naquele dia, Melor fez landfall na costa de Honshu, Japão, a oeste de Tóquio, com ventos de até 140 km/h. Logo em seguida, no início da madrugada (UTC) de 8 de outubro, a AMJ desclassificou Melor para uma tempestade tropical severa devido ao contínuo enfraquecimento do ciclone. Poucas horas depois, o JTWC também desclassificou Melor para uma tempestade tropical assim que seu centro ciclônico ficou exposto, livre de nuvens. Ao mesmo tempo, Melor já apresentava sinais de frontogênese, indicando contínua transição para um ciclone extratropical.",por,por,"[47203.0, 13277.0, 7750.0, 39781.0, 21045.0, 11311.0, 61719.0, 9573.0, 12485.0, 104433.0, 18603.0, 58286.0, 12638.0, 22693.0, 21646.0]"
"É decretado pela rainha, Majestade Excelentíssima por e com o conselho e consentimento do Lords espirituais e temporais, e Comuns, neste atual Parlamento montado, e pela autoridade do mesmo, é como se segue:",por,por,"[7157.0, 1610.0, 966.0, 5952.0, 3278.0, 1578.0, 9322.0, 1204.0, 1552.0, 12965.0, 2418.0, 7611.0, 1462.0, 3454.0, 2746.0]"
"Na ginástica olímpica, Mary Lou Retton se tornou a primeira norte-americana a conquistar o ouro da prova geral da competição, mesmo com a presença na disputa das romenas, tradicionais medalhistas da ginástica.",por,por,"[6088.0, 1439.0, 868.0, 4852.0, 3049.0, 1425.0, 8060.0, 1180.0, 1398.0, 11830.0, 2463.0, 6913.0, 1499.0, 2958.0, 2634.0]"
"Em 2010, regravou Flute Sonatas of J.S. Bach em colaboração com o Brazil Guitar Duo, que também venceu um concurso na mesma escola que ela havia estudado 20 anos antes.",por,por,"[5082.0, 1500.0, 1103.0, 4784.0, 2747.0, 1449.0, 7059.0, 1344.0, 1486.0, 10939.0, 2180.0, 6393.0, 1540.0, 2740.0, 2493.0]"
"A heráldica floresceu por longos séculos com imenso prestígio, e depois de um período de declínio, recentemente voltou a ser popular. Analisando o caso do Reino Unido, cuja heráldica nobiliárquica é famosa em todo o mundo e ainda é sujeita ao controle oficial, disse Fox-Davies: """"Seria uma tolice e um erro afirmar que a posse de um brasão de armas nos dias de hoje tenha perdido toda a dignidade que lhe foi associada nos dias de antigamente"""". Isso porque foi sempre associada a prestígio, poder e status, um costume que tem raízes muito antigas e solidamente cravadas no imaginário e na cultura da nação, que se formou sobre os fundamentos do feudalismo, um sistema de domínio e servidão.",por,por,"[22176.0, 4870.0, 3066.0, 17595.0, 9489.0, 4588.0, 29174.0, 3397.0, 4803.0, 45482.0, 8580.0, 26002.0, 4675.0, 9327.0, 8494.0]"
"Se o detentor das armas tiver o título de barão, cavaleiro hereditário ou maior, ele pode ostentar um coronel de nobreza em seu escudo. Enquanto no Reino Unido ele aparece entre o escudo e o elmo, na heráldica continental costuma estar aboletado acima do timbre.",por,por,"[7967.0, 1799.0, 1199.0, 6789.0, 3956.0, 1608.0, 10817.0, 1268.0, 1722.0, 17031.0, 2968.0, 9874.0, 1766.0, 3683.0, 3192.0]"
"Chacón, Alfonso (1677). Vitae et res gestae Pontificum romanorum et S.R.E. Cardinalium. ab initio nascentis Ecclesiae vsque ad Clementem IX P.O.M. (em latim). Roma: Tomus Tertius",ita,por,"[10518.0, 2475.0, 1389.0, 7250.0, 5604.0, 3215.0, 12226.0, 3921.0, 2615.0, 8157.0, 3064.0, 6866.0, 2852.0, 7225.0, 4004.0]"
"Jacobina Mentz nasceu duas décadas após a chegada dos pais e avós ao Brasil e foi criada na atual Novo Hamburgo, no Rio Grande do Sul, em uma comunidade rural composta por imigrantes alemães religiosos, luteranos e católicos. Os avós de Jacobina foram os responsáveis pela construção da primeira igreja protestante do sul do Brasil. Em 26 de abril de 1866, casou-se com João Jorge Maurer, também filho de imigrantes alemães. No mesmo ano, o casal mudou-se de Novo Hamburgo para Ferrabraz, no atual município de Sapiranga.",por,por,"[14009.0, 3809.0, 2455.0, 12963.0, 8281.0, 3657.0, 21027.0, 3060.0, 3767.0, 33882.0, 6159.0, 18794.0, 3983.0, 7218.0, 6655.0]"
"O terremoto fez com que alguns edifícios na Cidade do México tremessem, levando algumas pessoas a serem evacuadas. Contudo, os danos na capital mexicana se resumiram a muros caídos. Cerca de um milhão de mexicanos ficaram sem energia elétrica. Na vizinha Guatemala, também foram registrados apagões e mais de uma centena de habitações sofreram danos. A cidade de Juchitán foi a mais afetada pelo tremor, onde mais de 100 edifícios vieram abaixo, dentre elas um hotel e o palácio municipal. Outras 7 mil casas sofreram danos na cidade. Em Tuxtla Gutiérrez, capital do estado de Chiapas, muitas estruturas, a maioria antigas, foram danificadas.No geral, cerca de 1000 casas foram totalmente destruídas e outras 500 danificadas em Chiapas. Já em Pijijiapan, apesar de ser a cidade mais próxima do epicentro, ocorreram apenas rachaduras em imóveis mais antigos. No Estado de Veracruz, 205 habitações sofreram danos, sendo que 17 ficaram irrecuperáveis. Escolas foram fechadas em várias regiões do país.",por,por,"[28602.0, 7146.0, 4735.0, 24867.0, 13055.0, 6758.0, 40189.0, 5235.0, 6873.0, 66483.0, 11993.0, 38913.0, 7012.0, 13002.0, 11947.0]"
"Com a aceitação em larga escala das regras de heráldica, com sua associação principal com a elite (onde se incluíam a nobreza e o alto clero), as instituições e os Estados, e com sua importância em termos de hereditariedade, prestígio e estatuto social — brasões foram e são considerados parte do patrimônio do ente contemplado e parte de sua imagem pública —, surgiu a necessidade de legalizar e controlar os brasões concedidos e eliminar as repetições ou usurpações. Assim começaram a aparecer os reis de armas, arautos ou heraldos, altos funcionários régios que se responsabilizavam pelo registro dos brasões em listas ou catálogos oficiais e pelo desenho de novas armas.",por,por,"[19613.0, 4305.0, 2724.0, 16368.0, 8635.0, 3927.0, 27766.0, 2803.0, 4155.0, 42586.0, 7445.0, 24167.0, 4101.0, 7975.0, 7422.0]"
"Segundo o censo americano de 2000, a sua população era de 110 habitantes. Em 2006, foi estimada uma população de 112, um aumento de 2 (1.8%).",por,por,"[6042.0, 2361.0, 1097.0, 5181.0, 3141.0, 1962.0, 8005.0, 2044.0, 2082.0, 11516.0, 2589.0, 7221.0, 2088.0, 3305.0, 3107.0]"
"Kirkup veio à atenção do público em 1977, depois de um jornal Gay News ter publicado o seu poema The Love That Dares to Speak Its Name (o Amor que se atreve a dizer o seu nome), no qual o centurião romano descreve a sua luxúria e atracção a um Jesus crucificado. O jornal foi processado com sucesso no caso Whitehouse contra Lemon, assim como o editor, Dennos Lemon, por blasfémia caluniosa sob o Blasphemy Act de 1697, por Mary Whitehouse, na altura Secretária da National Viewers' and Listeners' Association (Associação Nacional de Espectadores e Ouvintes).",por,por,"[17426.0, 4703.0, 3387.0, 13866.0, 8623.0, 4964.0, 21417.0, 4335.0, 4660.0, 32492.0, 6553.0, 18286.0, 4665.0, 9512.0, 7842.0]"
"Durante sua fase madura, nas décadas de 1870 e 1880, Patti mostrou-se uma cantora mais empreendedora, provando ser uma boa atriz nos papéis líricos, demonstrando muita emoção, como em Gilda em Rigoletto, Leonora de Il trovatore, o papel título de Semiramide e Violeta em La traviata. Ela nunca interpretou papéis veristas já que essas obras tornaram-se populares apenas no fim de sua carreira, durante o fim do século XIX.",por,por,"[15636.0, 3436.0, 2238.0, 12396.0, 6765.0, 3250.0, 22059.0, 2823.0, 3214.0, 29116.0, 5589.0, 17283.0, 3689.0, 6891.0, 6264.0]"
"Max Tennyson (Max)-Foi um encanador mas teve que se aposentar pela idade. Leva Ben e Gwen para passar férias em seu trailer, a Lata Velha.Quando o relógio ficou preso no pulso de Ben revelou ser um Encanador que protegia a terra dos alienígenas. Gosta de pescar e de Charlenne a quem inventou o Omnitrix junto com Azmuth.",por,por,"[9709.0, 2427.0, 1723.0, 8300.0, 4311.0, 2168.0, 13073.0, 2128.0, 2373.0, 21103.0, 3576.0, 12139.0, 2529.0, 4704.0, 4183.0]"
"É sede de um município com 321,96 km² de área e 5 750 habitantes (2011), subdividido em 10 freguesias. O município é limitado a oeste e noroeste pelo município de Montalegre, a leste por Chaves, a sueste por Vila Pouca de Aguiar, a sul por Ribeira de Pena e a sudoeste por Cabeceiras de Basto. O concelho foi criado em 1836 por desmembramento de Montalegre.",por,por,"[13919.0, 4178.0, 2196.0, 12595.0, 7201.0, 3816.0, 19496.0, 3626.0, 3953.0, 29752.0, 5892.0, 16940.0, 4017.0, 7695.0, 6542.0]"
"Farrington, D. P. (1998b) O desenvolvimento do comportamento anti-social e ofensivo desde a infancia ate a idade adulta. (The development of offending and antisocial behaviour from childhood to adulthood). Temas Penitenciarios, series II, 1, 7-16. Partly reprinted (in English) in: Cordella, P. and Siegel, L. (1996, Eds.) Readings in Contemporary Criminological Theory. Boston: Northeastern University Press (pp. 107-120).",por,por,"[10949.0, 4237.0, 4192.0, 8340.0, 6296.0, 4127.0, 12623.0, 4700.0, 3705.0, 14002.0, 4259.0, 9347.0, 3752.0, 8308.0, 5927.0]"
"Caindo acidentalmente nas mãos de Ben Tennyson, o Omnitrix e sua posterior versão o Superomnitrix (Ultimatrix, no original) são o elemento central da série. Eles são dispositivos alienígenas de tecnologia nível 20 desenvolvido por Azmuth, que transforma o usuário em qualquer uma de uma série de seres alienígenas.",por,por,"[9119.0, 2214.0, 1484.0, 7370.0, 3829.0, 1988.0, 12155.0, 1896.0, 2204.0, 18168.0, 3372.0, 10708.0, 2219.0, 4368.0, 3966.0]"
A colocação individual nos rankings de duplas masculinas e femininas ajudam a definir os cabeças de chaves nestas categorias e também na de mistas.,por,por,"[4103.0, 954.0, 594.0, 3283.0, 1737.0, 902.0, 5373.0, 683.0, 923.0, 8556.0, 1494.0, 4966.0, 963.0, 1796.0, 1608.0]"
"A Área de Comando Central foi um de vários comandos geográficos criados pela Real Força Aérea Australiana (RAAF) durante a Segunda Guerra Mundial. Foi formada em Março de 1940, e cobria a porção central de Nova Gales do Sul. Com quartel-general em Sydney, a Área de Comando Central foi responsável pela defesa aérea, reconhecimento aéreo e protecção aérea da orla costeira dentro da sua área de comando. Foi dissolvida em Agosto de 1941 e as suas unidades foram distribuídas por outros comandos da RAAF. Apesar de ter havido propostas entre 1943 e 1944 para voltar a estabelece-la, nenhuma foi concretizada.",por,por,"[17596.0, 4952.0, 3117.0, 14205.0, 8129.0, 4573.0, 23428.0, 3872.0, 4649.0, 37778.0, 6926.0, 21611.0, 4670.0, 8094.0, 7836.0]"
"Itapetininga é o maior município da região sul do estado de São Paulo, sendo considerado um grande centro urbano para moradores de toda região.",por,por,"[3463.0, 897.0, 574.0, 3151.0, 1822.0, 839.0, 5249.0, 700.0, 862.0, 7967.0, 1414.0, 4334.0, 996.0, 1947.0, 1625.0]"
É um mito popular na Universidade da Califórnia em San Diego (aonde Judge estudou) que as aparências de Beavis & Butt-Head foram baseadas no corpo docente do Departamento de Física. Os nomes de seus prováveis inspiradores são David Kleinfeld e James Branson.,por,por,"[6423.0, 1847.0, 1258.0, 5683.0, 3358.0, 1737.0, 8659.0, 1528.0, 1802.0, 14311.0, 2722.0, 8214.0, 1882.0, 3613.0, 3155.0]"
"Balls nasceu em Norwich e foi educado na escola primária de Bawburgh em Norwich, escola primária de Crossdale Drive em Keyworth, Nottinghamshiree, em seguida, no internato para meninos de Nottingham High School, onde tocava o violino. Leu Filosofia, Política e Economia no Keble College, Oxford, onde se formou com honras de primeira classe — de acordo com John Rentoul em The Independent — à frente de David Cameron. Mais tarde, participou da John F. Kennedy School of Government, de Harvard, onde foi bolsista com especialização em Economia.",por,por,"[13490.0, 3775.0, 2780.0, 11030.0, 6628.0, 3907.0, 16358.0, 3277.0, 3706.0, 26065.0, 5364.0, 14485.0, 3859.0, 7435.0, 6699.0]"
"A coroa e o pacote associado de prêmios passaram para a segunda colocada, Charlotte Sheffield de Utah, enquanto as três outras finalistas subiram uma posição e a semi-finalista melhor pontuada, Kathryn Gabriel de Ohio, foi promovida a quinta colocada. No entanto, à época da grande publicidade dada ao escândalo, o júri preliminar do Miss Universo também classificava (no qual, ironicamente, Gage tinha sido escolhida semi-finalista pelos jurados, colocando-a na competição enquanto as acusações contra ela eram investigadas), no entanto Sheffield era inelegível para o concurso - a única vez em que os Estados Unidos ficaram sem representação no Miss Universo. Mais tarde, Sheffield foi enviada a Londres como representante americana no Miss Mundo 1957, mas não se classificou.",por,por,"[19125.0, 4992.0, 3273.0, 15913.0, 7975.0, 4276.0, 25612.0, 3440.0, 4805.0, 42756.0, 7435.0, 23776.0, 4572.0, 8157.0, 7945.0]"
"Por volta do ano 1000, os índios tapuias que habitavam a região foram expulsos para o interior do continente pela chegada de povos tupis procedentes da Amazônia. No século XVI, quando chegaram os primeiros europeus à região, ela era ocupada pela tribo tupi dos caetés. Localizada no atual estado de Pernambuco, é uma das mais antigas cidades brasileiras, tendo sido fundada (ainda como um povoado) em 1535 pelo primeiro donatário da Capitania de Pernambuco, o português Duarte Coelho. Duarte fez tudo pelo desenvolvimento da terra: fundou o primeiro engenho de açúcar, desenvolveu a agricultura e estabeleceu um livro de tombo.",por,por,"[17435.0, 4284.0, 2728.0, 15269.0, 8415.0, 3962.0, 25752.0, 3159.0, 4139.0, 40952.0, 7050.0, 22919.0, 4343.0, 8386.0, 7713.0]"
"Apesar do boicote, que mais uma vez prejudicou o nível técnico de várias modalidades dominadas pelos europeus do leste e pelos cubanos, Los Angeles foi candidata única para sede destes Jogos, devido ao receio geral provocado pelos grandes prejuízos econômicos sofridos por Montreal em seus Jogos de 1976 - recebeu a presença de um número recorde de atletas, 6.829 (1566 mulheres, outro recorde) de 140 países e teve cobertura de mais de 9.000 jornalistas de todo mundo.",por,por,"[14185.0, 3827.0, 2334.0, 12638.0, 6453.0, 3514.0, 20038.0, 2678.0, 3614.0, 31358.0, 6033.0, 18457.0, 3629.0, 6535.0, 6162.0]"
"Ela morou com o tenor francês Ernesto Nicolini (1834-1898) por muitos anos, logo após o divórcio com Caux, quando ela casou com ele em 1886. O casamento durou até a morte do tenor em 1898 e foi um casamento aparentemente feliz.",por,por,"[8505.0, 2438.0, 1586.0, 7958.0, 4182.0, 2203.0, 11899.0, 2248.0, 2200.0, 16350.0, 3503.0, 9644.0, 2376.0, 4312.0, 3753.0]"
"No início de 1915 foi inaugurado, no bairro Batel, o estádio do Paraná Sport Club. O espaço era arrendado e de propriedade do empresário Ernesto Bentson, dono da cervejaria Providência. Com a extinção do Paraná S.C., o Palestra Itália Futebol Clube passou a utilizar o estádio para mandar os seus jogos e em 1932, o local passou a ser denominado de Estádio Palestra Itália.",por,por,"[11133.0, 2989.0, 1895.0, 9746.0, 5695.0, 2792.0, 16383.0, 2373.0, 2851.0, 25931.0, 4695.0, 14587.0, 3116.0, 5715.0, 4946.0]"
Prêmio Sellin Gleck (Sellin Gleck Award) Farrington pela Sociedade Americana de Criminologista (1984) com o pelas suas contribuições na área da criminologia.,por,por,"[4674.0, 1546.0, 873.0, 3820.0, 3113.0, 1581.0, 6146.0, 1586.0, 1603.0, 8917.0, 1987.0, 5159.0, 1568.0, 2942.0, 2497.0]"
"Relatório da Repartição dos Negócios da Fazenda apresentado à Assembleia Geral Legislativa na sessão ordinária de 1834 pelo respectivo Ministro e Secretário de Estado Cândido José de Araújo Viana, em 1834",por,por,"[6395.0, 1818.0, 969.0, 5300.0, 3076.0, 1724.0, 8945.0, 1476.0, 1691.0, 13669.0, 2576.0, 7701.0, 1767.0, 3256.0, 2868.0]"
"Acompanhando as notícias sobre os grandes prejuízos causados pelos Jogos Olímpicos de Montreal de 1976, apenas duas cidades, Los Angeles e Nova York, expressaram interesse real em ser sede das Olimpíadas de 1984. Já que a regra do Comitê Olímpico Internacional determinava que só pode haver uma candidatura por país, a votação do Comitê Olímpico dos Estados Unidos acabou se tornando determinante para a escolha da cidade anfitriã. Nesta votação, a candidatura de Los Angeles venceu a de Nova York por 55 votos contra 39.",por,por,"[15542.0, 4014.0, 2500.0, 13090.0, 7043.0, 3771.0, 20693.0, 3002.0, 3884.0, 32694.0, 6164.0, 18933.0, 3902.0, 7142.0, 6654.0]"
"O pacifismo é uma filosofia de oposição à guerra. O termo cobre um amplo espectro de pontos de vista, desde a preferência por meios não militares para a solução de conflitos até à oposição total ao uso da violência ou mesmo da força em qualquer circunstância.",por,por,"[6932.0, 1724.0, 1054.0, 6087.0, 3020.0, 1603.0, 9882.0, 1142.0, 1681.0, 15408.0, 2818.0, 8718.0, 1650.0, 2960.0, 2884.0]"
"Depois de escrever versos simples e rimas desde os 6 anos e da publicação do seu primeiro livro, The Drowned Sailor, em 1947, os trabalhos publicados de Kirkup rodearam cerca de dúzia colecções de poesia, seis volumes de autobiografia, cerca de 100 monografias de trabalho original e traduções , e centenas de pequenas peças em jornais e periódicos. A sua capacidade de escrever em haiku e tanka é conhecida internacionalmente. Muitos dos seus poemas falam da sua infância no Nordeste, e surgem em publicações como The Sense of the Visit, To the Ancestral North, Throwback e Shields Sketches.",por,por,"[16165.0, 4070.0, 3249.0, 12965.0, 7515.0, 4178.0, 20796.0, 3284.0, 4116.0, 32691.0, 6229.0, 18174.0, 4154.0, 7683.0, 7010.0]"
"Doc descobre que o poder de Freddy vem de """"demônios do sonho"""" que continuamente o fazem reviver, e que Freddy pode ser morto se ele for puxado para o mundo real. Maggie decide que ela será a única a entrar na cabeça de Freddy e puxá-lo para o mundo real. Uma vez no mundo dos sonhos, ela coloca um par de óculos 3-D - a versão teatral do filme foi em 3D durante o clímax - e entra na mente de Freddy. Lá, ela descobre que Freddy foi caçoado quando criança, abusado por seu pai adotivo, infligiu auto-abuso quando adolescente e assassinou sua esposa. Foi dado a Freddy o poder de se tornar imortal pelos demônios do sonho. Depois de algumas dificuldades, Maggie consegue puxar Freddy para o mundo real.",por,por,"[20405.0, 4864.0, 3436.0, 16074.0, 7764.0, 4387.0, 25071.0, 3394.0, 5018.0, 44882.0, 7636.0, 25746.0, 4837.0, 8530.0, 8356.0]"
"Pensamento lateral é definido quando se tem uma orientacão ou um ponto de vista diferente na linha normal, ou seja, daqueles que em determinada média razoavelmente se poderia obter como fruto de determinado questionamento. Por exemplo: um professor em sala de aula solicitou aos seus alunos a soma de todos os números positivos e menores do que 100. Gauss, garoto, ainda antes de começar a fazer as contas, verificou que a soma dos N primeiros números inteiros é sempre dada pela formula 1/2 * (N + 1) * N, ou seja, ele utilizou o pensamento lateral para argumentar que a melhor maneira de obter a resposta era em um triângulo com 100 fileiras, cada uma com 100 pontos.",por,por,"[19154.0, 5071.0, 3076.0, 16776.0, 8650.0, 5006.0, 27317.0, 3693.0, 5153.0, 43418.0, 7549.0, 24454.0, 4673.0, 8679.0, 8253.0]"
"Este é o quadro de medalhas dos Jogos Olímpicos de Verão de 1928, realizados em Amsterdã, Países Baixos. O ordenamento é feito pelo número de medalhas de ouro, estando as medalhas de prata e bronze como critérios de desempate em caso de países com o mesmo número de ouros. Se, após esse critério, os países continuarem empatados, posicionamento igual é dado e eles são listados alfabeticamente. Este é o sistema utilizado pelo Comitê Olímpico Internacional.",por,por,"[14016.0, 3579.0, 2008.0, 11921.0, 6556.0, 3318.0, 18579.0, 2509.0, 3377.0, 30272.0, 5545.0, 17240.0, 3360.0, 6283.0, 5664.0]"
"Acusados de feitiçaria e de bruxaria pela comunidade, os muckers foram responsabilizados por cometer diversos crimes. Seus membros foram posteriormente massacrados pelo poder estatal.",por,por,"[4595.0, 1133.0, 748.0, 4038.0, 2052.0, 1142.0, 6439.0, 830.0, 1129.0, 10365.0, 1880.0, 6059.0, 1149.0, 2234.0, 1904.0]"
"Na temporada 1988/1989 o campeonato passa a ocorrer entre o segundo semestre de um ano e o primeiro do outro, adaptando-se assim às principais competições mundiais, surgindo a Liga Nacional. A Superliga foi disputada pela primeira vez na temporada 1994/1995, com o fim da Liga Nacional. O número de participantes varia a cada ano. Desde a temporada 2011/2012 o torneio passou a contar com duas divisões - Série A e Série B, disputadas em paralelo.",por,por,"[14296.0, 4452.0, 2511.0, 12399.0, 7056.0, 3673.0, 19948.0, 3386.0, 4015.0, 31353.0, 6256.0, 18260.0, 4021.0, 6861.0, 6276.0]"
"A taça é uma das muitas competições inter-clubes da Europa, que têm sido organizadas pela UEFA. A primeira competição foi realizada na temporada 1960-61 - mas não reconhecida pelo organismo responsável pelo futebol europeu Até dois anos mais tarde. O torneio foi após o que foi absorvido pela Taça UEFA última realizada em 1998-1999.",por,por,"[10344.0, 3086.0, 1767.0, 8586.0, 5017.0, 2707.0, 13217.0, 2420.0, 2814.0, 21082.0, 4723.0, 11792.0, 2774.0, 5048.0, 4561.0]"
"Em 1999, dez anos se passaram desde o quinto filme; Alice Johnson e seu filho Jacob afastaram-se de Springwood, juntamente com seu pai e Yvonne, Freddy Krueger está de volta e conseguiu matar quase todas as crianças na cidade de Springwood, Ohio. O único sobrevivente adolescente, conhecido apenas como """"John Doe""""(termo inglês para corpos não-identificados), vê-se confrontado por Freddy em um sonho e é derrubado após os limites da cidade de Springwood por Freddy. Os limites da cidade servem como uma barreira que Freddy não pode cruzar, e o buraco que John fez quando ele atravessou a barreira fecha logo que Freddy o toca. No entanto, quando John atravessa a barreira, ele bate a cabeça em uma pedra e não se lembra quem ele é ou porque ele está fora de Springwood.",por,por,"[19057.0, 4998.0, 3481.0, 16218.0, 8276.0, 4551.0, 24762.0, 3737.0, 5160.0, 44134.0, 7680.0, 24429.0, 4982.0, 8603.0, 8465.0]"
"Em 1998, é eleito pela primeira vez ao cargo de deputado federal, com 74.876 votos, pelo PTB. Em 2002 reelegeu-se, agora pelo PSDB, com 76.195 votos.",por,por,"[6828.0, 2230.0, 1233.0, 6274.0, 3365.0, 1881.0, 9931.0, 1852.0, 2020.0, 14702.0, 3072.0, 8610.0, 2067.0, 3347.0, 3128.0]"
"Em dezembro de 1873, Carlos von Koseritz sugere, por meio da imprensa, a deportação dos Muckers para uma ilha oceânica. Diversos colonos mostraram-se dispostos a colaborar no custeio do projeto.",por,por,"[6243.0, 1746.0, 1059.0, 5563.0, 3916.0, 1755.0, 8792.0, 1469.0, 1669.0, 13485.0, 2713.0, 7816.0, 1732.0, 3207.0, 2933.0]"
"Em sua exibição original, a trama alcançou 30,6 pontos em sua estréia, com 42.6% de share. No último capítulo, alcançou uma média de 25.1 pontos. Terminou com uma média geral de 22 pontos.",por,por,"[6685.0, 2243.0, 1213.0, 5908.0, 3070.0, 1776.0, 9782.0, 1593.0, 1956.0, 14664.0, 2749.0, 8530.0, 1995.0, 3246.0, 3206.0]"
Prêmio da Associação Europeia de Psicologia e Direito Award (2009) para contribuições ao longo da carreira para o estudo científico da Lei e do Comportamento Humano,por,por,"[4957.0, 1367.0, 743.0, 3971.0, 2488.0, 1290.0, 6808.0, 1102.0, 1348.0, 9659.0, 2000.0, 5525.0, 1322.0, 2388.0, 2119.0]"
"As peças podem aparecer em séries paralelas; nestes casos, embora a brasonaria inglesa nomeie-os no diminutivo plural, a francesa não faz tal distinção. Salvo ressalva expressa, uma peça é desenhada com linhas retas, mas também podem seguir padrões serrilhados, ondulados, dentados, ou diversos outros.",por,por,"[9355.0, 2115.0, 1382.0, 7892.0, 4245.0, 1875.0, 13179.0, 1402.0, 2027.0, 19959.0, 3452.0, 11355.0, 1998.0, 3817.0, 3604.0]"
"Em Portugal a série é emitida no canal FX desde Setembro de 2007. E Em Brasil a série é emitida no canal Fox Brasil, TBS, TNT Brasileiro, e FX desde Julho de 2006.",por,por,"[5783.0, 1708.0, 1096.0, 5354.0, 2834.0, 1488.0, 8294.0, 1343.0, 1598.0, 12591.0, 2399.0, 7354.0, 1556.0, 3063.0, 2677.0]"
"É a menor espécie de cactos do mundo, quando adulta medindo cerca de onze milímetros de diâmetro. Suas flores são róseas e medem de 6 a 15 mililímetros de comprimento por cerca de 6 milímetros de diâmetro.",por,por,"[6813.0, 1864.0, 1072.0, 6294.0, 3209.0, 1653.0, 9264.0, 1393.0, 1751.0, 14406.0, 2751.0, 8772.0, 1660.0, 3332.0, 2906.0]"
"Muerte en Buenos Aires é um filme argentino do género policial, realizado por Natalia Meta e estrelado por Demián Bichir, Chino Darín, Mónica Antonópulos, Carlos Casella, Hugo Arana, Jorgelina Aruzzi, Emilio Disi, Fabián Arenillas, Humberto Tortonese, Gino Renni, Martín Wullich e Luisa Kuliok. O filme estreou na Argentina em 15 de maio de 2014.",por,por,"[12260.0, 3118.0, 2095.0, 9582.0, 5953.0, 2930.0, 16100.0, 2742.0, 2701.0, 19667.0, 4619.0, 15745.0, 3326.0, 7246.0, 5504.0]"
"Durante 1° de julho de 2010 e 31 de agosto de 2010, Katie saiu em tour com os outros participantes do Top 9 da edição do American Idol. A turnê foi intitulada American Idols LIVE! Tour 2010. Durante a turnê, Katie cantou """"Here We Go Again"""" de Demi Lovato e """"Fighter"""" de Christina Aguilera.",por,por,"[9649.0, 3312.0, 2227.0, 7880.0, 4955.0, 2998.0, 12300.0, 3106.0, 3066.0, 17923.0, 3995.0, 10670.0, 3084.0, 5463.0, 4854.0]"
"Outras vozes: Christiane Louise, Eduardo Ribeiro, Rosane Corrêa, Bruno Rocha, Maíra Goes, Gustavo Nader, Gabriela Bicalho, Carlos Seidl, Sarito Rodrigues, Francisco Quintiliano, Maurício Berger, Christiano Torreão, Leonardo José, Hannah Buttel, Wirley Contaifer.",por,por,"[7288.0, 2008.0, 1338.0, 6700.0, 4707.0, 2046.0, 10815.0, 2057.0, 1992.0, 15115.0, 3083.0, 8532.0, 2353.0, 4943.0, 3903.0]"
"Grubben, G.J.H. & Denton, O.A. (2004): Plant Resources of Tropical Africa 2: Vegetables. PROTA Foundation, Wageningen; Backhuys, Leiden; CTA, Wageningen.",bul,por,"[5298.0, 2225.0, 1839.0, 3915.0, 5204.0, 2741.0, 4401.0, 3159.0, 2059.0, 3468.0, 2173.0, 2683.0, 2518.0, 5261.0, 3580.0]"
"Lívio relata que, em 383 a.C., Lanúvio, até então leal a Roma, se revoltou. Em Roma, a pedido do Senado, as tribos declararam unanimemente guerra contra Velitras depois que cinco comissários foram nomeados para distribuir o território pontino e três para criar uma colônia em Nepete. Porém, uma epidemia se abatou sobre Roma por todo aquele ano e nenhuma campanha foi iniciada. Entre os colonos rebeldes, uma facção pacífica era favorável a pedir perdão a Roma, mas a facção guerreira continuou a manter o apoio popular e um raide foi lançado sobre o território romano, efetivamente acabando com as chances de paz. Houve também um rumor de que Preneste havia se revoltado e as populações de Túsculo, Gabii e Lábico reclamaram que seus territórios teriam sido invadidos, mas o Senado Romano se recusou a acreditar. Em 382 a.C., os tribunos consulares Espúrio Papírio Crasso e Lúcio Papírio Crasso marcharam contra Velitras e seus quatro colegas permaneceram em Roma. Os dois venceram o exército veletriano, que incluía um grande número de auxiliares prenestinos, mas não tomaram a cidade, duvidando da própria capacidade de fazê-lo e temendo destruir a colônia no processo. Com base no relato dos tribunos, os romanos declararam guerra a Prenesta.",por,por,"[41038.0, 9337.0, 5713.0, 32530.0, 17067.0, 8780.0, 56257.0, 6445.0, 9117.0, 85932.0, 15499.0, 49557.0, 8947.0, 17998.0, 15604.0]"
"Farrington, D. P. (1995b) Stabilitat und pradiktion von aggressivem verhalten (Stability and prediction of violent behaviour). Gruppendynamik, 26, 23-40.",deu,por,"[4945.0, 1933.0, 1682.0, 3583.0, 8137.0, 2609.0, 4427.0, 3617.0, 2166.0, 2942.0, 2455.0, 2136.0, 2496.0, 4944.0, 3408.0]"
"O Palácio do Luxemburgo tem mais de residência secundária que de palácio urbano oficial. A sua planta é bastante característica dos châteaux franceses, como o de Verneuil-en-Halatte, no qual Salomon de Brosse participou. Compõe-se por um pátio quadrado, o cour d'honneur, um corpo de entrada coroado por uma cúpula, a cúpula Tournon, e por pavilhões redobrados no corps de logis.",por,por,"[12819.0, 2884.0, 1942.0, 13418.0, 6645.0, 2900.0, 17370.0, 2643.0, 2660.0, 25099.0, 4879.0, 14313.0, 3029.0, 6778.0, 5297.0]"
"Antes da chegada do comboio à vila, usavam-se as diligências para ir a Lisboa; em 1894, existia uma diligência de Santiago do Cacém com destino ao Poceirão, onde se apanhava o comboio para a capital, via Barreiro. Esta diligência ainda estava ao serviço em 1911.",por,por,"[10110.0, 2313.0, 1476.0, 8514.0, 4603.0, 2321.0, 14051.0, 1901.0, 2394.0, 20929.0, 3872.0, 11972.0, 2294.0, 4682.0, 4048.0]"
"Dignitas personae é uma Instrução da Congregação para a Doutrina da Fé, órgão da Santa Sé, sobre algumas questões de bioética. A Instrução vai subscrita pelo cardeal William Levada, Prefeito da Congregação, é datada de 8 de setembro de 2008 e foi aprovada pelo Papa Bento XVI em 20 de junho de 2008. O documento tem a intenção de atualizar as orientações da Instrução Donum vitae publicada vinte anos antes, tendo em vista os avanços científicos ocorridos neste período.",por,por,"[15562.0, 4082.0, 2482.0, 13244.0, 7615.0, 4054.0, 21542.0, 3447.0, 3988.0, 30793.0, 6208.0, 17508.0, 3874.0, 7704.0, 6824.0]"
"A Universidade Estatal de Kazan (região do Volga) (em russo: Казанский (Приволжский) федеральный университет) é uma instituição de ensino superior localizada em Kazan, na República do Tartaristão, Rússia. É a principal universidade pública da cidade. Foi fundada em 1804 com a denominação Universidade Imperial de Kazan.",por,por,"[10241.0, 3331.0, 1213.0, 6834.0, 4583.0, 3473.0, 10256.0, 3038.0, 3251.0, 15724.0, 6440.0, 9133.0, 3332.0, 5244.0, 4431.0]"
"Marie instalou residência em 1625, enquanto os trabalhos no interior continuavam. Os aposentos de um dos lados, no piso térreo, foram reservados para a rainha, e o conjunto correspondente no outro lado para Luís XIII. A construção foi finalizada em 1631. A rainha rãe foi expulsa da corte no mesmo ano, na sequência da Journée des dupes. Luis XIII encomendou, mais tarde, decorações para o palácio a Nicolas Poussin e Philippe de Champaigne.",por,por,"[13956.0, 3282.0, 2266.0, 13980.0, 6997.0, 3305.0, 18844.0, 2825.0, 3214.0, 28097.0, 5634.0, 16302.0, 3416.0, 6888.0, 5802.0]"
"Besemer, S., Farrington, D. P. and Bijleveld, C. C. J. H. (2013) Official bias in intergenerational transmission of criminal behaviour. British Journal of Criminology, 53, 438-455.",tur,por,"[5143.0, 2646.0, 2432.0, 3789.0, 4750.0, 2841.0, 4253.0, 3500.0, 2311.0, 3101.0, 2169.0, 2347.0, 2698.0, 5455.0, 3637.0]"
"A Copa São Paulo de Futebol Júnior ou Copinha é uma competição de futebol masculino sub-20 do Brasil. É organizada pela Federação Paulista de Futebol (FPF) e inclui clubes não só de São Paulo, mas de todo o Brasil e, eventualmente, clubes de outros países.",por,por,"[6360.0, 2029.0, 1102.0, 5857.0, 3298.0, 1612.0, 9602.0, 1444.0, 1742.0, 16048.0, 2911.0, 8808.0, 1909.0, 3207.0, 3063.0]"
"Em 1839, foi nomeado mestre de literatura e ciências positivas de D. Pedro II (então herdeiro do trono); posteriormente, também cuidou da educação da Princesa Isabel. Como Ministro do Império no segundo Gabinete conservador (1841-1843), referendou a lei que dava aos senadores o solene tratamento de """"Sua Excelência"""".",por,por,"[10204.0, 2725.0, 1624.0, 8992.0, 5028.0, 2504.0, 14573.0, 2133.0, 2505.0, 21955.0, 4032.0, 12728.0, 2608.0, 5233.0, 4472.0]"
"Como, há um século, era a classe operária a ser oprimida nos seus direitos fundamentais, e a Igreja com grande coragem a defendeu, proclamando os sacrossantos direitos da pessoa do trabalhador, assim agora, quando uma outra categoria de pessoas é oprimida no direito fundamental da vida, a Igreja sente o dever de, com a mesma coragem, dar voz a quem não a tem. O seu é sempre o grito evangélico em defesa dos pobres do mundo, de quantos são ameaçados, desprezados e oprimidos nos seus direitos humanos",por,por,"[15948.0, 3454.0, 2048.0, 12641.0, 6669.0, 3194.0, 21761.0, 2187.0, 3339.0, 33420.0, 5945.0, 19017.0, 3064.0, 6086.0, 5542.0]"
"O Estádio Capitão Manoel Aranha foi uma praça esportiva pertencente ao extinto Poty Sport Club. O clube foi fundado em 14 de maio de 1925 e existente até a década de 1960, disputando os campeonatos amadores da Federação Paranaense de Futebol e que chegou a participar do """"Torneio Curitiba"""", em 1931, com clubes profissionais, juntamente com o Clube Atlético Paranaense, Coritiba Foot Ball Club, Clube Atlético Ferroviário, entre outros.",por,por,"[13685.0, 4139.0, 2278.0, 11707.0, 6927.0, 3621.0, 19773.0, 3287.0, 3695.0, 30699.0, 5843.0, 17327.0, 4001.0, 7303.0, 6414.0]"
"Tradicionalmente considerava-se que teria se originado da necessidade dos guerreiros serem identificados facilmente em campo de batalha, mas essa opinião foi em parte desacreditada, uma vez que os escudos pintados só podem ser lidos claramente a uma distância pequena. Além disso, registros primitivos apontam que em seus inícios os mesmos guerreiros podiam usar, conforme a ocasião, diferentes emblemas em seus escudos e bandeiras. Isso é bem exemplificado na Tapeçaria de Bayeux (c. 1070), que retrata a conquista normanda da Inglaterra, onde os guerreiros trazem seus escudos com vários símbolos heráldicos, mas seu uso não é consistente e não foram herdados pelos descendentes daqueles personagens. Ao que parece, em vez, é que os brasões tinham uso mais eficiente não nas guerras, mas nos torneios e justas de cavalaria, realizados dentro de um espaço limitado e bem ao alcance da leitura pelo público, espetáculos vibrantes e cheios de cerimônia, onde os extravagantes desenhos e as cores vivas das armas, aplicadas não só nos escudos e bandeiras, mas também nas roupas e mantos e nos apetrechos dos cavalos, acrescentavam brilhantismo ao cenário.",por,por,"[34547.0, 7718.0, 4747.0, 27836.0, 14595.0, 7031.0, 45342.0, 5146.0, 7498.0, 72047.0, 12990.0, 41228.0, 7530.0, 13855.0, 12891.0]"
"Melor atingiu o sul da ilha de Honshu, a principal ilha do arquipélago japonês em 8 de outubro. A passagem do tufão obrigou o cancelamento ou o adiamento de mais de 510 voos domésticos ou internacionais no Japão. Pelo menos 3 milhões de pessoas foram afetadas pelos atrasos nas linhas de trem devido ao mau tempo provocado por Melor. Centenas de escolas e colégios foram fechadas durante a passgaem da tempestade. O tufão Melor foi o primeiro a atingir o Japão desde a passagem do tufão Man-yi em 2007.",por,por,"[15627.0, 4656.0, 2517.0, 13437.0, 7389.0, 4182.0, 20363.0, 3971.0, 4718.0, 33262.0, 6419.0, 18630.0, 4810.0, 7984.0, 7565.0]"
"No roteiro original do filme, de 15 anos de idade, Jacob Johnson (filho da personagem principal, Alice Johnson de, O Maior Horror de Freddy) foi o personagem principal, enquanto muitos do """"Os Guerreiros dos Sonhos"""" voltariam para ajudar a derrotar Freddy Jacob depois que ele mata Alice [carece de fontes?] Esta ideia foi posteriormente descartada e reescrito no roteiro final. Peter Jackson também escreveu um roteiro, mas não foi usado. Roteiro de Michael Jackson foi chamado de """"A Nightmare on Elm Street: The Dream Lover ', e o conceito suposto era que Freddy tinha se tornado tão fraco no mundo dos sonhos que os adolescentes fizeram um jogo fora de entrar no mundo dos sonhos e espancar Freddy. Mas quando Freddy recupera energia suficiente para tomar como refém o pai de um menino no mundo dos sonhos, o menino deve ir lá uma última vez para salvar seu pai. Na versão final do filme, Alice e Jacob são vistos brevemente se afastando de Springwood durante a montagem no final do filme.",por,por,"[23052.0, 5890.0, 4322.0, 19280.0, 9981.0, 5771.0, 29582.0, 4459.0, 6297.0, 52938.0, 9498.0, 29253.0, 5986.0, 10712.0, 10127.0]"
"Brandia (asteróide 1168) é um asteróide da cintura principal com um diâmetro de 10,61 quilómetros, a 1,997031 UA. Possui uma excentricidade de 0,2175662 e um período orbital de 1 489,38 dias (4,08 anos).",por,por,"[11299.0, 3902.0, 2037.0, 9281.0, 5679.0, 3420.0, 13565.0, 3629.0, 3577.0, 18337.0, 4749.0, 11660.0, 3349.0, 6740.0, 5496.0]"
"No ano seguinte, os cônsules eram Opítero Vergínio e Espúrio Cássio. Lívio afirma que eles tentaram tomar Pomécia de assalto, mas, depois do fracasso, decidiram empregar armas de cerco. Porém, os auruncos lançaram um ataque vitorioso e conseguiram destruí-las, ferindo muitos e quase matando um dos cônsules. Os romanos recuaram para Roma, recrutaram mais legionários e retornaram a Pomécia. As armas de cerco foram reconstruídas e, quando os romanos estavam prestes a tomar a cidade, Pomécia se rendeu. Os líderes auruncos foram decapitados, os pomécios foram vendidos como escravos, a cidade foi arrasada e suas terras foram vendidas. Lívio afirma que os cônsules celebraram um triunfo por esta vitória, mas os Fastos Triunfais só registram um triunfo, por Cássio (possivelmente sobre os sabinos, mas a inscrição é pouuo clara).",por,por,"[28347.0, 6728.0, 3876.0, 22122.0, 12064.0, 5994.0, 36769.0, 4487.0, 6246.0, 58752.0, 10915.0, 33239.0, 6176.0, 12329.0, 10669.0]"
"O corpo foi retirado IML por Sérgio Klein, cunhado do mesmo, e foi sepultado no Cemitério Comunal Israelita de Vila Rosali. Em 1997 Szajna Spiegner, mãe de José Roberto, recebeu pouco mais de 120 mil reais em indenização. Ela nunca se recuperou desta perda, se tornando depressiva, passando por tratamentos desde a morte de seu filho. Hoje ela se encontra acamada, em estado avançado de Alzheimer.",por,por,"[12568.0, 3225.0, 1939.0, 10717.0, 6044.0, 2982.0, 17627.0, 2468.0, 3029.0, 27325.0, 5115.0, 15569.0, 3221.0, 6299.0, 5479.0]"
"Certa matrona de Éfeso possuía tanta reputação por sua pudicícia que mesmo as mulheres de povos vizinhos acorriam até ela para admirá-la. Aconteceu, pois, que esta mulher, tendo que enterrar o marido, e não satisfeita com a tradição popular de acompanhar o enterro com os cabelos desgrenhados ou bater no peito descoberto em presença da multidão, ainda acompanhou o defunto até o sepulcro, e tendo sido depositado num jazigo subterrâneo, conforme a tradição grega, pôs-se a guardar e chorar o corpo noites e dias inteiros. Assim permaneceu torturando-se e buscando a morte na abstenção de alimentos, e nem familiares nem amigos conseguiram apartá-la de lá; por fim, mesmo as autoridades públicas acabaram derrotadas e retiraram-se. Deste modo, lamentada por todos, aquela mulher de exemplo ímpar chegava já ao quinto dia sem comida. Acompanhava a infeliz uma fidelíssima escrava, que lhe emprestava suas lágrimas de luto, ao mesmo tempo em que também renovava a candeia colocada no túmulo todas as vezes que arrefecia. Apenas um e mesmo assunto era, assim, comentado em toda a cidade: de que se havia manifestado o único verdadeiro exemplo de pudicícia e de amor, e reconheciam-no homens de todas as classes.",por,por,"[41693.0, 9058.0, 5384.0, 32251.0, 16975.0, 8735.0, 54117.0, 6279.0, 8818.0, 83616.0, 15416.0, 48242.0, 8297.0, 17564.0, 14650.0]"
"Cosso marchou com seu exército e encontrou novamente o exército inimigo repleto de latinos e hérnicos, incluindo contingentes das colônias romanas de Circei e Velitras, e, na batalha, os romanos venceram novamente. A maioria dos prisioneiros eram hérnicos e latinos, incluindo nobres, o que os romanos consideraram como prova de que a ajuda aos volscos era uma iniciativa estatal. Porém, a sedição de Marco Mânlio Capitolino evitou que Roma declarasse guerra aos latinos naquele momento. Quando latinos, hérnicos e os colonos de Circei e Velitras tentaram persuadir os romanos a libertarem seus conterrâneos prisioneiros, não tiveram sucesso. Naquele mesmo ano, Sátrico foi colonizada por 2 000 cidadãos romanos, cada um recebendo 2,5 jugera de terras.",por,por,"[25349.0, 6138.0, 3387.0, 19007.0, 10757.0, 5404.0, 32517.0, 4203.0, 5624.0, 49629.0, 9578.0, 28719.0, 5813.0, 10880.0, 9620.0]"
"Uma tradição religiosa de Florianópolis, a Procissão do Senhor dos Passos é diretamente relacionada ao hospital. Quinze dias antes da Sexta-feira Santa, a imagem do Senhor dos Passos na Capela Menino Deus é lavada por crianças com uma água perfumada que depois é distribuída entre os devotos, e depois, a imagem de Cristo é vestida para ficar pronta para o cortejo, que parte da Capela em direção a Catedral Metropolitana no sábado seguinte. No domingo, uma nova procissão retorna a imagem pra a Capela.",por,por,"[13774.0, 3093.0, 2046.0, 11554.0, 6334.0, 3008.0, 19621.0, 2318.0, 3111.0, 31684.0, 5283.0, 17489.0, 3259.0, 6152.0, 5595.0]"
"Candy está a ponto de se casar com Patricio, seu amor de toda a vida, mas na despedida de solteiro este se envolve com Alice, a irmã de Candy. Depois da cerimônia religiosa, Candy descobre Patricio e Alice se beijando, algo que lhe parte o coração, e ela decide viver na cidade de Guadalajara, com seu tio Manuel. Candy pede a seu tio que diga a todos que ela está morta, feito isso todo mundo acredita. Santiago é um cirurgião plástico casado com Paulina: ela está grávida mas nunca deixa de trabalhar, fato que irrita Santiago. Uma vez que a pequena Rosa nasceu, Paulina vai trabalhar em Nova York, abandonando seu marido e sua filha.",por,por,"[16849.0, 3611.0, 2628.0, 14500.0, 6713.0, 3257.0, 22942.0, 2301.0, 3694.0, 38657.0, 6363.0, 23451.0, 3558.0, 6628.0, 6239.0]"
"Na Índia a astrologia Jyotish é usada habitualmente há longo tempo. Na China a astrologia continua a florescer. Ambas, bem como a astrologia reintroduzida no Egito no período helenístico, têm forte influência da astrolgogia grega, sendo portanto tardias.",por,por,"[9197.0, 2076.0, 1162.0, 6479.0, 3924.0, 2447.0, 10570.0, 1622.0, 2078.0, 15970.0, 3489.0, 9677.0, 2162.0, 4167.0, 3644.0]"
"... uma das coisas que publicamos acerca de astrologia alguns anos atrás, foi um cuidadoso estudo feito na California com a colaboração de 28 astrólogos da região de São Francisco e um bocado de analisados - 118 ao total. Cartas lunares foram feitas pelos astrólogos e verificou-se que os analisados não podiam reconhecer suas próprias cartas com mais precisao do que por acaso... isso me é uma convincente e derradeira demonstração do quão bem as coisas funcionam na prática. Meu desgosto é que há pessoas inteligentes, pessoas capazes perdendo seu tempo pegando o dinheiro de outras pessoas nessa causa perdida.",por,por,"[16541.0, 3794.0, 2541.0, 13817.0, 7384.0, 3508.0, 22384.0, 2638.0, 3867.0, 36964.0, 6588.0, 20672.0, 3699.0, 7012.0, 6657.0]"
"Diferentemente dos soviéticos, que apresentaram várias referências e lamentações a respeito do boicote dos inimigos em meio aos eventos olímpicos, como o uso de bandeiras brancas simbolizando a paz e o choro do mascote Misha, os norte-americanos não fizeram qualquer menção ao boicote em cerimônias oficiais.",por,por,"[9557.0, 2270.0, 1329.0, 7319.0, 4148.0, 2141.0, 12439.0, 1553.0, 2149.0, 19742.0, 4033.0, 11542.0, 2282.0, 4126.0, 3838.0]"
"Assistente pessoal por nove anos da legendária editora Diana Vreeland, Grace a substituiu na direção da revista por quase dezoito anos, triplicando seu faturamento e usando um estilo mais conservador de mostrar e falar de moda, em contraponto aos delírios de criatividade de sua antecessora.",por,por,"[8838.0, 2008.0, 1337.0, 6979.0, 3702.0, 1892.0, 11746.0, 1500.0, 1965.0, 17952.0, 3213.0, 10110.0, 2058.0, 3982.0, 3672.0]"
Estádio Maurício Fruet é uma praça esportiva pertencente ao União Recreativa Esportiva Sta. Quitéria e esta localizado no bairro Santa Quitéria.,por,por,"[4637.0, 1236.0, 664.0, 3898.0, 2305.0, 1132.0, 6412.0, 1017.0, 1122.0, 9452.0, 1767.0, 5371.0, 1289.0, 2587.0, 2102.0]"
"De acordo com o United States Census Bureau tem uma área de 0,9 km², dos quais 0,9 km² cobertos por terra e 0,0 km² cobertos por água. Deersville localiza-se a aproximadamente 274 m acima do nível do mar.",por,por,"[7572.0, 3176.0, 1320.0, 5994.0, 3847.0, 2746.0, 8879.0, 2667.0, 2874.0, 13983.0, 3290.0, 8087.0, 2821.0, 4692.0, 4026.0]"
"Mas o mais importante fato destes Jogos foi o anúncio, feito pelo Presidente do Comitê Organizador Peter Ueberroth meses após seu término, de que eles haviam dado um lucro de 200 milhões de dólares, além do lucro indireto à própria cidade, o que comprovou que bem organizados e com competência organizacional, parceria com a iniciativa privada e bom senso na administração financeira, os Jogos Olímpicos poderiam ser economicamente viáveis, afastando a sombra de uma extinção provocada pela impossibilidade econômica que pairava sobre eles.",por,por,"[13093.0, 3301.0, 2120.0, 11584.0, 6317.0, 3183.0, 18689.0, 2265.0, 3261.0, 30506.0, 5455.0, 17504.0, 3240.0, 5821.0, 5573.0]"
"Poço de Jacó, também conhecido como Fonte de Jacó e Poço de Sicar, é um poço profundo escavado na rocha sólida que tem sido associado a tradição religiosa com Jacó por cerca de dois milênios. Está situado a uma curta distância do sítio arqueológico de Tell Balata, que é considerado como o local de Siquém bíblica.",por,por,"[9758.0, 2226.0, 1431.0, 7949.0, 4297.0, 2253.0, 12607.0, 1597.0, 2169.0, 20553.0, 3659.0, 11721.0, 2352.0, 4734.0, 4106.0]"
"Farrington, D. P. (2001b) Cross-national comparative studies in criminology. In Pontell, H.N. and Shichor, D. (Eds.) Contemporary Issues in Crime and Criminal Justice: Essays in Honour of Gilbert Geis. Upper Saddle River, N.J.: Prentice-Hall (pp. 307-320).",tur,por,"[6595.0, 3252.0, 3431.0, 4650.0, 4731.0, 3496.0, 5861.0, 4385.0, 2793.0, 4075.0, 2596.0, 3150.0, 3118.0, 6863.0, 4450.0]"
"O criador do programa, Greg Garcia, comentou sobre os planos para lançar o conteúdo do seriado em DVD em fevereiro de 2006. A primeira temporada foi lançada em 19 de setembro de 2006 na Região 1 (Estados Unidos e Canadá) e em 25 de setembro de 2006 na Região 2 (Reino Unido). A segunda temporada foi lançada em 25 de setembro de 2007 (Região 1) e em 28 de janeiro de 2008 (Região 2). A terceira foi lançada em 30 de setembro de 2008 (Região 1) e em 20 de outubro de 2008 (Região 2). Ainda não se sabe quando as temporadas do seriado serão lançadas na Região 4 (América Latina e Austrália).",por,por,"[21572.0, 7205.0, 4425.0, 18359.0, 10283.0, 6423.0, 28509.0, 6355.0, 6825.0, 44634.0, 9320.0, 26388.0, 6605.0, 11367.0, 10310.0]"
"O século XX assistiu ao despontar de famosos pacifistas, como Albert Einstein, John Lennon, Mahatma Gandhi e Martin Luther King Jr. Na mesma época, ganhou destaque, nos Estados Unidos, a campanha pedindo o fim da Guerra do Vietnã. O pacifismo político também tem ganhado força desde 2013 quando o Parlamento do Reino Unido vetou uma intervenção estrangeira pela primeira vez em 200 anos.",por,por,"[11073.0, 2733.0, 1820.0, 9207.0, 5233.0, 2705.0, 15399.0, 2168.0, 2677.0, 22988.0, 4548.0, 13735.0, 2771.0, 5028.0, 4682.0]"
"O fornecedor de serviços gerenciados acaba então assumindo a responsabilidade por evitar o tempo ocioso de ativos de tecnologia e melhorar o desempenho da TI como um todo, facilitando a experiência dos usuários nas operações da empresa.",por,por,"[5590.0, 1373.0, 834.0, 4535.0, 2325.0, 1226.0, 7769.0, 857.0, 1310.0, 12634.0, 2206.0, 7282.0, 1345.0, 2305.0, 2367.0]"
"Darnell """"Crabman"""" Turner (Eddie Steeples) — O novo marido de Joy e o pai de Earl Jr. Apesar da traição de Joy, Darnell e Earl são bons amigos (apesar de raramente fazer algo juntos). Ele trabalha como cozinheiro no restaurante de caranguejo Crab Shack (de onde vem o apelido """"Crabman""""). Foi revelado que seu verdadeiro nome é Harry Monroe, mas ele o mudou por estar no Programa de Proteção a Testemunha do FBI. Darnell parece ser o personagem mais inteligente do seriado, mas os outros geralmente o ignoram quando ele fala algo. Ele gosta de queijo e tem uma tartaruga chamada Sr. Tartaruga como animal de estimação.",por,por,"[15277.0, 4535.0, 3279.0, 12622.0, 7070.0, 4181.0, 19286.0, 3739.0, 4562.0, 33262.0, 6298.0, 18584.0, 4408.0, 8138.0, 7499.0]"
"As GP3 Series, ou, abreviando, GP3, é uma categoria de monolugares, de promoção à GP2 Series, que teve início em 2010. Inicialmente, estava previsto a fusão com o campeonato de International Fórmula Master. Contudo, a GP3 Series irá usar inicialmente um novo chassis da Dallara e motores Renault.",por,por,"[8669.0, 2420.0, 1690.0, 8110.0, 4393.0, 2078.0, 12024.0, 2151.0, 2253.0, 17717.0, 3486.0, 10132.0, 2313.0, 4416.0, 4171.0]"
"O período de mais numerosos antipapas foi durante as lutas entre os papas e os imperadores do Sacro Império Romano dos séculos XI e XII. Conforme afirma o historiador Leandro Rust, """"nenhum outro período histórico é capaz de rivalizar com a Idade Média quando se trata de antipapas. Para pouco mais de cinco séculos (entre 999 e 1513) mais de 20 deles são identificados. A maior parte concentrada nos períodos de 1060-1180 e 1320-1440."""" Os imperadores frequentemente impuseram seus candidatos próprios para promover suas próprias causas.",por,por,"[18561.0, 4869.0, 2963.0, 15418.0, 8565.0, 4617.0, 24120.0, 4169.0, 4567.0, 34919.0, 7423.0, 20432.0, 4555.0, 8785.0, 7635.0]"
"A cada etapa do Circuito Brasileiro Banco do Brasil de Vôlei de Praia Open (CBBVP Open) corresponderá a uma etapa do CBBVP Nacional, teve edições com nove etapas, mas na última edição foram realizadas apenas oito etapas, tanto para o Open quanto para o Nacional. Outra competição do referido campeonato brasileiro é o Circuito Brasileiro Banco do Brasil de Vôlei de Praia Challenger, composto por quatro etapas na última edição. e o Circuito Brasileiro Banco do Brasil de Vôlei de Praia Superpraia (CBBVP Superpraia).",por,por,"[13120.0, 3824.0, 2216.0, 11622.0, 6350.0, 3232.0, 19550.0, 2712.0, 3520.0, 31672.0, 5406.0, 17730.0, 3635.0, 6349.0, 5869.0]"
"Em novembro de 2010, Katie via Twitter declarou que havia """"terminado uma maravilhosa canção chamada de """"Waste My Time"""" com David Hodges e David Ryan Harris."""" Em entrevista ao fan voice, Katie afirmou que já preparou um EP, mas por conta do início de """"Faking It"""" ela resolveu adiar mais um pouco.",por,por,"[7867.0, 2521.0, 1705.0, 6923.0, 3942.0, 2220.0, 10346.0, 2059.0, 2416.0, 16974.0, 3370.0, 9687.0, 2430.0, 4317.0, 3973.0]"
"Em 261 a.C., na Índia, o imperador Asoka, chocado com as atrocidades cometidas por seu exército na conquista da região de Kalinga, passou a pregar o pacifismo, renunciando às guerras como instrumento de conquista. Seus ideais ficaram registrados em colunas de pedra e cavernas por todo o Império Máuria.",por,por,"[10332.0, 2382.0, 1402.0, 7917.0, 4246.0, 3121.0, 13370.0, 1765.0, 2327.0, 20621.0, 3831.0, 12090.0, 2438.0, 4587.0, 4197.0]"
"Mais tarde, mudou-se para Nova Iorque para começar seus estudos na prestigiada escola Juilliard School e foi a vencedora da competição internacional de artistas de concerto de Nova Iorque, cujo prêmio lhe rendeu uma bolsa de estudos no Concert Artists Guild, uma escola americana de música especializada em busca de novos talentos.",por,por,"[7969.0, 2088.0, 1297.0, 7354.0, 3800.0, 1866.0, 10977.0, 1531.0, 2023.0, 17401.0, 3210.0, 9850.0, 2150.0, 3741.0, 3645.0]"
"Acapella"""" é o terceiro solo de Kelis pela primeira vez desde """"Milkshake"""", e não em relação à sua característica de 2004 sobre """"Not in Love"""" dela com Enrique Iglesias que também alcançou o topo da parada dance. Permaneceu no número um durante uma semana.",por,por,"[7589.0, 2203.0, 1428.0, 6024.0, 3556.0, 2083.0, 9256.0, 2062.0, 2168.0, 14211.0, 2850.0, 8139.0, 2201.0, 4218.0, 3646.0]"
"Antes da Segunda Guerra Mundial, a Real Força Aérea Australiana era pequena o suficiente para todos os seus elementos serem controlados pelo próprio quartel-general da força aérea, em Melbourne. Depois do despoletar da guerra, em Setembro de 1939, a RAAF começou a implementar uma forma de comando descentralizada proporcional aos esperados aumentos de efectivos e unidades. A primeira medida tomada para ir de encontro com esta ideia foi a criação do Grupo N.º 1 e do Grupo N.º 2 para controlar as unidades em Vitória e em Nova Gales do Sul, respectivamente. Depois, entre Março de 1940 e Maio de 1941, a RAAF dividiu o continente australiano e a Nova Guiné em quatro áreas geográficas nas quais cada uma seria controlada por um comando: a Área de Comando Central, a Área de Comando do Sul, a Área de Comando Ocidental e a Área de Comando do Norte. Cada uma delas tinha a responsabilidade, dentro das respectivas áreas, de providenciar defesa aérea, protecção aérea da orla costeira e realizar reconhecimento aéreo. Cada uma das áreas ficou com um oficial comandante responsável pela administração e pelas operações de todas as bases aéreas e unidades dentro das respectivas áreas.",por,por,"[30758.0, 7559.0, 4870.0, 25060.0, 13562.0, 6854.0, 41405.0, 5215.0, 7452.0, 66964.0, 11735.0, 38473.0, 7327.0, 12854.0, 12816.0]"
"Stephen Midgley, Peter Stevens, Ben Richardson, Paul Gioia & Nicholas Lander: WorldWideWattle - Webseite über die Akazien, mit einem Schwerpunkt auf die australischen Arten.",deu,por,"[3168.0, 1084.0, 1251.0, 2368.0, 5676.0, 1615.0, 3071.0, 2282.0, 1291.0, 2074.0, 1527.0, 1471.0, 1552.0, 3201.0, 2270.0]"
"Atualmente, ele é um membro sênior do Centro Mossavar-Rahmani de Negócios e Governo da Kennedy School da Universidade de Harvard, e professor visitante do Instituto de Política no King's College de Londres. Ele foi nomeado presidente do Norwich City F. C. em dezembro de 2015.",por,por,"[7289.0, 2608.0, 1353.0, 5897.0, 3721.0, 2550.0, 9334.0, 2246.0, 2388.0, 15115.0, 3059.0, 8366.0, 2726.0, 4695.0, 4128.0]"
"Em julho de 2004, Balls foi selecionado para se apresentar como candidato a um assento no parlamento de Normanton em West Yorkshire pelo Partido Cooperativo, um acento estratégico para os trabalhistas do qual o MP, Bill O'Brien, estava se aposentando. Deixou o cargo de Consultor Chefe de Economia do Tesouro Real, mas foi agraciado com uma posição no Smith Institute, um think tank sobre política. Posteriormente, o Tesouro Real e o Escritório do Gabinete afirmaram que """"os procedimentos foram normais e apropriados"""".",por,por,"[13553.0, 3694.0, 2399.0, 10745.0, 6303.0, 3656.0, 17410.0, 2953.0, 3635.0, 28936.0, 5234.0, 16429.0, 3544.0, 6666.0, 6222.0]"
"Katie começou a cantar aos 3 anos, mas só fez sua primeira performance aos 5 anos, quando ela cantou o hino nacional em uma festa para políticos na sua cidade natal. Aos 7 anos de idade, ela cantou “From This Moment On” da cantora Shania Twain no casamento da sua tia. Na adolescencia ela interpretou Dorothy de O Mágico de Oz no BSS Children's Theater e no Main Street Theater. No Main Street Theater e vários outros papéis. Aos 13 anos, Katie performou no Carnegie Hall.",por,por,"[12312.0, 3675.0, 2531.0, 10665.0, 5852.0, 3436.0, 16449.0, 2901.0, 3586.0, 27602.0, 5094.0, 15354.0, 3809.0, 6476.0, 6089.0]"
"Pelo menos 500.000 pessoas foram afetadas diretamente pelos efeitos de Melor no Japão, principalmente devido aos blackout, principalmente aos arredores de Tóquio. Pelo menos 400 residências foram danificadas ou destruídas. As chuvas e ventos fortes, acompanhados inclusive de tornados, deixaram mais de 116 pessoas feridas e quatro outras perderam suas vidas.",por,por,"[10003.0, 2978.0, 1580.0, 8457.0, 4618.0, 2520.0, 13535.0, 2300.0, 2872.0, 22777.0, 4372.0, 13244.0, 2801.0, 4415.0, 4431.0]"
"Em Roma a astrologia era consultada pelo povo e por reis e rainhas, inclusive o Imperador Augusto cunhou moedas com o seu signo. E Tibério estudava o mapa astrológico dos seus rivais. Cláudio, porém, expulsou os astrólogos da Itália.",por,por,"[9037.0, 1641.0, 1043.0, 6099.0, 3296.0, 1519.0, 12169.0, 1198.0, 1562.0, 16361.0, 2862.0, 9642.0, 1653.0, 3484.0, 2969.0]"
"Logo depois, em 495 a.C., os latinos resistiram aos pedidos dos volscos para que se juntassem a eles num ataque a Roma e chegaram a ponto de entregar os embaixadores volscos aos romanos. O Senado Romano, agradecido, libertou 6 000 prisioneiros latinos e, em retorno, os latinos enviaram uma coroa de ouro para o Templo de Júpiter Ótimo Máximo. Uma grande multidão se juntou, incluindo os prisioneiros latinos recém-libertados, que agradeceram aos seus antigos captores. Diz-se que grandes laços de amizade surgiram entre Roma e os latinos por causa deste evento. Os latinos também avisaram Roma da invasão que ocorreu pouco depois, ainda no mesmo ano.",por,por,"[22434.0, 5383.0, 3051.0, 17289.0, 9628.0, 4862.0, 28545.0, 3720.0, 5094.0, 44820.0, 8526.0, 26087.0, 4864.0, 9326.0, 8313.0]"
"NGC 896 é uma nebulosa na direção da constelação de Cassiopeia. O objeto foi descoberto pelo astrônomo William Herschel em 1787, usando um telescópio refletor com abertura de 18,6 polegadas.",por,por,"[7743.0, 2551.0, 1331.0, 5543.0, 3891.0, 2335.0, 8573.0, 2375.0, 2323.0, 11924.0, 3022.0, 6912.0, 2347.0, 4706.0, 3897.0]"
"No século XII, os duques de Zähringen receberam autoridade para governar parte dos territórios burgúndios que englobavam grande parte da zona ocidental da Suíça moderna. Fundaram muitas cidades, incluindo Friburgo em 1157 e Berna em 1191. A dinastia Zähringen terminou com a morte de Bertoldo V em 1218, e as suas cidades tornaram-se, subsequentemente, reichsfrei (essencialmente uma cidade-estado dentro do Sacro Império Romano-Germânico), enquanto que os duques de Kyburg entraram em competição com a Casa de Habsburgo pelo controlo das regiões rurais que faziam parte do antigo território dos Zähringer.",por,por,"[21058.0, 5151.0, 3213.0, 17201.0, 12740.0, 5208.0, 26856.0, 4888.0, 5044.0, 38456.0, 8326.0, 22354.0, 5031.0, 10252.0, 8440.0]"
"Edward Michael """"Ed"""" Balls (nascido em 25 de fevereiro de 1967) é um político britânico membro dos partidos Partido Trabalhista e Partido Cooperativo. Ele foi Membro do Parlamento (MP) por Normanton de 2005 a 2010 e por Morley e Outwood de 2010 a 2015.",por,por,"[9087.0, 3225.0, 2099.0, 6976.0, 5160.0, 3591.0, 10580.0, 3612.0, 3124.0, 14755.0, 3807.0, 8947.0, 3217.0, 6199.0, 4988.0]"
"Adelina Patti (Madrid, 19 de fevereiro de 1843 – Craig-y-Nos, 27 de setembro de 1919) foi uma aclamada soprano do século XIX, sendo exaltada nas maiores capitais musicais da Europa e das Américas no auge da sua carreira. Sua primeira apresentação pública aconteceu quando criança, no ano de 1851 e sua última performance pública aconteceu em 1914. Juntamente com seus contemporâneos Jenny Lind e Thérèse Tietjens, Patti tornou-se uma das mais famosas sopranos da história da música erudita, tanto pela pureza e beleza da sua voz lírica, como também pela sua técnica do bel canto.",por,por,"[18846.0, 4912.0, 3153.0, 15945.0, 9549.0, 4757.0, 26096.0, 4618.0, 4527.0, 34893.0, 7238.0, 21310.0, 5151.0, 9519.0, 8333.0]"
"Um outro projecto para levar o caminho de ferro até Sines foi apresentado em 1903 por Carlos de Vasconcelos Cabral, que pretendia instalar um sistema do tipo americano, com carris assentes no leito das estradas, entre Beja e Sines, passando por Ferreira do Alentejo e Santiago do Cacém, aproveitando as Estradas Reais 73 e 74.",por,por,"[11614.0, 2735.0, 1710.0, 9713.0, 5671.0, 2759.0, 15737.0, 2375.0, 2737.0, 23734.0, 4396.0, 13314.0, 2652.0, 5890.0, 4716.0]"
"Em 1988, ele participou de quatro jogos e o time neerlandês finalizou na quinta colocação na competição olímpica. Quatro anos depois, ele fez parte da equipe neerlandesa que conquistou a medalha de prata no torneio olímpico de 1992, no qual atuou em oito partidas.",por,por,"[8474.0, 2437.0, 1364.0, 7226.0, 4195.0, 2193.0, 11571.0, 1781.0, 2211.0, 18414.0, 3531.0, 10405.0, 2414.0, 4179.0, 3824.0]"
"A partir daí, o Bon Jovi resolveu dar mais uma parada com a banda para que seus integrantes pudessem se dedicar a seus projetos pessoais, mais uma vez. Em 1997, Jon lança o segundo álbum solo, Destination Anywhere, acompanhado de um curta-metragem que teve a colaboração de Mark Pellington como diretor e roteirista. Baseado nas letras do álbum, o curta que leva o mesmo título do disco conta com a participação dos atores Kevin Bacon, Demi Moore, Annabella Sciorra e Whoopi Goldberg. Em suas turnês, veio até o Brasil para a divulgação, Jon fez apenas um showcase, assistido por poucos. No ano seguinte, Richie faz o mesmo, com o álbum Undiscovered Soul.",por,por,"[18186.0, 4425.0, 3304.0, 15505.0, 8507.0, 4273.0, 24911.0, 3579.0, 4545.0, 39112.0, 6978.0, 22425.0, 4636.0, 8694.0, 7975.0]"
"No mesmo dia, três batalhões da guarnição republicana, liderada por um membro da quinta coluna, Juan Thomas ocuparam a Ciutadella de Menorca, depois de matar o comandante republicano Marcelino Rodríguez. Uma brigada de tropas republicanas chegou de Mahon, derrotando as tropas rebeldes após um breve combate.",por,por,"[8890.0, 1997.0, 1348.0, 7157.0, 3808.0, 1881.0, 12077.0, 1488.0, 1857.0, 18143.0, 3337.0, 10904.0, 1988.0, 4172.0, 3449.0]"
"É o líder da banda Bon Jovi, que mantém algumas características do estilo hard rock dos anos 80 até hoje, mas assimilou influências dos variados estilos surgidos no rock e heavy metal desde o seu álbum de estreia, em 1984. A banda Bon Jovi já vendeu mais de 200 milhões de álbuns em todo o mundo. A banda Bon Jovi ao passar dos anos veio a se tornar uma das bandas mais bem sucedidas da história do rock, quando se trata de turnês pelo mundo, sua marca, músicas em seriados, e aparições em programas de tv, a banda em 2011 foi eleita pela revista Rolling Stone como a segunda banda de rock mais cara do planeta, perdendo o topo posteriormente para a banda irlandesa U2.",por,por,"[19007.0, 4845.0, 3263.0, 16971.0, 8823.0, 4413.0, 27027.0, 3742.0, 4841.0, 43624.0, 7705.0, 24666.0, 5003.0, 8868.0, 8666.0]"
"Os Reagan compraram o rancho dos Cornelius por cerca de 527 mil dólares, equivalente a atuais US$ 2,5 milhões, em 1974, quando o segundo mandato de Ronald como governador da Califórnia estava chegando ao fim. A propriedade possui um lago chamado de Lucky, estábulos, um celeiro de cavalos e uma casa decorada com mobiliário dos anos 1970.",por,por,"[9775.0, 2807.0, 1785.0, 8339.0, 4631.0, 2505.0, 13281.0, 2267.0, 2668.0, 21024.0, 4052.0, 12691.0, 2767.0, 4868.0, 4482.0]"
"A franquia passa sobre um garoto que usa um dispositivo extraterrestre em formato de relógio de pulso, que a cada série é renovado ou trocado. O Omnitrix permite se transformar em diversas criaturas alienígenas.",por,por,"[5793.0, 1384.0, 919.0, 4993.0, 2496.0, 1255.0, 7637.0, 1064.0, 1412.0, 12435.0, 2181.0, 7349.0, 1406.0, 2549.0, 2409.0]"
"Como consequência do Protocolo de Lausanne assinado em 1981, a República Popular da China participou pela primeira vez dos Jogos Olímpicos, conquistando o total de 15 medalhas de ouro. A partir desta edição, a então República da China passaria a competir como Taipé Chinês.",por,por,"[8012.0, 2854.0, 1144.0, 6835.0, 3530.0, 2054.0, 10909.0, 1783.0, 2219.0, 16730.0, 3197.0, 9720.0, 2509.0, 3769.0, 3728.0]"
"A demonização foi uma homenagem ao militar do Exército Brasileiro Manoel Aranha, que também foi presidente do Clube Atlético Paranaense entre 1943 e 1945 e presidente da Federação Paranaense de Futebol em 1947.",por,por,"[6107.0, 2042.0, 1195.0, 5432.0, 3266.0, 1876.0, 9110.0, 1758.0, 1845.0, 14060.0, 2838.0, 7896.0, 1927.0, 3459.0, 3011.0]"
"O râguebi foi apresentado aos francesas na cidade de Le Havre por mercadores ingleses em 1872 e se espalhou pelo resto do país. Apesar de ter sido, a primeira vez, introduzido no norte, foi no sul, no meio da população rural e pobre trabalhadora dos vinhedos que o râguebi se popularizou na França. O primeiro envolvimento de uma seleção francesa do esporte foi nas Olimpíadas de 1900, em Paris, onde uma equipe nacional competiu. A recém-formada equipe derrotou os britânicos (27 a 8) e os alemães (21 a 17) ganhando assim a medalha de ouro. Em 1906, a seleção francesa jogou e perdeu pela primeira vez um amistoso para a Nova Zelândia, em Paris, por 38 a 8. O primeiro jogo contra a forte seleção inglesa foi em março de 1906, em que perdeu em casa por 35 a 8.",por,por,"[25794.0, 6785.0, 4515.0, 24962.0, 12159.0, 6523.0, 35169.0, 5668.0, 6494.0, 53966.0, 10591.0, 30573.0, 6558.0, 12689.0, 10955.0]"
"Desde 1966, o clube disputa a Primeira Divisão do Campeonato Argentino de Futebol e caiu para a Série B uma única vez em 1981 e regressou para a Elite em 1995 se mantendo a até o presente momento.",por,por,"[6697.0, 2019.0, 1153.0, 5716.0, 3180.0, 1716.0, 9726.0, 1557.0, 1792.0, 14712.0, 2723.0, 9009.0, 1926.0, 3333.0, 2978.0]"
"Estas foram as Olimpíadas do velocista americano Carl Lewis, figura mais popular dos Jogos, que igualou o recorde de Jesse Owens em 1936, conquistando quatro medalhas de ouro nos 100, 200 e revezamento 4x100m, além do salto em distância.",por,por,"[8930.0, 2561.0, 1449.0, 7283.0, 4160.0, 2435.0, 11677.0, 2173.0, 2341.0, 17099.0, 3767.0, 10587.0, 2474.0, 4565.0, 4167.0]"
"O Serviço Geológico dos Estados Unidos (USGS) reportou mais de 80 réplicas na região até o momento, com magnitudes variando de 4,0 até 5,7. Já o Serviço Geológico do México registrou mais de 1500 tremores secundários.",por,por,"[7147.0, 2247.0, 1199.0, 6137.0, 3474.0, 1983.0, 9667.0, 1867.0, 2016.0, 15229.0, 3130.0, 9054.0, 2061.0, 3666.0, 3235.0]"
"A partir de 1976, essa competição passou a ser aberta a equipes amadoras de todos os estados, sendo disputada a cada dois anos; apenas os campeões a partir desta edição são reconhecidos como campeões brasileiros de voleibol pela CBV. Em 1981 surge de fato o Campeonato Brasileiro com equipes profissionais.",por,por,"[8147.0, 2403.0, 1387.0, 8026.0, 3978.0, 2090.0, 12040.0, 1728.0, 2128.0, 18701.0, 3430.0, 10930.0, 2252.0, 3853.0, 3555.0]"
"Sob o governo dos Hohenstaufen, os passos alpinos em Raetia e o Passo de São Gotardo ganharam importância. Este último, principalmente, tornou-se uma rota directa importante para atravessar as montanhas. O cantão de Uri (em 1231) e o cantão de Schwyz (em 1240) passaram a ser reichsfrei de modo a conceder ao império um acesso directo ao passo da montanha. Nesta época, grande parte do território de Unterwalden pertencia a mosteiros que, no passado, se tinham tornado reichsfrei.",por,por,"[17457.0, 3936.0, 2453.0, 13058.0, 12821.0, 4237.0, 22044.0, 4330.0, 4085.0, 29696.0, 6944.0, 16600.0, 3988.0, 8031.0, 6758.0]"
"Farrington, D. P. (1996b) Psychosocial influences on the development of antisocial personality. In Davies, G., Lloyd-Bostock, S., McMurran, M. and Wilson, C. (Eds.) Psychology, Law and Criminal Justice: International Developments in Research and Practice. Berlin: de Gruyter (pp. 424-444).",tur,por,"[6681.0, 3199.0, 3508.0, 4812.0, 5286.0, 3539.0, 5865.0, 4332.0, 2769.0, 4186.0, 2592.0, 3175.0, 3234.0, 6859.0, 4589.0]"
"Em sua 116ª edição, o Torneio de Roland Garros é organizado pela Federação Internacional de Tênis (ITF) e faz parte dos calendários de tênis profissional masculino (ATP) e feminino (WTA) na categoria de Grand Slam. Inclui disputas de simples, duplas e duplas mistas. Há ainda simples e duplas para os juvenis (até 18 anos) de ambos os gêneros, pertencentes à Grade A do calendário desses atletas. As competições para cadeirantes - simples e duplas, masculinas e femininas se encaixam na categoria de Grand Slam do circuito UNIQLO. As chamadas """"lendas"""", ex-jogadores com carreiras notáveis, também têm espaço em três torneios amistosos, dois masculinos e um feminino. As quadras principais são três: Philippe Chatrier Court, Suzanne Lenglen Court e Court 1.",por,por,"[22616.0, 6557.0, 3700.0, 21683.0, 11278.0, 5646.0, 31834.0, 5375.0, 5814.0, 49413.0, 9450.0, 27964.0, 6400.0, 11809.0, 10794.0]"
"Dentre os aglomerados urbanos, 20 possuíam mais de 1 milhão de habitantes em 2010. E somente no estado de São Paulo foram identificadas grandes concentrações urbanas sem uma capital como núcleo, todas estas com menos de 2,5 milhões de habitantes em 2010. Assim, as grandes concentrações urbanas acompanham o padrão de urbanização brasileiro, uma vez que elas acompanham espacialmente a distribuição dos dois maiores níveis da hierarquia urbana nacional (as metrópoles e as capitais regionais) e que só foram encontradas exceções ao padrão nos arranjos de menor população.",por,por,"[14869.0, 4099.0, 2539.0, 13928.0, 7224.0, 3643.0, 21766.0, 2764.0, 3959.0, 35325.0, 6375.0, 20218.0, 3902.0, 6942.0, 6694.0]"
"O espanhol Rafael Nadal entrou para a história ao conquistar o décimo título no saibro parisiense, sendo o primeiro homem vencedor de tal quantidade em um mesmo torneio de Grand Slam. Derrotou o campeão de dois anos atrás, o suíço Stan Wawrinka, por três sets a zero. No feminino, a letã Jeļena Ostapenko, de apenas 20 anos, conquistou o primeiro título da carreira, sendo este de Grand Slam, derrotando a romena Simona Halep, que tinha a chance de levar o primeiro título na categoria e se tornar uma inédita nº1 do ranking mundial. Jelena era uma não cabeça de chave, sendo apenas a quinta vez na Era Aberta que isso aconteceu na história do torneio.",por,por,"[20132.0, 4826.0, 2952.0, 17175.0, 9500.0, 4609.0, 26803.0, 3881.0, 4784.0, 40183.0, 8016.0, 23169.0, 5160.0, 10247.0, 8803.0]"
"Entrementes, o soldado, encantado tanto com a beleza da mulher como com seu próprio segredo, comprava tudo aquilo que de bom podia conforme suas possibilidades e, logo ao cair da noite, levava para o sepulcro. Assim, os familiares de um dos crucificados, vendo a vigilância descuidada, subtraíram o condenado durante a noite e lhe prestaram as últimas homenagens. Ora, o soldado foi enganado enquanto se corrompia. No dia seguinte, viu a cruz sem seu cadáver e, temendo a punição, expôs à mulher o que tinha acontecido: não esperaria a sentença do juiz, mas com a própria espada prescreveria a justiça à sua negligência. Que ela, pois, lhe obsequiasse um lugar onde morrer, cedendo aquele sepulcro fatal ao amante e ao esposo. A mulher, não menos compassiva que pudica, respondeu: “Isto os deuses não hão de consentir, deixar-me ver ao mesmo tempo os funerais dos dois homens mais amados para mim. Prefiro crucificar um morto que dar a morte a um vivo”. Depois destas palavras ordenou que o corpo do seu marido fosse retirado do ataúde e preso à cruz que estava vazia.",por,por,"[34440.0, 7436.0, 4516.0, 28545.0, 14762.0, 7293.0, 45926.0, 4966.0, 7352.0, 70486.0, 13419.0, 40639.0, 6555.0, 14066.0, 11675.0]"
"A obra apresenta uma série de modelos elaborado com base na capacidade matemática e estatística dos autores, apoiada em uma múltipla e larga amostra de dados relevante acerca de carreiras criminais individuais. Os modelos então criados a partir dessa análise matemática, estatística dos dados poderá ser aplicado em outros países, visto que a maioria apresenta dados acerca de condenações, prisões, entre outros dados úteis à análise. Importante estudo, portanto, para o desenvolvimento racional do sistema criminal em escala global.",por,por,"[11783.0, 2872.0, 1913.0, 10381.0, 4936.0, 2552.0, 17408.0, 1731.0, 2759.0, 28118.0, 4802.0, 15978.0, 2893.0, 4755.0, 4949.0]"
"Hütten é uma comuna da Suíça, no Cantão Zurique, com cerca de 881 habitantes. Estende-se por uma área de 7,24 km², de densidade populacional de 122 hab/km². Confina com as seguintes comunas: Feusisberg (SZ), Menzingen (ZG), Oberägeri (ZG), Richterswil, Schönenberg, Wollerau (SZ).",por,por,"[13567.0, 3993.0, 2045.0, 11288.0, 11299.0, 4087.0, 15879.0, 4621.0, 3716.0, 19587.0, 5596.0, 11865.0, 3874.0, 7930.0, 6232.0]"
"Patti foi casada três vezes: primeiro foi em 1868 com Henri de Roger de Cahusac, Marquês de Caux (1826-1889). O casamento foi um colapso, ambos tiveram relacionamentos extra-conjugal e de Caux concedeu a ela a separação em 1877 e o divórcio em 1885. A união foi dissolvida com amargura e custou-lhe a metade da fortuna.",por,por,"[11762.0, 3707.0, 2315.0, 12295.0, 6232.0, 3458.0, 16214.0, 3475.0, 3295.0, 22860.0, 4982.0, 13438.0, 3454.0, 6643.0, 5706.0]"
"Sob certos aspectos, Olinda rivalizava com a metrópole portuguesa. Seus velhos sobrados tinham dobradiças de bronze, enquanto as igrejas, principalmente a Sé, ostentavam, em suas portas principais, dobradiças de prata e chaves fundidas em ouro.",por,por,"[8188.0, 1678.0, 1066.0, 6450.0, 3403.0, 1641.0, 10924.0, 1198.0, 1638.0, 16492.0, 2955.0, 9758.0, 1728.0, 3680.0, 3086.0]"
"Tradições cristãs, judaicas, samaritanas e muçulmanas associam o poço a Jacó. O poço não é especificamente mencionado no Antigo Testamento, mas Gênesis 33:18-20 afirma que, quando Jacó voltou a Siquém de Padã-Arã, ele acampou antes da cidade e comprou o terreno em que ele armou a sua tenda. Os estudiosos da Bíblia afirmam que o lote de terra é o mesmo sobre o qual o poço de Jacó foi construído.",por,por,"[15290.0, 3702.0, 2187.0, 11551.0, 6599.0, 3829.0, 17895.0, 3008.0, 3657.0, 29486.0, 5768.0, 16599.0, 3905.0, 7700.0, 6356.0]"
"Joy Turner (sobrenome de solteira: Darville) (Jaime Pressly) — A ex-esposa de Earl, atual esposa de Darnell e mãe de Dodge e Earl Jr.;dos quais nenhum é filho biológico de Earl. Ela trabalha como manicure em sua casa (que é um trailer). Apesar de se mostrar muito egocêntrica quanto aos outros personagens, ela os admira muito, até mesmo Earl. Joy também é uma ótima lutadora, o que ela explica pelo fato de ter """"assistido muito ao programa de Jerry Springer"""".",por,por,"[12378.0, 3504.0, 2351.0, 10838.0, 5662.0, 2990.0, 16681.0, 2712.0, 3247.0, 27061.0, 5080.0, 16084.0, 3276.0, 6191.0, 5807.0]"
"Pela primeira vez um atleta paraplégico participou oficialmente dos Jogos, com a arqueira Neroli Fairhall disputando provas no tiro com arco.",por,por,"[4155.0, 1011.0, 622.0, 3415.0, 1900.0, 991.0, 5540.0, 847.0, 922.0, 8079.0, 1563.0, 4729.0, 1056.0, 2019.0, 1768.0]"
"A destacar os temas """"Vodka e Valium 10"""", """"Segredos"""", """"Perdigão"""", """"Rosa Vermelha"""", """"Voz do Vento"""" e """"Chora, Mariquinhas chora"""" que viriam a fazer parte da compilação lançada em 2010 denominada 10 Anos - Nas Asas Do Fado.",por,por,"[10010.0, 2739.0, 1521.0, 8083.0, 4809.0, 2407.0, 13707.0, 2335.0, 2390.0, 19224.0, 3904.0, 11467.0, 2496.0, 4681.0, 3921.0]"
"De 1988 a 1990 Balls foi um Professor Associado na Harvard University. Integrou o Financial Times em 1990 como redator chefe de economia até momento de sua indicação como consultor de economia para o Chanceler Paralelo de Gordon Brown em 1994. Quando o Partido Trabalhista venceu as eleições gerais em 1997, Brown se tornou Chanceler e Balls continuou como seu consultor de economia; acabou por se tornar Consultor Chefe de Economia do Tesouro.",por,por,"[12876.0, 3794.0, 2480.0, 10766.0, 6745.0, 3842.0, 16499.0, 3368.0, 3806.0, 25536.0, 5104.0, 15109.0, 3892.0, 7077.0, 6337.0]"
"Um jovem casal (Laure e Samson, um boxeur) deslocam-se para um porto do norte da Europa, durante uma campanha eleitoral. Aí, Samson é assassinado. O assassino, a pouco e pouco, apaixona-se por Laure que, finalmente, o aceita, na condição de que ele se pareça e se comporte como o seu namorado que ele matou...",por,por,"[10168.0, 2208.0, 1593.0, 10581.0, 5072.0, 2126.0, 14946.0, 1851.0, 2373.0, 22203.0, 3898.0, 12518.0, 2154.0, 4595.0, 3827.0]"
"Em 2010, ela novamente apareceu em CSI: Crime Scene Investigation no episódio """"Unshockable"""". Ela também apareceu em Psych como Lauren Lassiter.",por,por,"[3508.0, 1269.0, 832.0, 3079.0, 2167.0, 1255.0, 4357.0, 1189.0, 1271.0, 6882.0, 1616.0, 3935.0, 1217.0, 2204.0, 1914.0]"
"Tendo descrito a vitória de Camilo contra os volscos, Lívio e Plutarco passam a descrever um conflito contra Túsculo. Segundo Lívio, Camilo encontrou tusculanos entre os prisioneiros tomados depois da batalha contra os volscos, Camilo os levou de volta a Roma e, depois de tê-los interrogado, a guerra foi declarada contra Túsculo. Segundo Plutarco, Camilo havia acabado de retornar a Roma com os espólios da guerra quando soube que os tusculanos estavam prestes a se rebelar. A condução da guerra coube a Camilo, que escolheu Fúrio Medulino novamente como seu colega. Túsculo, porém, não ofereceu resistência alguma e, quando Camilo entrou na cidade, encontrou os habitantes levando a vida diária normalmente como se não houvesse guerra. Ele ordenou que os mais proeminentes tusculanos fossem levados a Roma para defender seu caso no Senado, o que eles fizeram com o ditador da cidade como porta-voz. Os romanos concordaram com a paz e, não muito depois, em conceder-lhes a cidadania plena.",por,por,"[31429.0, 6978.0, 4306.0, 24340.0, 12770.0, 6519.0, 40796.0, 4549.0, 6693.0, 63401.0, 11730.0, 37330.0, 6307.0, 12771.0, 11038.0]"
"Farrington, D. P. (1972) Delinquency begins at home. New Society 21, 495-497. Farrington, D. P. (1973) Self-reports of deviant behaviour: Predictive and stable? Journal of Criminal Law and Criminology, 64, 99-110.",tur,por,"[6490.0, 3328.0, 3500.0, 4639.0, 4512.0, 3584.0, 5588.0, 4411.0, 2879.0, 3835.0, 2599.0, 2990.0, 3138.0, 6652.0, 4320.0]"
"Crenita (em grego: Κρινίτης/Κρηνίτης; transl.: Krinítis/Krenítes) foi oficial bizantino do século X, ativo sob o imperador Constantino VII (r. 913–959).",por,por,"[8885.0, 2849.0, 1307.0, 5633.0, 4522.0, 3414.0, 8926.0, 3274.0, 3135.0, 10495.0, 3958.0, 6914.0, 3230.0, 6035.0, 4192.0]"
"Originalmente a competição era chamada de Taça São Paulo de Juniores e era organizada pela Prefeitura de São Paulo, e não pela FPF. Em 1987, o então prefeito Jânio Quadros decidiu não arcar com a Taça São Paulo, que não foi realizada naquele ano.",por,por,"[7285.0, 2101.0, 1199.0, 6365.0, 3650.0, 1784.0, 10607.0, 1625.0, 1900.0, 16799.0, 3022.0, 9519.0, 2079.0, 3478.0, 3326.0]"
"O Omnitrix aparece nas duas primeiras séries de animação da franquia (Ben 10 e Ben 10: Força Alienígena) e o Superomnitrix na terceira série de animação (Ben 10: Supremacia Alienígena). No episódio final de Supremacia Alienígena, Azmuth leva o Superomnitrix de Ben e o substitui por um novo Omnitrix - o original por ter sido apenas um protótipo.",por,por,"[12833.0, 3142.0, 2133.0, 9615.0, 5638.0, 2914.0, 16228.0, 2818.0, 3086.0, 24029.0, 4651.0, 14326.0, 3315.0, 6579.0, 5800.0]"
"Superliga Brasileira de Voleibol Masculino é o """"nome-fantasia"""" da principal divisão do Campeonato Brasileiro de Voleibol. A denominação """"Série A"""" passou a ser utilizada a partir da temporada 2011/2012, na qual foi criada a Série B. Todos os campeões anteriores da Superliga são reconhecidos como campeões brasileiros de voleibol, assim como todos os campeões da Série A desta temporada em diante.",por,por,"[11147.0, 3355.0, 1785.0, 9752.0, 5536.0, 2710.0, 15817.0, 2597.0, 2955.0, 24996.0, 4587.0, 14301.0, 3133.0, 5360.0, 4898.0]"
"Em 08 janeiro de 1939 o almirante Luis González de Ubieta foi transferido para Minorca para tomar o comando da base naval republicana em Port Mahon, sendo-lhe também dada a autoridade para comandar todas as forças militares republicanas na ilha.",por,por,"[7319.0, 1920.0, 1173.0, 6038.0, 3457.0, 1774.0, 10153.0, 1573.0, 1824.0, 14719.0, 2823.0, 9207.0, 1871.0, 3755.0, 3138.0]"
O torneio é organizado anualmente pela Confederação Brasileira de Voleibol (CBV) e dá acesso ao seu campeão ao Campeonato Sul-Americano de Clubes. Os dois últimos colocados são rebaixados à Série B na temporada seguinte.,por,por,"[6348.0, 1897.0, 905.0, 5378.0, 3120.0, 1574.0, 9010.0, 1435.0, 1634.0, 14460.0, 2592.0, 8075.0, 1812.0, 3240.0, 2845.0]"
"Adelina Patti fez sua estreia operística aos dezesseis anos, no dia 24 de novembro de 1859 no papel título de Lucia di Lammermoor de Gaetano Donizetti, na Academia de Música em Nova Iorque. Nodia 24 de agosto de 1860, ela e Emma Albani foram solistas da première mundial de Cantata de Charles Wugk Sabatier em Montreal, sendo essa performance em honra da visita do Príncipe de Gales. Em 1861, aos dezoito anos, ela foi convidada a apresentar-se no Covent Garden, executando o papel de Amina em La sonnambula de Vincenzo Bellini. Ela foi muito aclamada no Covent Garden nessa temporada e usando Londres como sua base, ela foi conquistar o continente europeu, apresentando Amina em Paris e Viena, nos anos seguintes, com um enorme sucesso.",por,por,"[24472.0, 5675.0, 3919.0, 20203.0, 11412.0, 5716.0, 33190.0, 5063.0, 5374.0, 43880.0, 9003.0, 25697.0, 6230.0, 11804.0, 10275.0]"
A procissão foi declarada Bem do Patrimônio de Natureza Imaterial do Município de Florianópolis e Patrimônio Imaterial do Estado de Santa Catarina.,por,por,"[4053.0, 1172.0, 591.0, 3380.0, 2091.0, 1152.0, 5581.0, 973.0, 1141.0, 8581.0, 1690.0, 4840.0, 1212.0, 2269.0, 1846.0]"
"Vista como uma nova Jesus Cristo por seus seguidores, Jacobina tornou-se a porta-voz dos menos afortunados da comunidade, ao passo que seu marido, João Maurer, era o curandeiro local.",por,por,"[5257.0, 1281.0, 801.0, 4374.0, 2293.0, 1124.0, 7274.0, 973.0, 1234.0, 11725.0, 2027.0, 6914.0, 1261.0, 2351.0, 2185.0]"
"Em 1860, o astrônomo francês Emmanuel Liais descobriu, no Observatório do Alto da Sé, o primeiro cometa relatado a partir de observações na América Latina e o único descoberto no Brasil, que recebeu a denominação de Cometa Olinda.",por,por,"[7381.0, 1798.0, 1152.0, 6923.0, 3433.0, 1738.0, 10224.0, 1418.0, 1776.0, 15323.0, 2825.0, 8737.0, 1896.0, 3713.0, 3278.0]"
"Os primeiros cursos jurídicos do Brasil, criados pelo Decreto Imperial de 11 de agosto de 1827, foram inaugurados solenemente no Mosteiro de São Bento, a 15 de maio de 1828. Antes de sua transferência para Recife, os cursos jurídicos funcionaram no prédio em que atualmente se encontra a prefeitura. Em 1837, com a transferência do governo provincial para o Recife, Olinda deixou de ser a capital de Pernambuco.",por,por,"[11816.0, 3216.0, 1969.0, 10514.0, 5772.0, 2923.0, 17618.0, 2383.0, 3083.0, 27063.0, 4825.0, 15798.0, 3107.0, 5433.0, 5046.0]"
"Os Encanadores (Vovô Max, no original) são uma organização galática de heróis espaciais que lutam pela paz do universo a milhares de anos. No começo eles foram apresentados na série original ao Vô Max mencionar ter servido a essa organização no passado como Magistrado Tennyson. Durante essa fase pouca coisa é revelada sobre a organização até as demais temporadas quando se torna foco principal da série ao aparecerem os ajudantes e magistrados no decorrer da série.",por,por,"[11248.0, 2765.0, 1825.0, 10039.0, 4998.0, 2425.0, 16281.0, 1932.0, 2623.0, 27849.0, 4584.0, 15700.0, 2854.0, 4964.0, 4876.0]"
"Historiadores afirmam que a astrologia surgiu na Suméria, por volta do IV milênio a.C. Por este motivo, durante muitos séculos, na Europa, os astrólogos foram chamados de caldeus. Uma das mais antigas referências foi encontrada em Nínive (Babilônia), na biblioteca de Assurbanípal. No entanto, a observação do céu à procura de presságios pode ser bem anterior, naquela região de clima imprevisível, onde as cheias dos rios Tigre e Eufrates não obedeciam um ritmo anual como as do Nilo.",por,por,"[15769.0, 3717.0, 2164.0, 13005.0, 6862.0, 3680.0, 21240.0, 2592.0, 3575.0, 33915.0, 6468.0, 19666.0, 3865.0, 7324.0, 6453.0]"
"O governo da Califórnia construiu um terminal totalmente novo no Aeroporto Internacional de Los Angeles, só para receber os atletas, dirigentes e jornalistas presentes, o Tom Bradley International Terminal.",por,por,"[4985.0, 1218.0, 736.0, 3658.0, 2208.0, 1102.0, 6663.0, 888.0, 1209.0, 9961.0, 1831.0, 5769.0, 1264.0, 2208.0, 2067.0]"
"Farrington, D. P. (2001a) Predicting adult official and self-reported violence. In Pinard, G-F. and Pagani, L. (Eds.) Clinical Assessment of Dangerousness: Empirical Contributions. Cambridge: Cambridge University Press (pp. 66-88).",ita,por,"[5219.0, 2517.0, 2727.0, 4379.0, 3617.0, 2556.0, 5303.0, 3379.0, 2159.0, 3547.0, 1947.0, 2837.0, 2386.0, 5166.0, 3432.0]"
"Ainda naquela manhã, o JTWC desclassificou Parma para um ciclone extratropical remanescente, e emitiu seu aviso final sobre o sistema horas depois. A AMJ fez o mesmo na manhã (UTC) de 9 de outubro.",por,por,"[6437.0, 1898.0, 1071.0, 5304.0, 2922.0, 1589.0, 8592.0, 1469.0, 1746.0, 14004.0, 2598.0, 7857.0, 1688.0, 3139.0, 2893.0]"
"Don Glen Vliet, conhecido por Don Van Vliet ou Captain Beefheart (Glendale, 15 de janeiro de 1941 - 17 de dezembro de 2010), foi um pintor e músico estadunidense.",por,por,"[5617.0, 1999.0, 1362.0, 4891.0, 3364.0, 2056.0, 7238.0, 2182.0, 1883.0, 9463.0, 2408.0, 5894.0, 2031.0, 3917.0, 3054.0]"
"O povoado foi elevado a vila em 12 de março de 1537. Duarte Coelho ordenou a construção de um edifício destinado ao funcionamento da Câmara do Senado de Olinda, prédio este doado, em 1676, ao primeiro bispo de Olinda, Dom Estevam Brioso de Oliveira, que o converteu em um palácio episcopal, até hoje bem conservado. Olinda era sede da capitania de Pernambuco, mas foi incendiada pelos holandeses devido à sua localização. Segundo a concepção holandesa de fortificação, Olinda detinha um perfil de difícil defesa. Diante disso, a sede foi transferida para o Recife.",por,por,"[16805.0, 4065.0, 2620.0, 14726.0, 7905.0, 3845.0, 24152.0, 3109.0, 4155.0, 37857.0, 6758.0, 21085.0, 4065.0, 7881.0, 7011.0]"
"Nascido e crescido na Inglaterra com parentes do Caribe, Daley começou a treinar Caratê com oito anos, antes de se mudar para o Muay Thai. Também ex-membro das forças armadas, Daley era um motorista reconhecido da cavalaria doméstica do exército britânico. Aos 18, Daley começou a treinar artes marciais mistas.",por,por,"[9233.0, 2272.0, 1448.0, 7480.0, 4022.0, 2266.0, 12363.0, 1768.0, 2207.0, 19920.0, 3533.0, 11446.0, 2348.0, 4218.0, 3894.0]"
"Na psicanálise freudiana, a angústia de castração (Kastrationsangst) refere-se a um medo inconsciente da perda do pênis originário durante o Estágio fálico do desenvolvimento psicossexual e durando toda a vida. De acordo com Freud, quando o menino torna-se consciente das diferenças entre os órgãos genitais masculinos e femininos, ele assume que o pênis do sexo feminino foi removido criando-se uma angústia que seu pênis será cortado por seu rival, a figura do pai, como punição por desejar a figura da mãe.",por,por,"[15817.0, 3738.0, 2137.0, 12647.0, 8340.0, 3549.0, 20525.0, 2834.0, 3664.0, 32231.0, 6188.0, 18218.0, 3798.0, 7062.0, 6522.0]"
"Farrington, D. P. (1983) Offending from 10 to 25 years of age. In van Dusen, K.T. and Mednick, S.A. (Eds.) Prospective Studies of Crime and Delinquency. Boston: Kluwer-Nijhoff (pp. 17-37).",tur,por,"[6012.0, 2985.0, 3117.0, 4153.0, 4668.0, 3333.0, 5230.0, 4010.0, 2630.0, 3718.0, 2413.0, 2878.0, 2886.0, 6288.0, 4150.0]"
"Segundo o censo do IBGE em 2010, a concentração urbana mais populosa naquele ano era a da cidade de São Paulo, que envolvia 19 613 759 habitantes distribuídos em 36 municípios; seguida pelas concentrações do Rio de Janeiro, que abrangia 11 946 398 habitantes em 21 municípios; e de Belo Horizonte, com 4 728 059 residentes em 23 municípios. Em 2017, as estatísticas apontavam a manutenção dessa mesma ordem dentre os três primeiros da lista.",por,por,"[14735.0, 4945.0, 2831.0, 13255.0, 7553.0, 4058.0, 21602.0, 3776.0, 4364.0, 33166.0, 6493.0, 19446.0, 4431.0, 7287.0, 6790.0]"
"Uma marcha que levou várias dezenas de milhares de cabilas à capital, Argel, foi organizada pelo movimento Arouch, que juntamente com o Movimento pela Autonomia da Cabília surgiu do ativismo civil em torno dos distúrbios. O protesto foi seguido por confrontos entre a população local de argelinos e manifestantes cabilas. A polícia apoiou os """"Algérois"""" e a televisão estatal agradeceu """"les Algérois por terem defendido sua própria cidade dos invasores"""". Desde então passeatas públicas são proibidas em Argel.",por,por,"[14497.0, 3252.0, 2076.0, 13574.0, 6442.0, 3268.0, 20293.0, 2492.0, 3111.0, 31617.0, 5760.0, 17837.0, 3313.0, 6517.0, 5674.0]"
"(Obs: De 1900 a 1950 os dados referem-se à população """"de facto"""", ou seja, que estava presente no concelho à data em que os censos se realizaram. Daí que se registem algumas diferenças relativamente à designada população residente)",por,por,"[7992.0, 2056.0, 1247.0, 7397.0, 4252.0, 1958.0, 10769.0, 1764.0, 2018.0, 16165.0, 3108.0, 9267.0, 1967.0, 3615.0, 3207.0]"
"As equipes apuradas para a fase de grupos foram divididas em 4 potes, consoante os seus coeficientes na UEFA. O sorteio ocorreu no dia 26 de agosto.",por,por,"[5205.0, 1406.0, 786.0, 4264.0, 2338.0, 1277.0, 6911.0, 1029.0, 1266.0, 10752.0, 1992.0, 6270.0, 1355.0, 2431.0, 2166.0]"
"Para localizar-se no escudo, este foi dividido em nove zonas, chamadas pontos ou partes do escudo. Estes pontos são identificados com nomes, que variam segundo o autor, com exceção do ponto central, chamado de """"coração"""", """"abismo"""" ou """"centro",por,por,"[7727.0, 1735.0, 1089.0, 6499.0, 3103.0, 1439.0, 10304.0, 1184.0, 1611.0, 15937.0, 2724.0, 9610.0, 1634.0, 3080.0, 2789.0]"
"De todas as antigas cidades latinas, Lanúvio era a mais próxima da planície pontina e não é, portanto, surpreendente que ela tenha entrado na guerra contra Roma. Rumores de guerras iminentes são comuns nas obras de Lívio, mas de historicidade duvidosa; estes rumores podem facilmente ter sido invenções para os analistas tentando dar vida às suas próprias narrativas. Porém, alguns deles podem, de fato, terem tido base em registros históricos autênticos; se este é o caso nesta ocasião, pode ser um indício de uma tentativa de Preneste de subverter as cidades latinas ainda leais a Roma. Enquanto os detalhes providenciados por Lívio para a campanha de 382 a.C. são plausíveis, os registros originais provavelmente afirmavam apenas que houve apenas lutas contra Preneste e Velitras.",por,por,"[23355.0, 5143.0, 3301.0, 18449.0, 10029.0, 4973.0, 31297.0, 3612.0, 5157.0, 47838.0, 8714.0, 27441.0, 4966.0, 9719.0, 8885.0]"
"No processo de moldagem por injeção, a temperatura do molde é o controle do meio de refrigeração (geralmente água), que determina a taxa de resfriamento da massa fundida de plástico. Quanto menor a temperatura do molde, mais rápido será o resfriamento, e a temperatura de fusão diminui mais rapidamente.",por,por,"[8477.0, 3212.0, 1173.0, 6671.0, 3649.0, 1999.0, 11175.0, 1867.0, 2471.0, 18384.0, 3130.0, 10196.0, 2765.0, 3845.0, 4203.0]"
"Os primeiros bispados cristãos foram fundados no século IV. Com a queda do Império Romano entraram as tribos germânicas na zona. Os Burgúndios se estabeleceram no oeste, enquanto que no norte os alemães forçaram lentamente à população celto-romana a retirar-se às montanhas. Os burgúndios formaram parte do reino dos francos em 534. Dois anos mais tarde, o ducado dos alemães seguiu seu caminho. Na região sob controle alemão, só permaneceram comunidades cristãs isoladas. A missão hiberno-escocesa reintroduziu a fé cristã no início do século VII.",por,por,"[18554.0, 4293.0, 2482.0, 14820.0, 9306.0, 4075.0, 24420.0, 3374.0, 4218.0, 37285.0, 7132.0, 21280.0, 4105.0, 7891.0, 7060.0]"
"Para os plásticos cristalinos, devido temperaturas mais elevadas que conduzem à cristalização, a temperatura do molde pode melhorar a estrutura do produto, da densidade ou cristalinidade.",por,por,"[4570.0, 1478.0, 622.0, 4009.0, 2154.0, 1045.0, 6263.0, 822.0, 1207.0, 10040.0, 1739.0, 5833.0, 1371.0, 2055.0, 2159.0]"
"A respeito de seu trabalho em A Casa de Alice, Luiz Carlos Merten, crítico de cinema do jornal O Estado de S. Paulo, escreveu: """"Em sua estreia no cinema, a atriz de teatro Carla Ribas sobe imediatamente ao pódio das maiores interpretações femininas da história do cinema no País"""".",por,por,"[7311.0, 1921.0, 1152.0, 6696.0, 3603.0, 1833.0, 10851.0, 1417.0, 1877.0, 17062.0, 3102.0, 9684.0, 1879.0, 3882.0, 3308.0]"
"Em 28 de junho de 1874, o exército atacou o reduto mucker, mas os muckers venceram o conflito e 130 soldados recuaram. Isso contribuiu para a crença da divindade de Jacobina. Em 19 de julho de 1874, as forças legais e 300 soldados atacaram novamente o reduto mucker. A casa do casal Maurer foi incendiada e cinco filhos de Jacobina foram presos e posteriormente encaminhados para a adoção. O casal Maurer e seus principais colaboradores conseguiram escapar.",por,por,"[13938.0, 4394.0, 2325.0, 11655.0, 6790.0, 3773.0, 18144.0, 3172.0, 4093.0, 30592.0, 6034.0, 17485.0, 4020.0, 6559.0, 6404.0]"
"Não sabemos precisamente quem eram estes latinos ou se eles estavam entre os que guerrearam contra Roma nos anos anteriores. Os demais estados latinos certamente não estavam confortáveis com a presença romana, a partir de então permanente, na região pontina, mas a gravidade da ameaça gálica seria um motivo mais do que suficiente para a renovação da aliança com Roma. Porém, Tibur e Preneste evidentemente permaneceram hostis aos romanos. Nenhuma outra cidade-estado latina era hostil a Roma e, presumivelmente, todas continuaram a fornecer contingentes militares depois de 358 a.C. e este pode ser uma das razões da acelerada expansão romana nas décadas de 350 e 340 a.C.",por,por,"[20337.0, 4668.0, 2889.0, 16391.0, 9002.0, 4446.0, 27612.0, 3402.0, 4684.0, 41216.0, 7852.0, 23255.0, 4437.0, 8631.0, 7724.0]"
"Volta mais rápida: 2 pontos por corrida. Para registar a volta mais rápida, o piloto deverá completar pelo menos 90% das voltas da corrida e terminar dentro do Top 10.",por,por,"[5267.0, 1474.0, 925.0, 4733.0, 3041.0, 1252.0, 7186.0, 1132.0, 1340.0, 10948.0, 2088.0, 6437.0, 1332.0, 2301.0, 2226.0]"
"Entre 350 e 250 a.C., foi escrito, na China, o livro clássico do taoismo: o Tao Te Ching. Nele, seu mítico autor, Lao Zi, diz que as armas são sempre causadoras de desgraça, e devem ser utilizadas apenas como último recurso. E, em caso de vitória, não deve haver comemoração.",por,por,"[9787.0, 2745.0, 1459.0, 8945.0, 4491.0, 2295.0, 13570.0, 1812.0, 2315.0, 20257.0, 3899.0, 12230.0, 2420.0, 4461.0, 4076.0]"
"Em 1642, Marie deixou em herança o Palácio do Luxemburgo ao seu segundo filho, Gastão de Orleans, o irmão mais novo do rei. O palácio passou depois para a sua viúva e para a sua filha, Ana, Duquesa de Montpensier, que fez dele a sua residência. A filha desta, a Duquesa de Guise, herdou-o em 1660 e deu-o a Luís XIV em 1694. O palácio não voltaria a ser habitado até ser possuído por Luís XVI que o deu, em 1778, ao seu irmão, o Conde de Provença. Durante a Revolução, foi uma prisão durante um breve periodo, de seguida foi o centro do Diretório e mais tarde a primeira residência de Napoleão Bonaparte, como Primeiro Cônsul de França. O palácio manteve o seu papel senatorial, com breves interrupções, desde então.",por,por,"[24776.0, 6124.0, 4132.0, 24998.0, 12506.0, 6147.0, 34307.0, 5104.0, 5891.0, 51387.0, 10143.0, 28709.0, 6180.0, 13031.0, 10964.0]"
"Cecco d'Ascoli, professor de astrologia em Bolonha, foi queimado vivo na fogueira em 1327 não por ser astrólogo, mas por suas opiniões heréticas.",por,por,"[5947.0, 1320.0, 921.0, 5001.0, 2581.0, 1298.0, 8489.0, 1309.0, 1192.0, 9778.0, 1939.0, 6213.0, 1428.0, 2972.0, 2349.0]"
"Mereni é uma comuna romena localizada no distrito de Constanţa, na região de Dobruja. A comuna possui uma área de 66.14 km² e sua população era de 2302 habitantes segundo o censo de 2007.",por,por,"[9515.0, 2722.0, 1158.0, 6552.0, 4267.0, 2708.0, 9857.0, 2643.0, 2568.0, 12428.0, 3676.0, 7515.0, 3050.0, 5651.0, 4350.0]"
"Inaugurado em 1964 pelo G.E. Xaxim para receber jogos da 3° divisão de amador Campeonato Paranaense de Futebol, com o fim do G.E., no início da década de 1980, o estádio passou a ser casa do São Paulo E.C. em 1983. Em 2005, do clube começou a brigar na justiça para manter o espaço em seu patrimônio, quando em 2009 foi desapropriado e demolido em 2011. O São Paulo deixou de existir em setembro de 2015.",por,por,"[14840.0, 4811.0, 2718.0, 13466.0, 7285.0, 4184.0, 22072.0, 3888.0, 4376.0, 34125.0, 6669.0, 19651.0, 4576.0, 7651.0, 7014.0]"
"Segundo o censo americano de 2000, a sua população era de 293 habitantes. Em 2006, foi estimada uma população de 284, um decréscimo de 9 (-3.1%).",por,por,"[6550.0, 2490.0, 1173.0, 5525.0, 3256.0, 2039.0, 8553.0, 2112.0, 2131.0, 12233.0, 2723.0, 7658.0, 2164.0, 3442.0, 3223.0]"
"Ele então enfrentou Jorge Masvidal no Shark Fights 13: Jardine vs. Prangley em Setembro de 2010, e venceu por decisão unânime. Antes da luta, ele pesou três quartos de um pound acima e foi forçado a ceder 15% de sua bolsa.",por,por,"[8072.0, 2338.0, 1543.0, 6422.0, 3873.0, 2247.0, 10080.0, 2133.0, 2225.0, 16304.0, 3285.0, 9474.0, 2354.0, 4460.0, 3798.0]"
"Bruno Bethlem (22 de outubro de 1975), é um velejador brasileiro, tendo participado no grande evento olímpico na classe 470- Masculino junto com Henrique Haddad, nos Jogos Olímpicos de Verão 2016.",por,por,"[6416.0, 2095.0, 1173.0, 6252.0, 3647.0, 1966.0, 9207.0, 2001.0, 1863.0, 12618.0, 2824.0, 7598.0, 2092.0, 3880.0, 3230.0]"
"Em 10 de dezembro de 1873, João Maurer, juntamente com outros dois colonos, foram para a então capital do Brasil, o Rio de Janeiro, para entregar uma petição ao imperador Pedro II, com queixa de assédio policial, agressões e insultos aos colonos. Representantes do Império solicitaram explicações às autoridades do Rio Grande do Sul sobre o caso.",por,por,"[9741.0, 2563.0, 1588.0, 8937.0, 4932.0, 2537.0, 14335.0, 1865.0, 2557.0, 23340.0, 4189.0, 13141.0, 2618.0, 4740.0, 4370.0]"
"Amade Baba nasceu em 26 de outubro de 1556 em Arauane, filho do professor Amade ibne al-Haji Amade ibne Omar ibne Maomé Acite. Ele se mudou para Timbuctu em tenra idade para estudar com seu pai e com um estudioso conhecido como Maomé Bagaiogo. Não existem outros registros de sua atividade até 1594, quando foi deportado para o Marrocos, onde permaneceu até 1608 sobre acusações de sedição. Ele faleceu em 1627.",por,por,"[14527.0, 4158.0, 2593.0, 12415.0, 7235.0, 4598.0, 19153.0, 3547.0, 4099.0, 29819.0, 5930.0, 17120.0, 4262.0, 9269.0, 7114.0]"
"Dante expõe ao ridículo, no Inferno da Divina Comédia, os astrólogos Guido Bonatti (conselheiro de Guido de Médici) e Michael Scott, mas por misturarem eles necromancia à astrologia, abusando dos conhecimentos que tinham obtido.",por,por,"[8366.0, 1702.0, 1112.0, 6474.0, 3654.0, 1694.0, 11926.0, 1546.0, 1616.0, 14609.0, 2822.0, 8615.0, 1794.0, 3951.0, 3108.0]"
"O palácio foi designado como um """"ponto forte"""" para a defesa da cidade pelas forças alemãs em Agosto de 1944, mas graças à decisão do general no comando Dietrich von Choltitz de render a cidade em vez de lutar, o palácio foi apenas minimamente danificado.",por,por,"[7397.0, 2025.0, 1258.0, 6373.0, 4229.0, 1875.0, 9888.0, 1619.0, 1920.0, 15725.0, 3209.0, 8818.0, 1916.0, 3625.0, 3303.0]"
"Della Street é a secretária do advogado Perry Mason, nos livros de Erle Stanley Gardner. Della é uma jovem bonita e atraente, fiel secretária de Perry Mason, segundo a descrição dos romances de Perry Mason, Della Street tem aproximadamente 27 anos, por várias vezes Della esteve no meio dos problemas do patrão, muitas vezes sofreu ameaças e falsas acusações tudo para ajudar Mason. Della é muitas vezes descrita por Mason e por Paul Drake, como a secretária perfeita, não aborrece o seu patrão com baboseiras, faz tudo no devido momento, além de controlar os clientes mais estressados e despistar detetives e policiais quando necessário.",por,por,"[15341.0, 3634.0, 2687.0, 13649.0, 7232.0, 3576.0, 21567.0, 2691.0, 3784.0, 35152.0, 6326.0, 19758.0, 3844.0, 7081.0, 6726.0]"
"Daley teve uma história de não bater o peso em lutas, com a pesagem do BAMMA 7 sendo a sexta vez em 14 lutas que Daley não bateu o peso para a luta. Após a luta contra Diaz, ele prometeu que iria melhorar sua dieta para ajudá-lo a cortar o peso corretamente para futuras lutas. No entanto, Daley ainda não bateu o peso para sua luta no BAMMA 7.",por,por,"[10100.0, 2683.0, 1925.0, 8596.0, 4411.0, 2532.0, 13126.0, 1997.0, 2687.0, 23102.0, 4125.0, 12806.0, 2778.0, 4845.0, 4732.0]"
"A divisão entre os latinos é também a posição defendida por Oakley (1997), que aceitou substancialmente a análise de Cornell. A contínua lealdade de Ardea, Gabii, Lábico, Lanúvio e Lavínio ajudariam a explicar como os exércitos romanos operavam na região. Em suas obras sobre os primeiros anos da República Romana, Lívio e Dionísio de Halicarnasso geralmente mencionam pessoas de estados formalmente em paz com Roma lutando nos exércitos de inimigos de Roma como cidadãos privados. Embora esta situação possa de fato representar a forma de guerrear da Itália na época, Lívio parece, neste caso, estar utilizado este fato como motivo literário para dar continuidade à sua narrativa da década de 380 a.C.",por,por,"[21512.0, 5001.0, 3106.0, 16654.0, 9464.0, 4817.0, 28049.0, 3680.0, 4932.0, 42342.0, 8313.0, 24434.0, 4990.0, 9702.0, 8680.0]"
"O Whiplash.net é um site da internet, na língua portuguesa com notícias sobre rock em geral, e, mais especificamente, hard rock e heavy metal. O site iniciou suas atividades em 1996 e recebe e disponibiliza online resenhas feitas por seus usuários. O site é também considerado o primeiro site de rock do Brasil a permitir que usuários postassem comentários sobre cada matéria publicada.",por,por,"[9468.0, 2296.0, 1702.0, 8555.0, 4409.0, 1991.0, 13732.0, 1626.0, 2298.0, 21852.0, 3874.0, 12094.0, 2423.0, 4171.0, 4097.0]"
"A igreja bizantina estava definitivamente em ruínas quando os Cruzados ocuparam Nablus em agosto de 1099; no início do século XII, peregrinos mencionaram o poço sem mencionar uma igreja. Há relatos do século XII mencionando uma igreja recém-construída junto ao poço de Jacó. O primeiro relato definitivo vem de Teodorico, que escreve: """"O poço ... é meia milha de distância da cidade [Nablus]: ela se encontra em frente ao altar na igreja construída sobre ele, em que as freiras se dedicam para o serviço de Deus. Este poço é chamado a Fonte de Jacó"""". Nesta época de cruzadas a igreja foi construído em 1175, provavelmente devido ao apoio da rainha Melisende, que foi exilada em Nablus em 1152, onde viveu até sua morte em 1161. Esta igreja parece ter sido destruída após a vitória de Saladino sobre os cruzados na batalha de Hittin em 1187.",por,por,"[27782.0, 7028.0, 4324.0, 20257.0, 12242.0, 7083.0, 32723.0, 5409.0, 6864.0, 52719.0, 11054.0, 30320.0, 7095.0, 13624.0, 11453.0]"
"David P. Farrington propõe uma análise matemática e estatística acerca da reincidência. Primeiramente, demonstra graficamente a proporção de reincidentes contra o número de reincidências prévias. Analisando-se o gráfico abaixo, nota-se que a probabilidade de reincidência inicia-se em aproximadamente 40% a partir da primeira condenação e aumenta a cada condenação, chegando a probabilidade de 86% após 6 ou 7 condenações. Pode-se, então, traçar uma “curva de sobrevivência”. Considerando-se a premissa de que a probabilidade (p) de reincidência ao longo da vida é de 80% e utilizando-se 100 transgressores como base, tem-se a seguinte “curva de sobrevivência”, determinada pela função y(n) = 100*pˆ(n-1).",por,por,"[24065.0, 7080.0, 4285.0, 20177.0, 10809.0, 6162.0, 32090.0, 5772.0, 6417.0, 50332.0, 9424.0, 28736.0, 6348.0, 11276.0, 10622.0]"
"Jon Bon Jovi (nome artístico de John Francis Bongiovi, Jr., Perth Amboy, 2 de março de 1962) é um cantor e músico dos Estados Unidos. Jon Bon Jovi é considerado por críticos como um dos maiores ícones do rock mundial da decada de 80, ele nasceu em Perth Amboy, mas aos 4 anos de idade juntamente com a família Bongiovi, descendente de italianos, o pai John Bongiovi, a mãe Carol Bongiovi e os irmãos mais novos, Matt e Anthony, se mudou para a cidade que hoje é conhecida por ele ter passado a infância e adolescência, a cidade de Sayreville, Nova Jérsei.",por,por,"[17561.0, 4482.0, 3194.0, 14234.0, 8293.0, 4456.0, 23429.0, 4482.0, 4424.0, 32556.0, 6421.0, 18883.0, 4799.0, 9431.0, 8011.0]"
"Apesar de ser mantido por colaboradores, não é qualquer material recebido que acaba publicado pelo site. O material passa por uma avaliação e boa parte do material recebido pelo Whiplash termina sendo deixado de lado por não ter a qualidade julgada necessária, por conter erros demais ou mesmo por já ter sido publicado anteriormente.",por,por,"[7479.0, 1763.0, 1221.0, 6602.0, 3354.0, 1641.0, 10853.0, 1140.0, 1760.0, 18314.0, 2959.0, 10198.0, 1789.0, 3096.0, 2998.0]"
"Os últimos dez minutos do filme são em 3-D. O efeito foi eliminado para o VHS e versões de televisão - com a notável exceção da versão de aluguel no Reino Unido e a versão Laserdisc nos Estados Unidos. O conjunto de DVD box, lançado em 1999, inclui dois pares de óculos 3-D para uso com o efeito reintegrado.",por,por,"[8893.0, 2552.0, 1647.0, 7326.0, 3992.0, 2341.0, 11744.0, 1936.0, 2538.0, 19505.0, 3765.0, 10982.0, 2444.0, 4072.0, 4053.0]"
"As vendas do primeiro álbum foram modestas, mas animaram os executivos da gravadora a lançarem o segundo. Na época, alguns membros da banda passavam por momentos emocionalmente difíceis; Alec e Tico acabaram o namoro com suas namoradas, enquanto Jon ainda não havia reencontrado sua namorada do colégio (hoje esposa) Dorothea Hurley. Sendo este o possível motivo para que as composições de 7800° Fahrenheit, segundo álbum de estúdio da banda, lançado em 1985, tenham um tom mais melancólico. Este álbum foi lançado com um certo apoio da mídia, mas vendeu bem menos do que o esperado, colocando a banda em uma situação difícil.",por,por,"[17082.0, 4414.0, 2902.0, 14493.0, 7747.0, 3949.0, 23616.0, 3300.0, 4422.0, 38960.0, 6814.0, 21821.0, 4384.0, 7695.0, 7499.0]"
"Tillmannmohr (asteróide 27087) é um asteróide da cintura principal, a 2,2256332 UA. Possui uma excentricidade de 0,0669194 e um período orbital de 1 345,54 dias (3,68 anos).",por,por,"[9425.0, 3486.0, 1871.0, 7702.0, 6453.0, 3286.0, 10966.0, 3731.0, 3419.0, 14586.0, 4254.0, 9424.0, 3092.0, 6330.0, 5046.0]"
"Entretanto, o Independência desistiu de disputar a primeira divisão acriana de 2013. Com isso, o Papagaio da fronteira retornou à segunda divisão.",por,por,"[4937.0, 1320.0, 775.0, 4326.0, 2596.0, 1182.0, 6871.0, 1088.0, 1237.0, 10320.0, 1993.0, 6005.0, 1330.0, 2438.0, 2144.0]"
"Logo após deixar a banda, Tom iniciou a carreira solo. Teve músicas de maior sucesso em sua empreitada como """"Goodbye Media Man"""" e """"Joyful Resurrection"""", gravado com participações de Jerry Garcia e Merl Saunders. O álbum também contou com participações de seus ex-companheiros de Creedence Clearwater Revival, Stu Cook e Doug Clifford. John participou, tocando guitarra, em alguns álbuns solo de Tom, entretanto o relacionamento entre os irmãos sempre manteve-se afetado desde a formação de Creedence Clearwater Revival.",por,por,"[12764.0, 3499.0, 2514.0, 10928.0, 6505.0, 3299.0, 16919.0, 3234.0, 3406.0, 27123.0, 5088.0, 15019.0, 3580.0, 6852.0, 6143.0]"
"Em 503 a.C., duas cidades latinas, Pomécia e Cora, que, segundo Lívio, eram colônias romanas, se revoltaram e pediram ajuda da tribo dos auruncos meridionais.",por,por,"[7052.0, 1768.0, 913.0, 5486.0, 2917.0, 1657.0, 9431.0, 1373.0, 1672.0, 13213.0, 2593.0, 7880.0, 1763.0, 3373.0, 2847.0]"
"Nas Eleições Gerais de 2005, foi eleito membro do parlamento por Normanton com uma maioria de 10.002 votos (51.2%). Depois que a Boundary Commission propôs mudanças que aboliriam seu Círculo Eleitoral, Balls realizou campanhas aliado ao jornal local, Wakefield Express, para salvar o assento, e com outros três membros do parlamento por Wakefield (sua mulher Yvette Cooper, Mary Creagh e Jon Trickett), lutou uma batalha com um mal sucedido processo na Suprema Corte contra a proposta da Boundary Commission.",por,por,"[13717.0, 3750.0, 2541.0, 10873.0, 6313.0, 3861.0, 17599.0, 3453.0, 3696.0, 26732.0, 5345.0, 15058.0, 3834.0, 7032.0, 6368.0]"
"Em memória do ex-rei, foram reconstituídas algumas dependências da casa, como a capela, o quarto de dormir e a sala de estar, a partir de aguarelas e litografias da época",por,por,"[5659.0, 1284.0, 818.0, 4829.0, 2335.0, 1272.0, 7901.0, 910.0, 1236.0, 12384.0, 2110.0, 7091.0, 1309.0, 2494.0, 2265.0]"
"Maggie e Freddy acabam num combate frente-a-frente um contra o outro. Enquanto Maggie continua lutando com Freddy, ela usa diversas armas confiscadas de pacientes no abrigo. Enfurecida por saber o que ele fez, ela o desarma de sua luva com garras. Por fim, Maggie golpeia Freddy no estômago com sua própria luva, enquanto ela está perto dele. Em seguida, Tracy joga para Maggie uma bomba caseira. Depois que ela espeta Freddy em uma viga de suporte de aço, ela prende a bomba em seu peito. Ela o beija na bochecha, dizendo """"Happy Fathers Day"""" e corre. Como ela foge da explosão iminente, Freddy olha para a câmera, diz """"Kids"""", e depois ele explode. Os três demônios do sonho são então vistos voando para fora de Freddy após a bomba caseira matá-lo, incapacitando de reanimá-lo no mundo real. Maggie então sorri para Tracy e Doc e diz: """"Freddy's Dead"""".",por,por,"[24230.0, 6305.0, 4169.0, 20165.0, 10049.0, 5588.0, 31563.0, 4750.0, 6248.0, 54798.0, 9212.0, 31366.0, 6067.0, 10666.0, 10219.0]"
"Tentou a prefeitura de Londrina em 2004, mas foi derrotado ainda no primeiro turno, com apenas 5.081 votos (1,90% dos votos válidos), ocupando a sexta colocação no pleito.",por,por,"[6100.0, 1888.0, 1052.0, 5597.0, 3178.0, 1629.0, 8892.0, 1547.0, 1726.0, 13466.0, 2692.0, 7758.0, 1783.0, 2991.0, 2750.0]"
"O maior astrólogo árabe foi Albumazer. Seu livro Introductorium in astronomiuum foi um dos primeiros a ser traduzido, no início da Idade Média, na Espanha. Nas Universidades da Espanha e Itália havia cadeiras de Astrologia. Estudos indicam que a astrologia influenciou inclusive a Cabala.",por,por,"[8995.0, 1975.0, 1252.0, 7065.0, 3963.0, 2011.0, 11938.0, 1554.0, 1976.0, 17499.0, 3373.0, 10148.0, 2057.0, 4167.0, 3492.0]"
"Ainda na década de 1930, o Palestra Itália construiu um novo estádio no bairro Tarumã e o local passou a ser utilizado pelo time da Towarzystwo Wychowania Fizycnego Junak ou Sociedade de Educação Física Junak (clube da colônia polonesa) para os seus jogos no Campeonato Paranaense de Futebol, passando assim, a ser conhecido como estádio do Juniak. A Sociedade Junak alterou sua denominação para Sociedade Educação Física Juventus e em 1947 o clube comprou o estádio e rebatizou para Estádio Franklin Delano Roosevelt em homenagem ao presidente norte-americano que ajudou a Polônia a se livrar do domínio nazista na Segunda Guerra Mundial.",por,por,"[18506.0, 4711.0, 2723.0, 14867.0, 9372.0, 4637.0, 25830.0, 3959.0, 4618.0, 39993.0, 8120.0, 22093.0, 5186.0, 9811.0, 8438.0]"
"Um mito popular diz que o nome """"Olinda"""" teria a sua origem numa suposta exclamação do fidalgo português Duarte Coelho, primeiro donatário da Capitania de Pernambuco (ou de um de seus colonos) – """"Oh, linda situação para se construir uma vila!"""". O historiador Francisco Adolfo de Varnhagen, porém, considerava """"ridícula"""" essa etimologia, preferindo a hipótese de uma referência a alguma localidade de Portugal (como Linda-a-Velha ou Linda-a-Pastora), ou a Olinda, personagem feminina do romance de cavalaria Amadis de Gaula, romance este muito lido na época da fundação da cidade.",por,por,"[17343.0, 4172.0, 2577.0, 15167.0, 8302.0, 4099.0, 25470.0, 3432.0, 4047.0, 39036.0, 6820.0, 22008.0, 4156.0, 8651.0, 7451.0]"
"Freddy's Dead: The Final Nightmare redeu $12,966,525 no lançamento de fim de semana, que foi o fim de semana mais rentável para a série até o lançamento de Freddy vs. Jason. Com o caixa total apurado em $34,872,033 nos Estados Unidos (tornando-o, o quarto filme de maior faturamento série).",por,por,"[9537.0, 3118.0, 2209.0, 7809.0, 4840.0, 3142.0, 11266.0, 2864.0, 3198.0, 17668.0, 3985.0, 10374.0, 3062.0, 5518.0, 4960.0]"
"O Estádio João Derosso foi uma praça esportiva pertencente aos extintos: Grêmio Esportivo Xaxim (clube fundado em julho de 1954) e São Paulo Esporte Clube (clube fundado em 7 de setembro de 1965), antigos clubes amadores do bairro Xaxim.",por,por,"[8589.0, 2763.0, 1438.0, 7346.0, 4398.0, 2434.0, 12470.0, 2217.0, 2453.0, 19233.0, 3585.0, 10933.0, 2523.0, 4712.0, 3997.0]"
Em 1997 foi presenteado com o Japan Festival Foundation Award e foi convidado pelo Imperador e Imperatriz para o Novo Ano Imperial de Leitura de Poesia no Palácio de Tóquio.,por,por,"[5383.0, 1824.0, 824.0, 4488.0, 2579.0, 1483.0, 7017.0, 1650.0, 1771.0, 10937.0, 1968.0, 6283.0, 1939.0, 2746.0, 2638.0]"
"Temperatura do molde: o molde muito quente dificulta a solidificação do material e então, aumenta a contração do mesmo, precisando assim, de uma maior intensidade e atuação da pressão de recalque.",por,por,"[5919.0, 1531.0, 753.0, 4628.0, 2453.0, 1145.0, 7939.0, 929.0, 1305.0, 11890.0, 2116.0, 6927.0, 1513.0, 2481.0, 2475.0]"
"Quando Roma era governada por Tarquínio Prisco (r. 616–579 a.C.), os latinos foram a guerra contra Roma em duas ocasiões. Na primeira, que, segundo os Fastos Triunfais, ocorreu antes de 588 a.C., Tarquínio tomou a cidade latina de Apiolas e trouxe para Roma uma grande quantidade de espólios. Na segunda, Tarquínio submeteu todo o Lácio e tomou diversas cidades latinas ou que se aliaram a eles: Cornículo, Ficuleia, Caméria, Crustumério, Ameríola, Medúlia e Nomento, antes de concordar com a paz.",por,por,"[23081.0, 4805.0, 2969.0, 15273.0, 9045.0, 4800.0, 30333.0, 4524.0, 4563.0, 36060.0, 7129.0, 21290.0, 5059.0, 10940.0, 8239.0]"
"O torneio de 2017 acontece uma semana depois no calendário em relação ao do ano anterior. Por isso, os pontos a defender incluem os do Torneio de Roland Garros de 2016 e os da semana de 6 de junho de 2016 (ATP de Stuttgart e ATP de 's-Hertogenbosch).",por,por,"[8966.0, 2760.0, 1576.0, 7775.0, 4874.0, 2564.0, 11928.0, 2475.0, 2612.0, 18183.0, 3980.0, 10532.0, 2820.0, 5013.0, 4360.0]"
"Na chamada """"Ponta do Dionísio"""", onde hoje funciona o Clube Veleiros do Sul, havia um trapiche do qual eram jogados no lago Guaíba os dejetos fecais da população da cidade. Após 1899, os dejetos passaram a ser jogados na """"Ponta do Melo"""", onde o extinto Estaleiro Só estava instalado.",por,por,"[9548.0, 2309.0, 1353.0, 7972.0, 4430.0, 2250.0, 13409.0, 1714.0, 2176.0, 21506.0, 3684.0, 12046.0, 2313.0, 4710.0, 3961.0]"
"Na Grécia foi fundada, por volta de 640 a.C., uma escola onde se ensinava astrologia. Aristóteles (que difundiu a ideia dos quatro elementos - água, fogo, ar e terra - influenciando o comportamento), Hiparco (que descobriu a precessão dos equinócios) e Ptolomeu (que apresentou em livros muito do que se sabe atualmente das bases principais da astrologia) são figuras importantes, que usavam a astrologia principalmente para reis e países. Mas ainda na Grécia este estudo se popularizou.",por,por,"[16155.0, 3462.0, 2102.0, 12874.0, 6997.0, 3463.0, 21815.0, 2645.0, 3492.0, 32599.0, 6260.0, 18705.0, 3542.0, 7052.0, 6010.0]"
"Anco marchou de Roma com um exército recém-reunido e tomou a cidade latina de Politório. Seus residentes foram removidos e reassentados no monte Aventino, em Roma, como novos cidadãos romanos, seguindo a mesma tradição utilizada com os sabinos e albanos. Quando outros latinos ocuparam a cidade esvaziada, Anco tomou-a novamente e a demoliu. Mais habitantes latinos foram levados a Roma quando Anco conquistou as cidades latinas de Telleni e Ficana.",por,por,"[15811.0, 3566.0, 2187.0, 11543.0, 6632.0, 3269.0, 20590.0, 2713.0, 3272.0, 29094.0, 5477.0, 16649.0, 3386.0, 6922.0, 5707.0]"
"Farrington, D. P. (1999) Predicting persistent young offenders. In McDowell, G.L. and Smith, J.S. (Eds.) Juvenile Delinquency in the United States and the United Kingdom. London: Macmillan (pp. 3-21).",tur,por,"[4716.0, 2464.0, 2629.0, 3245.0, 3379.0, 2608.0, 4170.0, 3217.0, 2127.0, 2893.0, 1876.0, 2248.0, 2310.0, 4879.0, 3322.0]"
"Seu nome é uma referência ao país fictício de Lilliput, de As viagens de Gulliver, onde todos os habitantes são minúsculos. A ortografia é comumente referida como liliputana, mas de acordo com as regras do Código Internacional de Nomenclatura Botânica isto é um erro a ser corrigido. Até agora seu nome não foi oficialmente alterado para lilliputana por qualquer publicação.",por,por,"[10862.0, 2528.0, 1663.0, 8848.0, 4757.0, 2419.0, 14362.0, 1922.0, 2482.0, 22753.0, 4285.0, 12810.0, 2487.0, 4869.0, 4460.0]"
"Nomeado para os César de melhor filme, melhor realizador, melhor montagem, melhores décors, melhor som e melhor actriz para Isabelle Adjani, em 1977.",por,por,"[4825.0, 1240.0, 786.0, 4890.0, 2381.0, 1178.0, 6903.0, 1102.0, 1196.0, 9306.0, 1887.0, 5608.0, 1138.0, 2530.0, 2051.0]"
"Woelkerling, W.J. (1998). Type collections of non-geniculate corallines housed at the Laboratoire de Cryptogamie (PC). In: Non-geniculate coralline red algae and the Paris Muséum: systematics and scientific history. (Woelkerling, W.J. Eds), pp. 279–404. Paris: Muséum National d'Histoire naturelle / ADAC.",fra,por,"[9149.0, 3670.0, 3573.0, 11604.0, 9082.0, 4080.0, 10268.0, 5551.0, 3144.0, 7026.0, 3645.0, 5541.0, 4047.0, 9329.0, 5906.0]"
"Farrington, D. P. (1996c) The childhood origins of crime: The Cambridge Study, 1961-96. Cambridge: The Magazine of the Cambridge Society, 38, 15-18.",tur,por,"[4459.0, 2246.0, 2386.0, 3154.0, 3159.0, 2387.0, 3887.0, 2853.0, 1894.0, 2588.0, 1707.0, 2043.0, 2103.0, 4470.0, 3003.0]"
"Besemer, S. and Farrington, D. P. (2012) Intergenerational transmission of criminal behaviour: Conviction trajectories of fathers and their children. European Journal of Criminology, 9, 120-141.",tur,por,"[4354.0, 2197.0, 2268.0, 3311.0, 3981.0, 2397.0, 3684.0, 3013.0, 1925.0, 2638.0, 1784.0, 1962.0, 2240.0, 4669.0, 3064.0]"
"Animais são encontrados em posições estereotipadas, ou atitudes. Quadrúpedes frequentemente são encontrados rampantes — sobre as patas traseiras. Outra atitude frequente é a passante, do animal andando, como os leões das Armas Reais da Inglaterra. Águias quase sempre estão com as asas espraiadas.",por,por,"[8691.0, 2063.0, 1193.0, 7136.0, 3725.0, 1911.0, 11335.0, 1499.0, 1996.0, 18750.0, 3393.0, 10341.0, 1980.0, 3860.0, 3468.0]"
"Paulinho era um lateral-direito técnico, com ótimo domínio de bola e forte na marcação. Começou no time amador do Partenon, nome de um bairro de Porto Alegre. Em 14 anos de carreira profissional, jogou em apenas dois clubes: o Internacional de Porto Alegre e o Vasco do Rio de Janeiro.",por,por,"[8255.0, 2175.0, 1313.0, 7076.0, 4092.0, 2033.0, 11968.0, 1574.0, 2035.0, 18843.0, 3419.0, 10559.0, 2247.0, 4147.0, 3674.0]"
"Política Monetária e Cambial, Regime de Metas de Inflação em um contexto de Sistema Monetário Internacional sem coordenação , por Elena Soihet.",por,por,"[3975.0, 1075.0, 543.0, 3302.0, 1806.0, 956.0, 5521.0, 773.0, 984.0, 8219.0, 1560.0, 4983.0, 1048.0, 1953.0, 1724.0]"
"Quando se procedeu à revisão do plano da rede ferroviária, em 1927, foi proposto o prolongamento do Ramal de Lagos até Amoreiras-Odemira, que entroncava em Odemira com uma linha para Santiago do Cacém, que servia a zona mineira de São Luís e Cercal do Alentejo. No entanto, quando foi publicado o novo plano da rede, não foi aprovado o troço de Odemira a Santiago do Cacém, devido à sua importância secundária; mesmo assim, foi ordenada a realização imediata de estudos, devido a influências locais.",por,por,"[16592.0, 3562.0, 2401.0, 14092.0, 7421.0, 3539.0, 23452.0, 2807.0, 3582.0, 34790.0, 6320.0, 19142.0, 3488.0, 7492.0, 6424.0]"
"NGC 7772 é um aglomerado aberto na direção da constelação de Pegasus. O objeto foi descoberto pelo astrônomo John Herschel em 1825, usando um telescópio refletor com abertura de 18,6 polegadas.",por,por,"[7616.0, 2683.0, 1367.0, 5521.0, 3995.0, 2459.0, 8188.0, 2542.0, 2450.0, 11553.0, 3032.0, 6728.0, 2428.0, 4871.0, 4012.0]"
"A história da Suíça desde 1848 tem sido marcada maioritariamente por sucessos e prosperidade. A industrialização transformou a sua economia tradicional baseada na agricultura e a neutralidade da Suíça durante ambas as guerras mundiais, assim como o sucesso da sua industria bancária ajudaram a elevar a Suíça até ao seu estatuto actual, sendo uma das economias mais estáveis do mundo.",por,por,"[11081.0, 2619.0, 1616.0, 9543.0, 5376.0, 2475.0, 15204.0, 1960.0, 2580.0, 24130.0, 4455.0, 13546.0, 2582.0, 4864.0, 4510.0]"
"A franquia Ben 10 já arrecadou mais de 2 bilhões de dólares em vendas de varejo na Europa, Oriente Médio e África (EMEA) e já vendeu 100 milhões de brinquedos em todo o mundo.",por,por,"[6187.0, 1769.0, 1031.0, 5246.0, 2831.0, 1714.0, 8137.0, 1501.0, 1746.0, 12672.0, 2555.0, 7420.0, 1757.0, 3105.0, 2776.0]"
"Daley era esperado para desafiar Douglas Lima pelo Cinturão Meio Médio do Bellator em 27 de Fevereiro de 2015 no Bellator 134. Porém, Lima teve que se retirar da luta com uma lesão. Daley permaneceu e enfrentou André Santos. Ele venceu a luta por decisão unânime.",por,por,"[9100.0, 2678.0, 1698.0, 7231.0, 4158.0, 2548.0, 11649.0, 2365.0, 2427.0, 18009.0, 3595.0, 10839.0, 2729.0, 5016.0, 4325.0]"
"Farrington, D. P. (1991b) Childhood aggression and adult violence: Early precursors and later life outcomes. In Pepler, D.J. and Rubin, K.H. (Eds.) The Development and Treatment of Childhood Aggression. Hillsdale, NJ: Lawrence Erlbaum (pp. 5-29).",tur,por,"[5386.0, 2664.0, 3065.0, 3902.0, 4018.0, 2997.0, 4766.0, 3669.0, 2462.0, 3440.0, 2176.0, 2660.0, 2636.0, 5789.0, 3869.0]"
"O campo do Poty já existia desde o início da década de 1940, sendo conhecido por """"”Campo do Paulo"""" porque o terreno fazia parte das propriedades de Paulo Mann. Este campo estava localizado no antigo bairro Galícia (por isso que a alcunha do Poty foi """"Bugre Galiciano""""), localidade que hoje faz parte do bairro Mercês. Com dívidas junta a prefeitura de Curitiba, em 1947 a família Mann repassou o terreno a municipalidade, que por sua vez, transferiu o uso do local para o Poty S. C. através da lei nº. 10 de 07 de fevereiro de 1948. Com a posse provisória do terreno, o Poty S.C. inaugurou, ainda em 1948, o seu estádio com a denominação de Estádio Capitão Manoel Aranha.",por,por,"[21440.0, 5975.0, 3713.0, 19129.0, 10229.0, 5416.0, 31629.0, 4478.0, 5587.0, 50723.0, 9088.0, 28302.0, 5885.0, 10373.0, 9454.0]"
"Mesmo após a morte de Jacobina, há registros da presença de muckers já em 1897 e 1898. Em outubro de 1897, três pessoas foram mortas e o crime foi atribuído aos muckers liderados por Aurélia Maurer, a filha de Jacobina. Em 1898, um grupo de cem alemães assassinaram cinco muckers na região de Nova Petrópolis e Lajeado.",por,por,"[10106.0, 3019.0, 2021.0, 9251.0, 5655.0, 2882.0, 14261.0, 2446.0, 2957.0, 23801.0, 4603.0, 13146.0, 3005.0, 5129.0, 4732.0]"
Fim do mundo é um evento futuro hipotético que tem o potencial para prejudicar ou extinguir a humanidade e/ou qualquer outra forma de vida no planeta Terra.,por,por,"[3941.0, 1081.0, 645.0, 3423.0, 1892.0, 981.0, 5397.0, 781.0, 1063.0, 9356.0, 1609.0, 5198.0, 1062.0, 1829.0, 1840.0]"
"Della Street foi interpretada por Barbara Hale na série Perry Mason, também já foi interpretada por Gertrudes Warner, Joan Miner e Joan Alexander no rádio, na série Edge of Night e por Sharon Acker em The New Adventures of Perry Mason.",por,por,"[5767.0, 1587.0, 1326.0, 4739.0, 3095.0, 1683.0, 7300.0, 1741.0, 1582.0, 9867.0, 2206.0, 6025.0, 1806.0, 3749.0, 3060.0]"
"Ao aposentar-se como jogador, em 1964, tornou-se treinador das categorias de base do Vasco, iniciando assim a carreira de técnico. Ficou famoso pela frase """"jogador de futebol, conheço no arriar da mala"""". Em 1975, foi um dos fundadores da ABTF, Associação Brasileira de Treinadores de Futebol. Só no Campeonato Brasileiro, dirigiu 13 clubes diferentes em 15 temporadas.",por,por,"[11075.0, 3251.0, 1861.0, 10067.0, 5385.0, 2811.0, 16494.0, 2352.0, 2923.0, 25997.0, 4726.0, 14883.0, 2981.0, 5276.0, 4777.0]"
"A banda surgiu em 1983: os integrantes eram Richie Sambora na guitarra, David Bryan Rashbaum nos teclados, Tico Torres na bateria e Alec John Such no baixo. A banda manteve esta formação até 1994, ano em que o baixista Alec J. Such deixou o Bon Jovi. Em seu lugar, assumiu Hugh McDonald. McDonald era um velho conhecido dos membros da banda, tendo inclusive tocado o baixo no hit Runaway, a primeira música de sucesso do Bon Jovi, em meados de 1984, quando passaram a excursionar com Kiss, ZZ Top e Scorpions como banda de abertura, divulgando seu primeiro álbum intitulado Bon Jovi (o nome original era Tough Talk).",por,por,"[17755.0, 4397.0, 3385.0, 14783.0, 8218.0, 4301.0, 23736.0, 4084.0, 4387.0, 36124.0, 6740.0, 20897.0, 4439.0, 9189.0, 7916.0]"
"Ao fim do concurso, Mary Leona Gage, de Maryland, foi declarada vencedora e coroada pela antecessora (e Miss Universo 1956) Carol Morris, de Iowa. No dia seguinte ao concurso, rumores sobre circunstâncias passadas e presentes de Gage começaram a circular, e por consequência, Gage não mentiu apenas sobre a sua idade (tinha 18 anos e não 21, como ela originalmente declarara), mas também por ter sido casada por duas vezes e ter dois filhos. Como Gage violou uma série de regras, os diretores do Miss USA desclassificaram-na após as acusações terem sido checadas e verificadas.",por,por,"[16564.0, 4296.0, 2821.0, 14124.0, 7226.0, 3852.0, 22401.0, 3109.0, 4127.0, 36700.0, 6634.0, 20987.0, 4127.0, 7341.0, 6988.0]"
"Em 358 a.C., o Lácio foi novamente ameaçado por uma invasão gaulesa. Lívio conta que os romanos concederam um novo tratado aos latinos a pedido deles e eles enviaram um forte contingente para lutar contra os gauleses, que já haviam alcançado Preneste e estavam acampados no território à volta de Pedo. Liderados pelo ditador Caio Sulpício Pético, o exército conjunto de romanos e latinos derrotou os gauleses. Neste mesmo ano, Roma também estabeleceu Pomptina como uma nova tribo.",por,por,"[16651.0, 3866.0, 2232.0, 12712.0, 7190.0, 3580.0, 21669.0, 2836.0, 3660.0, 32417.0, 6101.0, 18727.0, 3803.0, 7425.0, 6430.0]"
"O nome do estádio era uma homenagem ao empresário do ramo da construção civil (um dos fundadores da tradicional Construtura Irmãos Thá) e ex-presidente do Esporte Clube Água Verde, sr. Orestes Thá.",por,por,"[6179.0, 1587.0, 907.0, 5037.0, 3020.0, 1478.0, 8923.0, 1339.0, 1432.0, 13423.0, 2384.0, 7426.0, 1674.0, 3151.0, 2772.0]"
"Hipólito de Roma († 235) é geralmente considerado o primeiro antipapa, como ele protestou contra o Papa Calisto I e dirigiu um grupo distinto dentro da Igreja em Roma. Hipólito foi posteriormente reconciliado com o segundo sucessor de Calisto, o Papa Ponciano, quando ambos condenaram a ilha de Sardenha. Porém se realmente Hipólito declarou-se bispo de Roma permanece incerto, especialmente pelo fato de que esta afirmação não tem sido citada nos escritos atribuídos a ele. Hipólito foi posteriormente canonizado pela Igreja.",por,por,"[16167.0, 3542.0, 2249.0, 12002.0, 7596.0, 3423.0, 20836.0, 2678.0, 3470.0, 30572.0, 5934.0, 18104.0, 3314.0, 7004.0, 6200.0]"
"Portas do Cerco (chinês:關閘, literalmente porta da fronteira) é uma área no norte da Península de Macau, no seu istmo, na fronteira entre o antigo território português de Macau e a China, em frente ao posto fronteiriço chinês de Gongbei, Zhuhai, na China continental.",por,por,"[8626.0, 4002.0, 1203.0, 6688.0, 3789.0, 2372.0, 11129.0, 2292.0, 2727.0, 16570.0, 3115.0, 9596.0, 3107.0, 4349.0, 4525.0]"
"Os Mucker (1978). Filme dirigido por Jorge Bodanzky e Wolf Gauer, com Marlise Saueressig como Jacobina, que ganhou um kikito de melhor atriz. A maior parte do filme é falado em Hunsrückisch, que é o dialeto germânico mais difundido entre os descendentes de alemães no Rio Grande do Sul.",por,por,"[9047.0, 2415.0, 1592.0, 8030.0, 6171.0, 2461.0, 12500.0, 2316.0, 2493.0, 18555.0, 3914.0, 10725.0, 2515.0, 5045.0, 4272.0]"
"Existem várias considerações geométricas e de design para peças fabricadas por moldagem por injeção. Muitas dessas considerações resultaram em um grande conjunto de diretrizes para recursos geométricos no design. As duas maiores preocupações geométricas são (i) fluxo adequado do plástico para todas as partes da cavidade do molde antes de solidificar, e (ii) contração do plástico, resultando em vazios. Alguns exemplos da primeira preocupação incluem: se a espessura da peça é muito pequena, o fluxo de plástico é restrito devido ao alto atrito; outra orientação é que a seção transversal da peça não deve mudar abruptamente, uma vez que isso leva a um fluxo fraco. Quanto à segunda preocupação, as diretrizes incluem a manutenção de uma espessura uniforme da seção transversal em toda a parte.",por,por,"[19571.0, 5244.0, 3193.0, 16008.0, 8656.0, 5132.0, 25640.0, 3574.0, 5333.0, 43655.0, 7768.0, 23767.0, 5286.0, 8984.0, 9061.0]"
"A astrologia e a astronomia eram, de início, um mesmo estudo. Tycho Brahe, por exemplo, nascido em 1546, era médico e astrônomo em Copenhague, mas também astrólogo do rei da Hungria.",por,por,"[6979.0, 1676.0, 1062.0, 5375.0, 3292.0, 1725.0, 9127.0, 1504.0, 1649.0, 12829.0, 2749.0, 7506.0, 1730.0, 3321.0, 2919.0]"
"Olinda foi a urbe mais rica do Brasil Colônia entre o século XVI e as primeiras décadas do século XVII de acordo com escritores da época como Pero de Magalhães Gândavo, chegando a ser referida como uma """"Lisboa pequena"""", dada a opulência só comparável à da Corte portuguesa. Foi sede do Brasil colonial entre 1624 e 1625 por ocasião da primeira das invasões neerlandesas: Matias de Albuquerque foi nomeado Governador-Geral, administrando a colônia a partir de Olinda. A vila manteve-se próspera até a invasão holandesa à Capitania de Pernambuco, quando os neerlandeses, após retirar os materiais nobres das edificações para construir suas casas na capital da Nova Holanda (Recife), incendiaram Olinda. Com o término da Insurreição Pernambucana, Olinda voltou a ser a sede da capitania, porém sem a influência de outrora, o que ocasionou conflitos como a Guerra dos Mascates. Em meados do século XIX, a cidade deixou de ser a capital de Pernambuco.",por,por,"[28215.0, 6831.0, 4335.0, 24541.0, 13325.0, 6556.0, 40871.0, 5292.0, 6645.0, 64323.0, 11060.0, 36081.0, 6844.0, 13577.0, 12069.0]"
"Tradicionalmente, os moldes têm sido caros de fabricar. Geralmente, eles eram usados ​​apenas na produção em massa, onde milhares de peças estavam sendo produzidas. Os moldes são tipicamente construídos a partir de aço endurecido, aço pré-endurecido, alumínio e / ou liga de berílio-cobre. A escolha do material para construir um molde é principalmente uma das economias. Os moldes de aço geralmente custam mais para construir, mas sua vida útil mais longa compensará o custo inicial mais alto em um número maior de peças feitas antes do desgaste. Os moldes de aço pré-endurecidos são menos resistentes ao desgaste e são usados ​​para requisitos de menor volume ou componentes maiores.",por,por,"[17612.0, 4602.0, 2709.0, 14031.0, 7697.0, 4135.0, 21922.0, 2987.0, 4533.0, 37383.0, 6735.0, 20820.0, 4262.0, 7334.0, 7503.0]"
"Ele venceu Alexander Surjko por nocaute técnico no Legend 3: Pour Homme em Milão, Itália em 5 de Abril de 2014, derrubando o russo três vezes no terceiro round e forçando o árbitro Joop Ubeda a interromper a luta.",por,por,"[7612.0, 2137.0, 1308.0, 5986.0, 3784.0, 2142.0, 9306.0, 1956.0, 2095.0, 13727.0, 3143.0, 8017.0, 2134.0, 4099.0, 3407.0]"
"San Pedro de la Paz (ou 'San Pedro de la Paz', 'Sam Pedrô de la Paz', com ortografia portuguesa) são vozes do espanhol, que significam: São Pedro da paz.",por,por,"[5658.0, 1392.0, 838.0, 5310.0, 2859.0, 1520.0, 7319.0, 1523.0, 1414.0, 9686.0, 2058.0, 6966.0, 1557.0, 3335.0, 2395.0]"
"Jacobina Mentz era filha de André Mentz e de Maria Elisabeth Müller, imigrantes alemães. Os avós paternos de Jacobina, Libório Mentz e Madalena Ernestina Lips, chegaram ao Brasil no navio Germânia, entre a primeira leva de imigrantes alemães que foram para o Rio Grande do Sul em 1824, e eram naturais de Tambach-Dietharz, na Turíngia, no centro da Alemanha. Os primeiros imigrantes alemães que chegaram no navio Germânia foram recebidos pelo imperador Dom Pedro I e pela imperatriz Leopoldina. O avô de Jacobina, Libório Mentz, que já era idoso quando chegou ao Brasil, recebeu especial atenção da imperatriz, que lhe disse: """"O senhor realmente é corajoso - em idade tão avançada trocar uma pátria por outra. Homens tão bravos certamente são de grande valia para nós"""". Libório trouxe consigo uma carta enviada pelo poeta Herr Goethe, amigo da imperatriz. Em retribuição ao favor, a imperatriz Leopoldina ordenou que o Lote 1 da colônia de Hamburgo Velho fosse concedido à família Mentz.",por,por,"[28838.0, 7348.0, 4727.0, 25531.0, 18175.0, 7255.0, 40973.0, 6169.0, 7340.0, 64422.0, 12099.0, 35701.0, 7634.0, 14311.0, 12831.0]"
"Les Loges é uma comuna francesa na região administrativa da Alta-Normandia, no departamento Seine-Maritime. Estende-se por uma área de 14,93 km². Em 2010 a comuna tinha 1 153 habitantes (densidade: 77,2 hab./km²).",por,por,"[9241.0, 3400.0, 1454.0, 10531.0, 5260.0, 2931.0, 12150.0, 3288.0, 2847.0, 14711.0, 4017.0, 9226.0, 3074.0, 5534.0, 4711.0]"
"Narim ou Larim (Longarim) é uma língua Surmic (Sudanesa) falada por mais de 4 mil pessoas do povo Didinga (Chukudum, Lowudo) nas colinas Boya do Sudão do Sul.",por,por,"[5991.0, 1726.0, 1114.0, 6342.0, 3276.0, 1969.0, 8065.0, 1780.0, 1710.0, 11875.0, 2473.0, 6885.0, 2004.0, 4172.0, 3098.0]"
"Em Two and a Half Men a atriz interpreta uma menina tola mas muito bonita que, depois de ter um caso com Charlie Harper namora e casa com seu irmão Alan, quando, por fim, os dois se separam devido a uma mãozinha da ex de Alan.",por,por,"[6463.0, 1539.0, 1152.0, 5665.0, 3024.0, 1504.0, 9118.0, 1244.0, 1605.0, 14001.0, 2488.0, 7946.0, 1647.0, 3193.0, 2782.0]"
"Pilot"""" é o primeiro episódio da série de televisão Glee, que estreou na rede de televisão americana Fox em 19 maio de 2009. A série centra-se no coral de uma escola secundária, também conhecido como um clube glee, na escola ficcional William McKinley High School, em Lima, Ohio. O episódio piloto abrange a formação do clube e apresenta os personagens principais. O episódio foi dirigido pelo criador da série, Ryan Murphy, e escrito por ele além de colaborações de Brad Falchuk e Ian Brennan. Murphy selecionou as músicas apresentada no episódio, com a intenção de manter um equilíbrio entre showtunes e hits.",por,por,"[14743.0, 4134.0, 2898.0, 12691.0, 7170.0, 4161.0, 19146.0, 3529.0, 4252.0, 31403.0, 6008.0, 17394.0, 4214.0, 8072.0, 7190.0]"
"O Rondonópolis e o Goiás são os únicos times da região Centro-Oeste a ter um artilheiro na Copa São Paulo de Futebol Júnior: Valdívia na edição de 2012 e Erik na edição de 2013, ambos marcaram oito gols.",por,por,"[6937.0, 2119.0, 1161.0, 5895.0, 3596.0, 1872.0, 10121.0, 1710.0, 1889.0, 15938.0, 2981.0, 8796.0, 2092.0, 3863.0, 3271.0]"
"Em 20 de julho, a imprensa gaúcha comemora o fim do episódio Mucker. De noite, o exército ataca novamente, mas os muckers revidam e o coronel Genuíno Olimpio Sampaio, comandante das forças legais, é morto. Em 25 de julho, após saberem que os muckers estavam refugiados na floresta, as forças legais, com 506 homens e sob lideranças do Capitão Dantas, iniciam combate contra os Muckers.",por,por,"[11615.0, 3006.0, 1947.0, 10387.0, 5787.0, 2654.0, 17233.0, 2087.0, 2888.0, 27375.0, 4862.0, 15582.0, 2892.0, 5332.0, 4932.0]"
"É Administrado pela Irmandade da Santa Casa de Misericórdia de São Paulo, localizada Avenida Guapira, nº 2.674 no Bairro do Jaçanã em São Paulo-SP. Contatos + 55 (11) 2176-1200.",por,por,"[8024.0, 2871.0, 1387.0, 7065.0, 4277.0, 2390.0, 11156.0, 2530.0, 2414.0, 16381.0, 3412.0, 9638.0, 2733.0, 4969.0, 4103.0]"
"Koscheck controlou todos os três rounds, mantendo a luta no chão e neutralizado a trocação de Daley. Após o fim do terceiro e último round, Daley acertou Koscheck no rosto com um soco de esquerda. O árbitro Dan Miragliotta interrompeu Daley e o colocou contra a grade para dominá-lo. Em uma entrevista no final do evento, o presidente do UFC Dana White anunciou que baniria Daley do UFC pelo resto da vida. White disse, """"Não tem desculpa para isso. Esses caras são atletas profissionais. Você não golpeia alguém após tocar o sino como ele fez, esteja você frustrado ou não."""" Ele acrescentou, """"Eu não ligo se ele der show em suas lutas e se tornar o melhor e todo mundo pensar que ele é o melhor pound-for-pound no mundo, ele nunca mais lutará no UFC."""" White também disse que quando ele falou com Daley após a luta, ele negou ter batido em Koscheck.",por,por,"[22850.0, 5835.0, 4140.0, 18628.0, 10638.0, 5497.0, 29449.0, 4490.0, 5969.0, 51643.0, 9373.0, 28037.0, 5792.0, 10745.0, 10005.0]"
"Earl J. Hickey (Jason Lee) — O protagonista e narrador do programa. Através de flashbacks, vemos como Earl era antes de dar um jeito na sua vida: um desempregado bêbado que não mostrava respeito algum às autoridades e aos outros com quem convivia. Earl se descrevia como sendo o """"homem que roubaria qualquer coisa que não estivesse parafusada"""". Agora Earl segue os princípios do bom karma e evita fazer coisas ruins. Seu nome era para ser o mesmo do seu pai, Carl, mas uma curva extra no """"C"""" cursivo fez com que se tornasse Earl.",por,por,"[14067.0, 3493.0, 2568.0, 11943.0, 6320.0, 3164.0, 19162.0, 2654.0, 3451.0, 31374.0, 5542.0, 18181.0, 3429.0, 6365.0, 6024.0]"
"MC. ^ O Kashiwa Reysol, na edição de 2014, foi o time com a melhor campanha entre as equipes estrangeiras que participaram da Copinha, chegando até a segunda fase. As demais não passaram da primeira fase",por,por,"[5469.0, 2081.0, 1095.0, 5083.0, 2840.0, 1884.0, 7634.0, 1969.0, 2005.0, 11762.0, 2367.0, 6612.0, 2051.0, 3379.0, 2996.0]"
